Num_units,Intercept,Influence_level,Model,Replication,Measurement,Loss,Accuracy,F1_score,Imp_F,Imp_Z1,Imp_Z2
0,0,0,LogReg,1,W1,0.26,0.74,0.7903225806451613,0.11524999999999996,0.12149999999999998,0.005999999999999983
0,0,0,LogReg,1,W2,0.2825,0.7175,0.781431335,0.08475000000000002,0.09900000000000003,-0.000749999999999984
0,0,0,LogReg,1,X1,0.2149999999999999,0.785,0.8286852589641435,0.17950000000000002,0.10600000000000002,0.0032500000000000306
0,0,0,LogReg,1,X2,0.1999999999999999,0.8,0.841897233,0.21225000000000005,0.08325000000000003,0.0055000000000000274
0,0,0,SVC,1,W1,0.27,0.73,0.784,0.10474999999999998,0.11174999999999999,0.000749999999999984
0,0,0,SVC,1,W2,0.2724999999999999,0.7225,0.7852998065764023,0.10500000000000005,0.09975000000000003,0.00025000000000001686
0,0,0,SVC,1,X1,0.2225,0.775,0.8228346456692913,0.165,0.09450000000000004,-0.003999999999999971
0,0,0,SVC,1,X2,0.1949999999999999,0.79,0.8372093023255814,0.20925000000000002,0.06900000000000003,-0.00024999999999996135
0,0,0,RF-C,1,W1,0.2624999999999999,0.7375,0.7920792079207921,0.10500000000000005,0.11725000000000005,0.007500000000000029
0,0,0,RF-C,1,W2,0.295,0.705,0.7722007722007722,0.09049999999999997,0.09349999999999997,0.00024999999999997247
0,0,0,RF-C,1,X1,0.2175,0.7825,0.8256513026052105,0.18374999999999997,0.09649999999999999,0.012499999999999978
0,0,0,RF-C,1,X2,0.2025,0.7975,0.8408644400785854,0.21725,0.0875,0.026249999999999996
0,0,0,XGBoost-C,1,W1,0.2674999999999999,0.655,0.7160493827160493,0.060750000000000026,0.05575000000000002,-0.025250000000000005
0,0,0,XGBoost-C,1,W2,0.275,0.68,0.7450199203187251,0.08450000000000005,0.09075000000000005,0.010750000000000048
0,0,0,XGBoost-C,1,X1,0.2149999999999999,0.73,0.7813765182186235,0.1465,0.07599999999999998,0.0004999999999999782
0,0,0,XGBoost-C,1,X2,0.1975,0.76,0.8064516129032258,0.1835,0.06999999999999999,0.015500000000000003
0,0,0,MLP-C,1,W1,0.26,0.74,0.7903225806451613,0.11424999999999999,0.12175000000000002,0.005999999999999983
0,0,0,MLP-C,1,W2,0.2774999999999999,0.7225,0.7861271676300579,0.08850000000000005,0.10475000000000001,0.004000000000000015
0,0,0,MLP-C,1,X1,0.2049999999999999,0.795,0.8326530612244898,0.18625000000000003,0.11175000000000002,0.02425000000000005
0,0,0,MLP-C,1,X2,0.1949999999999999,0.805,0.8452380952380952,0.21975000000000003,0.09225000000000007,0.014000000000000035
0,0,0,LogReg,2,W1,0.2075,0.7925,0.8222698072805139,0.17899999999999996,0.14525,0.0034999999999999697
0,0,0,LogReg,2,W2,0.27,0.73,0.7652173913043478,0.15950000000000003,0.08249999999999998,-0.006000000000000038
0,0,0,LogReg,2,X1,0.2175,0.7825,0.8120950323974082,0.2015,0.10924999999999999,0.003999999999999971
0,0,0,LogReg,2,X2,0.185,0.815,0.8333333333333334,0.26425,0.08349999999999995,0.010999999999999944
0,0,0,SVC,2,W1,0.2199999999999999,0.7725,0.8092243186582809,0.16499999999999995,0.12125,-0.0035000000000000252
0,0,0,SVC,2,W2,0.27,0.725,0.7679324894514767,0.16274999999999998,0.07075,-0.005750000000000033
0,0,0,SVC,2,X1,0.2249999999999999,0.7725,0.8008752735229759,0.19624999999999998,0.10149999999999995,0.002249999999999963
0,0,0,SVC,2,X2,0.1899999999999999,0.81,0.8280542986425339,0.2555,0.08275000000000005,0.005250000000000055
0,0,0,RF-C,2,W1,0.2199999999999999,0.78,0.8158995815899581,0.17850000000000002,0.13175000000000003,0.0022500000000000298
0,0,0,RF-C,2,W2,0.28,0.72,0.7522123893805309,0.16174999999999998,0.07349999999999998,0.0062499999999999665
0,0,0,RF-C,2,X1,0.235,0.765,0.783410138,0.19775,0.098,0.020499999999999997
0,0,0,RF-C,2,X2,0.1899999999999999,0.81,0.8303571428571429,0.2660000000000001,0.06925000000000003,0.016000000000000035
0,0,0,XGBoost-C,2,W1,0.2049999999999999,0.7375,0.7692307692307693,0.13150000000000003,0.10450000000000004,0.02425000000000004
0,0,0,XGBoost-C,2,W2,0.2674999999999999,0.665,0.6854460093896714,0.12500000000000006,0.053750000000000034,-0.006249999999999955
0,0,0,XGBoost-C,2,X1,0.2249999999999999,0.76,0.7828054298642534,0.18724999999999997,0.0975,0.022
0,0,0,XGBoost-C,2,X2,0.2049999999999999,0.7525,0.7703016241299304,0.20899999999999994,0.044999999999999964,-0.0015000000000000347
0,0,0,MLP-C,2,W1,0.2025,0.7975,0.8258064516129032,0.18324999999999997,0.15150000000000002,0.004749999999999988
0,0,0,MLP-C,2,W2,0.2624999999999999,0.7375,0.7692307692307693,0.16400000000000006,0.09175000000000005,0.0015000000000000347
0,0,0,MLP-C,2,X1,0.2149999999999999,0.785,0.8063063063063063,0.20675000000000004,0.11275000000000004,0.012500000000000044
0,0,0,MLP-C,2,X2,0.185,0.815,0.8333333333333334,0.26349999999999996,0.08374999999999994,0.00999999999999993
0,0,0,LogReg,3,W1,0.2199999999999999,0.78,0.7471264367816092,0.23025,0.05800000000000003,0.010500000000000042
0,0,0,LogReg,3,W2,0.2624999999999999,0.7375,0.6902654867256637,0.19475000000000003,0.04250000000000005,2.2204460492503132e-17
0,0,0,LogReg,3,X1,0.1775,0.8225,0.7942028985507247,0.2855,0.05725000000000001,0.005250000000000044
0,0,0,LogReg,3,X2,0.1775,0.8225,0.8044077134986226,0.2905,0.056500000000000015,0.005250000000000032
0,0,0,SVC,3,W1,0.2225,0.775,0.7321428571428571,0.22575000000000003,0.05325000000000003,0.0010000000000000343
0,0,0,SVC,3,W2,0.26,0.735,0.6666666666666666,0.19849999999999998,0.045999999999999985,-0.0005000000000000227
0,0,0,SVC,3,X1,0.1825,0.8175,0.7884057971014493,0.27175,0.05800000000000001,0.00874999999999999
0,0,0,SVC,3,X2,0.185,0.805,0.7808988764044944,0.27225000000000005,0.04425000000000005,-0.00599999999999995
0,0,0,RF-C,3,W1,0.2225,0.7775,0.7359050445103857,0.22999999999999998,0.050499999999999955,0.003999999999999981
0,0,0,RF-C,3,W2,0.2574999999999999,0.7425,0.6925373134328359,0.20050000000000007,0.07250000000000004,0.00800000000000004
0,0,0,RF-C,3,X1,0.1624999999999999,0.8375,0.8158640226628895,0.29450000000000004,0.07400000000000004,0.024750000000000015
0,0,0,RF-C,3,X2,0.1725,0.8275,0.810958904,0.29450000000000004,0.06050000000000001,0.008000000000000018
0,0,0,XGBoost-C,3,W1,0.2225,0.7225,0.6908077994428969,0.18200000000000005,0.03025000000000002,0.005250000000000032
0,0,0,XGBoost-C,3,W2,0.255,0.6975,0.6666666666666666,0.17350000000000002,0.0455,0.005250000000000021
0,0,0,XGBoost-C,3,X1,0.1574999999999999,0.79,0.7717391304347826,0.25050000000000006,0.04750000000000003,0.004500000000000037
0,0,0,XGBoost-C,3,X2,0.1574999999999999,0.7825,0.7629427792915532,0.24674999999999994,0.04474999999999997,0.010999999999999977
0,0,0,MLP-C,3,W1,0.2225,0.7775,0.7507002801120448,0.22525,0.061249999999999985,0.008999999999999985
0,0,0,MLP-C,3,W2,0.2524999999999999,0.7475,0.7072463768115942,0.20725000000000007,0.05125000000000005,0.011000000000000055
0,0,0,MLP-C,3,X1,0.175,0.825,0.8033707865168539,0.27025,0.07249999999999993,0.010749999999999949
0,0,0,MLP-C,3,X2,0.1775,0.8225,0.8044077134986226,0.29125,0.055500000000000015,0.004750000000000032
0,0,0,LogReg,4,W1,0.305,0.695,0.3838383838383838,0.01649999999999995,0.08199999999999993,0.008749999999999925
0,0,0,LogReg,4,W2,0.3399999999999999,0.66,0.4603174603174603,0.03275000000000002,0.07225000000000005,0.010000000000000042
0,0,0,LogReg,4,X1,0.26,0.74,0.5630252100840336,0.07924999999999997,0.05574999999999998,-0.0005000000000000227
0,0,0,LogReg,4,X2,0.2149999999999999,0.785,0.7094594594594594,0.19724999999999998,0.09425000000000004,0.009500000000000031
0,0,0,SVC,4,W1,0.2975,0.7,0.3939393939393939,0.013999999999999947,0.07024999999999998,0.013999999999999947
0,0,0,SVC,4,W2,0.3425,0.6575,0.4120171673819742,0.03424999999999998,0.062499999999999965,0.01399999999999998
0,0,0,SVC,4,X1,0.25,0.7375,0.5531914893617021,0.07325000000000004,0.04900000000000003,0.0005000000000000227
0,0,0,SVC,4,X2,0.2225,0.75,0.6575342465753424,0.16825,0.0615,-0.015999999999999993
0,0,0,RF-C,4,W1,0.3125,0.6875,0.3093922651933701,0.0032499999999999864,0.052500000000000005,0.005499999999999994
0,0,0,RF-C,4,W2,0.3349999999999999,0.665,0.5109489051094891,0.05025000000000002,0.08650000000000005,0.02625000000000005
0,0,0,RF-C,4,X1,0.2524999999999999,0.7475,0.5943775100401606,0.09350000000000006,0.07450000000000004,0.020000000000000052
0,0,0,RF-C,4,X2,0.2325,0.7675,0.6910299003322259,0.19349999999999998,0.06524999999999996,0.015249999999999953
0,0,0,XGBoost-C,4,W1,0.305,0.6375,0.4313725490196078,-0.006750000000000034,0.050999999999999955,0.007749999999999946
0,0,0,XGBoost-C,4,W2,0.3325,0.6425,0.5119453924914675,0.048749999999999946,0.07774999999999996,0.030749999999999954
0,0,0,XGBoost-C,4,X1,0.2475,0.71,0.5639097744360902,0.07349999999999997,0.04374999999999997,0.010499999999999964
0,0,0,XGBoost-C,4,X2,0.2175,0.7425,0.6578073089700996,0.15625000000000006,0.05750000000000005,0.0060000000000000496
0,0,0,MLP-C,4,W1,0.3,0.7,0.4444444444444444,0.023749999999999948,0.07824999999999994,0.01699999999999994
0,0,0,MLP-C,4,W2,0.3399999999999999,0.66,0.4603174603174603,0.033000000000000015,0.07250000000000004,0.009000000000000041
0,0,0,MLP-C,4,X1,0.2475,0.7525,0.6055776892430279,0.09424999999999993,0.07449999999999993,0.02449999999999993
0,0,0,MLP-C,4,X2,0.2175,0.7825,0.7090301003344481,0.19774999999999995,0.08924999999999997,0.0004999999999999782
0,0,0,LogReg,5,W1,0.185,0.815,0.8318181818181818,0.29274999999999995,0.04499999999999995,0.003999999999999948
0,0,0,LogReg,5,W2,0.1825,0.8175,0.8249400479616307,0.30124999999999996,0.032000000000000015,0.0007500000000000174
0,0,0,LogReg,5,X1,0.1725,0.8275,0.839907193,0.30025,0.043500000000000025,0.0010000000000000343
0,0,0,LogReg,5,X2,0.1274999999999999,0.8725,0.8759124087591241,0.35825000000000007,0.06225000000000005,0.00275000000000003
0,0,0,SVC,5,W1,0.1875,0.8125,0.8337028824833703,0.29700000000000004,0.031999999999999994,0.008499999999999975
0,0,0,SVC,5,W2,0.1725,0.82,0.8325581395348837,0.31049999999999994,0.021749999999999936,-0.0005000000000000115
0,0,0,SVC,5,X1,0.17,0.8275,0.8413793103448276,0.30250000000000005,0.03424999999999999,0.005500000000000016
0,0,0,SVC,5,X2,0.1274999999999999,0.865,0.8701923076923077,0.35425,0.04149999999999998,-0.0022500000000000185
0,0,0,RF-C,5,W1,0.1949999999999999,0.805,0.8235294117647058,0.28725000000000006,0.02800000000000007,-0.00024999999999996135
0,0,0,RF-C,5,W2,0.185,0.815,0.8262910798122066,0.30274999999999996,0.01799999999999994,0.002249999999999941
0,0,0,RF-C,5,X1,0.1674999999999999,0.8325,0.8430913348946136,0.30724999999999997,0.04325000000000001,0.007750000000000035
0,0,0,RF-C,5,X2,0.1374999999999999,0.8625,0.8635235732009926,0.35350000000000004,0.03500000000000005,-0.0007499999999999729
0,0,0,XGBoost-C,5,W1,0.1825,0.7825,0.7972027972027972,0.27199999999999996,0.04949999999999997,0.00024999999999997247
0,0,0,XGBoost-C,5,W2,0.1925,0.745,0.75,0.24100000000000002,0.001000000000000012,-0.01925000000000001
0,0,0,XGBoost-C,5,X1,0.16,0.8025,0.8068459657701712,0.27474999999999994,0.03700000000000002,-0.008250000000000002
0,0,0,XGBoost-C,5,X2,0.1374999999999999,0.8325,0.8345679012345679,0.31325000000000003,0.03425000000000002,0.0032500000000000194
0,0,0,MLP-C,5,W1,0.185,0.815,0.8318181818181818,0.29224999999999995,0.046999999999999965,0.004499999999999926
0,0,0,MLP-C,5,W2,0.1825,0.8175,0.8249400479616307,0.2995,0.032999999999999995,0.002000000000000035
0,0,0,MLP-C,5,X1,0.1674999999999999,0.8325,0.8385542168674699,0.30374999999999996,0.053000000000000026,-0.0009999999999999564
0,0,0,MLP-C,5,X2,0.13,0.87,0.8731707317073171,0.35550000000000004,0.059250000000000004,0.0
0,0,0,LogReg,6,W1,0.1925,0.8075,0.771513353,0.277,0.03850000000000001,0.0027499999999999747
0,0,0,LogReg,6,W2,0.2249999999999999,0.775,0.7513812154696132,0.24300000000000002,0.049750000000000016,0.0022500000000000298
0,0,0,LogReg,6,X1,0.1875,0.8125,0.7800586510263929,0.27899999999999997,0.04825000000000003,-0.0002499999999999947
0,0,0,LogReg,6,X2,0.1424999999999999,0.8575,0.841225627,0.31750000000000006,0.06350000000000001,0.003000000000000036
0,0,0,SVC,6,W1,0.185,0.8075,0.7741935483870968,0.2865,0.02975,0.0017499999999999627
0,0,0,SVC,6,W2,0.2375,0.7525,0.7146974063400576,0.21924999999999994,0.015499999999999936,-0.012250000000000028
0,0,0,SVC,6,X1,0.18,0.8175,0.7820895522388059,0.28325000000000006,0.05575000000000002,0.0025000000000000135
0,0,0,SVC,6,X2,0.145,0.85,0.8295454545454546,0.3035,0.05849999999999998,-0.0005000000000000115
0,0,0,RF-C,6,W1,0.2025,0.7975,0.7507692307692307,0.28025,0.01874999999999999,-0.0025000000000000243
0,0,0,RF-C,6,W2,0.2325,0.7675,0.7304347826086957,0.23699999999999996,0.02674999999999994,0.007999999999999974
0,0,0,RF-C,6,X1,0.17,0.83,0.7976190476190477,0.29649999999999993,0.07149999999999998,0.011499999999999965
0,0,0,RF-C,6,X2,0.135,0.865,0.8491620111731844,0.32575,0.07549999999999998,0.012999999999999989
0,0,0,XGBoost-C,6,W1,0.1899999999999999,0.755,0.703030303,0.22800000000000004,0.03925000000000001,-0.005249999999999988
0,0,0,XGBoost-C,6,W2,0.2175,0.7375,0.7107438016528925,0.19175000000000003,0.04075000000000003,0.015250000000000041
0,0,0,XGBoost-C,6,X1,0.175,0.7825,0.7418397626112759,0.25149999999999995,0.04724999999999997,-0.012250000000000039
0,0,0,XGBoost-C,6,X2,0.1424999999999999,0.845,0.8333333333333334,0.306,0.07175,0.01824999999999999
0,0,0,MLP-C,6,W1,0.185,0.815,0.7797619047619048,0.27574999999999994,0.05674999999999995,0.008249999999999914
0,0,0,MLP-C,6,W2,0.2249999999999999,0.775,0.7513812154696132,0.2435,0.04950000000000001,0.002000000000000035
0,0,0,MLP-C,6,X1,0.18,0.82,0.7942857142857143,0.28625,0.05599999999999995,0.0034999999999999697
0,0,0,MLP-C,6,X2,0.14,0.86,0.8461538461538461,0.31875,0.06924999999999996,0.00249999999999998
0,0,0,LogReg,7,W1,0.2075,0.7925,0.8551483420593369,0.16749999999999998,0.07674999999999998,0.0047499999999999765
0,0,0,LogReg,7,W2,0.2724999999999999,0.7275,0.8070796460176991,0.11850000000000002,0.05225000000000005,0.005750000000000044
0,0,0,LogReg,7,X1,0.185,0.815,0.8687943262411347,0.19399999999999995,0.07549999999999993,0.002249999999999941
0,0,0,LogReg,7,X2,0.2075,0.7925,0.8493647912885662,0.19175,0.04624999999999998,-0.002000000000000035
0,0,0,SVC,7,W1,0.2075,0.78,0.8482758620689655,0.16675000000000004,0.04400000000000002,-0.0007499999999999729
0,0,0,SVC,7,W2,0.28,0.705,0.7929824561403509,0.10849999999999996,0.022499999999999964,-2.2204460492503132e-17
0,0,0,SVC,7,X1,0.1875,0.805,0.8626760563380281,0.17975000000000002,0.05950000000000003,-0.003249999999999953
0,0,0,SVC,7,X2,0.2025,0.7825,0.8443649373881932,0.17049999999999998,0.03674999999999996,-0.0022500000000000298
0,0,0,RF-C,7,W1,0.2125,0.7875,0.8526863084922011,0.15174999999999997,0.07499999999999998,0.007749999999999979
0,0,0,RF-C,7,W2,0.265,0.735,0.8133802816901409,0.11775,0.06499999999999999,0.02949999999999999
0,0,0,RF-C,7,X1,0.1925,0.8075,0.8660869565217392,0.192,0.04950000000000002,0.0007499999999999619
0,0,0,RF-C,7,X2,0.2075,0.7925,0.8499095840867993,0.19,0.04449999999999997,0.0064999999999999945
0,0,0,XGBoost-C,7,W1,0.1975,0.7475,0.8166969147005445,0.13500000000000006,0.05275000000000006,0.004500000000000048
0,0,0,XGBoost-C,7,W2,0.27,0.7075,0.7884267631103075,0.09425000000000003,0.05500000000000003,0.023250000000000014
0,0,0,XGBoost-C,7,X1,0.1875,0.7825,0.8449197860962567,0.17249999999999996,0.05149999999999997,0.00824999999999998
0,0,0,XGBoost-C,7,X2,0.1975,0.755,0.8268551236749117,0.15,0.03200000000000001,-0.0015000000000000013
0,0,0,MLP-C,7,W1,0.2075,0.7925,0.8551483420593369,0.16724999999999998,0.07749999999999997,0.005249999999999977
0,0,0,MLP-C,7,W2,0.265,0.735,0.8127208480565371,0.11849999999999997,0.06074999999999999,0.01499999999999998
0,0,0,MLP-C,7,X1,0.18,0.82,0.8718861209964412,0.20024999999999996,0.07949999999999993,0.0049999999999999715
0,0,0,MLP-C,7,X2,0.1999999999999999,0.8,0.8545454545454545,0.19300000000000006,0.057250000000000044,0.0025000000000000243
0,0,0,LogReg,8,W1,0.2249999999999999,0.775,0.7954545454545454,0.23424999999999999,0.05225000000000002,-0.0017499999999999738
0,0,0,LogReg,8,W2,0.2524999999999999,0.7475,0.7699316628701595,0.19925000000000007,0.02650000000000007,0.001000000000000023
0,0,0,LogReg,8,X1,0.17,0.83,0.8482142857142857,0.30274999999999996,0.054749999999999945,0.0017499999999999627
0,0,0,LogReg,8,X2,0.1949999999999999,0.805,0.8281938325991189,0.25550000000000006,0.048000000000000057,-0.0012499999999999734
0,0,0,SVC,8,W1,0.2125,0.7775,0.7972665148063781,0.24125000000000002,0.04524999999999996,0.0014999999999999792
0,0,0,SVC,8,W2,0.245,0.745,0.7582938388625592,0.2085,0.024249999999999994,-0.00425000000000002
0,0,0,SVC,8,X1,0.175,0.8275,0.849015317,0.29175000000000006,0.05575000000000001,0.005250000000000032
0,0,0,SVC,8,X2,0.1949999999999999,0.7925,0.8117913832199547,0.24425,0.03849999999999998,-0.00750000000000004
0,0,0,RF-C,8,W1,0.2075,0.7925,0.8183807439824945,0.23899999999999996,0.06574999999999996,0.005249999999999988
0,0,0,RF-C,8,W2,0.235,0.765,0.783410138,0.21975000000000003,0.056000000000000015,0.004500000000000015
0,0,0,RF-C,8,X1,0.1524999999999999,0.8475,0.8635346756152126,0.32125000000000004,0.06300000000000003,0.015250000000000031
0,0,0,RF-C,8,X2,0.1999999999999999,0.8,0.8181818181818182,0.26400000000000007,0.042750000000000066,0.006500000000000039
0,0,0,XGBoost-C,8,W1,0.1999999999999999,0.7875,0.802784223,0.24399999999999994,0.06824999999999999,0.02999999999999998
0,0,0,XGBoost-C,8,W2,0.2425,0.7025,0.7361419068736141,0.18475000000000003,0.026000000000000023,-0.015000000000000003
0,0,0,XGBoost-C,8,X1,0.16,0.805,0.8258928571428571,0.26450000000000007,0.045750000000000055,-0.003999999999999948
0,0,0,XGBoost-C,8,X2,0.1999999999999999,0.76,0.7847533632286996,0.215,0.032250000000000015,-0.002499999999999991
0,0,0,MLP-C,8,W1,0.2175,0.7825,0.8104575163398693,0.23099999999999996,0.06899999999999999,0.016749999999999987
0,0,0,MLP-C,8,W2,0.2475,0.7525,0.7713625866050808,0.21049999999999996,0.03549999999999996,0.005749999999999933
0,0,0,MLP-C,8,X1,0.17,0.83,0.8488888888888889,0.29749999999999993,0.058499999999999976,0.0009999999999999788
0,0,0,MLP-C,8,X2,0.1899999999999999,0.81,0.8325991189427313,0.25925000000000004,0.05275000000000004,0.0042500000000000315
0,0,0,LogReg,9,W1,0.185,0.815,0.7989130434782609,0.293,0.051499999999999935,0.006499999999999928
0,0,0,LogReg,9,W2,0.2149999999999999,0.785,0.785,0.2535,0.05100000000000003,-0.00249999999999998
0,0,0,LogReg,9,X1,0.1424999999999999,0.8575,0.8438356164383561,0.3330000000000001,0.06625000000000004,0.0025000000000000243
0,0,0,LogReg,9,X2,0.16,0.84,0.8315789473684211,0.3085,0.05524999999999998,-0.0007500000000000284
0,0,0,SVC,9,W1,0.1899999999999999,0.81,0.7900552486187845,0.28425000000000006,0.05275000000000004,0.0035000000000000473
0,0,0,SVC,9,W2,0.1999999999999999,0.795,0.7918781725888325,0.25750000000000006,0.07225000000000005,-0.0022499999999999742
0,0,0,SVC,9,X1,0.14,0.855,0.8397790055248618,0.32775000000000004,0.07274999999999998,0.004749999999999988
0,0,0,SVC,9,X2,0.15,0.845,0.8368421052631579,0.3097499999999999,0.06174999999999997,0.006499999999999973
0,0,0,RF-C,9,W1,0.18,0.82,0.8043478260869565,0.28625,0.05649999999999995,0.006749999999999956
0,0,0,RF-C,9,W2,0.2075,0.7925,0.7810026385224275,0.26125,0.06374999999999997,0.016249999999999976
0,0,0,RF-C,9,X1,0.1474999999999999,0.8525,0.8392370572207084,0.32525000000000004,0.06225000000000003,0.00900000000000003
0,0,0,RF-C,9,X2,0.1424999999999999,0.8575,0.8511749347258486,0.32300000000000006,0.06425000000000002,0.014500000000000046
0,0,0,XGBoost-C,9,W1,0.1825,0.765,0.7344632768361582,0.24850000000000003,0.013500000000000022,0.013500000000000012
0,0,0,XGBoost-C,9,W2,0.2099999999999999,0.765,0.7552083333333334,0.22875,0.05325000000000002,0.01100000000000001
0,0,0,XGBoost-C,9,X1,0.1424999999999999,0.805,0.7880434782608695,0.277,0.03375000000000007,0.01900000000000005
0,0,0,XGBoost-C,9,X2,0.15,0.825,0.8186528497409327,0.29599999999999993,0.054749999999999965,0.0037499999999999756
0,0,0,MLP-C,9,W1,0.185,0.815,0.8021390374331551,0.29174999999999995,0.04949999999999995,0.00224999999999993
0,0,0,MLP-C,9,W2,0.2049999999999999,0.795,0.7897435897435897,0.26550000000000007,0.061500000000000034,0.0042500000000000315
0,0,0,MLP-C,9,X1,0.135,0.865,0.8516483516483516,0.33799999999999997,0.07675,0.009749999999999981
0,0,0,MLP-C,9,X2,0.1474999999999999,0.8525,0.8459530026109661,0.31850000000000006,0.07400000000000004,0.00650000000000005
0,0,0,LogReg,10,W1,0.1975,0.8025,0.7627627627627628,0.257,0.06024999999999999,0.0029999999999999805
0,0,0,LogReg,10,W2,0.235,0.765,0.7098765432098766,0.227,0.03875000000000002,0.0055000000000000274
0,0,0,LogReg,10,X1,0.1775,0.8225,0.7917888563049853,0.2885,0.060750000000000005,0.007000000000000029
0,0,0,LogReg,10,X2,0.16,0.84,0.8202247191011236,0.3095,0.06199999999999998,0.010249999999999992
0,0,0,SVC,10,W1,0.1899999999999999,0.8025,0.7459807073954984,0.25725,0.05499999999999999,0.009250000000000003
0,0,0,SVC,10,W2,0.2425,0.7575,0.6959247648902821,0.22299999999999995,0.03199999999999995,-0.003750000000000031
0,0,0,SVC,10,X1,0.1825,0.815,0.7810650887573964,0.28099999999999997,0.05499999999999995,-0.0017500000000000514
0,0,0,SVC,10,X2,0.1624999999999999,0.825,0.7988505747126436,0.2925,0.051999999999999956,0.00024999999999997247
0,0,0,RF-C,10,W1,0.2049999999999999,0.795,0.7320261437908496,0.26325,0.03750000000000007,0.00425000000000002
0,0,0,RF-C,10,W2,0.24,0.76,0.7090909090909091,0.221,0.04225000000000001,0.005000000000000037
0,0,0,RF-C,10,X1,0.1674999999999999,0.8325,0.8080229226361032,0.30974999999999997,0.07050000000000002,0.02075000000000001
0,0,0,RF-C,10,X2,0.165,0.835,0.8156424581005587,0.30599999999999994,0.05724999999999998,0.01449999999999998
0,0,0,XGBoost-C,10,W1,0.2025,0.715,0.6833333333333333,0.19549999999999995,0.01749999999999998,-0.03400000000000005
0,0,0,XGBoost-C,10,W2,0.2375,0.7125,0.684931507,0.18675000000000003,0.027750000000000007,-0.00249999999999998
0,0,0,XGBoost-C,10,X1,0.1725,0.7775,0.7520891364902507,0.26249999999999996,0.04074999999999997,-0.009000000000000041
0,0,0,XGBoost-C,10,X2,0.16,0.81,0.7956989247311828,0.2755,0.05150000000000006,0.007000000000000039
0,0,0,MLP-C,10,W1,0.1975,0.8025,0.7627627627627628,0.25725,0.059999999999999984,0.0029999999999999805
0,0,0,MLP-C,10,W2,0.2275,0.7725,0.7283582089552239,0.22725,0.05074999999999995,0.01349999999999999
0,0,0,MLP-C,10,X1,0.1825,0.8175,0.7884057971014493,0.2879999999999999,0.05075,-0.0012499999999999734
0,0,0,MLP-C,10,X2,0.1624999999999999,0.8375,0.8199445983379502,0.31050000000000005,0.06150000000000004,0.005750000000000022
0,0,1,LogReg,1,W1,0.2249999999999999,0.775,0.775,0.037250000000000005,0.2445,0.005500000000000038
0,0,1,LogReg,1,W2,0.2225,0.7775,0.7780548628428927,0.025999999999999968,0.26674999999999993,0.0022499999999999742
0,0,1,LogReg,1,X1,0.1925,0.8075,0.8098765432098766,0.08449999999999999,0.26499999999999996,0.006249999999999978
0,0,1,LogReg,1,X2,0.1899999999999999,0.81,0.81,0.07925000000000006,0.27625,0.007000000000000039
0,0,1,SVC,1,W1,0.2249999999999999,0.7625,0.7654320987654321,0.03999999999999996,0.23049999999999993,-0.009250000000000036
0,0,1,SVC,1,W2,0.2125,0.7825,0.7851851851851852,0.029249999999999988,0.27074999999999994,0.012249999999999973
0,0,1,SVC,1,X1,0.1975,0.785,0.7839195979899497,0.05825000000000001,0.24525000000000002,-0.0067499999999999895
0,0,1,SVC,1,X2,0.1825,0.8075,0.8079800498753117,0.07049999999999998,0.27175000000000005,0.0032499999999999864
0,0,1,RF-C,1,W1,0.2325,0.7675,0.7891156462585034,0.024999999999999956,0.25549999999999995,0.0019999999999999684
0,0,1,RF-C,1,W2,0.2225,0.7775,0.7802469135802469,0.023749999999999983,0.26599999999999996,0.017249999999999977
0,0,1,RF-C,1,X1,0.2025,0.7975,0.7969924812030075,0.06299999999999999,0.26724999999999993,0.0007499999999999729
0,0,1,RF-C,1,X2,0.185,0.815,0.8195121951219512,0.08274999999999993,0.2784999999999999,0.010499999999999954
0,0,1,XGBoost-C,1,W1,0.2325,0.75,0.7474747474747475,0.052250000000000005,0.22800000000000004,0.01925
0,0,1,XGBoost-C,1,W2,0.2199999999999999,0.745,0.7487684729064039,0.022249999999999992,0.23675000000000002,0.000749999999999984
0,0,1,XGBoost-C,1,X1,0.2149999999999999,0.7475,0.749379653,0.04750000000000006,0.22125000000000003,0.0017500000000000627
0,0,1,XGBoost-C,1,X2,0.1875,0.775,0.7783251231527094,0.06100000000000002,0.24200000000000005,-0.010249999999999981
0,0,1,MLP-C,1,W1,0.2249999999999999,0.775,0.775,0.040000000000000015,0.24425000000000002,0.004750000000000032
0,0,1,MLP-C,1,W2,0.2125,0.7875,0.7921760391198044,0.031499999999999986,0.27825,0.009749999999999981
0,0,1,MLP-C,1,X1,0.1899999999999999,0.81,0.8118811881188119,0.08550000000000005,0.26525000000000004,0.00800000000000004
0,0,1,MLP-C,1,X2,0.18,0.82,0.8252427184466019,0.07824999999999996,0.29625,0.005499999999999972
0,0,1,LogReg,2,W1,0.2674999999999999,0.7325,0.731829574,-0.005749999999999966,0.23425,0.0012500000000000289
0,0,1,LogReg,2,W2,0.2149999999999999,0.785,0.7783505154639175,0.01900000000000005,0.28725000000000006,0.0037500000000000424
0,0,1,LogReg,2,X1,0.2375,0.7625,0.7654320987654321,0.03574999999999996,0.24724999999999997,0.0014999999999999792
0,0,1,LogReg,2,X2,0.2075,0.7925,0.7821522309711286,0.03899999999999996,0.271,-0.005250000000000032
0,0,1,SVC,2,W1,0.2624999999999999,0.7375,0.7355163727959698,0.0032500000000000194,0.23725000000000004,0.00800000000000003
0,0,1,SVC,2,W2,0.2075,0.775,0.7692307692307693,0.013500000000000057,0.27525,-0.0022499999999999742
0,0,1,SVC,2,X1,0.235,0.755,0.7574257425742574,0.023749999999999993,0.24075000000000002,-0.004999999999999982
0,0,1,SVC,2,X2,0.2125,0.77,0.7540106951871658,0.024749999999999994,0.24700000000000003,-0.007749999999999979
0,0,1,RF-C,2,W1,0.26,0.74,0.75,0.0027499999999999747,0.24299999999999997,0.0007499999999999619
0,0,1,RF-C,2,W2,0.2175,0.7825,0.7740259740259741,0.0034999999999999697,0.28475,0.0037499999999999756
0,0,1,RF-C,2,X1,0.2325,0.7675,0.7645569620253164,0.03774999999999995,0.25099999999999995,0.019249999999999944
0,0,1,RF-C,2,X2,0.2075,0.7925,0.7774798927613941,0.03124999999999999,0.2825,-0.0007500000000000395
0,0,1,XGBoost-C,2,W1,0.2475,0.7175,0.7182044887780549,0.010250000000000026,0.21000000000000002,0.01475000000000003
0,0,1,XGBoost-C,2,W2,0.2275,0.72,0.7052631578947368,0.017499999999999995,0.22199999999999998,0.0007499999999999951
0,0,1,XGBoost-C,2,X1,0.2325,0.7325,0.7344913151364765,0.018750000000000044,0.21100000000000002,0.0012500000000000289
0,0,1,XGBoost-C,2,X2,0.2075,0.7525,0.7331536388140162,0.05599999999999995,0.23524999999999996,0.002999999999999936
0,0,1,MLP-C,2,W1,0.2475,0.7525,0.7579462102689487,0.03699999999999996,0.25149999999999995,0.04474999999999998
0,0,1,MLP-C,2,W2,0.2125,0.7875,0.7780678851174935,0.018749999999999968,0.2895,0.005249999999999977
0,0,1,MLP-C,2,X1,0.235,0.765,0.7673267326732673,0.03850000000000001,0.24800000000000005,0.004250000000000043
0,0,1,MLP-C,2,X2,0.2025,0.7975,0.7862796833773087,0.045999999999999985,0.27575,0.0019999999999999797
0,0,1,LogReg,3,W1,0.2125,0.7875,0.7837150127226463,0.008999999999999975,0.27575000000000005,0.0014999999999999792
0,0,1,LogReg,3,W2,0.26,0.74,0.7305699481865285,-0.002000000000000024,0.23150000000000004,0.0
0,0,1,LogReg,3,X1,0.1949999999999999,0.805,0.8010204081632653,0.03100000000000005,0.27825,0.00025000000000000575
0,0,1,LogReg,3,X2,0.1875,0.8125,0.8081841432225064,0.08499999999999999,0.26799999999999996,0.005999999999999983
0,0,1,SVC,3,W1,0.2199999999999999,0.76,0.7405405405405405,-0.009999999999999986,0.24425,-0.010499999999999976
0,0,1,SVC,3,W2,0.235,0.755,0.7461139896373057,0.015000000000000003,0.23725000000000004,0.012749999999999984
0,0,1,SVC,3,X1,0.1999999999999999,0.785,0.7736842105263158,0.014000000000000045,0.25375000000000003,-0.007999999999999974
0,0,1,SVC,3,X2,0.18,0.8125,0.8051948051948052,0.08525,0.2665,0.006499999999999983
0,0,1,RF-C,3,W1,0.2099999999999999,0.79,0.772972973,-0.003999999999999981,0.2820000000000001,-0.0004999999999999782
0,0,1,RF-C,3,W2,0.2375,0.7625,0.7545219638242894,0.05724999999999997,0.25599999999999995,0.020999999999999953
0,0,1,RF-C,3,X1,0.1949999999999999,0.805,0.7914438502673797,0.03600000000000007,0.27575000000000005,0.007750000000000023
0,0,1,RF-C,3,X2,0.1875,0.8125,0.8071979434447301,0.07275,0.27075,0.023999999999999976
0,0,1,XGBoost-C,3,W1,0.2049999999999999,0.75,0.7368421052631579,0.002749999999999997,0.23775,0.006500000000000006
0,0,1,XGBoost-C,3,W2,0.2299999999999999,0.7275,0.7154046997389034,0.005000000000000027,0.22225,-0.0029999999999999693
0,0,1,XGBoost-C,3,X1,0.1875,0.7725,0.7636363636363637,0.01799999999999995,0.2495,0.01699999999999997
0,0,1,XGBoost-C,3,X2,0.1949999999999999,0.77,0.7591623036649214,0.05825000000000001,0.229,0.009750000000000036
0,0,1,MLP-C,3,W1,0.2125,0.7875,0.7890818858560794,0.010249999999999992,0.26924999999999993,-0.006750000000000045
0,0,1,MLP-C,3,W2,0.2249999999999999,0.775,0.7692307692307693,0.030000000000000027,0.26075,0.03125
0,0,1,MLP-C,3,X1,0.1949999999999999,0.805,0.8020304568527918,0.03425000000000006,0.2805,-0.0012499999999999734
0,0,1,MLP-C,3,X2,0.1875,0.8125,0.8031496062992126,0.08675,0.25800000000000006,-0.0010000000000000009
0,0,1,LogReg,4,W1,0.2275,0.7725,0.7991169977924945,0.015249999999999986,0.25449999999999995,-0.0005000000000000337
0,0,1,LogReg,4,W2,0.2075,0.7925,0.8100686498855835,0.04349999999999996,0.27475,0.005749999999999966
0,0,1,LogReg,4,X1,0.2225,0.7775,0.802660754,0.02649999999999998,0.2445,-0.0055000000000000274
0,0,1,LogReg,4,X2,0.1899999999999999,0.81,0.8288288288288288,0.08625000000000003,0.2720000000000001,0.0005000000000000449
0,0,1,SVC,4,W1,0.2149999999999999,0.785,0.8138528138528138,0.011250000000000027,0.26275000000000004,0.005250000000000032
0,0,1,SVC,4,W2,0.2099999999999999,0.7825,0.8018223234624146,0.04424999999999997,0.26375000000000004,-0.003750000000000031
0,0,1,SVC,4,X1,0.2225,0.775,0.8043478260869565,0.020250000000000035,0.24050000000000002,0.004250000000000043
0,0,1,SVC,4,X2,0.1999999999999999,0.8,0.8165137614678899,0.07525000000000007,0.2647500000000001,0.0025000000000000243
0,0,1,RF-C,4,W1,0.2275,0.7725,0.8008752735229759,0.005999999999999983,0.25875,-0.002750000000000019
0,0,1,RF-C,4,W2,0.2375,0.7625,0.7845804988662132,0.025999999999999933,0.24374999999999997,-0.001000000000000012
0,0,1,RF-C,4,X1,0.2149999999999999,0.785,0.8080357142857143,0.033250000000000036,0.25500000000000006,0.006250000000000033
0,0,1,RF-C,4,X2,0.2149999999999999,0.785,0.8045454545454546,0.05800000000000003,0.25025000000000003,0.002250000000000041
0,0,1,XGBoost-C,4,W1,0.2249999999999999,0.7275,0.7583148558758315,0.003000000000000014,0.21125000000000008,-0.013499999999999979
0,0,1,XGBoost-C,4,W2,0.2225,0.7225,0.7482993197278912,0.019500000000000038,0.20775000000000002,-0.007499999999999984
0,0,1,XGBoost-C,4,X1,0.2199999999999999,0.7375,0.7651006711409396,0.015000000000000046,0.21200000000000002,-0.007749999999999957
0,0,1,XGBoost-C,4,X2,0.2099999999999999,0.7425,0.7621247113163973,0.037000000000000054,0.21675000000000005,-0.01849999999999995
0,0,1,MLP-C,4,W1,0.2249999999999999,0.775,0.8026315789473685,0.012250000000000039,0.2532500000000001,0.002750000000000019
0,0,1,MLP-C,4,W2,0.2049999999999999,0.795,0.8119266055045872,0.04650000000000003,0.277,0.009500000000000031
0,0,1,MLP-C,4,X1,0.2125,0.7875,0.8123620309050773,0.03199999999999999,0.25575000000000003,0.008499999999999975
0,0,1,MLP-C,4,X2,0.1899999999999999,0.81,0.8264840182648402,0.08375000000000005,0.2735,0.00125000000000004
0,0,1,LogReg,5,W1,0.2125,0.785,0.7990654205607477,0.10875000000000004,0.19325,0.0012500000000000178
0,0,1,LogReg,5,W2,0.2049999999999999,0.795,0.8019323671497585,0.09875000000000005,0.23000000000000004,0.006000000000000028
0,0,1,LogReg,5,X1,0.2199999999999999,0.78,0.7953488372093023,0.11175000000000002,0.18600000000000003,-0.002249999999999963
0,0,1,LogReg,5,X2,0.2175,0.7825,0.7903614457831325,0.09824999999999998,0.20949999999999996,-0.0032500000000000306
0,0,1,SVC,5,W1,0.2225,0.77,0.7909090909090909,0.1015,0.16975,-0.011499999999999977
0,0,1,SVC,5,W2,0.2025,0.7975,0.8019559902200489,0.10949999999999997,0.23199999999999998,0.007999999999999997
0,0,1,SVC,5,X1,0.2099999999999999,0.78,0.7953488372093023,0.11325000000000003,0.18300000000000005,2.2204460492503132e-17
0,0,1,SVC,5,X2,0.2099999999999999,0.7875,0.7961630695443646,0.09624999999999999,0.21749999999999997,-0.0017500000000000293
0,0,1,RF-C,5,W1,0.2049999999999999,0.795,0.8093023255813954,0.11225000000000004,0.20550000000000007,0.011250000000000038
0,0,1,RF-C,5,W2,0.1975,0.8025,0.8020050125313283,0.09625,0.23749999999999996,0.011749999999999983
0,0,1,RF-C,5,X1,0.1999999999999999,0.8,0.8148148148148148,0.13650000000000007,0.19875000000000004,0.012250000000000028
0,0,1,RF-C,5,X2,0.1999999999999999,0.8,0.8076923076923077,0.10450000000000004,0.22600000000000003,0.01425000000000004
0,0,1,XGBoost-C,5,W1,0.2149999999999999,0.77,0.7870370370370371,0.09175,0.1775,0.0042500000000000315
0,0,1,XGBoost-C,5,W2,0.2025,0.7675,0.7726161369193154,0.08649999999999995,0.19524999999999998,0.007499999999999962
0,0,1,XGBoost-C,5,X1,0.1975,0.795,0.8084112149532711,0.13275000000000006,0.19425000000000003,0.0042500000000000315
0,0,1,XGBoost-C,5,X2,0.1925,0.78,0.7904761904761904,0.08825000000000002,0.20625,0.0025000000000000465
0,0,1,MLP-C,5,W1,0.2125,0.7875,0.802784223,0.11124999999999999,0.19349999999999995,0.004249999999999976
0,0,1,MLP-C,5,W2,0.1999999999999999,0.8,0.8048780487804879,0.10300000000000006,0.23575000000000007,0.017000000000000026
0,0,1,MLP-C,5,X1,0.2125,0.7875,0.806378132,0.11549999999999998,0.19024999999999997,0.003249999999999975
0,0,1,MLP-C,5,X2,0.2025,0.7975,0.8029197080291971,0.11049999999999997,0.22824999999999998,0.007249999999999979
0,0,1,LogReg,6,W1,0.2249999999999999,0.775,0.6830985915492958,0.026500000000000024,0.22574999999999998,2.2204460492503132e-17
0,0,1,LogReg,6,W2,0.2325,0.7675,0.6759581881533101,0.043749999999999956,0.19574999999999995,0.017249999999999967
0,0,1,LogReg,6,X1,0.1999999999999999,0.8,0.7350993377483444,0.06175000000000005,0.24650000000000008,0.0025000000000000135
0,0,1,LogReg,6,X2,0.2049999999999999,0.795,0.7266666666666667,0.08600000000000005,0.19300000000000003,0.012500000000000034
0,0,1,SVC,6,W1,0.2225,0.78,0.6857142857142857,0.031000000000000038,0.22800000000000004,0.006000000000000038
0,0,1,SVC,6,W2,0.2375,0.75,0.6453900709219859,0.032999999999999995,0.17174999999999999,0.003750000000000009
0,0,1,SVC,6,X1,0.1999999999999999,0.78,0.7006802721088435,0.03550000000000002,0.2165,-0.005999999999999983
0,0,1,SVC,6,X2,0.2099999999999999,0.7875,0.7058823529411765,0.07899999999999996,0.18099999999999997,0.00924999999999998
0,0,1,RF-C,6,W1,0.2099999999999999,0.79,0.6956521739130435,0.030500000000000048,0.24525000000000002,0.01750000000000005
0,0,1,RF-C,6,W2,0.2175,0.7825,0.6947368421052632,0.06674999999999996,0.20399999999999996,0.041249999999999974
0,0,1,RF-C,6,X1,0.2025,0.7975,0.7177700348432056,0.0505,0.2405,0.015249999999999986
0,0,1,RF-C,6,X2,0.1975,0.8025,0.7303754266211604,0.0905,0.18975,0.015749999999999986
0,0,1,XGBoost-C,6,W1,0.2125,0.705,0.6265822784810127,-0.007500000000000018,0.18699999999999997,-0.014750000000000051
0,0,1,XGBoost-C,6,W2,0.2249999999999999,0.7275,0.6449511400651465,0.035250000000000024,0.15625000000000006,0.016750000000000053
0,0,1,XGBoost-C,6,X1,0.1925,0.7475,0.6773162939297125,0.036000000000000046,0.2057500000000001,0.0025000000000000465
0,0,1,XGBoost-C,6,X2,0.1925,0.77,0.7012987012987013,0.0795,0.16825000000000004,0.00800000000000003
0,0,1,MLP-C,6,W1,0.2099999999999999,0.79,0.7181208053691275,0.04575000000000001,0.23675000000000002,0.024500000000000032
0,0,1,MLP-C,6,W2,0.2325,0.7675,0.6759581881533101,0.04249999999999995,0.19624999999999995,0.017749999999999953
0,0,1,MLP-C,6,X1,0.1949999999999999,0.805,0.743421053,0.06750000000000003,0.25250000000000006,0.007500000000000029
0,0,1,MLP-C,6,X2,0.2049999999999999,0.795,0.7266666666666667,0.08625000000000005,0.19350000000000003,0.012000000000000033
0,0,1,LogReg,7,W1,0.2099999999999999,0.79,0.7801047120418848,0.06675000000000005,0.25450000000000006,0.008750000000000046
0,0,1,LogReg,7,W2,0.2125,0.7875,0.7632311977715878,0.05674999999999998,0.27199999999999996,0.0017499999999999738
0,0,1,LogReg,7,X1,0.1925,0.8075,0.7935656836461126,0.09449999999999999,0.25999999999999995,0.0067499999999999895
0,0,1,LogReg,7,X2,0.185,0.815,0.7944444444444444,0.09099999999999994,0.27274999999999994,0.0017499999999999627
0,0,1,SVC,7,W1,0.2099999999999999,0.7875,0.7769028871391076,0.05624999999999997,0.254,-0.0005000000000000227
0,0,1,SVC,7,W2,0.2099999999999999,0.7775,0.7574931880108992,0.04624999999999997,0.26125,0.0009999999999999788
0,0,1,SVC,7,X1,0.1975,0.795,0.7819148936170213,0.07700000000000003,0.2532500000000001,-0.007749999999999957
0,0,1,SVC,7,X2,0.1875,0.7975,0.7816711590296496,0.06825,0.25749999999999995,-0.0067500000000000225
0,0,1,RF-C,7,W1,0.2175,0.7825,0.7576601671309192,0.04549999999999997,0.26175000000000004,0.009999999999999976
0,0,1,RF-C,7,W2,0.2275,0.7725,0.7493112947658402,0.03574999999999997,0.26025,-0.0007500000000000395
0,0,1,RF-C,7,X1,0.2025,0.7975,0.7828418230563002,0.07824999999999999,0.25925000000000004,0.0067499999999999895
0,0,1,RF-C,7,X2,0.2025,0.7975,0.773109244,0.061,0.26625,0.006749999999999967
0,0,1,XGBoost-C,7,W1,0.2099999999999999,0.765,0.7431693989071039,0.052500000000000026,0.23725000000000004,0.02350000000000001
0,0,1,XGBoost-C,7,W2,0.2175,0.7425,0.713091922,0.049000000000000064,0.21600000000000005,0.010000000000000042
0,0,1,XGBoost-C,7,X1,0.1999999999999999,0.725,0.708994709,0.03899999999999999,0.17775,-0.022750000000000013
0,0,1,XGBoost-C,7,X2,0.1925,0.7325,0.7068493150684931,0.04575000000000003,0.19750000000000004,-0.014999999999999947
0,0,1,MLP-C,7,W1,0.2099999999999999,0.79,0.7801047120418848,0.06800000000000003,0.25475000000000003,0.00800000000000003
0,0,1,MLP-C,7,W2,0.2099999999999999,0.79,0.7666666666666667,0.06125000000000003,0.27475000000000005,0.0025000000000000465
0,0,1,MLP-C,7,X1,0.1975,0.8025,0.7893333333333333,0.0905,0.25549999999999995,0.0022499999999999742
0,0,1,MLP-C,7,X2,0.185,0.815,0.7944444444444444,0.09024999999999994,0.27225,0.001499999999999968
0,0,1,LogReg,8,W1,0.2075,0.7925,0.8159645232815964,0.07724999999999999,0.23149999999999998,-0.004500000000000037
0,0,1,LogReg,8,W2,0.2075,0.7925,0.821505376,0.07499999999999998,0.22999999999999998,0.0019999999999999575
0,0,1,LogReg,8,X1,0.1999999999999999,0.8,0.8181818181818182,0.08875000000000004,0.22900000000000004,0.005750000000000033
0,0,1,LogReg,8,X2,0.18,0.82,0.8461538461538461,0.11149999999999997,0.23249999999999998,-2.2204460492503132e-17
0,0,1,SVC,8,W1,0.2075,0.7875,0.806378132,0.08624999999999998,0.221,0.00024999999999997247
0,0,1,SVC,8,W2,0.2049999999999999,0.79,0.8165938864628821,0.08100000000000002,0.2265,0.0040000000000000365
0,0,1,SVC,8,X1,0.1899999999999999,0.7975,0.8154897494305239,0.09375,0.23149999999999996,-0.002000000000000035
0,0,1,SVC,8,X2,0.1875,0.8125,0.8351648351648352,0.09774999999999999,0.23149999999999998,-0.0012500000000000178
0,0,1,RF-C,8,W1,0.1975,0.8025,0.8248337028824834,0.07149999999999998,0.25525000000000003,0.0014999999999999903
0,0,1,RF-C,8,W2,0.2025,0.7975,0.8195991091314031,0.062499999999999965,0.2565,0.0022499999999999742
0,0,1,RF-C,8,X1,0.1949999999999999,0.805,0.8202764976958525,0.09700000000000006,0.24750000000000005,0.007000000000000039
0,0,1,RF-C,8,X2,0.1875,0.8125,0.8394004282655246,0.09,0.24074999999999996,0.0012499999999999844
0,0,1,XGBoost-C,8,W1,0.1999999999999999,0.7775,0.7981859410430839,0.08624999999999998,0.22549999999999995,0.007749999999999968
0,0,1,XGBoost-C,8,W2,0.1949999999999999,0.745,0.7692307692307693,0.04425,0.18674999999999997,-0.011
0,0,1,XGBoost-C,8,X1,0.1925,0.7775,0.7954022988505747,0.08175,0.21674999999999994,-0.003000000000000036
0,0,1,XGBoost-C,8,X2,0.1825,0.8025,0.8248337028824834,0.09949999999999999,0.22300000000000003,-0.005000000000000016
0,0,1,MLP-C,8,W1,0.2049999999999999,0.795,0.8136363636363636,0.07950000000000004,0.23950000000000005,0.005750000000000022
0,0,1,MLP-C,8,W2,0.2049999999999999,0.795,0.8193832599118943,0.07775000000000003,0.23950000000000005,0.0042500000000000315
0,0,1,MLP-C,8,X1,0.1975,0.8025,0.8183908045977012,0.09549999999999999,0.23375000000000004,0.0049999999999999715
0,0,1,MLP-C,8,X2,0.1775,0.8225,0.8432671081677704,0.11225000000000003,0.23825000000000002,0.00650000000000005
0,0,1,LogReg,9,W1,0.2199999999999999,0.78,0.7317073170731707,0.08100000000000004,0.2085,0.005500000000000038
0,0,1,LogReg,9,W2,0.2049999999999999,0.795,0.764367816,0.10900000000000003,0.19350000000000003,-0.001499999999999968
0,0,1,LogReg,9,X1,0.2299999999999999,0.77,0.727810651,0.07325000000000004,0.192,-0.003999999999999981
0,0,1,LogReg,9,X2,0.1949999999999999,0.805,0.7758620689655172,0.13175000000000003,0.20450000000000007,0.0055000000000000274
0,0,1,SVC,9,W1,0.2149999999999999,0.7775,0.7192429022082019,0.08374999999999998,0.19549999999999995,0.005999999999999983
0,0,1,SVC,9,W2,0.1999999999999999,0.8,0.7701149425287356,0.12200000000000004,0.19575000000000004,0.00900000000000003
0,0,1,SVC,9,X1,0.2125,0.7925,0.7430340557275542,0.09699999999999999,0.20675,0.01449999999999998
0,0,1,SVC,9,X2,0.1975,0.7775,0.7449856733524355,0.10024999999999998,0.18549999999999994,-0.019500000000000038
0,0,1,RF-C,9,W1,0.2149999999999999,0.785,0.7470588235294118,0.07800000000000003,0.23025,0.00425000000000002
0,0,1,RF-C,9,W2,0.1975,0.8025,0.7723342939481268,0.11425,0.21399999999999997,0.02024999999999999
0,0,1,RF-C,9,X1,0.2049999999999999,0.795,0.7616279069767442,0.09625000000000004,0.22650000000000006,0.011000000000000055
0,0,1,RF-C,9,X2,0.1999999999999999,0.8,0.7647058823529411,0.11475000000000006,0.21150000000000008,0.012500000000000022
0,0,1,XGBoost-C,9,W1,0.2225,0.7575,0.7138643067846607,0.06724999999999995,0.20449999999999996,0.01574999999999995
0,0,1,XGBoost-C,9,W2,0.1949999999999999,0.7925,0.7635327635327636,0.11274999999999999,0.21075,0.015249999999999986
0,0,1,XGBoost-C,9,X1,0.2149999999999999,0.76,0.7209302325581395,0.07600000000000003,0.20475000000000004,0.004500000000000015
0,0,1,XGBoost-C,9,X2,0.1975,0.7875,0.7521865889212828,0.11974999999999998,0.20024999999999996,0.014249999999999974
0,0,1,MLP-C,9,W1,0.2199999999999999,0.78,0.7317073170731707,0.08075000000000003,0.20975000000000005,0.005250000000000032
0,0,1,MLP-C,9,W2,0.1925,0.8075,0.7793696275071633,0.12450000000000001,0.219,0.026249999999999996
0,0,1,MLP-C,9,X1,0.2075,0.7925,0.7565982404692082,0.10099999999999998,0.21600000000000003,0.014749999999999985
0,0,1,MLP-C,9,X2,0.1949999999999999,0.805,0.7758620689655172,0.13250000000000006,0.20400000000000004,0.0042500000000000315
0,0,1,LogReg,10,W1,0.2025,0.7975,0.7896103896103897,0.06099999999999998,0.2625,0.004249999999999965
0,0,1,LogReg,10,W2,0.1975,0.8025,0.793733681,0.048749999999999995,0.25175000000000003,0.0047499999999999765
0,0,1,LogReg,10,X1,0.2075,0.7925,0.7866323907455013,0.062499999999999986,0.24999999999999994,0.003249999999999975
0,0,1,LogReg,10,X2,0.17,0.83,0.8210526315789474,0.08274999999999996,0.2622499999999999,-0.0017500000000000514
0,0,1,SVC,10,W1,0.2049999999999999,0.7925,0.7821522309711286,0.061999999999999965,0.25549999999999995,0.005249999999999988
0,0,1,SVC,10,W2,0.1925,0.8025,0.793733681,0.05724999999999997,0.24674999999999997,-0.0017500000000000183
0,0,1,SVC,10,X1,0.2099999999999999,0.785,0.7806122448979592,0.054250000000000034,0.24425000000000002,-0.011999999999999988
0,0,1,SVC,10,X2,0.17,0.8275,0.8198433420365535,0.08000000000000002,0.2595,-0.0007499999999999729
0,0,1,RF-C,10,W1,0.2049999999999999,0.795,0.7970297029702971,0.029500000000000037,0.27175000000000005,0.00025000000000001686
0,0,1,RF-C,10,W2,0.1899999999999999,0.81,0.8051282051282052,0.03550000000000005,0.2762500000000001,-0.004999999999999938
0,0,1,RF-C,10,X1,0.2049999999999999,0.795,0.7970297029702971,0.026500000000000058,0.279,4.4408920985006264e-17
0,0,1,RF-C,10,X2,0.18,0.82,0.8144329896907216,0.08749999999999994,0.25699999999999995,0.013999999999999947
0,0,1,XGBoost-C,10,W1,0.2199999999999999,0.7325,0.727735369,0.04175000000000003,0.20525000000000002,-0.013749999999999974
0,0,1,XGBoost-C,10,W2,0.1999999999999999,0.745,0.734375,0.03750000000000002,0.20424999999999996,-0.010000000000000009
0,0,1,XGBoost-C,10,X1,0.2199999999999999,0.7425,0.739240506,0.051500000000000046,0.19700000000000004,-0.008749999999999947
0,0,1,XGBoost-C,10,X2,0.165,0.7925,0.7866323907455013,0.07999999999999997,0.22824999999999998,-0.004000000000000015
0,0,1,MLP-C,10,W1,0.2025,0.7975,0.7906976744186046,0.05624999999999998,0.26375000000000004,0.0047499999999999765
0,0,1,MLP-C,10,W2,0.185,0.815,0.806282723,0.06099999999999994,0.2625,0.008749999999999947
0,0,1,MLP-C,10,X1,0.1999999999999999,0.8,0.7916666666666666,0.07400000000000004,0.2540000000000001,0.006000000000000038
0,0,1,MLP-C,10,X2,0.1674999999999999,0.8325,0.8268733850129198,0.08125000000000002,0.26875000000000004,0.0032500000000000194
0,0,2,LogReg,1,W1,0.17,0.83,0.8291457286432161,0.25375,0.13174999999999998,0.006249999999999989
0,0,2,LogReg,1,W2,0.1674999999999999,0.8325,0.8222811671087533,0.253,0.12525,0.010000000000000031
0,0,2,LogReg,1,X1,0.15,0.85,0.8484848484848485,0.27975,0.13249999999999998,0.002499999999999969
0,0,2,LogReg,1,X2,0.145,0.855,0.8512820512820513,0.28674999999999995,0.11999999999999997,0.009749999999999991
0,0,2,SVC,1,W1,0.1674999999999999,0.8275,0.8253164556962025,0.25750000000000006,0.13,0.009250000000000013
0,0,2,SVC,1,W2,0.1674999999999999,0.8175,0.8063660477453581,0.23375000000000004,0.12275,0.003999999999999992
0,0,2,SVC,1,X1,0.15,0.845,0.841025641,0.273,0.13224999999999998,0.001499999999999968
0,0,2,SVC,1,X2,0.145,0.845,0.841025641,0.27574999999999994,0.10899999999999999,0.005999999999999972
0,0,2,RF-C,1,W1,0.1775,0.8225,0.8211586901763224,0.2495,0.1355,0.02150000000000002
0,0,2,RF-C,1,W2,0.1775,0.8225,0.8086253369272237,0.23575,0.12399999999999997,0.0030000000000000248
0,0,2,RF-C,1,X1,0.1424999999999999,0.8575,0.8556962025316456,0.29175000000000006,0.13100000000000003,-0.003999999999999971
0,0,2,RF-C,1,X2,0.155,0.845,0.8426395939086294,0.279,0.11925,0.012249999999999994
0,0,2,XGBoost-C,1,W1,0.17,0.79,0.7889447236180904,0.20675000000000004,0.10825000000000004,0.008750000000000046
0,0,2,XGBoost-C,1,W2,0.1725,0.7925,0.7866323907455013,0.20974999999999994,0.11174999999999997,0.009999999999999986
0,0,2,XGBoost-C,1,X1,0.135,0.825,0.825,0.25375,0.12799999999999995,0.002499999999999958
0,0,2,XGBoost-C,1,X2,0.155,0.8225,0.8165374677002584,0.2545,0.11075000000000002,0.0007500000000000284
0,0,2,MLP-C,1,W1,0.16,0.84,0.8407960199004975,0.26075,0.1435,0.022249999999999992
0,0,2,MLP-C,1,W2,0.1674999999999999,0.8325,0.8213333333333334,0.24525000000000002,0.13000000000000003,0.009500000000000031
0,0,2,MLP-C,1,X1,0.1424999999999999,0.8575,0.8527131782945736,0.28625000000000006,0.13475000000000006,0.006250000000000033
0,0,2,MLP-C,1,X2,0.145,0.855,0.8512820512820513,0.28625,0.12074999999999995,0.009249999999999991
0,0,2,LogReg,2,W1,0.14,0.86,0.8782608695652174,0.15824999999999997,0.23224999999999998,0.003249999999999975
0,0,2,LogReg,2,W2,0.2275,0.7725,0.8092243186582809,0.11474999999999998,0.15749999999999997,0.011749999999999983
0,0,2,LogReg,2,X1,0.14,0.86,0.8798283261802575,0.175,0.22224999999999998,0.0004999999999999894
0,0,2,LogReg,2,X2,0.1725,0.8275,0.8509719222462203,0.18675000000000003,0.15825,0.00900000000000003
0,0,2,SVC,2,W1,0.1424999999999999,0.85,0.8717948717948718,0.15975,0.20799999999999996,-0.003750000000000031
0,0,2,SVC,2,W2,0.2299999999999999,0.765,0.8008474576271186,0.11775000000000002,0.14875000000000002,0.01150000000000001
0,0,2,SVC,2,X1,0.1424999999999999,0.8575,0.8789808917197452,0.16750000000000004,0.22175000000000006,0.004000000000000026
0,0,2,SVC,2,X2,0.1775,0.825,0.8471615720524017,0.18399999999999997,0.16149999999999998,0.013249999999999951
0,0,2,RF-C,2,W1,0.15,0.85,0.871244635,0.14599999999999996,0.223,0.007999999999999985
0,0,2,RF-C,2,W2,0.2199999999999999,0.78,0.8127659574468085,0.11725000000000003,0.17250000000000004,0.019250000000000034
0,0,2,RF-C,2,X1,0.1424999999999999,0.8575,0.8794926,0.15750000000000003,0.22625,0.009250000000000036
0,0,2,RF-C,2,X2,0.1775,0.8225,0.8404494382022472,0.18850000000000003,0.15575,0.009750000000000003
0,0,2,XGBoost-C,2,W1,0.145,0.81,0.8382978723404255,0.11925000000000005,0.19775000000000004,-0.007999999999999962
0,0,2,XGBoost-C,2,W2,0.2249999999999999,0.7375,0.7682119205298014,0.09950000000000005,0.13700000000000007,0.003750000000000031
0,0,2,XGBoost-C,2,X1,0.13,0.845,0.8658008658008658,0.15749999999999997,0.21675,0.025499999999999967
0,0,2,XGBoost-C,2,X2,0.1875,0.7975,0.8146453089244852,0.1675,0.132,-0.008250000000000035
0,0,2,MLP-C,2,W1,0.14,0.86,0.8777292576419214,0.16199999999999998,0.23174999999999998,0.002499999999999969
0,0,2,MLP-C,2,W2,0.2225,0.7775,0.8102345415778252,0.12024999999999997,0.16999999999999998,0.013249999999999984
0,0,2,MLP-C,2,X1,0.1374999999999999,0.8625,0.8822269807280514,0.17050000000000004,0.2335000000000001,0.0025000000000000356
0,0,2,MLP-C,2,X2,0.1775,0.8225,0.8453159041394336,0.17950000000000005,0.15425,0.006000000000000038
0,0,2,LogReg,3,W1,0.1474999999999999,0.8525,0.9008403361344538,0.15950000000000006,0.12200000000000003,0.006750000000000034
0,0,2,LogReg,3,W2,0.1474999999999999,0.8525,0.8998302207130731,0.14625000000000005,0.14850000000000002,0.010500000000000042
0,0,2,LogReg,3,X1,0.135,0.865,0.9102990033222592,0.17275000000000001,0.12075,0.011749999999999983
0,0,2,LogReg,3,X2,0.095,0.905,0.9333333333333332,0.23775000000000004,0.14925000000000002,0.002250000000000041
0,0,2,SVC,3,W1,0.14,0.8625,0.9081803005008348,0.16550000000000004,0.12175000000000002,0.01425000000000005
0,0,2,SVC,3,W2,0.1574999999999999,0.8375,0.889267462,0.153,0.11700000000000002,0.0007500000000000506
0,0,2,SVC,3,X1,0.135,0.855,0.9046052631578948,0.158,0.11074999999999999,0.0044999999999999814
0,0,2,SVC,3,X2,0.0975,0.895,0.9273356401384084,0.22549999999999998,0.13875,0.0005000000000000227
0,0,2,RF-C,3,W1,0.155,0.845,0.8973509933774835,0.143,0.12549999999999997,0.015500000000000014
0,0,2,RF-C,3,W2,0.145,0.855,0.9016949152542372,0.14175,0.14974999999999997,0.015249999999999986
0,0,2,RF-C,3,X1,0.145,0.855,0.907051282,0.14049999999999999,0.10974999999999997,0.007499999999999984
0,0,2,RF-C,3,X2,0.0975,0.9025,0.9324090121317158,0.24099999999999996,0.14575,0.007999999999999985
0,0,2,XGBoost-C,3,W1,0.1524999999999999,0.825,0.8833333333333333,0.15549999999999997,0.10649999999999996,0.031749999999999945
0,0,2,XGBoost-C,3,W2,0.135,0.815,0.872852234,0.12649999999999992,0.10724999999999993,-0.0027500000000000523
0,0,2,XGBoost-C,3,X1,0.1574999999999999,0.805,0.8682432432432432,0.13650000000000007,0.07400000000000005,0.0040000000000000365
0,0,2,XGBoost-C,3,X2,0.0925,0.8625,0.9033391915641475,0.20600000000000004,0.11025000000000004,-0.0014999999999999903
0,0,2,MLP-C,3,W1,0.1424999999999999,0.8575,0.9028960817717206,0.17375000000000002,0.12850000000000003,0.010250000000000026
0,0,2,MLP-C,3,W2,0.1324999999999999,0.8675,0.9075043630017452,0.16325000000000006,0.16125000000000006,0.00900000000000003
0,0,2,MLP-C,3,X1,0.1324999999999999,0.8675,0.9112227805695142,0.18725000000000006,0.13025000000000006,0.018000000000000037
0,0,2,MLP-C,3,X2,0.0875,0.9125,0.938488576,0.24499999999999997,0.15674999999999997,0.011249999999999982
0,0,2,LogReg,4,W1,0.1324999999999999,0.8675,0.9051878354203936,0.11100000000000007,0.22775000000000006,0.0
0,0,2,LogReg,4,W2,0.1474999999999999,0.8525,0.8940754039497307,0.10425000000000004,0.20025000000000004,0.0022500000000000298
0,0,2,LogReg,4,X1,0.1324999999999999,0.8675,0.90685413,0.12975000000000003,0.19275000000000006,0.0
0,0,2,LogReg,4,X2,0.1049999999999999,0.895,0.922509225,0.19475000000000003,0.19275000000000003,0.0040000000000000365
0,0,2,SVC,4,W1,0.135,0.865,0.9042553191489362,0.10175000000000001,0.22599999999999998,0.005249999999999966
0,0,2,SVC,4,W2,0.15,0.845,0.8876811594202898,0.10824999999999999,0.19374999999999995,0.0027499999999999634
0,0,2,SVC,4,X1,0.13,0.875,0.9107142857142856,0.142,0.209,0.007749999999999968
0,0,2,SVC,4,X2,0.1049999999999999,0.885,0.915129151,0.197,0.17725000000000005,-0.002499999999999991
0,0,2,RF-C,4,W1,0.1424999999999999,0.8575,0.9001751313485113,0.09575000000000004,0.21850000000000006,0.005500000000000038
0,0,2,RF-C,4,W2,0.1424999999999999,0.8575,0.8957952468007313,0.12575000000000003,0.20125000000000007,0.018500000000000037
0,0,2,RF-C,4,X1,0.1225,0.8775,0.9129662522202486,0.13999999999999996,0.20774999999999996,0.006249999999999922
0,0,2,RF-C,4,X2,0.1,0.9,0.9267399267399268,0.21475000000000005,0.20125,0.009500000000000041
0,0,2,XGBoost-C,4,W1,0.1424999999999999,0.8125,0.86437613,0.08725,0.19449999999999998,0.01599999999999998
0,0,2,XGBoost-C,4,W2,0.155,0.8025,0.8495238095238096,0.10899999999999999,0.16875,0.003499999999999981
0,0,2,XGBoost-C,4,X1,0.13,0.8575,0.8969258589511754,0.15525000000000003,0.19575000000000004,0.010250000000000037
0,0,2,XGBoost-C,4,X2,0.1,0.8575,0.8934579439252337,0.17025000000000007,0.17525000000000004,-0.006249999999999945
0,0,2,MLP-C,4,W1,0.1324999999999999,0.8675,0.9038112522686026,0.11225000000000004,0.23075000000000007,0.0055000000000000274
0,0,2,MLP-C,4,W2,0.1524999999999999,0.8475,0.8880733944954129,0.10900000000000003,0.20400000000000004,0.006750000000000045
0,0,2,MLP-C,4,X1,0.13,0.87,0.9061371841155236,0.1395,0.20799999999999996,0.005999999999999972
0,0,2,MLP-C,4,X2,0.0975,0.9025,0.9273743016759776,0.20799999999999996,0.198,0.007999999999999985
0,0,2,LogReg,5,W1,0.2075,0.7925,0.7348242811501597,0.09274999999999999,0.2065,0.003999999999999981
0,0,2,LogReg,5,W2,0.245,0.755,0.7134502923976608,0.057499999999999996,0.175,-0.00024999999999996135
0,0,2,LogReg,5,X1,0.1999999999999999,0.8,0.7575757575757576,0.11025000000000003,0.18900000000000006,0.005500000000000038
0,0,2,LogReg,5,X2,0.14,0.86,0.8362573099415205,0.1875,0.21025,-2.2204460492503132e-17
0,0,2,SVC,5,W1,0.2025,0.7875,0.7335423197492164,0.09199999999999997,0.1975,0.0019999999999999684
0,0,2,SVC,5,W2,0.245,0.75,0.6951219512195121,0.05550000000000001,0.16225,0.000250000000000028
0,0,2,SVC,5,X1,0.1949999999999999,0.7925,0.7477203647416414,0.09949999999999998,0.18725,-0.0012500000000000178
0,0,2,SVC,5,X2,0.14,0.8575,0.8357348703170029,0.18250000000000002,0.20975000000000005,0.009250000000000026
0,0,2,RF-C,5,W1,0.2225,0.7775,0.7244582043343654,0.05149999999999997,0.22225,-0.002000000000000035
0,0,2,RF-C,5,W2,0.24,0.76,0.6981132075471698,0.06575,0.182,0.0042500000000000315
0,0,2,RF-C,5,X1,0.185,0.815,0.774390244,0.12199999999999993,0.21649999999999997,0.011499999999999944
0,0,2,RF-C,5,X2,0.14,0.86,0.8409090909090909,0.18674999999999997,0.21525,0.032250000000000015
0,0,2,XGBoost-C,5,W1,0.2149999999999999,0.74,0.6923076923076923,0.05574999999999999,0.18175000000000002,-0.01150000000000002
0,0,2,XGBoost-C,5,W2,0.2299999999999999,0.71,0.6526946107784432,0.04724999999999996,0.15099999999999997,-0.009750000000000026
0,0,2,XGBoost-C,5,X1,0.1825,0.78,0.7365269461077845,0.10350000000000001,0.18800000000000003,-0.016249999999999987
0,0,2,XGBoost-C,5,X2,0.14,0.82,0.791907514,0.16224999999999995,0.17474999999999993,0.006249999999999955
0,0,2,MLP-C,5,W1,0.2149999999999999,0.785,0.7345679012345679,0.08300000000000003,0.21125000000000008,0.0022500000000000298
0,0,2,MLP-C,5,W2,0.245,0.755,0.7134502923976608,0.05825000000000001,0.17725,-0.0004999999999999782
0,0,2,MLP-C,5,X1,0.1999999999999999,0.8,0.7575757575757576,0.12175000000000002,0.18400000000000002,0.007000000000000029
0,0,2,MLP-C,5,X2,0.1374999999999999,0.8625,0.8377581120943953,0.19075000000000003,0.21800000000000003,0.011250000000000038
0,0,2,LogReg,6,W1,0.1674999999999999,0.8325,0.8928,0.11725000000000003,0.12700000000000006,0.00800000000000004
0,0,2,LogReg,6,W2,0.1674999999999999,0.8325,0.8858603066439523,0.14625000000000005,0.14425,0.008750000000000046
0,0,2,LogReg,6,X1,0.1474999999999999,0.8525,0.9011725293132328,0.16375,0.14450000000000005,0.005000000000000037
0,0,2,LogReg,6,X2,0.1225,0.8775,0.9147826086956522,0.21599999999999991,0.11999999999999993,0.0042499999999999535
0,0,2,SVC,6,W1,0.17,0.82,0.8838709677419355,0.11324999999999993,0.12125,0.0029999999999999693
0,0,2,SVC,6,W2,0.1674999999999999,0.8275,0.8840336134453781,0.13675,0.134,0.0035000000000000144
0,0,2,SVC,6,X1,0.1474999999999999,0.8525,0.9011725293132328,0.16175000000000006,0.139,0.005000000000000027
0,0,2,SVC,6,X2,0.1225,0.865,0.9055944055944056,0.20424999999999996,0.1085,-0.006750000000000001
0,0,2,RF-C,6,W1,0.17,0.83,0.889967638,0.11149999999999996,0.14424999999999993,0.010499999999999964
0,0,2,RF-C,6,W2,0.175,0.825,0.8825503355704698,0.13624999999999995,0.13724999999999993,-0.0007500000000000395
0,0,2,RF-C,6,X1,0.1624999999999999,0.8375,0.891846922,0.14675000000000002,0.12925000000000003,0.008750000000000036
0,0,2,RF-C,6,X2,0.1099999999999999,0.89,0.9236111111111112,0.233,0.1355,0.020750000000000036
0,0,2,XGBoost-C,6,W1,0.175,0.79,0.8609271523178808,0.08700000000000004,0.10525000000000002,-0.013499999999999979
0,0,2,XGBoost-C,6,W2,0.1725,0.79,0.8556701030927835,0.11900000000000004,0.10650000000000004,0.001250000000000051
0,0,2,XGBoost-C,6,X1,0.16,0.81,0.8737541528239202,0.13325000000000004,0.10450000000000007,4.4408920985006264e-17
0,0,2,XGBoost-C,6,X2,0.1225,0.8575,0.8991150442477877,0.20750000000000002,0.11475000000000005,0.003000000000000047
0,0,2,MLP-C,6,W1,0.1725,0.8275,0.886326194,0.1255,0.13600000000000004,0.01050000000000002
0,0,2,MLP-C,6,W2,0.165,0.835,0.8873720136518771,0.14949999999999997,0.14699999999999996,0.012499999999999978
0,0,2,MLP-C,6,X1,0.1474999999999999,0.8525,0.9011725293132328,0.164,0.14450000000000005,0.005000000000000037
0,0,2,MLP-C,6,X2,0.1175,0.8825,0.9173989455184536,0.22599999999999992,0.12949999999999995,0.0029999999999999693
0,0,2,LogReg,7,W1,0.2025,0.7975,0.7197231833910035,0.15625,0.16550000000000004,0.006499999999999983
0,0,2,LogReg,7,W2,0.2199999999999999,0.78,0.6944444444444444,0.13025000000000003,0.11925000000000001,0.007000000000000029
0,0,2,LogReg,7,X1,0.1524999999999999,0.8475,0.784452297,0.21200000000000005,0.17750000000000005,0.0012500000000000289
0,0,2,LogReg,7,X2,0.16,0.8375,0.7719298245614035,0.20625000000000004,0.12675000000000003,0.002000000000000035
0,0,2,SVC,7,W1,0.2049999999999999,0.7875,0.717607973,0.14799999999999996,0.15625,-0.0017500000000000293
0,0,2,SVC,7,W2,0.2049999999999999,0.7825,0.6968641114982579,0.13849999999999998,0.11574999999999998,0.005499999999999982
0,0,2,SVC,7,X1,0.16,0.8275,0.7661016949152543,0.20175000000000004,0.15975,-0.013750000000000007
0,0,2,SVC,7,X2,0.1624999999999999,0.825,0.75,0.18899999999999997,0.11874999999999998,-0.0042500000000000315
0,0,2,RF-C,7,W1,0.1999999999999999,0.8,0.7101449275362319,0.14300000000000007,0.17525000000000004,0.004500000000000015
0,0,2,RF-C,7,W2,0.2049999999999999,0.795,0.7152777777777778,0.14550000000000005,0.13800000000000004,0.030500000000000037
0,0,2,RF-C,7,X1,0.16,0.84,0.7866666666666666,0.21399999999999997,0.17524999999999996,0.014749999999999985
0,0,2,RF-C,7,X2,0.1574999999999999,0.8425,0.7849829351535836,0.21175000000000005,0.133,0.015750000000000042
0,0,2,XGBoost-C,7,W1,0.1975,0.7475,0.6599326599326599,0.13325000000000004,0.12650000000000003,-0.007499999999999951
0,0,2,XGBoost-C,7,W2,0.2049999999999999,0.76,0.6689655172413793,0.12375000000000003,0.11375000000000002,0.00575000000000001
0,0,2,XGBoost-C,7,X1,0.15,0.8075,0.7335640138408305,0.18475,0.15175,-0.004500000000000015
0,0,2,XGBoost-C,7,X2,0.1574999999999999,0.8125,0.7457627118644068,0.18375,0.12199999999999997,-0.00724999999999999
0,0,2,MLP-C,7,W1,0.2125,0.7875,0.7194719471947195,0.14449999999999993,0.16475,0.002499999999999969
0,0,2,MLP-C,7,W2,0.1999999999999999,0.8,0.7241379310344828,0.14750000000000008,0.13975000000000004,0.02300000000000004
0,0,2,MLP-C,7,X1,0.16,0.84,0.7866666666666666,0.21349999999999997,0.17475,0.005749999999999977
0,0,2,MLP-C,7,X2,0.1624999999999999,0.8375,0.7735191637630662,0.20800000000000002,0.12700000000000006,0.00025000000000001686
0,0,2,LogReg,8,W1,0.2199999999999999,0.78,0.7471264367816092,0.10700000000000003,0.16075,0.0007500000000000284
0,0,2,LogReg,8,W2,0.2225,0.7775,0.7343283582089553,0.10899999999999999,0.18899999999999997,0.019499999999999983
0,0,2,LogReg,8,X1,0.17,0.83,0.8121546961325967,0.17574999999999996,0.18199999999999997,0.0037499999999999756
0,0,2,LogReg,8,X2,0.15,0.85,0.8265895953757225,0.21025,0.177,-0.0007500000000000174
0,0,2,SVC,8,W1,0.1999999999999999,0.7825,0.7463556851311953,0.12349999999999998,0.15849999999999997,-0.00275000000000003
0,0,2,SVC,8,W2,0.2325,0.7475,0.6930091185410334,0.10675000000000004,0.15550000000000003,-0.00024999999999995024
0,0,2,SVC,8,X1,0.16,0.8325,0.8112676056338028,0.18000000000000002,0.18224999999999997,0.011250000000000038
0,0,2,SVC,8,X2,0.1524999999999999,0.8425,0.8184438040345822,0.21025000000000005,0.16575,-0.0007499999999999729
0,0,2,RF-C,8,W1,0.2075,0.7925,0.7688022284122563,0.12924999999999998,0.18049999999999997,0.004749999999999965
0,0,2,RF-C,8,W2,0.2375,0.7625,0.7181008902077152,0.11324999999999993,0.17874999999999996,0.014499999999999935
0,0,2,RF-C,8,X1,0.16,0.84,0.8241758241758241,0.19649999999999998,0.18849999999999997,0.020999999999999963
0,0,2,RF-C,8,X2,0.1474999999999999,0.8525,0.829971182,0.22350000000000003,0.17725000000000007,0.022250000000000037
0,0,2,XGBoost-C,8,W1,0.2049999999999999,0.755,0.7215909090909091,0.11225,0.13425,0.007000000000000006
0,0,2,XGBoost-C,8,W2,0.235,0.73,0.6949152542372882,0.09199999999999998,0.15049999999999994,0.03199999999999996
0,0,2,XGBoost-C,8,X1,0.17,0.8175,0.7908309455587392,0.17975000000000002,0.16699999999999998,0.022250000000000002
0,0,2,XGBoost-C,8,X2,0.1524999999999999,0.8025,0.7723342939481268,0.18474999999999997,0.135,0.006499999999999973
0,0,2,MLP-C,8,W1,0.2125,0.7875,0.7605633802816901,0.11399999999999996,0.18649999999999997,0.020499999999999973
0,0,2,MLP-C,8,W2,0.2299999999999999,0.77,0.7294117647058823,0.10725000000000003,0.186,0.012750000000000017
0,0,2,MLP-C,8,X1,0.1624999999999999,0.8375,0.8189415041782729,0.18250000000000005,0.191,0.01000000000000002
0,0,2,MLP-C,8,X2,0.15,0.85,0.8265895953757225,0.20975000000000002,0.17875,-0.0012500000000000289
0,0,2,LogReg,9,W1,0.2049999999999999,0.795,0.8144796380090498,0.12975000000000003,0.17875000000000005,0.0015000000000000347
0,0,2,LogReg,9,W2,0.2149999999999999,0.785,0.8054298642533937,0.11700000000000003,0.18225000000000002,0.006250000000000033
0,0,2,LogReg,9,X1,0.1674999999999999,0.8325,0.8501118568232662,0.179,0.18725,0.004000000000000026
0,0,2,LogReg,9,X2,0.17,0.83,0.8447488584474886,0.19049999999999997,0.16624999999999995,0.002499999999999969
0,0,2,SVC,9,W1,0.2049999999999999,0.79,0.8108108108108109,0.13625000000000004,0.17350000000000004,-0.0029999999999999693
0,0,2,SVC,9,W2,0.2225,0.765,0.7911111111111111,0.11375000000000002,0.15575,-0.005749999999999966
0,0,2,SVC,9,X1,0.1674999999999999,0.8275,0.8483516483516483,0.17400000000000002,0.18325,0.01050000000000002
0,0,2,SVC,9,X2,0.175,0.815,0.8294930875576036,0.17624999999999993,0.15274999999999994,-0.006750000000000034
0,0,2,RF-C,9,W1,0.2149999999999999,0.785,0.8027522935779816,0.11800000000000004,0.18250000000000002,0.005750000000000022
0,0,2,RF-C,9,W2,0.2199999999999999,0.78,0.8035714285714286,0.1,0.18825000000000003,-0.002499999999999969
0,0,2,RF-C,9,X1,0.1775,0.8225,0.8453159041394336,0.168,0.17925000000000002,0.0055000000000000274
0,0,2,RF-C,9,X2,0.18,0.82,0.8356164383561644,0.17574999999999996,0.15824999999999995,0.007749999999999968
0,0,2,XGBoost-C,9,W1,0.1999999999999999,0.74,0.7570093457943925,0.10699999999999998,0.14425,-0.008250000000000025
0,0,2,XGBoost-C,9,W2,0.2175,0.755,0.7822222222222223,0.09175000000000001,0.15749999999999997,0.029500000000000016
0,0,2,XGBoost-C,9,X1,0.165,0.795,0.8161434977578476,0.15950000000000003,0.15625000000000006,-0.011999999999999966
0,0,2,XGBoost-C,9,X2,0.18,0.7975,0.8120649651972158,0.16099999999999998,0.14900000000000002,0.005999999999999983
0,0,2,MLP-C,9,W1,0.1999999999999999,0.8,0.817351598,0.14200000000000007,0.18450000000000005,0.006000000000000038
0,0,2,MLP-C,9,W2,0.2149999999999999,0.785,0.8036529680365296,0.11825000000000004,0.18350000000000005,0.007000000000000029
0,0,2,MLP-C,9,X1,0.1624999999999999,0.8375,0.85458613,0.18275000000000002,0.19125,0.009250000000000026
0,0,2,MLP-C,9,X2,0.17,0.83,0.8411214953271028,0.19074999999999998,0.16924999999999998,0.005499999999999982
0,0,2,LogReg,10,W1,0.1624999999999999,0.8375,0.8059701492537313,0.18875000000000003,0.19375000000000003,0.0017500000000000404
0,0,2,LogReg,10,W2,0.235,0.765,0.7080745341614907,0.17550000000000002,0.10475000000000001,0.0005000000000000337
0,0,2,LogReg,10,X1,0.135,0.865,0.8439306358381503,0.23674999999999996,0.19249999999999998,0.0012499999999999734
0,0,2,LogReg,10,X2,0.155,0.845,0.8074534161490683,0.27025,0.12974999999999998,0.0009999999999999788
0,0,2,SVC,10,W1,0.175,0.815,0.7810650887573964,0.18774999999999992,0.16124999999999995,0.0017499999999999517
0,0,2,SVC,10,W2,0.2249999999999999,0.7625,0.7129909365558912,0.17749999999999994,0.10124999999999998,-2.2204460492503132e-17
0,0,2,SVC,10,X1,0.13,0.85,0.8235294117647058,0.22124999999999995,0.17924999999999996,-0.010250000000000026
0,0,2,SVC,10,X2,0.145,0.85,0.8181818181818182,0.27625,0.13824999999999998,0.011249999999999982
0,0,2,RF-C,10,W1,0.175,0.825,0.7916666666666666,0.18849999999999997,0.17349999999999993,0.007499999999999995
0,0,2,RF-C,10,W2,0.2175,0.7825,0.7339449541284404,0.19049999999999995,0.12549999999999997,0.017999999999999995
0,0,2,RF-C,10,X1,0.13,0.87,0.8514285714285714,0.23274999999999996,0.20074999999999998,0.006999999999999984
0,0,2,RF-C,10,X2,0.15,0.85,0.8170731707317073,0.28424999999999995,0.13424999999999998,-0.004000000000000015
0,0,2,XGBoost-C,10,W1,0.1674999999999999,0.795,0.7602339181286549,0.16225000000000003,0.16150000000000003,-0.006249999999999955
0,0,2,XGBoost-C,10,W2,0.2099999999999999,0.755,0.6918238993710691,0.16125000000000003,0.11325,0.010750000000000004
0,0,2,XGBoost-C,10,X1,0.1374999999999999,0.8325,0.8123249299719888,0.19450000000000003,0.17175,0.0007500000000000395
0,0,2,XGBoost-C,10,X2,0.1574999999999999,0.805,0.7650602409638554,0.23725000000000004,0.09675000000000004,-0.01524999999999993
0,0,2,MLP-C,10,W1,0.17,0.83,0.8,0.17799999999999996,0.18874999999999992,0.0029999999999999693
0,0,2,MLP-C,10,W2,0.2275,0.7725,0.7250755287009063,0.18774999999999994,0.10974999999999997,0.0037499999999999643
0,0,2,MLP-C,10,X1,0.13,0.87,0.8497109826589595,0.231,0.20425,0.00024999999999997247
0,0,2,MLP-C,10,X2,0.15,0.85,0.8192771084337349,0.27549999999999997,0.14024999999999999,0.006750000000000001
0,1,0,LogReg,1,W1,0.2724999999999999,0.7275,0.7665952890792291,0.12725000000000003,0.11425000000000003,0.0027500000000000415
0,1,0,LogReg,1,W2,0.3025,0.6975,0.7352297592997812,0.0975,0.08,0.006250000000000022
0,1,0,LogReg,1,X1,0.2425,0.7575,0.7886710239651417,0.17624999999999996,0.10524999999999995,0.0034999999999999697
0,1,0,LogReg,1,X2,0.1899999999999999,0.81,0.834061135,0.23800000000000007,0.09500000000000006,0.0025000000000000243
0,1,0,SVC,1,W1,0.28,0.7,0.7333333333333333,0.13199999999999998,0.06324999999999996,-0.01275000000000005
0,1,0,SVC,1,W2,0.2875,0.7075,0.7473002159827213,0.11274999999999999,0.07900000000000003,0.007000000000000039
0,1,0,SVC,1,X1,0.245,0.74,0.7796610169491526,0.15050000000000002,0.088,-0.006000000000000028
0,1,0,SVC,1,X2,0.1875,0.7975,0.8258064516129032,0.2245,0.08625,-0.003750000000000031
0,1,0,RF-C,1,W1,0.2875,0.7125,0.7494553376906318,0.1255,0.08625000000000001,0.00850000000000003
0,1,0,RF-C,1,W2,0.2975,0.7025,0.7440860215053764,0.10450000000000001,0.09525000000000002,0.0115
0,1,0,RF-C,1,X1,0.2425,0.7575,0.7931769722814499,0.16974999999999998,0.10349999999999995,0.011999999999999945
0,1,0,RF-C,1,X2,0.1925,0.8075,0.8351177730192719,0.2345,0.0985,0.0007500000000000062
0,1,0,XGBoost-C,1,W1,0.28,0.675,0.7186147186147186,0.08200000000000005,0.07700000000000004,0.00800000000000003
0,1,0,XGBoost-C,1,W2,0.2925,0.6675,0.7076923076923077,0.08625,0.08474999999999999,0.011249999999999972
0,1,0,XGBoost-C,1,X1,0.24,0.72,0.7543859649122807,0.13074999999999995,0.07674999999999997,-0.0025000000000000243
0,1,0,XGBoost-C,1,X2,0.1999999999999999,0.775,0.8043478260869565,0.20925000000000002,0.09125000000000003,-0.008499999999999985
0,1,0,MLP-C,1,W1,0.275,0.725,0.7608695652173914,0.12574999999999997,0.11174999999999997,0.00024999999999996135
0,1,0,MLP-C,1,W2,0.295,0.705,0.7330316742081447,0.10749999999999997,0.09224999999999996,0.0009999999999999564
0,1,0,MLP-C,1,X1,0.24,0.76,0.7894736842105263,0.17875000000000002,0.10800000000000001,0.01050000000000001
0,1,0,MLP-C,1,X2,0.1875,0.8125,0.8366013071895425,0.24125000000000002,0.09825000000000002,0.005499999999999961
0,1,0,LogReg,2,W1,0.2475,0.7525,0.7692307692307693,0.19299999999999998,0.04124999999999994,0.004249999999999932
0,1,0,LogReg,2,W2,0.265,0.735,0.7685589519650655,0.18049999999999997,0.05124999999999998,-0.0005000000000000115
0,1,0,LogReg,2,X1,0.1775,0.8225,0.8337236533957846,0.263,0.07925000000000001,0.002000000000000046
0,1,0,LogReg,2,X2,0.2175,0.7825,0.8062360801781737,0.2405,0.05674999999999995,-0.0005000000000000337
0,1,0,SVC,2,W1,0.24,0.7575,0.7780320366132724,0.20549999999999996,0.029749999999999954,0.0014999999999999458
0,1,0,SVC,2,W2,0.265,0.73,0.7641921397379913,0.19399999999999998,0.02749999999999998,-0.003750000000000031
0,1,0,SVC,2,X1,0.1825,0.81,0.8256880733944955,0.25600000000000006,0.07000000000000005,-0.005499999999999949
0,1,0,SVC,2,X2,0.2175,0.7725,0.7991169977924945,0.23125,0.044249999999999956,-0.001000000000000023
0,1,0,RF-C,2,W1,0.2299999999999999,0.77,0.7918552036199095,0.20925000000000002,0.06575,0.016500000000000035
0,1,0,RF-C,2,W2,0.2574999999999999,0.7425,0.7726269315673289,0.19600000000000004,0.05550000000000005,0.008500000000000018
0,1,0,RF-C,2,X1,0.1899999999999999,0.81,0.8264840182648402,0.25750000000000006,0.06325000000000004,-0.000499999999999956
0,1,0,RF-C,2,X2,0.2075,0.7925,0.8134831460674158,0.2504999999999999,0.06274999999999997,0.009999999999999976
0,1,0,XGBoost-C,2,W1,0.2125,0.74,0.7535545023696683,0.17624999999999996,0.060499999999999984,-0.004249999999999987
0,1,0,XGBoost-C,2,W2,0.2425,0.685,0.705607477,0.13500000000000006,0.03775000000000006,0.019250000000000055
0,1,0,XGBoost-C,2,X1,0.1725,0.755,0.7710280373831776,0.19,0.042750000000000024,-0.013000000000000001
0,1,0,XGBoost-C,2,X2,0.2075,0.7875,0.8054919908466819,0.24524999999999997,0.06899999999999998,0.0037499999999999756
0,1,0,MLP-C,2,W1,0.2325,0.7675,0.7852193995381063,0.20574999999999996,0.07449999999999997,0.027249999999999962
0,1,0,MLP-C,2,W2,0.255,0.745,0.7692307692307693,0.18925,0.06825,0.00924999999999998
0,1,0,MLP-C,2,X1,0.175,0.825,0.8356807511737089,0.26574999999999993,0.08249999999999998,0.003999999999999971
0,1,0,MLP-C,2,X2,0.2099999999999999,0.79,0.8125,0.24625000000000002,0.06375000000000004,0.0027500000000000415
0,1,0,LogReg,3,W1,0.3,0.7,0.6808510638297872,0.033999999999999954,0.1827499999999999,-2.2204460492503132e-17
0,1,0,LogReg,3,W2,0.36,0.64,0.6307692307692307,-0.012,0.14350000000000002,-0.0009999999999999898
0,1,0,LogReg,3,X1,0.2175,0.7825,0.7629427792915532,0.15825,0.15524999999999997,0.0009999999999999788
0,1,0,LogReg,3,X2,0.2524999999999999,0.7475,0.7390180878552972,0.15950000000000006,0.07975000000000006,-0.0027499999999999413
0,1,0,SVC,3,W1,0.31,0.6925,0.6737400530503979,0.03300000000000001,0.17075,-0.01174999999999996
0,1,0,SVC,3,W2,0.3475,0.6425,0.6226912928759895,-0.0015000000000000347,0.139,-0.002000000000000013
0,1,0,SVC,3,X1,0.2125,0.7875,0.7721179624664879,0.17024999999999996,0.16075,0.00824999999999998
0,1,0,SVC,3,X2,0.2524999999999999,0.735,0.7253886010362695,0.15474999999999997,0.06399999999999999,-0.012000000000000021
0,1,0,RF-C,3,W1,0.3275,0.6725,0.6666666666666666,0.025249999999999995,0.1605,0.008999999999999985
0,1,0,RF-C,3,W2,0.3349999999999999,0.665,0.6528497409326425,0.001000000000000023,0.16700000000000004,-0.00024999999999996135
0,1,0,RF-C,3,X1,0.2299999999999999,0.77,0.7430167597765364,0.15375,0.1385,0.0015000000000000124
0,1,0,RF-C,3,X2,0.2475,0.7525,0.7441860465116279,0.16599999999999998,0.08849999999999994,0.0027499999999999305
0,1,0,XGBoost-C,3,W1,0.305,0.6025,0.587012987,0.02150000000000003,0.09250000000000005,-0.00974999999999997
0,1,0,XGBoost-C,3,W2,0.345,0.5225,0.5139949109414759,-0.02300000000000003,0.039749999999999966,-0.048250000000000015
0,1,0,XGBoost-C,3,X1,0.2249999999999999,0.715,0.6968085106382979,0.12774999999999997,0.12174999999999998,-0.008500000000000018
0,1,0,XGBoost-C,3,X2,0.2425,0.7225,0.7146529562982005,0.15050000000000002,0.07250000000000002,0.005000000000000049
0,1,0,MLP-C,3,W1,0.2975,0.7025,0.6925064599483204,0.03500000000000001,0.18075000000000002,0.0040000000000000365
0,1,0,MLP-C,3,W2,0.3425,0.6575,0.5885885885885885,0.017249999999999967,0.16549999999999998,-0.0035000000000000473
0,1,0,MLP-C,3,X1,0.2049999999999999,0.795,0.7842105263157895,0.17400000000000004,0.17675000000000002,0.012000000000000044
0,1,0,MLP-C,3,X2,0.25,0.75,0.7409326424870466,0.16,0.08225,-0.001749999999999996
0,1,0,LogReg,4,W1,0.155,0.845,0.8856088560885609,0.25549999999999995,0.06649999999999998,0.001499999999999968
0,1,0,LogReg,4,W2,0.2225,0.7775,0.8271844660194175,0.211,0.024499999999999987,0.003999999999999971
0,1,0,LogReg,4,X1,0.1474999999999999,0.8525,0.8897196261682243,0.273,0.06250000000000001,0.0045000000000000265
0,1,0,LogReg,4,X2,0.1374999999999999,0.8625,0.8940269749518305,0.2825000000000001,0.06925000000000002,0.003750000000000031
0,1,0,SVC,4,W1,0.1775,0.82,0.8615384615384616,0.2697499999999999,0.026499999999999933,-0.0015000000000000234
0,1,0,SVC,4,W2,0.2175,0.7825,0.8277227722772277,0.223,0.028749999999999977,-0.0017500000000000293
0,1,0,SVC,4,X1,0.1524999999999999,0.8475,0.8868274582560297,0.26825,0.04950000000000002,0.003750000000000031
0,1,0,SVC,4,X2,0.14,0.8475,0.8833652007648184,0.263,0.06075000000000001,-0.005999999999999983
0,1,0,RF-C,4,W1,0.1474999999999999,0.8525,0.8921389396709324,0.27025,0.08825000000000002,0.041000000000000036
0,1,0,RF-C,4,W2,0.2125,0.7875,0.8336594911937377,0.20574999999999996,0.04749999999999997,0.012749999999999973
0,1,0,RF-C,4,X1,0.15,0.85,0.8892988929889298,0.2607499999999999,0.06949999999999999,0.01399999999999999
0,1,0,RF-C,4,X2,0.14,0.86,0.8901960784313725,0.28025,0.08574999999999999,0.023499999999999976
0,1,0,XGBoost-C,4,W1,0.17,0.795,0.8498168498168498,0.20950000000000008,0.05175000000000004,0.0015000000000000347
0,1,0,XGBoost-C,4,W2,0.1999999999999999,0.7675,0.8172888015717092,0.17024999999999996,0.06324999999999996,0.010999999999999977
0,1,0,XGBoost-C,4,X1,0.145,0.825,0.8698884758364313,0.23949999999999996,0.05399999999999996,0.013499999999999967
0,1,0,XGBoost-C,4,X2,0.145,0.7975,0.8408644400785854,0.22374999999999998,0.04624999999999998,-0.011750000000000005
0,1,0,MLP-C,4,W1,0.1624999999999999,0.8375,0.8780487804878049,0.25925000000000004,0.05750000000000003,0.017500000000000026
0,1,0,MLP-C,4,W2,0.2149999999999999,0.785,0.83203125,0.20475000000000004,0.04300000000000004,0.00850000000000003
0,1,0,MLP-C,4,X1,0.1424999999999999,0.8575,0.8938547486033519,0.277,0.06850000000000003,0.00750000000000004
0,1,0,MLP-C,4,X2,0.1474999999999999,0.8525,0.8840864440078585,0.27475000000000005,0.06375000000000001,0.0017500000000000404
0,1,0,LogReg,5,W1,0.1474999999999999,0.8525,0.9043760129659644,0.18275000000000002,0.03400000000000003,0.0007500000000000174
0,1,0,LogReg,5,W2,0.1624999999999999,0.8375,0.8943089430894309,0.15875,0.04425,0.003750000000000031
0,1,0,LogReg,5,X1,0.12,0.88,0.9218241042345277,0.20949999999999996,0.03700000000000001,0.002250000000000041
0,1,0,LogReg,5,X2,0.1125,0.8875,0.9256198347107438,0.22949999999999998,0.05599999999999995,-0.0015000000000000124
0,1,0,SVC,5,W1,0.1474999999999999,0.84,0.8980891719745223,0.17399999999999996,0.015249999999999975,-0.0007500000000000174
0,1,0,SVC,5,W2,0.165,0.8325,0.8914100486223663,0.16675,0.02799999999999999,0.005250000000000032
0,1,0,SVC,5,X1,0.1274999999999999,0.8725,0.9181380417335474,0.19875000000000004,0.03250000000000005,0.0032500000000000306
0,1,0,SVC,5,X2,0.1125,0.8775,0.9200652528548124,0.20574999999999993,0.04974999999999995,-0.0015000000000000347
0,1,0,RF-C,5,W1,0.135,0.865,0.9129032258064516,0.18724999999999997,0.061999999999999986,0.021499999999999984
0,1,0,RF-C,5,W2,0.1674999999999999,0.8325,0.8907014681892332,0.15550000000000003,0.05225000000000002,0.011000000000000043
0,1,0,RF-C,5,X1,0.1099999999999999,0.89,0.9288025889967636,0.21550000000000002,0.05025000000000003,0.014250000000000007
0,1,0,RF-C,5,X2,0.125,0.875,0.9188311688311688,0.20725,0.04575,0.0009999999999999898
0,1,0,XGBoost-C,5,W1,0.1374999999999999,0.835,0.8928571428571429,0.16799999999999998,0.04974999999999996,0.015499999999999958
0,1,0,XGBoost-C,5,W2,0.16,0.7925,0.8614357262103506,0.12999999999999998,0.03224999999999998,-0.007500000000000029
0,1,0,XGBoost-C,5,X1,0.1175,0.835,0.890728477,0.16774999999999998,0.023749999999999983,-0.004750000000000032
0,1,0,XGBoost-C,5,X2,0.1175,0.8325,0.8892561983471075,0.17100000000000004,0.03200000000000001,-0.010249999999999971
0,1,0,MLP-C,5,W1,0.1474999999999999,0.8525,0.9043760129659644,0.18275000000000002,0.03375000000000004,0.00025000000000000575
0,1,0,MLP-C,5,W2,0.1624999999999999,0.8375,0.8943089430894309,0.15899999999999997,0.044000000000000004,0.003750000000000031
0,1,0,MLP-C,5,X1,0.1149999999999999,0.885,0.9245901639344264,0.21949999999999997,0.04800000000000001,0.009750000000000014
0,1,0,MLP-C,5,X2,0.1099999999999999,0.89,0.9269102990033222,0.23349999999999999,0.059750000000000025,0.0032500000000000306
0,1,0,LogReg,6,W1,0.3575,0.6425,0.567975831,0.054749999999999945,0.07874999999999997,0.00874999999999998
0,1,0,LogReg,6,W2,0.3475,0.6525,0.5825825825825826,0.08174999999999996,0.08799999999999995,-0.0017500000000000183
0,1,0,LogReg,6,X1,0.2624999999999999,0.7375,0.6884272997032641,0.16425000000000003,0.07275000000000002,0.007500000000000051
0,1,0,LogReg,6,X2,0.2299999999999999,0.77,0.7325581395348837,0.2165,0.07425000000000004,-0.0044999999999999814
0,1,0,SVC,6,W1,0.3525,0.6425,0.5781710914454278,0.06374999999999995,0.07374999999999995,0.0012499999999999623
0,1,0,SVC,6,W2,0.3299999999999999,0.6475,0.584070796,0.07199999999999997,0.09299999999999997,-0.007000000000000039
0,1,0,SVC,6,X1,0.2724999999999999,0.725,0.6839080459770115,0.15624999999999997,0.06149999999999998,-0.00375000000000002
0,1,0,SVC,6,X2,0.2299999999999999,0.77,0.7261904761904762,0.217,0.07450000000000004,0.0012500000000000289
0,1,0,RF-C,6,W1,0.3425,0.6575,0.5982404692082112,0.07374999999999995,0.08524999999999998,0.02949999999999998
0,1,0,RF-C,6,W2,0.345,0.655,0.5605095541401274,0.07300000000000004,0.09125000000000003,-0.0004999999999999672
0,1,0,RF-C,6,X1,0.275,0.725,0.6857142857142857,0.14499999999999996,0.09149999999999997,0.0062499999999999665
0,1,0,RF-C,6,X2,0.2225,0.7775,0.7343283582089553,0.22674999999999992,0.07575,-0.003000000000000036
0,1,0,XGBoost-C,6,W1,0.3325,0.615,0.5574712643678161,0.02849999999999999,0.05349999999999998,-0.012750000000000006
0,1,0,XGBoost-C,6,W2,0.3375,0.5875,0.5045045045045045,0.04800000000000002,0.031750000000000014,-0.01499999999999999
0,1,0,XGBoost-C,6,X1,0.2674999999999999,0.7,0.664804469,0.11949999999999997,0.07224999999999995,-0.005250000000000044
0,1,0,XGBoost-C,6,X2,0.2225,0.695,0.6369047619047619,0.16124999999999995,0.03874999999999993,-0.033750000000000044
0,1,0,MLP-C,6,W1,0.3425,0.6575,0.6051873198847262,0.06974999999999996,0.09099999999999996,0.012999999999999966
0,1,0,MLP-C,6,W2,0.345,0.655,0.5988372093023255,0.08350000000000003,0.09575,-0.003249999999999975
0,1,0,MLP-C,6,X1,0.265,0.735,0.6845238095238095,0.15575,0.07549999999999998,0.000749999999999984
0,1,0,MLP-C,6,X2,0.2275,0.7725,0.736231884,0.2205,0.07724999999999997,-0.002000000000000024
0,1,0,LogReg,7,W1,0.3025,0.6975,0.6857142857142857,0.1145,0.11099999999999999,0.009250000000000013
0,1,0,LogReg,7,W2,0.3175,0.6825,0.6631299734748011,0.10575000000000001,0.08925000000000001,0.001749999999999996
0,1,0,LogReg,7,X1,0.255,0.745,0.7371134020618557,0.17024999999999996,0.09049999999999998,-0.0015000000000000234
0,1,0,LogReg,7,X2,0.18,0.82,0.8125,0.26424999999999993,0.09099999999999996,0.003749999999999987
0,1,0,SVC,7,W1,0.3175,0.685,0.6684210526315789,0.09300000000000005,0.09975000000000005,0.004500000000000037
0,1,0,SVC,7,W2,0.3249999999999999,0.665,0.6528497409326425,0.09250000000000004,0.08075000000000003,-0.0029999999999999805
0,1,0,SVC,7,X1,0.255,0.7425,0.726790451,0.1695,0.08800000000000005,0.002000000000000035
0,1,0,SVC,7,X2,0.1825,0.8,0.7916666666666666,0.24800000000000005,0.06825000000000005,-0.020749999999999956
0,1,0,RF-C,7,W1,0.3025,0.6975,0.690537084,0.08474999999999999,0.12100000000000004,0.0245
0,1,0,RF-C,7,W2,0.3199999999999999,0.68,0.68,0.09975000000000007,0.11050000000000007,0.007250000000000023
0,1,0,RF-C,7,X1,0.255,0.745,0.7397959183673469,0.17449999999999996,0.0945,0.0032499999999999864
0,1,0,RF-C,7,X2,0.18,0.82,0.8163265306122449,0.27124999999999994,0.08749999999999995,0.002249999999999963
0,1,0,XGBoost-C,7,W1,0.3125,0.6225,0.6098191214470284,0.039000000000000055,0.06975000000000006,-0.011999999999999933
0,1,0,XGBoost-C,7,W2,0.3225,0.6025,0.6093366093366094,0.057750000000000024,0.03925000000000003,-0.011999999999999978
0,1,0,XGBoost-C,7,X1,0.2475,0.675,0.6683673469387755,0.11450000000000007,0.043750000000000025,-0.017249999999999953
0,1,0,XGBoost-C,7,X2,0.1899999999999999,0.755,0.7474226804123711,0.21675,0.05525000000000002,-0.019499999999999983
0,1,0,MLP-C,7,W1,0.3025,0.6975,0.6857142857142857,0.11324999999999999,0.11099999999999999,0.008250000000000035
0,1,0,MLP-C,7,W2,0.3149999999999999,0.685,0.6701570680628273,0.10475000000000005,0.08325000000000005,0.015500000000000047
0,1,0,MLP-C,7,X1,0.25,0.75,0.75,0.17375,0.10300000000000001,0.004249999999999999
0,1,0,MLP-C,7,X2,0.1775,0.8225,0.8184143222506394,0.27049999999999996,0.08775000000000001,0.006000000000000017
0,1,0,LogReg,8,W1,0.2199999999999999,0.78,0.8211382113821138,0.17900000000000002,0.11225,0.0005000000000000227
0,1,0,LogReg,8,W2,0.265,0.735,0.788,0.14175,0.09425,0.0024999999999999467
0,1,0,LogReg,8,X1,0.1624999999999999,0.8375,0.8712871287128713,0.24300000000000002,0.10600000000000001,0.0042500000000000315
0,1,0,LogReg,8,X2,0.1999999999999999,0.8,0.8353909465020576,0.23050000000000007,0.07800000000000004,0.0067500000000000225
0,1,0,SVC,8,W1,0.2225,0.775,0.8192771084337349,0.18375,0.10375000000000001,0.0022500000000000298
0,1,0,SVC,8,W2,0.275,0.715,0.7710843373493976,0.1325,0.07449999999999998,-0.01275000000000005
0,1,0,SVC,8,X1,0.1674999999999999,0.8275,0.8600405679513184,0.23975,0.092,-0.002249999999999963
0,1,0,SVC,8,X2,0.2025,0.795,0.83127572,0.22500000000000003,0.07675000000000004,0.0015000000000000234
0,1,0,RF-C,8,W1,0.2225,0.7775,0.8209255533199196,0.18274999999999997,0.10849999999999996,0.02274999999999997
0,1,0,RF-C,8,W2,0.255,0.745,0.7951807228915663,0.16624999999999995,0.10299999999999998,0.013249999999999994
0,1,0,RF-C,8,X1,0.1725,0.8275,0.8628230616302187,0.24475000000000002,0.0865,0.006250000000000033
0,1,0,RF-C,8,X2,0.2075,0.7925,0.8302658486707567,0.22699999999999995,0.06399999999999997,0.0032499999999999864
0,1,0,XGBoost-C,8,W1,0.2199999999999999,0.705,0.7591836734693878,0.15299999999999994,0.05324999999999995,-0.019000000000000038
0,1,0,XGBoost-C,8,W2,0.265,0.65,0.7222222222222222,0.09975000000000003,0.02025000000000001,-0.034999999999999976
0,1,0,XGBoost-C,8,X1,0.1574999999999999,0.805,0.844,0.24325000000000005,0.08125000000000003,0.012000000000000044
0,1,0,XGBoost-C,8,X2,0.2075,0.75,0.7991967871485943,0.184,0.052500000000000005,-0.010499999999999999
0,1,0,MLP-C,8,W1,0.2199999999999999,0.78,0.8225806451612904,0.17800000000000002,0.11175000000000002,0.0037500000000000424
0,1,0,MLP-C,8,W2,0.2624999999999999,0.7375,0.7895791583166333,0.14925000000000005,0.09550000000000004,0.0
0,1,0,MLP-C,8,X1,0.165,0.835,0.8636363636363636,0.2585,0.09599999999999993,0.01449999999999999
0,1,0,MLP-C,8,X2,0.1975,0.8025,0.8350730688935282,0.23724999999999996,0.07899999999999999,0.009749999999999981
0,1,0,LogReg,9,W1,0.29,0.71,0.779467681,0.07224999999999995,0.08099999999999995,0.0012499999999999955
0,1,0,LogReg,9,W2,0.3325,0.6675,0.7504690431519699,0.06224999999999997,0.09025,0.003249999999999975
0,1,0,LogReg,9,X1,0.2574999999999999,0.7425,0.7952286282306164,0.12925000000000003,0.08225000000000005,-0.0019999999999999684
0,1,0,LogReg,9,X2,0.245,0.755,0.804,0.17675000000000002,0.06675,0.006500000000000006
0,1,0,SVC,9,W1,0.2875,0.7075,0.7804878048780488,0.08175000000000002,0.06525,-0.003249999999999975
0,1,0,SVC,9,W2,0.3349999999999999,0.65,0.7426470588235294,0.05275000000000002,0.06600000000000003,-0.010999999999999987
0,1,0,SVC,9,X1,0.2524999999999999,0.745,0.8,0.12774999999999997,0.08399999999999999,0.0047499999999999765
0,1,0,SVC,9,X2,0.2475,0.745,0.7976190476190477,0.16949999999999998,0.05675,-0.006750000000000001
0,1,0,RF-C,9,W1,0.285,0.715,0.77734375,0.08674999999999997,0.08849999999999998,0.024499999999999966
0,1,0,RF-C,9,W2,0.3575,0.6425,0.7450980392156863,0.03149999999999995,0.05549999999999996,-0.007750000000000035
0,1,0,RF-C,9,X1,0.24,0.76,0.8095238095238095,0.14800000000000002,0.08700000000000001,0.01975000000000001
0,1,0,RF-C,9,X2,0.25,0.75,0.7916666666666666,0.19424999999999998,0.07725000000000001,0.020000000000000007
0,1,0,XGBoost-C,9,W1,0.28,0.67,0.7295081967213115,0.045500000000000054,0.08725000000000005,0.006000000000000038
0,1,0,XGBoost-C,9,W2,0.35,0.5975,0.676056338,0.03750000000000003,0.05850000000000005,-0.012249999999999983
0,1,0,XGBoost-C,9,X1,0.2249999999999999,0.7375,0.7870182555780934,0.14450000000000007,0.09000000000000005,0.02275000000000006
0,1,0,XGBoost-C,9,X2,0.2425,0.7375,0.7789473684210526,0.18275000000000002,0.06725000000000006,0.015000000000000046
0,1,0,MLP-C,9,W1,0.295,0.705,0.76953125,0.07499999999999996,0.08649999999999995,0.004999999999999982
0,1,0,MLP-C,9,W2,0.3349999999999999,0.665,0.7413127413127413,0.06475000000000002,0.09325000000000004,0.008750000000000046
0,1,0,MLP-C,9,X1,0.25,0.75,0.7975708502024291,0.13949999999999999,0.091,0.0062499999999999665
0,1,0,MLP-C,9,X2,0.2475,0.7525,0.8008048289738431,0.17374999999999996,0.06349999999999993,0.006999999999999928
0,1,0,LogReg,10,W1,0.2975,0.7025,0.7965811965811965,0.019250000000000024,0.07025000000000002,0.005000000000000027
0,1,0,LogReg,10,W2,0.3125,0.6875,0.7841105354058722,0.03674999999999999,0.06799999999999999,-0.0025000000000000022
0,1,0,LogReg,10,X1,0.235,0.765,0.8373702422145328,0.11550000000000002,0.07425000000000004,0.0035000000000000144
0,1,0,LogReg,10,X2,0.2275,0.7725,0.8354430379746836,0.15824999999999997,0.060249999999999984,-0.0007500000000000174
0,1,0,SVC,10,W1,0.3025,0.69,0.7947019867549668,0.011999999999999955,0.044249999999999956,-0.0045000000000000265
0,1,0,SVC,10,W2,0.3175,0.69,0.7919463087248322,0.04749999999999997,0.057499999999999954,0.003249999999999964
0,1,0,SVC,10,X1,0.2299999999999999,0.7625,0.8330404217926186,0.11774999999999995,0.08074999999999995,-0.00275000000000003
0,1,0,SVC,10,X2,0.2325,0.7575,0.8233151183970856,0.1494999999999999,0.04024999999999995,-0.00650000000000005
0,1,0,RF-C,10,W1,0.29,0.71,0.7950530035335689,0.05449999999999998,0.08124999999999998,0.03574999999999996
0,1,0,RF-C,10,W2,0.3,0.7,0.7879858657243817,0.04699999999999995,0.08674999999999997,0.025999999999999957
0,1,0,RF-C,10,X1,0.245,0.755,0.8274647887323944,0.11225,0.0695,-0.0007499999999999951
0,1,0,RF-C,10,X2,0.2249999999999999,0.775,0.8351648351648352,0.1735,0.06675000000000002,0.005750000000000033
0,1,0,XGBoost-C,10,W1,0.285,0.6925,0.7815275310834814,0.046750000000000014,0.07899999999999999,0.03649999999999999
0,1,0,XGBoost-C,10,W2,0.2975,0.6625,0.755877034,0.026499999999999958,0.07649999999999998,0.011749999999999972
0,1,0,XGBoost-C,10,X1,0.2299999999999999,0.7175,0.79491833,0.09075000000000004,0.056500000000000015,-0.013499999999999979
0,1,0,XGBoost-C,10,X2,0.2299999999999999,0.73,0.7985074626865671,0.14375,0.0445,-0.021750000000000026
0,1,0,MLP-C,10,W1,0.2975,0.7025,0.8006700167504187,0.02100000000000002,0.06125000000000003,0.012750000000000017
0,1,0,MLP-C,10,W2,0.3125,0.6875,0.7841105354058722,0.03749999999999999,0.06799999999999999,-0.0025000000000000022
0,1,0,MLP-C,10,X1,0.2375,0.7625,0.8300536672629696,0.11899999999999997,0.09249999999999994,-0.004500000000000037
0,1,0,MLP-C,10,X2,0.2249999999999999,0.775,0.8333333333333334,0.17450000000000002,0.06075000000000001,0.0010000000000000343
0,1,1,LogReg,1,W1,0.2075,0.7925,0.8356435643564356,0.04724999999999999,0.22125,-0.00025000000000000575
0,1,1,LogReg,1,W2,0.24,0.76,0.8146718146718147,0.04625000000000003,0.18650000000000003,-0.000749999999999984
0,1,1,LogReg,1,X1,0.2025,0.7975,0.8408644400785854,0.05874999999999999,0.213,0.0002499999999999947
0,1,1,LogReg,1,X2,0.2075,0.7925,0.837573386,0.09025,0.19849999999999995,0.004249999999999965
0,1,1,SVC,1,W1,0.2099999999999999,0.7825,0.8323699421965318,0.05299999999999995,0.19849999999999998,-2.2204460492503132e-17
0,1,1,SVC,1,W2,0.2425,0.7475,0.8083491461100569,0.03825000000000006,0.17125000000000007,-0.006249999999999922
0,1,1,SVC,1,X1,0.2049999999999999,0.7825,0.8310679611650486,0.05074999999999995,0.20074999999999998,0.0037499999999999643
0,1,1,SVC,1,X2,0.2049999999999999,0.7825,0.8336520076481836,0.07624999999999998,0.18375,0.0012499999999999623
0,1,1,RF-C,1,W1,0.1875,0.8125,0.8526522593320236,0.058499999999999996,0.23275,0.025000000000000012
0,1,1,RF-C,1,W2,0.245,0.755,0.8129770992366412,0.036250000000000004,0.18649999999999997,0.0022500000000000076
0,1,1,RF-C,1,X1,0.2149999999999999,0.785,0.8333333333333334,0.04525000000000003,0.20325000000000007,0.008750000000000036
0,1,1,RF-C,1,X2,0.2175,0.7825,0.8290766208251473,0.07624999999999997,0.19199999999999998,0.013749999999999995
0,1,1,XGBoost-C,1,W1,0.2075,0.755,0.8024193548387096,0.03975000000000001,0.18475000000000003,0.012749999999999994
0,1,1,XGBoost-C,1,W2,0.24,0.7225,0.7810650887573964,0.02325000000000005,0.15650000000000003,-0.01649999999999998
0,1,1,XGBoost-C,1,X1,0.2125,0.76,0.8064516129032258,0.05225000000000002,0.19275000000000003,0.0010000000000000343
0,1,1,XGBoost-C,1,X2,0.2125,0.7425,0.7952286282306164,0.05650000000000005,0.15575000000000006,-0.01699999999999995
0,1,1,MLP-C,1,W1,0.1975,0.8025,0.8423153692614771,0.050999999999999976,0.23224999999999998,-0.0025000000000000243
0,1,1,MLP-C,1,W2,0.235,0.765,0.8178294573643411,0.052500000000000026,0.19375,0.003750000000000031
0,1,1,MLP-C,1,X1,0.2075,0.7925,0.8356435643564356,0.04949999999999997,0.20675,0.00449999999999996
0,1,1,MLP-C,1,X2,0.2049999999999999,0.795,0.83984375,0.09300000000000004,0.19525000000000006,0.004750000000000032
0,1,1,LogReg,2,W1,0.2125,0.7875,0.8462929475587704,0.05524999999999999,0.18049999999999997,-0.003000000000000014
0,1,1,LogReg,2,W2,0.1899999999999999,0.81,0.8661971830985915,0.06675000000000005,0.1975000000000001,0.0
0,1,1,LogReg,2,X1,0.2125,0.7875,0.8521739130434782,0.05674999999999999,0.16299999999999998,0.0009999999999999675
0,1,1,LogReg,2,X2,0.1825,0.8175,0.8684684684684685,0.09225000000000001,0.185,0.0025000000000000465
0,1,1,SVC,2,W1,0.1999999999999999,0.795,0.8546099290780141,0.06350000000000003,0.18575000000000003,0.0007500000000000284
0,1,1,SVC,2,W2,0.1899999999999999,0.805,0.8626760563380281,0.06550000000000003,0.18975000000000003,-0.0009999999999999788
0,1,1,SVC,2,X1,0.2175,0.7725,0.8372093023255814,0.05424999999999998,0.15624999999999994,-0.012000000000000033
0,1,1,SVC,2,X2,0.1875,0.8075,0.8602540834845736,0.087,0.17475000000000002,-0.00375000000000002
0,1,1,RF-C,2,W1,0.2125,0.7875,0.8462929475587704,0.05249999999999999,0.18674999999999997,-0.0012500000000000178
0,1,1,RF-C,2,W2,0.1975,0.8025,0.8591800356506238,0.05475000000000001,0.18999999999999997,0.00024999999999997247
0,1,1,RF-C,2,X1,0.2225,0.7775,0.838475499,0.05499999999999996,0.17725,0.007249999999999967
0,1,1,RF-C,2,X2,0.1925,0.8075,0.8612612612612612,0.08524999999999998,0.18125,0.0022499999999999742
0,1,1,XGBoost-C,2,W1,0.2099999999999999,0.7425,0.8130671506352087,0.03700000000000007,0.14925000000000005,0.0002500000000000502
0,1,1,XGBoost-C,2,W2,0.1975,0.745,0.8104089219330854,0.0405,0.14675,-0.006500000000000006
0,1,1,XGBoost-C,2,X1,0.2099999999999999,0.735,0.8093525179856115,0.039,0.13674999999999998,-0.01925000000000001
0,1,1,XGBoost-C,2,X2,0.1775,0.785,0.8419117647058824,0.07950000000000004,0.17125,0.0002500000000000391
0,1,1,MLP-C,2,W1,0.2025,0.7975,0.8545780969479354,0.060499999999999984,0.19149999999999998,0.006499999999999973
0,1,1,MLP-C,2,W2,0.1899999999999999,0.81,0.8633093525179856,0.06925000000000006,0.20525000000000007,0.003000000000000036
0,1,1,MLP-C,2,X1,0.2049999999999999,0.795,0.8503649635036497,0.07275000000000004,0.19225000000000003,-0.0007499999999999729
0,1,1,MLP-C,2,X2,0.18,0.82,0.8681318681318682,0.09999999999999995,0.19199999999999995,0.0062499999999999665
0,1,1,LogReg,3,W1,0.2175,0.7825,0.8198757763975155,0.026749999999999986,0.24574999999999997,0.0014999999999999903
0,1,1,LogReg,3,W2,0.2249999999999999,0.775,0.8051948051948052,0.040749999999999995,0.21825,0.006250000000000033
0,1,1,LogReg,3,X1,0.2049999999999999,0.795,0.8353413654618473,0.04675000000000005,0.236,0.0005000000000000115
0,1,1,LogReg,3,X2,0.1975,0.8025,0.8224719101123595,0.0985,0.22474999999999995,0.010749999999999982
0,1,1,SVC,3,W1,0.2249999999999999,0.7625,0.8080808080808081,0.015499999999999936,0.22099999999999995,-0.0040000000000000365
0,1,1,SVC,3,W2,0.2249999999999999,0.76,0.7913043478260869,0.024750000000000005,0.21200000000000002,-0.010499999999999987
0,1,1,SVC,3,X1,0.2149999999999999,0.785,0.8273092369477911,0.04075000000000003,0.22625,0.001000000000000023
0,1,1,SVC,3,X2,0.2149999999999999,0.775,0.7972972972972973,0.07750000000000001,0.20200000000000004,-0.010749999999999982
0,1,1,RF-C,3,W1,0.2199999999999999,0.78,0.8189300411522634,0.018250000000000034,0.24500000000000002,0.020250000000000035
0,1,1,RF-C,3,W2,0.24,0.76,0.7837837837837838,0.03475,0.21800000000000003,-0.006999999999999984
0,1,1,RF-C,3,X1,0.2125,0.7875,0.8254620123203286,0.04224999999999997,0.22699999999999995,0.013499999999999979
0,1,1,RF-C,3,X2,0.2125,0.7875,0.8072562358276644,0.07149999999999998,0.22649999999999998,0.0007499999999999951
0,1,1,XGBoost-C,3,W1,0.2125,0.7275,0.7714884696016772,0.0045000000000000265,0.19225000000000006,0.010000000000000042
0,1,1,XGBoost-C,3,W2,0.2299999999999999,0.735,0.7685589519650655,0.030000000000000016,0.18875,-0.00025000000000001686
0,1,1,XGBoost-C,3,X1,0.1999999999999999,0.73,0.775,0.013249999999999994,0.176,-0.02150000000000002
0,1,1,XGBoost-C,3,X2,0.1999999999999999,0.725,0.7577092511013216,0.04674999999999999,0.15699999999999997,-0.013000000000000034
0,1,1,MLP-C,3,W1,0.2149999999999999,0.785,0.819327731,0.02400000000000003,0.25,0.006750000000000045
0,1,1,MLP-C,3,W2,0.2249999999999999,0.775,0.8034934497816594,0.03825000000000003,0.22325,0.004750000000000043
0,1,1,MLP-C,3,X1,0.2049999999999999,0.795,0.8298755186721992,0.04550000000000003,0.25150000000000006,0.012250000000000028
0,1,1,MLP-C,3,X2,0.1999999999999999,0.8,0.8198198198198198,0.09475000000000006,0.22225000000000006,0.010750000000000048
0,1,1,LogReg,4,W1,0.1875,0.8125,0.8681898066783831,0.05700000000000001,0.20475,0.000749999999999984
0,1,1,LogReg,4,W2,0.17,0.83,0.8819444444444444,0.03499999999999994,0.21075,0.004249999999999965
0,1,1,LogReg,4,X1,0.18,0.82,0.8754325259515571,0.06499999999999997,0.20374999999999996,0.001499999999999968
0,1,1,LogReg,4,X2,0.17,0.83,0.8798586572438163,0.048499999999999974,0.20524999999999993,0.008749999999999957
0,1,1,SVC,4,W1,0.1775,0.815,0.8724137931034482,0.06249999999999993,0.19424999999999995,0.00849999999999993
0,1,1,SVC,4,W2,0.17,0.8225,0.8765217391304347,0.026749999999999986,0.19875,0.0025000000000000356
0,1,1,SVC,4,X1,0.1825,0.815,0.875,0.06024999999999995,0.18424999999999994,-0.005750000000000033
0,1,1,SVC,4,X2,0.165,0.83,0.8802816901408451,0.052499999999999956,0.20049999999999996,0.006499999999999983
0,1,1,RF-C,4,W1,0.185,0.815,0.8701754385964913,0.05224999999999996,0.20174999999999996,0.005249999999999933
0,1,1,RF-C,4,W2,0.1574999999999999,0.8425,0.8884955752212389,0.035250000000000024,0.22875,0.01650000000000005
0,1,1,RF-C,4,X1,0.1825,0.8175,0.8726003490401396,0.05725000000000002,0.196,0.004000000000000015
0,1,1,RF-C,4,X2,0.16,0.84,0.8865248226950354,0.06424999999999997,0.21024999999999996,0.010749999999999971
0,1,1,XGBoost-C,4,W1,0.175,0.795,0.8556338028169014,0.038500000000000055,0.18875000000000003,0.01900000000000005
0,1,1,XGBoost-C,4,W2,0.17,0.7675,0.8342245989304813,0.005999999999999961,0.16649999999999995,-0.006000000000000028
0,1,1,XGBoost-C,4,X1,0.1825,0.7925,0.8551483420593369,0.05549999999999998,0.182,-0.007250000000000023
0,1,1,XGBoost-C,4,X2,0.1624999999999999,0.8125,0.8648648648648649,0.06,0.19975,0.00924999999999997
0,1,1,MLP-C,4,W1,0.1775,0.8225,0.872072072,0.07000000000000003,0.2205,0.013250000000000007
0,1,1,MLP-C,4,W2,0.165,0.835,0.8817204301075269,0.03699999999999996,0.23174999999999998,0.005499999999999972
0,1,1,MLP-C,4,X1,0.16,0.84,0.8885017421602788,0.08599999999999997,0.21999999999999997,0.01699999999999998
0,1,1,MLP-C,4,X2,0.17,0.83,0.8781362007168458,0.04849999999999997,0.21299999999999994,0.002749999999999986
0,1,1,LogReg,5,W1,0.2175,0.7825,0.8183716075156576,0.04174999999999999,0.23299999999999996,-0.0012500000000000289
0,1,1,LogReg,5,W2,0.2149999999999999,0.785,0.8170212765957446,0.02350000000000003,0.25500000000000006,0.0032500000000000194
0,1,1,LogReg,5,X1,0.2125,0.7875,0.8202959830866807,0.05499999999999997,0.23024999999999998,0.0014999999999999792
0,1,1,LogReg,5,X2,0.2049999999999999,0.795,0.826271186,0.06400000000000003,0.251,0.010750000000000027
0,1,1,SVC,5,W1,0.2175,0.7725,0.8051391862955032,0.032249999999999945,0.23049999999999993,-0.008500000000000053
0,1,1,SVC,5,W2,0.2049999999999999,0.79,0.8227848101265823,0.02700000000000006,0.26175000000000004,0.0055000000000000274
0,1,1,SVC,5,X1,0.2099999999999999,0.78,0.8151260504201681,0.04375,0.22225,-0.007499999999999974
0,1,1,SVC,5,X2,0.2049999999999999,0.7875,0.8210526315789474,0.05874999999999997,0.24074999999999996,0.0029999999999999693
0,1,1,RF-C,5,W1,0.2075,0.7925,0.821505376,0.048999999999999974,0.25250000000000006,0.025249999999999995
0,1,1,RF-C,5,W2,0.2099999999999999,0.79,0.8189655172413793,0.01900000000000005,0.27025,0.010500000000000032
0,1,1,RF-C,5,X1,0.2049999999999999,0.795,0.8225108225108225,0.06800000000000005,0.23100000000000004,0.019750000000000056
0,1,1,RF-C,5,X2,0.2049999999999999,0.795,0.8232758620689655,0.06875000000000002,0.24825,0.007500000000000029
0,1,1,XGBoost-C,5,W1,0.2075,0.7525,0.7852494577006508,0.017749999999999932,0.19624999999999995,0.0034999999999999476
0,1,1,XGBoost-C,5,W2,0.2049999999999999,0.74,0.7719298245614035,0.006249999999999989,0.21400000000000002,-0.00924999999999998
0,1,1,XGBoost-C,5,X1,0.2025,0.775,0.8043478260869565,0.05100000000000001,0.21175000000000002,0.014000000000000035
0,1,1,XGBoost-C,5,X2,0.1975,0.76,0.7903930131004366,0.0485,0.22874999999999995,-0.012249999999999983
0,1,1,MLP-C,5,W1,0.2125,0.7875,0.8148148148148148,0.04274999999999999,0.2445,-0.0025000000000000243
0,1,1,MLP-C,5,W2,0.2075,0.7925,0.8199566160520607,0.037249999999999985,0.25799999999999995,0.006749999999999978
0,1,1,MLP-C,5,X1,0.2025,0.7975,0.8265524625267666,0.06524999999999997,0.23774999999999996,0.003999999999999959
0,1,1,MLP-C,5,X2,0.1975,0.8025,0.8293736501079914,0.07474999999999998,0.25549999999999995,0.016499999999999994
0,1,1,LogReg,6,W1,0.1899999999999999,0.81,0.8597785977859779,0.06600000000000004,0.21475000000000008,0.0072500000000000455
0,1,1,LogReg,6,W2,0.1825,0.8175,0.8679927667269439,0.052000000000000005,0.21775000000000003,0.000250000000000028
0,1,1,LogReg,6,X1,0.175,0.825,0.8727272727272727,0.08174999999999996,0.21549999999999994,0.005249999999999966
0,1,1,LogReg,6,X2,0.165,0.835,0.8817204301075269,0.08774999999999997,0.20999999999999996,0.0002499999999999836
0,1,1,SVC,6,W1,0.1899999999999999,0.7825,0.8449197860962567,0.036749999999999984,0.17624999999999996,-0.010750000000000027
0,1,1,SVC,6,W2,0.18,0.81,0.8633093525179856,0.04475000000000007,0.21400000000000002,-0.0014999999999999348
0,1,1,SVC,6,X1,0.175,0.81,0.8623188405797102,0.07050000000000005,0.19900000000000007,-0.0034999999999999363
0,1,1,SVC,6,X2,0.18,0.82,0.8681318681318682,0.08099999999999993,0.19874999999999998,-0.005250000000000021
0,1,1,RF-C,6,W1,0.1899999999999999,0.81,0.8628158844765343,0.06575000000000003,0.2080000000000001,0.018500000000000037
0,1,1,RF-C,6,W2,0.1725,0.8275,0.8752260397830018,0.05475000000000004,0.23475000000000001,0.0067500000000000225
0,1,1,RF-C,6,X1,0.1725,0.8275,0.8747731397459165,0.09575,0.22624999999999998,0.018000000000000006
0,1,1,RF-C,6,X2,0.1674999999999999,0.8325,0.8788426763110307,0.07500000000000004,0.21700000000000003,0.006750000000000034
0,1,1,XGBoost-C,6,W1,0.2049999999999999,0.77,0.8321167883211679,0.04850000000000003,0.17125,0.006250000000000022
0,1,1,XGBoost-C,6,W2,0.165,0.7875,0.8405253283302064,0.046749999999999944,0.19674999999999998,0.01399999999999999
0,1,1,XGBoost-C,6,X1,0.1825,0.7775,0.8330206378986866,0.054749999999999965,0.187,0.0004999999999999672
0,1,1,XGBoost-C,6,X2,0.1574999999999999,0.8125,0.8560460652591171,0.06625,0.1985,0.010499999999999976
0,1,1,MLP-C,6,W1,0.1899999999999999,0.81,0.8597785977859779,0.06625000000000006,0.21500000000000002,0.007000000000000039
0,1,1,MLP-C,6,W2,0.1875,0.8125,0.8613678373382625,0.05075,0.22275,0.0
0,1,1,MLP-C,6,X1,0.17,0.83,0.8740740740740741,0.09224999999999994,0.22599999999999992,0.0037499999999999756
0,1,1,MLP-C,6,X2,0.17,0.83,0.8754578754578755,0.08824999999999995,0.21525,0.002499999999999958
0,1,1,LogReg,7,W1,0.17,0.83,0.8896103896103896,0.02524999999999993,0.17549999999999996,-0.0010000000000000343
0,1,1,LogReg,7,W2,0.2099999999999999,0.79,0.8618421052631579,0.015000000000000036,0.16650000000000004,-0.0017499999999999738
0,1,1,LogReg,7,X1,0.1574999999999999,0.8425,0.8955223880597015,0.04775000000000003,0.194,0.003000000000000036
0,1,1,LogReg,7,X2,0.2025,0.7975,0.8665568369028006,0.018999999999999996,0.16575,0.003999999999999971
0,1,1,SVC,7,W1,0.175,0.82,0.8846153846153846,0.02799999999999995,0.1517499999999999,-0.005750000000000022
0,1,1,SVC,7,W2,0.2175,0.775,0.8548387096774194,-0.009999999999999976,0.14550000000000005,-0.005749999999999989
0,1,1,SVC,7,X1,0.1574999999999999,0.8175,0.8824476650563607,0.025749999999999995,0.15750000000000003,-0.010499999999999987
0,1,1,SVC,7,X2,0.2075,0.7825,0.8585365853658536,0.004749999999999988,0.14199999999999996,-0.01375000000000005
0,1,1,RF-C,7,W1,0.1725,0.8275,0.8896,0.028000000000000014,0.1625,0.0042500000000000315
0,1,1,RF-C,7,W2,0.2225,0.7775,0.8528925619834711,-0.002000000000000024,0.15124999999999997,-0.0035000000000000365
0,1,1,RF-C,7,X1,0.16,0.84,0.8947368421052632,0.045999999999999965,0.19449999999999998,0.009999999999999976
0,1,1,RF-C,7,X2,0.2099999999999999,0.79,0.8618421052631579,0.02150000000000002,0.15175000000000005,0.0005000000000000227
0,1,1,XGBoost-C,7,W1,0.17,0.7975,0.8656716417910447,0.022250000000000002,0.168,0.01849999999999997
0,1,1,XGBoost-C,7,W2,0.2225,0.7375,0.8252911813643927,-0.009999999999999964,0.13500000000000006,-0.008749999999999957
0,1,1,XGBoost-C,7,X1,0.1624999999999999,0.8025,0.8672268907563025,0.041749999999999995,0.17650000000000002,0.023
0,1,1,XGBoost-C,7,X2,0.2149999999999999,0.7625,0.8408710217755444,0.012499999999999956,0.13649999999999995,-0.010500000000000032
0,1,1,MLP-C,7,W1,0.1725,0.8275,0.8881685575364667,0.0225,0.174,0.002000000000000046
0,1,1,MLP-C,7,W2,0.2099999999999999,0.79,0.86,0.01100000000000002,0.17675000000000005,0.005000000000000027
0,1,1,MLP-C,7,X1,0.155,0.845,0.8973509933774835,0.050749999999999976,0.19524999999999998,0.003499999999999981
0,1,1,MLP-C,7,X2,0.2025,0.7975,0.8665568369028006,0.01974999999999999,0.16599999999999998,0.00499999999999996
0,1,1,LogReg,8,W1,0.1524999999999999,0.8475,0.8953687821612349,0.08300000000000005,0.20500000000000002,0.0035000000000000252
0,1,1,LogReg,8,W2,0.145,0.855,0.903654485,0.05424999999999995,0.20274999999999999,0.0029999999999999584
0,1,1,LogReg,8,X1,0.145,0.855,0.9033333333333332,0.09224999999999998,0.19075,0.0027499999999999747
0,1,1,LogReg,8,X2,0.145,0.855,0.9049180327868852,0.06999999999999998,0.18349999999999997,-0.0005000000000000227
0,1,1,SVC,8,W1,0.1524999999999999,0.845,0.8963210702341137,0.08099999999999999,0.18975,0.00924999999999998
0,1,1,SVC,8,W2,0.15,0.8425,0.896551724,0.05125000000000004,0.17825000000000002,-0.004499999999999971
0,1,1,SVC,8,X1,0.1474999999999999,0.85,0.898989899,0.09249999999999997,0.18475,-0.0025000000000000243
0,1,1,SVC,8,X2,0.1574999999999999,0.8425,0.8955223880597015,0.06450000000000003,0.17600000000000002,-0.0037499999999999756
0,1,1,RF-C,8,W1,0.1674999999999999,0.8325,0.8842832469775475,0.06850000000000003,0.1975,0.006500000000000028
0,1,1,RF-C,8,W2,0.16,0.84,0.8940397350993378,0.04649999999999995,0.18774999999999994,-0.005500000000000049
0,1,1,RF-C,8,X1,0.1474999999999999,0.8525,0.8952042628774423,0.10650000000000004,0.21225000000000005,0.019250000000000045
0,1,1,RF-C,8,X2,0.1474999999999999,0.8525,0.9024793388429752,0.06925000000000003,0.18175000000000002,-0.0007499999999999729
0,1,1,XGBoost-C,8,W1,0.15,0.7825,0.8471001757469244,0.04674999999999997,0.15574999999999997,-0.018250000000000044
0,1,1,XGBoost-C,8,W2,0.15,0.7825,0.853781513,0.024749999999999984,0.13549999999999998,-0.023250000000000028
0,1,1,XGBoost-C,8,X1,0.14,0.8425,0.8892794376098418,0.09400000000000003,0.20175000000000004,0.005750000000000044
0,1,1,XGBoost-C,8,X2,0.15,0.82,0.8775510204081632,0.05224999999999994,0.16374999999999998,0.013249999999999939
0,1,1,MLP-C,8,W1,0.1524999999999999,0.8475,0.8957264957264958,0.07850000000000004,0.20550000000000007,0.004750000000000043
0,1,1,MLP-C,8,W2,0.145,0.855,0.903654485,0.054749999999999965,0.20325000000000001,0.0034999999999999697
0,1,1,MLP-C,8,X1,0.145,0.855,0.8986013986013986,0.09624999999999997,0.21049999999999996,0.00924999999999998
0,1,1,MLP-C,8,X2,0.1574999999999999,0.8425,0.8948247078464107,0.06050000000000002,0.175,-0.0007499999999999729
0,1,1,LogReg,9,W1,0.1975,0.8025,0.854511971,0.05874999999999999,0.22950000000000004,0.005499999999999972
0,1,1,LogReg,9,W2,0.2049999999999999,0.795,0.8503649635036497,0.04175000000000003,0.20150000000000007,0.010000000000000042
0,1,1,LogReg,9,X1,0.18,0.82,0.8641509433962264,0.08424999999999996,0.24374999999999997,-0.0005000000000000337
0,1,1,LogReg,9,X2,0.1624999999999999,0.8375,0.8833034111310593,0.10325000000000002,0.20600000000000002,0.000250000000000028
0,1,1,SVC,9,W1,0.2075,0.7875,0.8405253283302064,0.059499999999999977,0.22074999999999995,-0.0005000000000000449
0,1,1,SVC,9,W2,0.2075,0.7825,0.8481675392670157,0.03849999999999996,0.17324999999999996,-0.006750000000000045
0,1,1,SVC,9,X1,0.1825,0.805,0.8544776119402985,0.07625000000000004,0.2267500000000001,-0.008999999999999952
0,1,1,SVC,9,X2,0.1674999999999999,0.8325,0.8770642201834863,0.10125000000000002,0.217,0.0015000000000000458
0,1,1,RF-C,9,W1,0.2075,0.7925,0.8431001890359168,0.05674999999999997,0.23974999999999996,0.005749999999999966
0,1,1,RF-C,9,W2,0.2099999999999999,0.79,0.8489208633093526,0.043250000000000025,0.19800000000000004,0.000250000000000028
0,1,1,RF-C,9,X1,0.185,0.815,0.8614232209737828,0.09349999999999994,0.2425,0.007249999999999923
0,1,1,RF-C,9,X2,0.175,0.825,0.8731884057971014,0.07899999999999996,0.20925,-0.0012500000000000178
0,1,1,XGBoost-C,9,W1,0.2025,0.745,0.8131868131868132,0.04175000000000002,0.196,-0.016000000000000014
0,1,1,XGBoost-C,9,W2,0.2175,0.7575,0.8233151183970856,0.03874999999999995,0.17299999999999996,0.003999999999999948
0,1,1,XGBoost-C,9,X1,0.185,0.7825,0.8342857142857143,0.07249999999999998,0.20725000000000002,-0.006500000000000028
0,1,1,XGBoost-C,9,X2,0.1725,0.815,0.8609022556390977,0.10849999999999996,0.19224999999999995,0.020749999999999946
0,1,1,MLP-C,9,W1,0.1999999999999999,0.8,0.8484848484848485,0.05525000000000004,0.24350000000000005,0.007500000000000029
0,1,1,MLP-C,9,W2,0.2025,0.7975,0.852994555,0.04374999999999999,0.20049999999999998,0.009249999999999991
0,1,1,MLP-C,9,X1,0.175,0.825,0.8674242424242424,0.09674999999999993,0.25199999999999995,0.0044999999999999814
0,1,1,MLP-C,9,X2,0.165,0.835,0.8773234200743495,0.10999999999999996,0.21924999999999994,0.007499999999999984
0,1,1,LogReg,10,W1,0.1899999999999999,0.81,0.8623188405797102,0.03725000000000005,0.2307500000000001,0.011250000000000027
0,1,1,LogReg,10,W2,0.1949999999999999,0.805,0.8571428571428571,0.05325000000000004,0.21025000000000005,0.005000000000000027
0,1,1,LogReg,10,X1,0.165,0.835,0.8768656716417911,0.06974999999999996,0.25699999999999995,0.007499999999999984
0,1,1,LogReg,10,X2,0.17,0.83,0.8666666666666667,0.08349999999999994,0.236,0.009499999999999986
0,1,1,SVC,10,W1,0.1949999999999999,0.805,0.8528301886792453,0.040000000000000056,0.23800000000000004,0.010250000000000037
0,1,1,SVC,10,W2,0.1875,0.7875,0.8393194706994329,0.046499999999999965,0.20599999999999996,-0.00800000000000003
0,1,1,SVC,10,X1,0.1725,0.83,0.8726591760299626,0.06674999999999995,0.2524999999999999,-0.0035000000000000252
0,1,1,SVC,10,X2,0.17,0.8275,0.8660194174757282,0.08325000000000002,0.23600000000000004,0.007000000000000029
0,1,1,RF-C,10,W1,0.185,0.815,0.8598484848484849,0.01999999999999994,0.2564999999999999,-0.0010000000000000453
0,1,1,RF-C,10,W2,0.1899999999999999,0.81,0.8555133079847909,0.06800000000000003,0.23675000000000007,0.01650000000000005
0,1,1,RF-C,10,X1,0.165,0.835,0.8740458015267175,0.07349999999999997,0.2582499999999999,0.00874999999999998
0,1,1,RF-C,10,X2,0.1725,0.8275,0.8654970760233918,0.07050000000000003,0.24650000000000002,0.006000000000000028
0,1,1,XGBoost-C,10,W1,0.1925,0.7775,0.8298279158699808,0.03099999999999996,0.21199999999999997,0.005249999999999988
0,1,1,XGBoost-C,10,W2,0.1875,0.765,0.8199233716475096,0.039,0.19150000000000006,-0.00449999999999996
0,1,1,XGBoost-C,10,X1,0.1725,0.78,0.8314176245210728,0.04525000000000001,0.20675000000000004,-0.0044999999999999814
0,1,1,XGBoost-C,10,X2,0.17,0.7875,0.8323471400394478,0.07449999999999997,0.1955,-0.006250000000000033
0,1,1,MLP-C,10,W1,0.1875,0.8125,0.8608534322820037,0.029249999999999998,0.24649999999999994,0.0037499999999999977
0,1,1,MLP-C,10,W2,0.1925,0.8075,0.8538899430740038,0.05824999999999999,0.22875,0.006999999999999995
0,1,1,MLP-C,10,X1,0.1624999999999999,0.8375,0.8761904761904762,0.06725000000000003,0.26625000000000004,0.007000000000000039
0,1,1,MLP-C,10,X2,0.17,0.83,0.8666666666666667,0.08349999999999994,0.236,0.009499999999999986
0,1,2,LogReg,1,W1,0.2099999999999999,0.79,0.8073394495412844,0.11850000000000005,0.16700000000000004,0.00275000000000003
0,1,2,LogReg,1,W2,0.2275,0.7725,0.7945823927765236,0.13074999999999998,0.15524999999999997,0.0017499999999999849
0,1,2,LogReg,1,X1,0.17,0.83,0.8468468468468469,0.18474999999999997,0.184,0.007999999999999985
0,1,2,LogReg,1,X2,0.165,0.835,0.8493150684931506,0.20474999999999993,0.15224999999999994,0.000749999999999984
0,1,2,SVC,1,W1,0.2175,0.765,0.7740384615384616,0.11775000000000002,0.13375,-0.0044999999999999814
0,1,2,SVC,1,W2,0.2099999999999999,0.78,0.7981651376146789,0.14725000000000002,0.14975000000000002,0.008750000000000036
0,1,2,SVC,1,X1,0.1624999999999999,0.83,0.8488888888888889,0.18924999999999997,0.17799999999999996,0.010749999999999992
0,1,2,SVC,1,X2,0.16,0.84,0.8552036199095022,0.2045,0.16824999999999996,-0.002000000000000046
0,1,2,RF-C,1,W1,0.2299999999999999,0.77,0.786046512,0.101,0.17375000000000002,0.0032500000000000306
0,1,2,RF-C,1,W2,0.2199999999999999,0.78,0.8035714285714286,0.14100000000000004,0.16350000000000003,0.006000000000000038
0,1,2,RF-C,1,X1,0.17,0.83,0.8508771929824561,0.18474999999999997,0.18249999999999997,0.010249999999999959
0,1,2,RF-C,1,X2,0.165,0.835,0.8589743589743589,0.21749999999999997,0.14174999999999996,0.008499999999999985
0,1,2,XGBoost-C,1,W1,0.2149999999999999,0.745,0.7605633802816901,0.11574999999999999,0.14625000000000002,-0.01349999999999999
0,1,2,XGBoost-C,1,W2,0.2125,0.7325,0.7494145199063232,0.11200000000000003,0.12375000000000005,-0.003999999999999971
0,1,2,XGBoost-C,1,X1,0.1674999999999999,0.795,0.8169642857142857,0.15850000000000003,0.16175,0.00025000000000001686
0,1,2,XGBoost-C,1,X2,0.1474999999999999,0.8025,0.8208616780045351,0.1845,0.14049999999999999,-0.007000000000000006
0,1,2,MLP-C,1,W1,0.2125,0.7875,0.802784223,0.11824999999999997,0.16424999999999995,-0.0010000000000000343
0,1,2,MLP-C,1,W2,0.2275,0.7725,0.7936507936507936,0.12649999999999997,0.15949999999999992,0.0002499999999999836
0,1,2,MLP-C,1,X1,0.165,0.835,0.852017937,0.18299999999999994,0.18799999999999994,0.005249999999999977
0,1,2,MLP-C,1,X2,0.16,0.84,0.8545454545454545,0.209,0.16199999999999998,0.006499999999999973
0,1,2,LogReg,2,W1,0.1875,0.8125,0.6666666666666666,0.05400000000000001,0.184,-0.0007500000000000174
0,1,2,LogReg,2,W2,0.24,0.76,0.5102040816326531,0.02649999999999999,0.12250000000000001,0.00425000000000002
0,1,2,LogReg,2,X1,0.1674999999999999,0.8325,0.6912442396313364,0.08400000000000002,0.17700000000000002,-0.0012499999999999844
0,1,2,LogReg,2,X2,0.15,0.85,0.7029702970297029,0.13799999999999998,0.15974999999999998,0.00249999999999998
0,1,2,SVC,2,W1,0.185,0.81,0.6513761467889908,0.045000000000000054,0.17525000000000004,0.003250000000000042
0,1,2,SVC,2,W2,0.24,0.755,0.4731182795698925,0.013500000000000002,0.11100000000000002,0.002000000000000013
0,1,2,SVC,2,X1,0.1574999999999999,0.8375,0.7085201793721974,0.09650000000000002,0.18100000000000002,0.010750000000000048
0,1,2,SVC,2,X2,0.1524999999999999,0.8375,0.6976744186046512,0.12700000000000006,0.15575,-0.005999999999999983
0,1,2,RF-C,2,W1,0.1825,0.8175,0.694560669,0.04574999999999999,0.19874999999999998,0.002000000000000035
0,1,2,RF-C,2,W2,0.2275,0.7725,0.542713568,0.03599999999999996,0.13124999999999995,0.012499999999999978
0,1,2,RF-C,2,X1,0.1674999999999999,0.8325,0.7048458149779736,0.09525000000000003,0.17675000000000002,0.0010000000000000343
0,1,2,RF-C,2,X2,0.1524999999999999,0.8475,0.7188940092165899,0.13825000000000004,0.16975000000000004,0.010500000000000042
0,1,2,XGBoost-C,2,W1,0.1875,0.7875,0.6473029045643154,0.05424999999999995,0.16749999999999998,0.005999999999999961
0,1,2,XGBoost-C,2,W2,0.2199999999999999,0.71,0.4678899082568807,0.01599999999999997,0.09049999999999996,-0.01275000000000005
0,1,2,XGBoost-C,2,X1,0.1674999999999999,0.7975,0.6720647773279352,0.08174999999999998,0.1475,-0.01000000000000002
0,1,2,XGBoost-C,2,X2,0.1524999999999999,0.8,0.6491228070175439,0.09950000000000005,0.12200000000000004,-0.011999999999999945
0,1,2,MLP-C,2,W1,0.1825,0.8175,0.6784140969162996,0.05350000000000001,0.19125,0.00025000000000001686
0,1,2,MLP-C,2,W2,0.2299999999999999,0.77,0.5660377358490566,0.036750000000000005,0.13500000000000004,0.018000000000000016
0,1,2,MLP-C,2,X1,0.16,0.84,0.7310924369747899,0.10699999999999996,0.19799999999999995,0.008999999999999985
0,1,2,MLP-C,2,X2,0.155,0.845,0.7181818181818181,0.13699999999999998,0.15949999999999992,0.0017499999999999738
0,1,2,LogReg,3,W1,0.1775,0.8225,0.8011204481792717,0.18575000000000003,0.19225,0.000250000000000028
0,1,2,LogReg,3,W2,0.2175,0.7825,0.7716535433070866,0.14425,0.1795,0.001499999999999968
0,1,2,LogReg,3,X1,0.1725,0.8275,0.8150134048257373,0.20600000000000002,0.16875000000000004,0.001000000000000012
0,1,2,LogReg,3,X2,0.17,0.83,0.8210526315789474,0.21199999999999997,0.16799999999999998,0.00249999999999998
0,1,2,SVC,3,W1,0.18,0.81,0.7934782608695652,0.18425000000000005,0.16800000000000007,0.0017500000000000404
0,1,2,SVC,3,W2,0.2149999999999999,0.7575,0.7282913165266106,0.12924999999999995,0.13599999999999995,0.0012499999999999623
0,1,2,SVC,3,X1,0.17,0.82,0.8085106382978723,0.19624999999999995,0.16549999999999992,-0.008000000000000018
0,1,2,SVC,3,X2,0.1725,0.8175,0.8103896103896104,0.19624999999999998,0.15750000000000003,-0.0002499999999999836
0,1,2,RF-C,3,W1,0.2099999999999999,0.79,0.7857142857142857,0.13975000000000004,0.187,0.009750000000000047
0,1,2,RF-C,3,W2,0.2275,0.7725,0.7598944591029023,0.135,0.16574999999999998,0.007499999999999984
0,1,2,RF-C,3,X1,0.165,0.835,0.8272251308900523,0.21724999999999994,0.17775,0.0037499999999999643
0,1,2,RF-C,3,X2,0.175,0.825,0.8195876288659794,0.21174999999999997,0.16624999999999995,0.01574999999999995
0,1,2,XGBoost-C,3,W1,0.2049999999999999,0.7625,0.7439353099730458,0.16199999999999992,0.14699999999999994,-0.0030000000000000248
0,1,2,XGBoost-C,3,W2,0.2175,0.7125,0.7043701799485861,0.11750000000000002,0.11400000000000003,-0.011249999999999993
0,1,2,XGBoost-C,3,X1,0.1574999999999999,0.82,0.8085106382978723,0.21074999999999994,0.16824999999999996,0.01524999999999993
0,1,2,XGBoost-C,3,X2,0.1925,0.7825,0.7851851851851852,0.16974999999999998,0.13449999999999998,0.004999999999999993
0,1,2,MLP-C,3,W1,0.1775,0.8225,0.8044077134986226,0.181,0.19275,0.005250000000000044
0,1,2,MLP-C,3,W2,0.2175,0.7825,0.7728459530026109,0.14224999999999996,0.17925,0.004249999999999976
0,1,2,MLP-C,3,X1,0.1674999999999999,0.8325,0.8184281842818428,0.21425,0.17775,0.0025000000000000356
0,1,2,MLP-C,3,X2,0.17,0.83,0.8229166666666666,0.21349999999999994,0.16999999999999998,0.006999999999999995
0,1,2,LogReg,4,W1,0.1899999999999999,0.81,0.8720538720538721,0.06250000000000004,0.17225000000000007,-0.0002499999999999947
0,1,2,LogReg,4,W2,0.2299999999999999,0.77,0.8424657534246576,0.027249999999999996,0.14425000000000002,0.0010000000000000453
0,1,2,LogReg,4,X1,0.155,0.845,0.8956228956228957,0.11524999999999999,0.17475,0.0002499999999999947
0,1,2,LogReg,4,X2,0.1775,0.8225,0.8765217391304347,0.13674999999999998,0.13275,-0.0004999999999999672
0,1,2,SVC,4,W1,0.1899999999999999,0.8075,0.8710217755443886,0.05750000000000001,0.16475,-0.003250000000000042
0,1,2,SVC,4,W2,0.2325,0.7675,0.8388214904679376,0.03699999999999994,0.14599999999999996,0.0014999999999999792
0,1,2,SVC,4,X1,0.1624999999999999,0.835,0.886986301,0.10499999999999995,0.174,-0.006000000000000038
0,1,2,SVC,4,X2,0.1775,0.82,0.8723404255319149,0.13549999999999995,0.14024999999999996,0.007999999999999941
0,1,2,RF-C,4,W1,0.1925,0.8075,0.8710217755443886,0.06474999999999997,0.16025,-0.0040000000000000036
0,1,2,RF-C,4,W2,0.2299999999999999,0.77,0.8397212543554007,0.041749999999999995,0.14425000000000002,0.005000000000000037
0,1,2,RF-C,4,X1,0.16,0.84,0.8885017421602788,0.12324999999999997,0.17775,0.005749999999999989
0,1,2,RF-C,4,X2,0.185,0.815,0.8654545454545455,0.13999999999999996,0.1514999999999999,-0.004750000000000021
0,1,2,XGBoost-C,4,W1,0.1949999999999999,0.755,0.8274647887323944,0.04775,0.13925,-0.01499999999999998
0,1,2,XGBoost-C,4,W2,0.2375,0.73,0.7985074626865671,0.03549999999999999,0.11425,0.002249999999999963
0,1,2,XGBoost-C,4,X1,0.155,0.7925,0.8520499108734403,0.0925,0.1425,-0.011500000000000033
0,1,2,XGBoost-C,4,X2,0.175,0.785,0.8464285714285714,0.11700000000000003,0.11000000000000003,-0.02074999999999997
0,1,2,MLP-C,4,W1,0.1899999999999999,0.81,0.8716216216216216,0.06250000000000003,0.17275000000000004,0.0030000000000000248
0,1,2,MLP-C,4,W2,0.24,0.76,0.8285714285714286,0.03550000000000001,0.14950000000000002,0.005750000000000033
0,1,2,MLP-C,4,X1,0.1524999999999999,0.8475,0.893542757,0.13300000000000003,0.188,0.00750000000000004
0,1,2,MLP-C,4,X2,0.1775,0.8225,0.870201097,0.14225000000000002,0.14,0.003000000000000014
0,1,2,LogReg,5,W1,0.2175,0.7825,0.8317214700193424,0.04499999999999997,0.209,-0.002250000000000041
0,1,2,LogReg,5,W2,0.275,0.725,0.7884615384615384,0.03324999999999999,0.17424999999999996,-0.0015000000000000234
0,1,2,LogReg,5,X1,0.1975,0.8025,0.8489483747609943,0.093,0.18875000000000003,-0.0015000000000000347
0,1,2,LogReg,5,X2,0.1775,0.8225,0.8548057259713702,0.15699999999999997,0.19975,0.0025000000000000577
0,1,2,SVC,5,W1,0.2149999999999999,0.7775,0.8271844660194175,0.047999999999999966,0.19775,0.006499999999999973
0,1,2,SVC,5,W2,0.27,0.725,0.7868217054263565,0.03274999999999998,0.16449999999999995,0.0022499999999999742
0,1,2,SVC,5,X1,0.1999999999999999,0.7975,0.8468809073724007,0.09125000000000001,0.17474999999999996,0.005499999999999972
0,1,2,SVC,5,X2,0.165,0.835,0.868,0.16324999999999995,0.20550000000000002,0.017249999999999977
0,1,2,RF-C,5,W1,0.2125,0.7875,0.8349514563106796,0.048999999999999974,0.21549999999999997,0.004249999999999987
0,1,2,RF-C,5,W2,0.2774999999999999,0.7225,0.7810650887573964,0.024000000000000042,0.17025000000000004,0.0022500000000000298
0,1,2,RF-C,5,X1,0.1899999999999999,0.81,0.8544061302681992,0.09900000000000006,0.19900000000000004,0.0042500000000000315
0,1,2,RF-C,5,X2,0.165,0.835,0.8653061224489796,0.16674999999999995,0.20874999999999994,0.020499999999999952
0,1,2,XGBoost-C,5,W1,0.2049999999999999,0.735,0.7896825396825397,0.0365,0.1665,-0.00575000000000001
0,1,2,XGBoost-C,5,W2,0.2724999999999999,0.6725,0.7374749498997996,0.017749999999999978,0.13699999999999998,-0.006250000000000022
0,1,2,XGBoost-C,5,X1,0.185,0.78,0.8307692307692308,0.09300000000000004,0.16825,0.006500000000000039
0,1,2,XGBoost-C,5,X2,0.175,0.785,0.8244897959183674,0.12475,0.157,0.001000000000000023
0,1,2,MLP-C,5,W1,0.2149999999999999,0.785,0.833976834,0.05125000000000003,0.21000000000000005,0.004000000000000026
0,1,2,MLP-C,5,W2,0.265,0.735,0.7961538461538461,0.03275,0.1795,0.011249999999999972
0,1,2,MLP-C,5,X1,0.1875,0.8125,0.8543689320388349,0.11000000000000001,0.20125,0.007999999999999985
0,1,2,MLP-C,5,X2,0.1624999999999999,0.8375,0.8625792811839323,0.18000000000000002,0.21275000000000005,0.035750000000000004
0,1,2,LogReg,6,W1,0.1825,0.8175,0.8712522045855379,0.077,0.15375,0.0012500000000000178
0,1,2,LogReg,6,W2,0.2075,0.7925,0.8571428571428571,0.07474999999999996,0.127,0.006999999999999984
0,1,2,LogReg,6,X1,0.1674999999999999,0.8325,0.8797127468581688,0.10700000000000003,0.15750000000000003,0.004000000000000026
0,1,2,LogReg,6,X2,0.1225,0.8775,0.914185639,0.19424999999999995,0.17074999999999996,0.0062499999999999336
0,1,2,SVC,6,W1,0.1875,0.8075,0.8646748681898067,0.07299999999999998,0.13199999999999998,0.0009999999999999675
0,1,2,SVC,6,W2,0.2149999999999999,0.7775,0.8478632478632478,0.06399999999999997,0.10999999999999996,-0.006250000000000022
0,1,2,SVC,6,X1,0.1674999999999999,0.825,0.8741007194244604,0.09824999999999995,0.1474999999999999,0.00024999999999996135
0,1,2,SVC,6,X2,0.13,0.8675,0.90685413,0.18250000000000005,0.16650000000000004,0.006750000000000034
0,1,2,RF-C,6,W1,0.1925,0.8075,0.8641975308641975,0.07474999999999998,0.1445,-2.2204460492503132e-17
0,1,2,RF-C,6,W2,0.1949999999999999,0.805,0.8631578947368421,0.08700000000000004,0.14625000000000005,0.01900000000000005
0,1,2,RF-C,6,X1,0.17,0.83,0.8759124087591241,0.11449999999999996,0.15474999999999997,0.010249999999999959
0,1,2,RF-C,6,X2,0.1374999999999999,0.8625,0.9069373942470388,0.16500000000000004,0.15800000000000006,0.0045000000000000265
0,1,2,XGBoost-C,6,W1,0.1925,0.775,0.8387096774193549,0.06725000000000002,0.13425000000000004,-0.00024999999999997247
0,1,2,XGBoost-C,6,W2,0.1875,0.795,0.8576388888888888,0.10300000000000002,0.14200000000000004,0.02425000000000006
0,1,2,XGBoost-C,6,X1,0.175,0.78,0.8382352941176471,0.08275000000000003,0.12075000000000005,-0.003749999999999987
0,1,2,XGBoost-C,6,X2,0.1324999999999999,0.855,0.8971631205673759,0.17524999999999996,0.15225,0.01974999999999998
0,1,2,MLP-C,6,W1,0.175,0.825,0.8745519713261649,0.07949999999999997,0.17024999999999996,-0.0005000000000000115
0,1,2,MLP-C,6,W2,0.1975,0.8025,0.8596802841918295,0.09124999999999998,0.15149999999999997,0.007749999999999979
0,1,2,MLP-C,6,X1,0.1674999999999999,0.8325,0.8779599271402551,0.11125,0.16125,0.00800000000000004
0,1,2,MLP-C,6,X2,0.12,0.88,0.916955017,0.1935,0.17325,0.011750000000000005
0,1,2,LogReg,7,W1,0.1175,0.8825,0.9275808936825886,0.15749999999999992,0.060499999999999964,0.0017499999999999627
0,1,2,LogReg,7,W2,0.1125,0.8875,0.9302325581395348,0.18374999999999994,0.06449999999999997,0.0029999999999999693
0,1,2,LogReg,7,X1,0.1025,0.8975,0.9368258859784284,0.1825,0.06424999999999996,0.000749999999999984
0,1,2,LogReg,7,X2,0.0875,0.9125,0.9448818897637796,0.209,0.08825,0.0037499999999999643
0,1,2,SVC,7,W1,0.1225,0.875,0.9226006191950464,0.16375,0.05950000000000002,-0.0020000000000000018
0,1,2,SVC,7,W2,0.1175,0.8775,0.9242658423493044,0.18399999999999994,0.04149999999999996,-0.001250000000000051
0,1,2,SVC,7,X1,0.1075,0.8775,0.9237947122861586,0.16799999999999993,0.052499999999999956,-0.010500000000000032
0,1,2,SVC,7,X2,0.0875,0.9075,0.9422776911076444,0.20599999999999996,0.08124999999999998,0.003249999999999975
0,1,2,RF-C,7,W1,0.125,0.875,0.9211356466876972,0.15575,0.06624999999999999,0.016499999999999994
0,1,2,RF-C,7,W2,0.12,0.88,0.9256965944272446,0.185,0.05225,0.010999999999999987
0,1,2,RF-C,7,X1,0.1049999999999999,0.895,0.9345794392523364,0.18875000000000006,0.06525000000000003,0.011250000000000038
0,1,2,RF-C,7,X2,0.0875,0.9125,0.945226917,0.21925,0.08449999999999998,0.011249999999999982
0,1,2,XGBoost-C,7,W1,0.1225,0.8575,0.909952607,0.14425000000000004,0.06600000000000002,0.004500000000000015
0,1,2,XGBoost-C,7,W2,0.1175,0.85,0.906832298,0.16575,0.05449999999999998,0.0009999999999999675
0,1,2,XGBoost-C,7,X1,0.1049999999999999,0.8925,0.9327073552425664,0.18599999999999994,0.07224999999999995,0.012499999999999956
0,1,2,XGBoost-C,7,X2,0.085,0.91,0.943217666,0.22475000000000006,0.09525000000000003,0.01375000000000003
0,1,2,MLP-C,7,W1,0.12,0.88,0.9256965944272446,0.16375,0.05575,-0.0004999999999999894
0,1,2,MLP-C,7,W2,0.1175,0.8825,0.926905132,0.17749999999999994,0.06649999999999998,0.00024999999999997247
0,1,2,MLP-C,7,X1,0.1099999999999999,0.89,0.9314641744548288,0.18400000000000002,0.06700000000000003,0.0025000000000000356
0,1,2,MLP-C,7,X2,0.0875,0.9125,0.9448818897637796,0.209,0.088,0.0034999999999999697
0,1,2,LogReg,8,W1,0.1624999999999999,0.8375,0.8302872062663186,0.20500000000000002,0.17099999999999999,0.0007500000000000395
0,1,2,LogReg,8,W2,0.2225,0.7775,0.7359050445103857,0.16499999999999995,0.13224999999999995,-0.0002500000000000391
0,1,2,LogReg,8,X1,0.1324999999999999,0.8675,0.8630490956072352,0.24650000000000002,0.16325000000000006,0.0015000000000000234
0,1,2,LogReg,8,X2,0.1374999999999999,0.8625,0.8338368580060423,0.2607500000000001,0.169,0.00800000000000004
0,1,2,SVC,8,W1,0.165,0.83,0.8238341968911918,0.21374999999999997,0.14399999999999996,-0.0027500000000000523
0,1,2,SVC,8,W2,0.2175,0.7725,0.7250755287009063,0.17074999999999996,0.11799999999999995,-0.0025000000000000243
0,1,2,SVC,8,X1,0.1324999999999999,0.87,0.8645833333333334,0.25425,0.16099999999999998,0.002499999999999969
0,1,2,SVC,8,X2,0.1424999999999999,0.855,0.8273809523809523,0.25275,0.16324999999999998,0.005499999999999972
0,1,2,RF-C,8,W1,0.175,0.825,0.8138297872340425,0.19274999999999992,0.15399999999999997,-0.005250000000000032
0,1,2,RF-C,8,W2,0.2149999999999999,0.785,0.7189542483660131,0.14800000000000005,0.15075000000000002,0.014500000000000046
0,1,2,RF-C,8,X1,0.13,0.87,0.8631578947368421,0.253,0.16975,0.0029999999999999805
0,1,2,RF-C,8,X2,0.145,0.855,0.8273809523809523,0.24825,0.16924999999999998,0.012749999999999984
0,1,2,XGBoost-C,8,W1,0.1624999999999999,0.7775,0.7639257294429708,0.17949999999999994,0.13399999999999995,-0.008750000000000046
0,1,2,XGBoost-C,8,W2,0.2075,0.7325,0.6786786786786787,0.12750000000000003,0.10500000000000005,-0.02474999999999994
0,1,2,XGBoost-C,8,X1,0.1274999999999999,0.83,0.8210526315789474,0.22849999999999998,0.14449999999999993,-0.003750000000000031
0,1,2,XGBoost-C,8,X2,0.1424999999999999,0.83,0.8034682080924855,0.21549999999999997,0.14974999999999997,0.00874999999999997
0,1,2,MLP-C,8,W1,0.1624999999999999,0.8375,0.8302872062663186,0.20725000000000002,0.16875000000000004,0.0005000000000000227
0,1,2,MLP-C,8,W2,0.2175,0.7825,0.7433628318584071,0.17149999999999996,0.13324999999999995,0.0004999999999999782
0,1,2,MLP-C,8,X1,0.1274999999999999,0.8725,0.8675324675324675,0.25125000000000003,0.17125000000000007,0.007250000000000034
0,1,2,MLP-C,8,X2,0.1374999999999999,0.8625,0.8338368580060423,0.2607500000000001,0.16875,0.007750000000000035
0,1,2,LogReg,9,W1,0.1975,0.8025,0.7655786350148368,0.142,0.19199999999999995,0.005749999999999989
0,1,2,LogReg,9,W2,0.2075,0.7925,0.7635327635327636,0.13925,0.16499999999999998,0.0
0,1,2,LogReg,9,X1,0.1825,0.8175,0.7859237536656891,0.1645,0.19824999999999998,-0.0027499999999999634
0,1,2,LogReg,9,X2,0.1574999999999999,0.8425,0.8173913043478261,0.20125,0.16500000000000004,0.004750000000000021
0,1,2,SVC,9,W1,0.1999999999999999,0.7925,0.760806916,0.13924999999999996,0.17024999999999996,-0.0015000000000000347
0,1,2,SVC,9,W2,0.2049999999999999,0.79,0.7640449438202247,0.14475000000000002,0.14475000000000007,0.0025000000000000243
0,1,2,SVC,9,X1,0.18,0.82,0.791907514,0.17449999999999993,0.19599999999999998,0.006749999999999956
0,1,2,SVC,9,X2,0.1624999999999999,0.8375,0.8115942028985508,0.19225000000000003,0.15800000000000003,0.0025000000000000135
0,1,2,RF-C,9,W1,0.1949999999999999,0.805,0.7664670658682635,0.12625000000000006,0.20750000000000007,0.005000000000000037
0,1,2,RF-C,9,W2,0.2125,0.7875,0.7578347578347578,0.12274999999999996,0.16774999999999998,0.008499999999999997
0,1,2,RF-C,9,X1,0.1875,0.8125,0.7851002865329513,0.16825,0.1915,-0.001000000000000012
0,1,2,RF-C,9,X2,0.1474999999999999,0.8525,0.8249258160237388,0.20750000000000002,0.18275000000000002,0.031000000000000038
0,1,2,XGBoost-C,9,W1,0.2049999999999999,0.7575,0.7252124645892352,0.12399999999999993,0.16999999999999998,-0.018250000000000034
0,1,2,XGBoost-C,9,W2,0.2075,0.7425,0.7048710601719198,0.10375000000000005,0.13425000000000006,-0.00749999999999994
0,1,2,XGBoost-C,9,X1,0.1875,0.78,0.7485714285714286,0.14175000000000004,0.17700000000000002,-0.0012499999999999734
0,1,2,XGBoost-C,9,X2,0.165,0.8075,0.7741935483870968,0.173,0.15425,-0.002750000000000008
0,1,2,MLP-C,9,W1,0.1999999999999999,0.8,0.7647058823529411,0.13925000000000004,0.19325000000000003,0.0017500000000000293
0,1,2,MLP-C,9,W2,0.2049999999999999,0.795,0.7657142857142857,0.13675,0.16750000000000004,0.005000000000000037
0,1,2,MLP-C,9,X1,0.18,0.82,0.7966101694915254,0.16624999999999993,0.20124999999999993,0.003999999999999948
0,1,2,MLP-C,9,X2,0.1374999999999999,0.8625,0.8387096774193549,0.22050000000000006,0.18450000000000005,0.027250000000000062
0,1,2,LogReg,10,W1,0.2125,0.7875,0.8072562358276644,0.12974999999999998,0.17074999999999996,0.0007499999999999619
0,1,2,LogReg,10,W2,0.2325,0.7675,0.7900677200902935,0.08549999999999995,0.16424999999999995,0.0029999999999999693
0,1,2,LogReg,10,X1,0.1274999999999999,0.8725,0.8864142538975501,0.23175000000000007,0.20650000000000004,0.005250000000000044
0,1,2,LogReg,10,X2,0.1674999999999999,0.8325,0.8507795100222717,0.17625000000000002,0.18175000000000002,0.00275000000000003
0,1,2,SVC,10,W1,0.2175,0.765,0.7892376681614349,0.123,0.14400000000000004,-0.0049999999999999715
0,1,2,SVC,10,W2,0.2325,0.76,0.7788018433179723,0.10049999999999999,0.15350000000000003,0.002000000000000013
0,1,2,SVC,10,X1,0.135,0.865,0.8783783783783784,0.223,0.20299999999999993,0.0022499999999999742
0,1,2,SVC,10,X2,0.165,0.8225,0.8352668213457076,0.16975,0.16999999999999998,-0.005499999999999972
0,1,2,RF-C,10,W1,0.2149999999999999,0.785,0.8097345132743363,0.12000000000000002,0.17925,0.00425000000000002
0,1,2,RF-C,10,W2,0.2275,0.7725,0.7878787878787878,0.08674999999999997,0.19174999999999998,0.010749999999999982
0,1,2,RF-C,10,X1,0.1524999999999999,0.8475,0.8616780045351474,0.21675000000000005,0.19150000000000003,0.014750000000000063
0,1,2,RF-C,10,X2,0.165,0.835,0.847926267,0.17274999999999996,0.19374999999999995,0.01124999999999996
0,1,2,XGBoost-C,10,W1,0.2149999999999999,0.7525,0.7734553775743707,0.11724999999999994,0.14074999999999996,0.007499999999999951
0,1,2,XGBoost-C,10,W2,0.2275,0.7175,0.7472035794183445,0.044750000000000026,0.12425000000000001,-0.015749999999999986
0,1,2,XGBoost-C,10,X1,0.1424999999999999,0.8275,0.8456375838926175,0.20099999999999998,0.17400000000000002,0.015250000000000008
0,1,2,XGBoost-C,10,X2,0.165,0.8075,0.8237986270022883,0.15075000000000002,0.16699999999999998,-0.0015000000000000013
0,1,2,MLP-C,10,W1,0.2099999999999999,0.79,0.8082191780821918,0.13025000000000003,0.17350000000000004,0.004500000000000037
0,1,2,MLP-C,10,W2,0.2325,0.7675,0.7862068965517242,0.08524999999999996,0.16449999999999995,0.0004999999999999894
0,1,2,MLP-C,10,X1,0.135,0.865,0.8772727272727273,0.22774999999999998,0.20174999999999996,0.0002499999999999836
0,1,2,MLP-C,10,X2,0.16,0.84,0.8558558558558559,0.18274999999999997,0.18849999999999995,0.013249999999999984
1,0,0,LogReg,1,W1,0.26,0.74,0.6637931034482759,0.15499999999999997,0.07433333333333333,0.0
1,0,0,LogReg,1,W2,0.285,0.715,0.6415094339622641,0.13399999999999998,0.08049999999999996,0.0026666666666666393
1,0,0,LogReg,1,X1,0.2199999999999999,0.78,0.7142857142857143,0.18600000000000003,0.08250000000000005,0.0001666666666666705
1,0,0,LogReg,1,X2,0.2083333333333333,0.7916666666666666,0.7504990019960079,0.21099999999999994,0.08249999999999998,-0.0013333333333333751
1,0,0,SVC,1,W1,0.2616666666666667,0.7316666666666667,0.652267819,0.1696666666666667,0.04933333333333336,0.0001666666666666927
1,0,0,SVC,1,W2,0.3,0.6983333333333334,0.6221294363256785,0.13616666666666669,0.05366666666666668,-0.003999999999999981
1,0,0,SVC,1,X1,0.2199999999999999,0.7783333333333333,0.6984126984126984,0.1865,0.08216666666666665,-0.0035000000000000144
1,0,0,SVC,1,X2,0.2133333333333333,0.7816666666666666,0.7426326129666012,0.19749999999999995,0.07916666666666664,-0.009000000000000041
1,0,0,RF-C,1,W1,0.255,0.745,0.6416861826697893,0.15266666666666667,0.07583333333333332,0.006166666666666665
1,0,0,RF-C,1,W2,0.3,0.7,0.625,0.11816666666666661,0.0783333333333333,-0.006500000000000039
1,0,0,RF-C,1,X1,0.2083333333333333,0.7916666666666666,0.7276688453159041,0.20466666666666664,0.09266666666666663,0.00366666666666664
1,0,0,RF-C,1,X2,0.2149999999999999,0.785,0.7514450867052023,0.20733333333333337,0.08383333333333338,0.011166666666666703
1,0,0,XGBoost-C,1,W1,0.26,0.6966666666666667,0.6060606060606061,0.10616666666666666,0.054000000000000006,0.004333333333333333
1,0,0,XGBoost-C,1,W2,0.2866666666666666,0.6616666666666666,0.593186373,0.0903333333333333,0.06383333333333331,-0.024166666666666725
1,0,0,XGBoost-C,1,X1,0.2133333333333333,0.7533333333333333,0.6824034334763949,0.16899999999999996,0.07149999999999995,-0.001333333333333364
1,0,0,XGBoost-C,1,X2,0.2149999999999999,0.7533333333333333,0.7120622568093385,0.17366666666666664,0.06983333333333329,0.0013333333333332975
1,0,0,MLP-C,1,W1,0.26,0.74,0.6623376623376623,0.1381666666666667,0.08466666666666665,0.007000000000000006
1,0,0,MLP-C,1,W2,0.2833333333333333,0.7166666666666667,0.6398305084745762,0.13566666666666666,0.08033333333333334,0.004166666666666663
1,0,0,MLP-C,1,X1,0.2149999999999999,0.785,0.7237687366167024,0.19183333333333336,0.08500000000000003,0.0001666666666666705
1,0,0,MLP-C,1,X2,0.2033333333333333,0.7966666666666666,0.7607843137254902,0.21183333333333332,0.09133333333333332,0.007833333333333303
1,0,0,LogReg,2,W1,0.2516666666666667,0.7483333333333333,0.7756315007429421,0.16516666666666663,0.10849999999999996,0.0016666666666666275
1,0,0,LogReg,2,W2,0.3,0.7,0.725609756,0.13999999999999996,0.05099999999999997,0.0043333333333333115
1,0,0,LogReg,2,X1,0.235,0.765,0.7860394537177542,0.19866666666666663,0.06683333333333334,0.0019999999999999905
1,0,0,LogReg,2,X2,0.2183333333333333,0.7816666666666666,0.8030075187969925,0.23649999999999993,0.0453333333333333,0.0013333333333332865
1,0,0,SVC,2,W1,0.26,0.735,0.763744428,0.148,0.09599999999999999,-0.0016666666666666607
1,0,0,SVC,2,W2,0.2966666666666666,0.7,0.7329376854599406,0.14383333333333329,0.04199999999999995,0.001833333333333298
1,0,0,SVC,2,X1,0.2416666666666667,0.755,0.7802690582959642,0.18833333333333332,0.07166666666666666,-0.005499999999999994
1,0,0,SVC,2,X2,0.2183333333333333,0.77,0.7896341463414634,0.22400000000000003,0.03800000000000002,-0.003166666666666629
1,0,0,RF-C,2,W1,0.26,0.74,0.7678571428571429,0.15499999999999997,0.10749999999999997,-0.005000000000000016
1,0,0,RF-C,2,W2,0.2916666666666666,0.7083333333333334,0.732824427,0.14483333333333337,0.0571666666666667,-0.0016666666666666275
1,0,0,RF-C,2,X1,0.2416666666666667,0.7583333333333333,0.7812971342383107,0.20516666666666664,0.061499999999999964,-0.004833333333333379
1,0,0,RF-C,2,X2,0.2199999999999999,0.78,0.7956656346749226,0.26533333333333337,0.013666666666666693,0.002333333333333376
1,0,0,XGBoost-C,2,W1,0.2533333333333333,0.6866666666666666,0.7235294117647059,0.11533333333333332,0.07533333333333334,-0.004833333333333345
1,0,0,XGBoost-C,2,W2,0.2933333333333333,0.6616666666666666,0.6956521739130435,0.11299999999999996,0.04499999999999995,0.003999999999999971
1,0,0,XGBoost-C,2,X1,0.235,0.7316666666666667,0.756429652,0.1705,0.06633333333333338,-0.0043333333333333115
1,0,0,XGBoost-C,2,X2,0.2233333333333333,0.765,0.7813953488372093,0.22600000000000003,0.05233333333333334,0.004333333333333344
1,0,0,MLP-C,2,W1,0.2533333333333333,0.7466666666666667,0.7744807121661721,0.1621666666666667,0.10366666666666671,0.002666666666666706
1,0,0,MLP-C,2,W2,0.2966666666666666,0.7033333333333334,0.720125786,0.1466666666666667,0.05316666666666671,-0.001166666666666627
1,0,0,MLP-C,2,X1,0.2333333333333332,0.7666666666666667,0.7865853658536586,0.2021666666666667,0.06483333333333338,0.0011666666666667047
1,0,0,MLP-C,2,X2,0.2166666666666666,0.7833333333333333,0.8036253776435045,0.2381666666666667,0.04733333333333332,-0.0005000000000000115
1,0,0,LogReg,3,W1,0.3249999999999999,0.675,0.587737844,0.08566666666666672,0.07633333333333339,-0.0009999999999999675
1,0,0,LogReg,3,W2,0.295,0.705,0.6563106796116505,0.12049999999999997,0.08933333333333329,0.010333333333333328
1,0,0,LogReg,3,X1,0.2516666666666667,0.7483333333333333,0.6834381551362684,0.1626666666666666,0.08449999999999998,0.004333333333333289
1,0,0,LogReg,3,X2,0.1933333333333333,0.8066666666666666,0.7777777777777778,0.24533333333333332,0.07849999999999997,0.002833333333333299
1,0,0,SVC,3,W1,0.3166666666666666,0.6766666666666666,0.6072874493927125,0.09583333333333333,0.07933333333333331,0.006166666666666642
1,0,0,SVC,3,W2,0.3016666666666666,0.695,0.6460348162475822,0.12166666666666659,0.07316666666666662,-0.0038333333333333995
1,0,0,SVC,3,X1,0.2416666666666667,0.7566666666666667,0.6932773109243697,0.1733333333333334,0.0876666666666667,0.010500000000000065
1,0,0,SVC,3,X2,0.1933333333333333,0.8033333333333333,0.766798419,0.23850000000000002,0.06983333333333333,-0.000666666666666671
1,0,0,RF-C,3,W1,0.3166666666666666,0.6833333333333333,0.6090534979423868,0.085,0.09050000000000001,0.01433333333333332
1,0,0,RF-C,3,W2,0.2983333333333333,0.7016666666666667,0.6339468302658486,0.11716666666666667,0.08933333333333333,0.008333333333333337
1,0,0,RF-C,3,X1,0.25,0.75,0.691358025,0.16933333333333334,0.09033333333333332,0.02416666666666665
1,0,0,RF-C,3,X2,0.1899999999999999,0.81,0.7755905511811023,0.2458333333333334,0.0756666666666667,0.013500000000000057
1,0,0,XGBoost-C,3,W1,0.3199999999999999,0.6366666666666667,0.57421875,0.05716666666666671,0.06000000000000004,-0.006666666666666621
1,0,0,XGBoost-C,3,W2,0.3016666666666666,0.6433333333333333,0.5753968253968254,0.08399999999999999,0.04233333333333331,-0.007000000000000006
1,0,0,XGBoost-C,3,X1,0.2583333333333333,0.6966666666666667,0.6374501992031872,0.13033333333333336,0.05083333333333334,-0.0015000000000000124
1,0,0,XGBoost-C,3,X2,0.1899999999999999,0.7683333333333333,0.7311411992263056,0.20716666666666664,0.06183333333333331,0.0009999999999999788
1,0,0,MLP-C,3,W1,0.3166666666666666,0.6833333333333333,0.6245059288537549,0.0985,0.08500000000000002,0.007166666666666699
1,0,0,MLP-C,3,W2,0.2983333333333333,0.7016666666666667,0.6551059730250481,0.119,0.08199999999999999,0.0035000000000000144
1,0,0,MLP-C,3,X1,0.2383333333333332,0.7616666666666667,0.7051546391752578,0.17900000000000005,0.09350000000000006,0.012833333333333374
1,0,0,MLP-C,3,X2,0.1916666666666666,0.8083333333333333,0.780114723,0.2465,0.08116666666666669,0.004333333333333356
1,0,0,LogReg,4,W1,0.17,0.83,0.83,0.30649999999999994,0.032999999999999974,0.00033333333333331885
1,0,0,LogReg,4,W2,0.1716666666666666,0.8283333333333334,0.8286189683860233,0.31333333333333335,0.03633333333333337,0.003666666666666718
1,0,0,LogReg,4,X1,0.1333333333333333,0.8666666666666667,0.863481229,0.3418333333333333,0.03366666666666668,0.0015000000000000347
1,0,0,LogReg,4,X2,0.1316666666666667,0.8683333333333333,0.8676716917922948,0.35700000000000004,0.03316666666666662,0.0008333333333332971
1,0,0,SVC,4,W1,0.1766666666666666,0.8316666666666667,0.8378812199036918,0.31266666666666665,0.030500000000000006,-0.0001666666666666705
1,0,0,SVC,4,W2,0.1733333333333333,0.8266666666666667,0.8283828382838284,0.3108333333333333,0.033333333333333326,0.003000000000000014
1,0,0,SVC,4,X1,0.135,0.8633333333333333,0.8614864864864865,0.33983333333333327,0.03316666666666661,-0.0035000000000000365
1,0,0,SVC,4,X2,0.1316666666666667,0.8633333333333333,0.8633333333333333,0.35516666666666663,0.033666666666666636,-0.0005000000000000337
1,0,0,RF-C,4,W1,0.175,0.825,0.8330683624801272,0.3081666666666666,0.016333333333333276,0.004833333333333301
1,0,0,RF-C,4,W2,0.1766666666666666,0.8233333333333334,0.8203389830508474,0.31133333333333335,0.049166666666666706,0.031166666666666697
1,0,0,RF-C,4,X1,0.1366666666666667,0.8633333333333333,0.8637873754152824,0.3393333333333333,0.034999999999999955,-0.0006666666666667043
1,0,0,RF-C,4,X2,0.1316666666666667,0.8683333333333333,0.8681135225375626,0.3628333333333333,0.04349999999999996,0.008999999999999952
1,0,0,XGBoost-C,4,W1,0.165,0.8166666666666667,0.8135593220338984,0.29366666666666663,0.029333333333333322,0.015166666666666639
1,0,0,XGBoost-C,4,W2,0.1733333333333333,0.8116666666666666,0.8100840336134454,0.2916666666666667,0.04599999999999997,0.0245
1,0,0,XGBoost-C,4,X1,0.1316666666666667,0.8516666666666667,0.8509212730318257,0.32683333333333336,0.03916666666666667,0.0008333333333333415
1,0,0,XGBoost-C,4,X2,0.135,0.8616666666666667,0.8614357262103506,0.3556666666666667,0.041166666666666706,0.005833333333333357
1,0,0,MLP-C,4,W1,0.17,0.83,0.83,0.3068333333333333,0.032666666666666636,0.0
1,0,0,MLP-C,4,W2,0.1716666666666666,0.8283333333333334,0.8286189683860233,0.31383333333333335,0.03683333333333337,0.0035000000000000586
1,0,0,MLP-C,4,X1,0.1333333333333333,0.8666666666666667,0.863481229,0.3406666666666667,0.03450000000000001,0.002333333333333376
1,0,0,MLP-C,4,X2,0.1316666666666667,0.8683333333333333,0.8676716917922948,0.35666666666666663,0.03483333333333329,0.001833333333333298
1,0,0,LogReg,5,W1,0.245,0.755,0.6405867970660146,0.1605,0.04416666666666669,0.0016666666666666607
1,0,0,LogReg,5,W2,0.2516666666666667,0.7483333333333333,0.6651884700665188,0.17166666666666666,0.05016666666666662,0.002166666666666628
1,0,0,LogReg,5,X1,0.2083333333333333,0.7916666666666666,0.6987951807228916,0.20916666666666658,0.05249999999999998,0.0019999999999999575
1,0,0,LogReg,5,X2,0.1766666666666666,0.8233333333333334,0.7735042735042735,0.26583333333333337,0.07083333333333335,-0.0026666666666666393
1,0,0,SVC,5,W1,0.2416666666666667,0.7583333333333333,0.6437346437346437,0.16816666666666663,0.046499999999999944,0.0026666666666666063
1,0,0,SVC,5,W2,0.2483333333333333,0.7483333333333333,0.6430260047281324,0.16466666666666663,0.03949999999999996,0.0004999999999999782
1,0,0,SVC,5,X1,0.2016666666666666,0.7983333333333333,0.7166276346604216,0.22416666666666668,0.05683333333333335,0.010833333333333339
1,0,0,SVC,5,X2,0.18,0.8183333333333334,0.7614879649890591,0.2533333333333333,0.06416666666666668,-0.00283333333333331
1,0,0,RF-C,5,W1,0.255,0.745,0.6348448687350835,0.15966666666666668,0.044,0.0026666666666666505
1,0,0,RF-C,5,W2,0.2466666666666667,0.7533333333333333,0.665158371,0.1746666666666666,0.057833333333333306,0.011666666666666626
1,0,0,RF-C,5,X1,0.1966666666666666,0.8033333333333333,0.714975845,0.22433333333333336,0.06433333333333333,0.008333333333333337
1,0,0,RF-C,5,X2,0.1766666666666666,0.8233333333333334,0.774468085,0.26800000000000007,0.06916666666666668,-0.002166666666666628
1,0,0,XGBoost-C,5,W1,0.2416666666666667,0.7083333333333334,0.6049661399548533,0.13733333333333336,0.040500000000000036,-0.007666666666666611
1,0,0,XGBoost-C,5,W2,0.2433333333333333,0.71,0.625,0.1481666666666666,0.05199999999999998,0.00649999999999995
1,0,0,XGBoost-C,5,X1,0.1966666666666666,0.7566666666666667,0.669683258,0.18750000000000006,0.04983333333333338,-0.0028333333333332876
1,0,0,XGBoost-C,5,X2,0.1766666666666666,0.7816666666666666,0.7253668763102725,0.22716666666666666,0.051166666666666624,-0.010166666666666702
1,0,0,MLP-C,5,W1,0.2483333333333333,0.7516666666666667,0.6374695863746959,0.158,0.04250000000000004,0.0028333333333333656
1,0,0,MLP-C,5,W2,0.2433333333333333,0.7566666666666667,0.7056451612903226,0.19450000000000003,0.07100000000000005,0.004833333333333379
1,0,0,MLP-C,5,X1,0.2033333333333333,0.7966666666666666,0.7136150234741784,0.21983333333333327,0.055333333333333304,0.008333333333333304
1,0,0,MLP-C,5,X2,0.17,0.83,0.7838983050847458,0.2719999999999999,0.07716666666666662,0.0029999999999999914
1,0,0,LogReg,6,W1,0.2533333333333333,0.7466666666666667,0.580110497,0.0911666666666667,0.10933333333333337,0.005500000000000049
1,0,0,LogReg,6,W2,0.2733333333333333,0.7266666666666667,0.5980392156862745,0.11833333333333333,0.09216666666666667,0.010333333333333328
1,0,0,LogReg,6,X1,0.2166666666666666,0.7833333333333333,0.6766169154228856,0.1696666666666667,0.10433333333333332,0.001000000000000012
1,0,0,LogReg,6,X2,0.1616666666666666,0.8383333333333334,0.781038375,0.2693333333333333,0.0811666666666667,0.0008333333333333526
1,0,0,SVC,6,W1,0.25,0.7483333333333333,0.6036745406824147,0.10966666666666665,0.10733333333333331,0.010166666666666635
1,0,0,SVC,6,W2,0.275,0.7066666666666667,0.5392670157068062,0.09399999999999999,0.06599999999999998,0.0018333333333333424
1,0,0,SVC,6,X1,0.2199999999999999,0.77,0.6515151515151515,0.15266666666666667,0.08883333333333335,-0.00466666666666663
1,0,0,SVC,6,X2,0.1666666666666666,0.8283333333333334,0.7643020594965675,0.26133333333333336,0.07083333333333337,-0.0011666666666666381
1,0,0,RF-C,6,W1,0.25,0.75,0.609375,0.10700000000000001,0.11983333333333332,0.020166666666666666
1,0,0,RF-C,6,W2,0.2916666666666666,0.7083333333333334,0.5721271393643031,0.09883333333333338,0.0791666666666667,0.01966666666666672
1,0,0,RF-C,6,X1,0.2233333333333333,0.7766666666666666,0.6235955056179775,0.15916666666666662,0.08533333333333329,0.003999999999999971
1,0,0,RF-C,6,X2,0.1733333333333333,0.8266666666666667,0.75,0.25816666666666666,0.060499999999999984,-0.00016666666666665942
1,0,0,XGBoost-C,6,W1,0.2483333333333333,0.71,0.5671641791044776,0.0733333333333333,0.09083333333333331,0.01816666666666663
1,0,0,XGBoost-C,6,W2,0.2683333333333333,0.665,0.5421412300683371,0.07800000000000001,0.04450000000000002,-0.00499999999999996
1,0,0,XGBoost-C,6,X1,0.2216666666666666,0.7383333333333333,0.6123456790123457,0.12683333333333327,0.09166666666666662,0.008333333333333293
1,0,0,XGBoost-C,6,X2,0.1683333333333333,0.795,0.7272727272727273,0.22533333333333339,0.062333333333333386,0.0013333333333333751
1,0,0,MLP-C,6,W1,0.2566666666666667,0.7433333333333333,0.6030927835051546,0.09649999999999997,0.11316666666666664,0.003166666666666629
1,0,0,MLP-C,6,W2,0.2716666666666666,0.7283333333333334,0.6072289156626506,0.12100000000000004,0.0948333333333334,0.007166666666666699
1,0,0,MLP-C,6,X1,0.2166666666666666,0.7833333333333333,0.6766169154228856,0.1696666666666667,0.10416666666666666,0.001000000000000023
1,0,0,MLP-C,6,X2,0.16,0.84,0.7828054298642534,0.2721666666666666,0.08116666666666664,0.0043333333333333
1,0,0,LogReg,7,W1,0.24,0.76,0.792507205,0.185,0.09916666666666668,-0.0011666666666666492
1,0,0,LogReg,7,W2,0.28,0.72,0.7477477477477478,0.16049999999999998,0.07799999999999996,0.0036666666666666293
1,0,0,LogReg,7,X1,0.1899999999999999,0.81,0.8293413173652695,0.2498333333333334,0.10083333333333337,0.005166666666666708
1,0,0,LogReg,7,X2,0.1883333333333333,0.8116666666666666,0.8214849921011058,0.26383333333333325,0.08099999999999996,0.002166666666666639
1,0,0,SVC,7,W1,0.235,0.765,0.7994310099573257,0.185,0.10300000000000001,0.004166666666666663
1,0,0,SVC,7,W2,0.2783333333333333,0.7066666666666667,0.751412429,0.15666666666666668,0.05733333333333333,-0.0028333333333333322
1,0,0,SVC,7,X1,0.1966666666666666,0.8033333333333333,0.8259587020648967,0.24283333333333332,0.09333333333333334,0.007333333333333336
1,0,0,SVC,7,X2,0.1916666666666666,0.8066666666666666,0.8164556962025317,0.2613333333333333,0.0763333333333333,-0.0025000000000000465
1,0,0,RF-C,7,W1,0.2433333333333333,0.7566666666666667,0.7833827893175074,0.17300000000000001,0.09683333333333338,0.012500000000000044
1,0,0,RF-C,7,W2,0.285,0.715,0.7428571428571429,0.16316666666666665,0.07749999999999999,0.011833333333333317
1,0,0,RF-C,7,X1,0.2016666666666666,0.7983333333333333,0.8223201174743024,0.24516666666666667,0.08116666666666666,0.010000000000000009
1,0,0,RF-C,7,X2,0.1933333333333333,0.8066666666666666,0.8170347003154574,0.26349999999999996,0.08416666666666664,0.01649999999999997
1,0,0,XGBoost-C,7,W1,0.2266666666666666,0.7083333333333334,0.7320061255742726,0.14400000000000004,0.05616666666666671,-0.011999999999999988
1,0,0,XGBoost-C,7,W2,0.28,0.67,0.690625,0.12733333333333335,0.053833333333333386,0.005333333333333379
1,0,0,XGBoost-C,7,X1,0.1999999999999999,0.7533333333333333,0.7723076923076924,0.19149999999999995,0.05716666666666662,-0.01066666666666669
1,0,0,XGBoost-C,7,X2,0.1833333333333333,0.755,0.7625201938610663,0.21066666666666664,0.044333333333333357,-0.019000000000000017
1,0,0,MLP-C,7,W1,0.2333333333333332,0.7666666666666667,0.7965116279069767,0.18733333333333335,0.10533333333333336,0.0016666666666667052
1,0,0,MLP-C,7,W2,0.2766666666666666,0.7233333333333334,0.7529761904761905,0.16250000000000003,0.08166666666666672,0.004833333333333389
1,0,0,MLP-C,7,X1,0.1916666666666666,0.8083333333333333,0.828101644,0.24900000000000003,0.099,0.004500000000000004
1,0,0,MLP-C,7,X2,0.1916666666666666,0.8083333333333333,0.8171701112877583,0.25766666666666665,0.07833333333333334,-0.000333333333333341
1,0,0,LogReg,8,W1,0.1883333333333333,0.8116666666666666,0.6852367688022284,0.20299999999999999,0.02999999999999998,-0.00033333333333335213
1,0,0,LogReg,8,W2,0.18,0.82,0.7112299465240641,0.21699999999999994,0.03949999999999996,0.0014999999999999569
1,0,0,LogReg,8,X1,0.1483333333333333,0.8516666666666667,0.7449856733524355,0.23900000000000002,0.03933333333333335,-0.001000000000000012
1,0,0,LogReg,8,X2,0.1283333333333333,0.8716666666666667,0.8010335917312662,0.27616666666666667,0.06316666666666669,0.002000000000000035
1,0,0,SVC,8,W1,0.185,0.815,0.6908077994428969,0.21233333333333332,0.026999999999999958,0.0038333333333332885
1,0,0,SVC,8,W2,0.185,0.795,0.6838046272493573,0.21150000000000008,0.01650000000000006,-0.013499999999999979
1,0,0,SVC,8,X1,0.1483333333333333,0.8516666666666667,0.7478753541076487,0.24266666666666667,0.03716666666666668,0.0018333333333333424
1,0,0,SVC,8,X2,0.1366666666666667,0.8566666666666667,0.7772020725388601,0.26716666666666666,0.04766666666666668,-0.008333333333333304
1,0,0,RF-C,8,W1,0.1899999999999999,0.81,0.6868131868131868,0.20133333333333342,0.036000000000000046,0.014500000000000046
1,0,0,RF-C,8,W2,0.1916666666666666,0.8083333333333333,0.6965699208443272,0.2086666666666667,0.041166666666666664,0.0008333333333333415
1,0,0,RF-C,8,X1,0.1566666666666666,0.8433333333333334,0.7388888888888889,0.24483333333333332,0.023333333333333373,-0.0006666666666666265
1,0,0,RF-C,8,X2,0.13,0.87,0.7989690721649485,0.27949999999999997,0.05899999999999998,0.005333333333333345
1,0,0,XGBoost-C,8,W1,0.185,0.765,0.6199460916442049,0.16499999999999998,0.012000000000000021,-0.008166666666666633
1,0,0,XGBoost-C,8,W2,0.1866666666666666,0.7566666666666667,0.6178010471204188,0.16900000000000004,0.011666666666666704,-0.006499999999999973
1,0,0,XGBoost-C,8,X1,0.16,0.8216666666666667,0.7068493150684931,0.2208333333333333,0.04616666666666665,0.006166666666666665
1,0,0,XGBoost-C,8,X2,0.1333333333333333,0.835,0.7518796992481203,0.24799999999999994,0.0393333333333333,0.00449999999999996
1,0,0,MLP-C,8,W1,0.1866666666666666,0.8133333333333334,0.6906077348066298,0.20833333333333334,0.03333333333333336,0.0025000000000000022
1,0,0,MLP-C,8,W2,0.18,0.82,0.71875,0.22233333333333327,0.04016666666666661,0.000166666666666615
1,0,0,MLP-C,8,X1,0.1533333333333333,0.8466666666666667,0.7444444444444445,0.24099999999999996,0.041,0.0028333333333333322
1,0,0,MLP-C,8,X2,0.1283333333333333,0.8716666666666667,0.8079800498753117,0.28750000000000003,0.06283333333333335,0.004166666666666707
1,0,0,LogReg,9,W1,0.2783333333333333,0.7216666666666667,0.7909887359198998,0.030500000000000017,0.14316666666666666,0.0
1,0,0,LogReg,9,W2,0.3466666666666667,0.6533333333333333,0.7481840193704601,0.022166666666666647,0.08949999999999998,-0.0006666666666666932
1,0,0,LogReg,9,X1,0.2166666666666666,0.7833333333333333,0.8271276595744681,0.13199999999999998,0.13266666666666665,-0.0008333333333333526
1,0,0,LogReg,9,X2,0.2149999999999999,0.785,0.8309305373525557,0.20233333333333334,0.08200000000000003,0.0045000000000000265
1,0,0,SVC,9,W1,0.2833333333333333,0.7066666666666667,0.7864077669902912,0.033999999999999996,0.11650000000000002,-0.005000000000000016
1,0,0,SVC,9,W2,0.3399999999999999,0.655,0.7532777115613826,0.031333333333333345,0.08150000000000002,0.002666666666666706
1,0,0,SVC,9,X1,0.2216666666666666,0.7766666666666666,0.8277634961439588,0.11833333333333326,0.12499999999999992,0.00683333333333328
1,0,0,SVC,9,X2,0.2149999999999999,0.7816666666666666,0.8305304010349288,0.19116666666666662,0.08033333333333327,0.0034999999999999697
1,0,0,RF-C,9,W1,0.3033333333333333,0.6966666666666667,0.7725,0.01849999999999996,0.12233333333333332,-0.0058333333333333345
1,0,0,RF-C,9,W2,0.3316666666666666,0.6683333333333333,0.7558282208588957,0.03266666666666668,0.10866666666666665,0.014166666666666683
1,0,0,RF-C,9,X1,0.2166666666666666,0.7833333333333333,0.8298429319371727,0.1305,0.13466666666666666,0.008166666666666666
1,0,0,RF-C,9,X2,0.2216666666666666,0.7783333333333333,0.8247694334650857,0.18883333333333335,0.07316666666666666,0.008333333333333314
1,0,0,XGBoost-C,9,W1,0.2816666666666666,0.65,0.7244094488188977,0.008166666666666678,0.09283333333333335,-0.013999999999999967
1,0,0,XGBoost-C,9,W2,0.3316666666666666,0.6,0.6992481203007519,-0.0025000000000000243,0.044999999999999964,-0.02083333333333336
1,0,0,XGBoost-C,9,X1,0.2116666666666666,0.7466666666666667,0.7984084880636605,0.11283333333333338,0.11683333333333339,0.00033333333333337436
1,0,0,XGBoost-C,9,X2,0.2149999999999999,0.745,0.797886394,0.15983333333333336,0.06016666666666666,-0.007333333333333347
1,0,0,MLP-C,9,W1,0.2783333333333333,0.7216666666666667,0.7909887359198998,0.030333333333333344,0.14250000000000002,0.0001666666666666705
1,0,0,MLP-C,9,W2,0.3366666666666666,0.6633333333333333,0.7512315270935961,0.031166666666666665,0.10400000000000001,0.007333333333333347
1,0,0,MLP-C,9,X1,0.2066666666666666,0.7933333333333333,0.8359788359788359,0.13566666666666669,0.1485,0.014666666666666672
1,0,0,MLP-C,9,X2,0.2183333333333333,0.7816666666666666,0.8278580814717477,0.1998333333333333,0.07833333333333331,0.00216666666666665
1,0,0,LogReg,10,W1,0.1683333333333333,0.8316666666666667,0.8508124076809453,0.31033333333333335,0.020166666666666666,0.0016666666666666607
1,0,0,LogReg,10,W2,0.1933333333333333,0.8066666666666666,0.8215384615384616,0.2811666666666667,0.015166666666666662,0.0
1,0,0,LogReg,10,X1,0.1516666666666666,0.8483333333333334,0.8623298033282905,0.324,0.022000000000000075,0.0046666666666666965
1,0,0,LogReg,10,X2,0.13,0.87,0.8721311475409836,0.34249999999999997,0.042333333333333334,0.0016666666666666718
1,0,0,SVC,10,W1,0.1766666666666666,0.8233333333333334,0.8463768115942029,0.31300000000000006,0.0,0.0
1,0,0,SVC,10,W2,0.1916666666666666,0.8,0.817629179,0.2808333333333334,0.006500000000000039,-0.0019999999999999684
1,0,0,SVC,10,X1,0.1566666666666666,0.8366666666666667,0.8550295857988166,0.32116666666666666,0.008833333333333337,-0.0020000000000000018
1,0,0,SVC,10,X2,0.13,0.86,0.8653846153846154,0.33033333333333337,0.03366666666666664,-0.002666666666666662
1,0,0,RF-C,10,W1,0.165,0.835,0.8528974739970282,0.30833333333333324,0.030333333333333278,0.016666666666666642
1,0,0,RF-C,10,W2,0.1933333333333333,0.8066666666666666,0.826865672,0.29733333333333334,0.0,0.0
1,0,0,RF-C,10,X1,0.155,0.845,0.8601503759398497,0.32533333333333336,0.02200000000000001,0.0033333333333332993
1,0,0,RF-C,10,X2,0.14,0.86,0.8666666666666667,0.3395,0.021666666666666647,0.0018333333333333535
1,0,0,XGBoost-C,10,W1,0.165,0.8033333333333333,0.8179012345679012,0.27666666666666667,0.03166666666666669,0.006999999999999995
1,0,0,XGBoost-C,10,W2,0.185,0.7633333333333333,0.7724358974358975,0.23099999999999996,0.023666666666666624,-0.00633333333333338
1,0,0,XGBoost-C,10,X1,0.1533333333333333,0.8216666666666667,0.833592535,0.29683333333333334,0.02366666666666666,-0.0071666666666666875
1,0,0,XGBoost-C,10,X2,0.135,0.8183333333333334,0.8198347107438017,0.29050000000000004,0.018333333333333347,-0.009666666666666646
1,0,0,MLP-C,10,W1,0.1633333333333333,0.8366666666666667,0.8550295857988166,0.31216666666666665,0.02749999999999997,0.0056666666666666645
1,0,0,MLP-C,10,W2,0.1866666666666666,0.8133333333333334,0.826625387,0.2821666666666667,0.030666666666666686,0.013500000000000002
1,0,0,MLP-C,10,X1,0.1483333333333333,0.8516666666666667,0.8637059724349158,0.33100000000000007,0.03700000000000001,0.003166666666666651
1,0,0,MLP-C,10,X2,0.1316666666666667,0.8683333333333333,0.8698517298187809,0.3401666666666666,0.0418333333333333,0.0029999999999999584
1,0,1,LogReg,1,W1,0.235,0.765,0.7729468599033816,0.03300000000000003,0.23633333333333334,0.004833333333333345
1,0,1,LogReg,1,W2,0.2516666666666667,0.7483333333333333,0.7487520798668885,0.02866666666666664,0.2333333333333333,-3.3306690738754695e-17
1,0,1,LogReg,1,X1,0.2216666666666666,0.7783333333333333,0.785829308,0.055833333333333325,0.23650000000000002,0.003500000000000003
1,0,1,LogReg,1,X2,0.2416666666666667,0.7583333333333333,0.7579298831385642,0.0463333333333333,0.22416666666666663,0.0006666666666666377
1,0,1,SVC,1,W1,0.2316666666666667,0.7633333333333333,0.7709677419354839,0.03683333333333329,0.2333333333333333,-0.004666666666666685
1,0,1,SVC,1,W2,0.255,0.7483333333333333,0.7453625632377741,0.029833333333333278,0.22699999999999995,0.0036666666666666293
1,0,1,SVC,1,X1,0.2199999999999999,0.7733333333333333,0.7770491803278688,0.05449999999999997,0.23266666666666666,-0.004666666666666685
1,0,1,SVC,1,X2,0.235,0.76,0.7567567567567568,0.04916666666666667,0.22633333333333336,0.002833333333333343
1,0,1,RF-C,1,W1,0.2366666666666667,0.7633333333333333,0.7679738562091504,0.03549999999999999,0.2348333333333333,-0.001333333333333353
1,0,1,RF-C,1,W2,0.235,0.765,0.7606112054329371,0.03583333333333335,0.24183333333333334,0.012166666666666682
1,0,1,RF-C,1,X1,0.2299999999999999,0.77,0.7774193548387097,0.04800000000000001,0.221,0.005333333333333345
1,0,1,RF-C,1,X2,0.235,0.765,0.7589743589743589,0.04216666666666665,0.23583333333333334,0.005666666666666686
1,0,1,XGBoost-C,1,W1,0.2266666666666666,0.7383333333333333,0.7438825448613376,0.024499999999999966,0.2106666666666666,0.0003333333333332966
1,0,1,XGBoost-C,1,W2,0.2466666666666667,0.7216666666666667,0.718381113,0.02683333333333334,0.20316666666666666,0.002000000000000013
1,0,1,XGBoost-C,1,X1,0.2233333333333333,0.7316666666666667,0.7407407407407407,0.0336666666666667,0.19000000000000003,-0.014333333333333309
1,0,1,XGBoost-C,1,X2,0.2266666666666666,0.7433333333333333,0.7407407407407407,0.05066666666666664,0.22016666666666662,-0.004500000000000037
1,0,1,MLP-C,1,W1,0.2316666666666667,0.7683333333333333,0.7761674718196457,0.035999999999999976,0.23833333333333334,0.006499999999999973
1,0,1,MLP-C,1,W2,0.2433333333333333,0.7566666666666667,0.7566666666666667,0.037333333333333364,0.24100000000000005,0.008833333333333382
1,0,1,MLP-C,1,X1,0.2183333333333333,0.7816666666666666,0.7876823338735819,0.06316666666666662,0.2373333333333333,0.004166666666666629
1,0,1,MLP-C,1,X2,0.235,0.765,0.7589743589743589,0.05399999999999999,0.2353333333333333,0.006833333333333325
1,0,1,LogReg,2,W1,0.2233333333333333,0.7766666666666666,0.7518518518518519,0.026499999999999933,0.2538333333333333,0.005333333333333301
1,0,1,LogReg,2,W2,0.2049999999999999,0.795,0.7630057803468208,0.028500000000000036,0.24783333333333335,0.0015000000000000347
1,0,1,LogReg,2,X1,0.2049999999999999,0.795,0.7700934579439253,0.05166666666666671,0.2525,0.0011666666666667158
1,0,1,LogReg,2,X2,0.2033333333333333,0.7966666666666666,0.7680608365019012,0.051666666666666625,0.24066666666666664,0.003499999999999959
1,0,1,SVC,2,W1,0.2133333333333333,0.7716666666666666,0.7439252336448599,0.027333333333333275,0.24433333333333335,0.0019999999999999463
1,0,1,SVC,2,W2,0.2016666666666666,0.8,0.7683397683397684,0.03983333333333337,0.2511666666666667,0.010166666666666702
1,0,1,SVC,2,X1,0.2033333333333333,0.7966666666666666,0.7715355805243446,0.05799999999999996,0.25216666666666665,0.001833333333333298
1,0,1,SVC,2,X2,0.1933333333333333,0.8016666666666666,0.775894539,0.056333333333333305,0.25066666666666665,0.0029999999999999693
1,0,1,RF-C,2,W1,0.235,0.765,0.7364485981308411,0.014833333333333332,0.2505,0.004166666666666674
1,0,1,RF-C,2,W2,0.1999999999999999,0.8,0.7683397683397684,0.03950000000000002,0.25850000000000006,0.011166666666666724
1,0,1,RF-C,2,X1,0.2166666666666666,0.7833333333333333,0.7556390977443609,0.05166666666666666,0.24166666666666664,0.007333333333333336
1,0,1,RF-C,2,X2,0.1916666666666666,0.8083333333333333,0.7792706333973128,0.04666666666666669,0.26333333333333336,0.004500000000000004
1,0,1,XGBoost-C,2,W1,0.2133333333333333,0.7366666666666667,0.7052238805970149,0.028500000000000036,0.22216666666666676,-0.010333333333333316
1,0,1,XGBoost-C,2,W2,0.2083333333333333,0.7483333333333333,0.710172745,0.023499999999999965,0.20783333333333326,0.0024999999999999467
1,0,1,XGBoost-C,2,X1,0.1983333333333333,0.7633333333333333,0.7310606060606061,0.05099999999999997,0.22133333333333333,-0.006333333333333369
1,0,1,XGBoost-C,2,X2,0.1966666666666666,0.7633333333333333,0.7310606060606061,0.04633333333333332,0.21799999999999997,-0.01183333333333334
1,0,1,MLP-C,2,W1,0.2233333333333333,0.7766666666666666,0.7518518518518519,0.026499999999999933,0.2538333333333333,0.005333333333333312
1,0,1,MLP-C,2,W2,0.1999999999999999,0.8,0.7683397683397684,0.04300000000000005,0.24600000000000008,0.011666666666666691
1,0,1,MLP-C,2,X1,0.2033333333333333,0.7966666666666666,0.7723880597014925,0.058833333333333314,0.2538333333333333,0.0013333333333333086
1,0,1,MLP-C,2,X2,0.1933333333333333,0.8066666666666666,0.7867647058823529,0.06416666666666665,0.25533333333333336,0.007499999999999962
1,0,1,LogReg,3,W1,0.2066666666666666,0.7933333333333333,0.7578125,0.06400000000000002,0.2461666666666667,0.0008333333333333304
1,0,1,LogReg,3,W2,0.2049999999999999,0.795,0.7554671968190855,0.07316666666666671,0.24433333333333337,0.00033333333333336325
1,0,1,LogReg,3,X1,0.2033333333333333,0.7966666666666666,0.758893281,0.07499999999999997,0.24066666666666664,0.0008333333333332971
1,0,1,LogReg,3,X2,0.1883333333333333,0.8116666666666666,0.7670103092783506,0.0993333333333333,0.23966666666666664,0.00283333333333331
1,0,1,SVC,3,W1,0.2066666666666666,0.7783333333333333,0.7334669338677354,0.05883333333333331,0.227,-0.0071666666666666875
1,0,1,SVC,3,W2,0.2066666666666666,0.79,0.7385892116182573,0.07400000000000004,0.2376666666666667,0.0068333333333333805
1,0,1,SVC,3,X1,0.2066666666666666,0.79,0.748,0.07100000000000002,0.2318333333333334,0.005333333333333379
1,0,1,SVC,3,X2,0.1899999999999999,0.8066666666666666,0.7593360995850622,0.09316666666666665,0.2353333333333333,0.003166666666666629
1,0,1,RF-C,3,W1,0.2133333333333333,0.7866666666666666,0.7310924369747899,0.04566666666666662,0.24216666666666664,0.001499999999999968
1,0,1,RF-C,3,W2,0.2099999999999999,0.79,0.7469879518072289,0.05083333333333336,0.2508333333333334,0.005166666666666708
1,0,1,RF-C,3,X1,0.1883333333333333,0.8116666666666666,0.7670103092783506,0.08199999999999999,0.25549999999999995,0.005333333333333312
1,0,1,RF-C,3,X2,0.1883333333333333,0.8116666666666666,0.7735470941883767,0.09483333333333331,0.24449999999999994,0.01366666666666665
1,0,1,XGBoost-C,3,W1,0.2049999999999999,0.7283333333333334,0.6772277227722773,0.02866666666666672,0.18150000000000005,-0.01949999999999994
1,0,1,XGBoost-C,3,W2,0.2133333333333333,0.725,0.6719681908548708,0.022833333333333327,0.19266666666666662,-0.018666666666666686
1,0,1,XGBoost-C,3,X1,0.1999999999999999,0.7666666666666667,0.7222222222222222,0.06316666666666672,0.2123333333333334,0.009000000000000053
1,0,1,XGBoost-C,3,X2,0.1833333333333333,0.7916666666666666,0.7474747474747475,0.09566666666666664,0.22416666666666663,0.012166666666666636
1,0,1,MLP-C,3,W1,0.2049999999999999,0.795,0.7602339181286549,0.06550000000000003,0.24866666666666673,0.004166666666666707
1,0,1,MLP-C,3,W2,0.2033333333333333,0.7966666666666666,0.7579365079365079,0.07449999999999998,0.2468333333333333,0.0011666666666666158
1,0,1,MLP-C,3,X1,0.2016666666666666,0.7983333333333333,0.7603960396039604,0.07916666666666668,0.24250000000000002,0.005166666666666675
1,0,1,MLP-C,3,X2,0.1833333333333333,0.8166666666666667,0.7745901639344263,0.10716666666666667,0.2458333333333333,0.008666666666666645
1,0,1,LogReg,4,W1,0.2249999999999999,0.775,0.783306581,0.017833333333333347,0.26133333333333336,-0.0019999999999999575
1,0,1,LogReg,4,W2,0.255,0.745,0.751219512,0.02366666666666666,0.219,-0.002000000000000013
1,0,1,LogReg,4,X1,0.2116666666666666,0.7883333333333333,0.7974481658692185,0.03849999999999999,0.25716666666666665,0.0
1,0,1,LogReg,4,X2,0.2183333333333333,0.7816666666666666,0.7869918699186992,0.07266666666666663,0.2418333333333333,0.006166666666666642
1,0,1,SVC,4,W1,0.2249999999999999,0.7666666666666667,0.7791798107255521,0.013833333333333375,0.25500000000000006,-0.006333333333333279
1,0,1,SVC,4,W2,0.2566666666666667,0.7416666666666667,0.7479674796747967,0.025000000000000022,0.21883333333333335,-0.0028333333333332876
1,0,1,SVC,4,X1,0.2133333333333333,0.7866666666666666,0.799373041,0.04149999999999997,0.2536666666666666,0.004166666666666629
1,0,1,SVC,4,X2,0.2216666666666666,0.77,0.7752442996742671,0.06466666666666668,0.23033333333333333,-0.002166666666666639
1,0,1,RF-C,4,W1,0.2266666666666666,0.7733333333333333,0.7861635220125787,0.016166666666666673,0.2668333333333333,0.002833333333333321
1,0,1,RF-C,4,W2,0.25,0.75,0.7466216216216216,0.021166666666666677,0.23016666666666663,0.005833333333333346
1,0,1,RF-C,4,X1,0.2216666666666666,0.7783333333333333,0.7898894154818326,0.025500000000000002,0.25566666666666665,0.008833333333333337
1,0,1,RF-C,4,X2,0.2233333333333333,0.7766666666666666,0.7817589576547231,0.07116666666666661,0.23583333333333326,0.01849999999999995
1,0,1,XGBoost-C,4,W1,0.2316666666666667,0.7316666666666667,0.7448494453248812,0.01983333333333336,0.22216666666666668,0.003166666666666695
1,0,1,XGBoost-C,4,W2,0.2633333333333333,0.7183333333333334,0.7269789983844911,0.03366666666666671,0.1931666666666667,0.02183333333333338
1,0,1,XGBoost-C,4,X1,0.2216666666666666,0.725,0.7376788553259142,0.014499999999999957,0.20083333333333328,-0.013166666666666693
1,0,1,XGBoost-C,4,X2,0.2216666666666666,0.7583333333333333,0.7657512116316639,0.06849999999999998,0.21416666666666667,0.01633333333333331
1,0,1,MLP-C,4,W1,0.2166666666666666,0.7833333333333333,0.7896440129449838,0.015666666666666662,0.273,-0.0018333333333333424
1,0,1,MLP-C,4,W2,0.245,0.755,0.7601957585644372,0.030333333333333323,0.23266666666666672,0.0016666666666666718
1,0,1,MLP-C,4,X1,0.2116666666666666,0.7883333333333333,0.7987321711568938,0.04816666666666665,0.2578333333333333,0.002666666666666662
1,0,1,MLP-C,4,X2,0.2166666666666666,0.7833333333333333,0.7882736156351792,0.07433333333333333,0.2438333333333333,0.008666666666666689
1,0,1,LogReg,5,W1,0.15,0.85,0.8387096774193549,0.17833333333333332,0.2415,0.006833333333333302
1,0,1,LogReg,5,W2,0.2133333333333333,0.7866666666666666,0.7746478873239436,0.15216666666666662,0.1608333333333333,0.002833333333333299
1,0,1,LogReg,5,X1,0.1516666666666666,0.8483333333333334,0.8389380530973451,0.1766666666666667,0.22733333333333333,0.00633333333333338
1,0,1,LogReg,5,X2,0.1766666666666666,0.8233333333333334,0.8120567375886525,0.19183333333333336,0.18200000000000002,0.0038333333333333665
1,0,1,SVC,5,W1,0.1516666666666666,0.8333333333333334,0.8226950354609929,0.16666666666666669,0.2161666666666667,-0.0019999999999999575
1,0,1,SVC,5,W2,0.2083333333333333,0.785,0.7716814159292036,0.1531666666666667,0.15133333333333338,0.005500000000000049
1,0,1,SVC,5,X1,0.1566666666666666,0.8383333333333334,0.8283185840707965,0.16816666666666671,0.2146666666666667,-0.0019999999999999575
1,0,1,SVC,5,X2,0.1766666666666666,0.8116666666666666,0.800705467,0.179,0.1736666666666667,-0.001333333333333353
1,0,1,RF-C,5,W1,0.17,0.83,0.8165467625899281,0.15699999999999995,0.22816666666666663,0.010166666666666647
1,0,1,RF-C,5,W2,0.2299999999999999,0.77,0.7570422535211268,0.135,0.15333333333333338,-0.006499999999999983
1,0,1,RF-C,5,X1,0.155,0.845,0.8388214904679376,0.17149999999999996,0.23183333333333334,0.0034999999999999697
1,0,1,RF-C,5,X2,0.1899999999999999,0.81,0.7978723404255319,0.18216666666666673,0.1723333333333334,0.0030000000000000248
1,0,1,XGBoost-C,5,W1,0.1566666666666666,0.8016666666666666,0.7893805309734513,0.14733333333333332,0.19283333333333327,-0.003333333333333355
1,0,1,XGBoost-C,5,W2,0.2133333333333333,0.7366666666666667,0.7237762237762237,0.11100000000000003,0.1315,-0.018833333333333313
1,0,1,XGBoost-C,5,X1,0.155,0.8266666666666667,0.821917808,0.1716666666666667,0.2026666666666667,0.01133333333333334
1,0,1,XGBoost-C,5,X2,0.1866666666666666,0.7666666666666667,0.7491039426523297,0.1548333333333334,0.1341666666666667,-0.022166666666666612
1,0,1,MLP-C,5,W1,0.1483333333333333,0.8516666666666667,0.8407871198568873,0.1785,0.24266666666666667,0.007666666666666666
1,0,1,MLP-C,5,W2,0.2116666666666666,0.7883333333333333,0.7768014059753954,0.15050000000000002,0.16316666666666663,0.003833333333333344
1,0,1,MLP-C,5,X1,0.1516666666666666,0.8483333333333334,0.8395061728395061,0.1768333333333334,0.2308333333333334,0.008000000000000052
1,0,1,MLP-C,5,X2,0.1766666666666666,0.8233333333333334,0.8120567375886525,0.19133333333333338,0.183,0.0031666666666667065
1,0,1,LogReg,6,W1,0.2333333333333332,0.7666666666666667,0.7643097643097643,0.03383333333333338,0.25550000000000006,-0.0016666666666666275
1,0,1,LogReg,6,W2,0.2333333333333332,0.7666666666666667,0.768976898,0.036666666666666715,0.26250000000000007,0.0015000000000000347
1,0,1,LogReg,6,X1,0.2199999999999999,0.78,0.777027027,0.04833333333333336,0.248,-0.0036666666666666514
1,0,1,LogReg,6,X2,0.2216666666666666,0.7783333333333333,0.7816091954022989,0.06533333333333331,0.24116666666666667,0.000333333333333341
1,0,1,SVC,6,W1,0.2283333333333334,0.765,0.7606112054329371,0.029000000000000015,0.2573333333333333,0.0020000000000000018
1,0,1,SVC,6,W2,0.2333333333333332,0.745,0.7495908346972177,0.016166666666666652,0.24183333333333334,-0.007499999999999995
1,0,1,SVC,6,X1,0.2166666666666666,0.78,0.7755102040816326,0.04716666666666669,0.2531666666666667,0.0035000000000000144
1,0,1,SVC,6,X2,0.2199999999999999,0.765,0.7714748784440842,0.05350000000000001,0.23000000000000004,-0.005333333333333334
1,0,1,RF-C,6,W1,0.2333333333333332,0.7666666666666667,0.7569444444444444,0.00850000000000004,0.2675,0.005000000000000049
1,0,1,RF-C,6,W2,0.2533333333333333,0.7466666666666667,0.7491749174917491,0.005500000000000049,0.24916666666666662,0.00016666666666668162
1,0,1,RF-C,6,X1,0.2133333333333333,0.7866666666666666,0.782312925,0.051333333333333286,0.2621666666666666,0.013833333333333298
1,0,1,RF-C,6,X2,0.235,0.765,0.7684729064039408,0.05283333333333334,0.23399999999999999,-0.004166666666666652
1,0,1,XGBoost-C,6,W1,0.2266666666666666,0.7433333333333333,0.7416107382550335,0.014833333333333277,0.2373333333333333,-0.0031666666666667065
1,0,1,XGBoost-C,6,W2,0.2516666666666667,0.7083333333333334,0.7181964573268921,0.01983333333333337,0.19550000000000003,-0.0001666666666666483
1,0,1,XGBoost-C,6,X1,0.2066666666666666,0.7533333333333333,0.7533333333333333,0.04349999999999996,0.22766666666666663,0.0014999999999999792
1,0,1,XGBoost-C,6,X2,0.2283333333333334,0.715,0.7201309328968903,0.03533333333333331,0.18816666666666665,-0.014666666666666717
1,0,1,MLP-C,6,W1,0.2266666666666666,0.7733333333333333,0.7694915254237288,0.03933333333333332,0.25966666666666666,0.004666666666666652
1,0,1,MLP-C,6,W2,0.2333333333333332,0.7666666666666667,0.768976898,0.035166666666666714,0.26216666666666677,0.00016666666666668162
1,0,1,MLP-C,6,X1,0.2149999999999999,0.785,0.7824620573355818,0.05150000000000003,0.2566666666666667,0.0070000000000000505
1,0,1,MLP-C,6,X2,0.2216666666666666,0.7783333333333333,0.7816091954022989,0.06533333333333331,0.24116666666666667,0.0001666666666666705
1,0,1,LogReg,7,W1,0.2133333333333333,0.7866666666666666,0.7241379310344828,0.02799999999999997,0.23816666666666658,0.002333333333333287
1,0,1,LogReg,7,W2,0.2016666666666666,0.7983333333333333,0.737527115,0.025666666666666692,0.2543333333333333,0.0005000000000000227
1,0,1,LogReg,7,X1,0.1899999999999999,0.81,0.7532467532467533,0.057666666666666734,0.2503333333333334,0.00033333333333337436
1,0,1,LogReg,7,X2,0.1816666666666666,0.8183333333333334,0.7714884696016772,0.06550000000000002,0.25133333333333335,0.0
1,0,1,SVC,7,W1,0.2116666666666666,0.785,0.7272727272727273,0.028333333333333356,0.23800000000000007,0.0028333333333333765
1,0,1,SVC,7,W2,0.2083333333333333,0.7866666666666666,0.7253218884120172,0.020999999999999953,0.24199999999999994,0.0013333333333333086
1,0,1,SVC,7,X1,0.1833333333333333,0.8133333333333334,0.7647058823529411,0.06500000000000003,0.2583333333333333,0.004833333333333334
1,0,1,SVC,7,X2,0.18,0.8166666666666667,0.7679324894514767,0.06433333333333331,0.24566666666666664,0.000666666666666671
1,0,1,RF-C,7,W1,0.2066666666666666,0.7933333333333333,0.7394957983193278,0.046000000000000006,0.2455,0.02383333333333334
1,0,1,RF-C,7,W2,0.2049999999999999,0.795,0.7399577167019028,0.022833333333333372,0.2606666666666667,0.0018333333333333645
1,0,1,RF-C,7,X1,0.1933333333333333,0.8066666666666666,0.7593360995850622,0.05416666666666663,0.25716666666666665,0.006999999999999984
1,0,1,RF-C,7,X2,0.18,0.82,0.7759336099585062,0.07099999999999995,0.26099999999999995,0.0034999999999999363
1,0,1,XGBoost-C,7,W1,0.2049999999999999,0.7333333333333333,0.6694214876033058,0.010999999999999944,0.1936666666666666,-0.022166666666666734
1,0,1,XGBoost-C,7,W2,0.2049999999999999,0.7333333333333333,0.6666666666666666,0.006499999999999939,0.1951666666666666,-0.004166666666666719
1,0,1,XGBoost-C,7,X1,0.1949999999999999,0.76,0.69874477,0.04083333333333333,0.20549999999999996,-0.006833333333333325
1,0,1,XGBoost-C,7,X2,0.185,0.7516666666666667,0.6927835051546392,0.04033333333333335,0.20116666666666672,-0.0153333333333333
1,0,1,MLP-C,7,W1,0.2066666666666666,0.7933333333333333,0.743801653,0.044666666666666674,0.2411666666666667,0.011666666666666681
1,0,1,MLP-C,7,W2,0.2049999999999999,0.795,0.7354838709677419,0.025166666666666705,0.25150000000000006,0.0013333333333333751
1,0,1,MLP-C,7,X1,0.1916666666666666,0.8083333333333333,0.7648261758691206,0.06766666666666668,0.25233333333333335,-0.0020000000000000018
1,0,1,MLP-C,7,X2,0.1816666666666666,0.8183333333333334,0.7724425887265136,0.067,0.2516666666666667,0.0011666666666666937
1,0,1,LogReg,8,W1,0.1883333333333333,0.8116666666666666,0.807495741,0.15299999999999997,0.18783333333333332,0.00466666666666663
1,0,1,LogReg,8,W2,0.2283333333333334,0.7716666666666666,0.7641996557659209,0.13283333333333328,0.15633333333333327,0.0008333333333332748
1,0,1,LogReg,8,X1,0.18,0.82,0.8169491525423729,0.16649999999999995,0.18233333333333326,0.0038333333333332776
1,0,1,LogReg,8,X2,0.1899999999999999,0.81,0.8041237113402062,0.17183333333333337,0.17600000000000002,0.002666666666666728
1,0,1,SVC,8,W1,0.1783333333333333,0.8133333333333334,0.8120805369127517,0.16183333333333336,0.18450000000000005,0.004333333333333356
1,0,1,SVC,8,W2,0.2316666666666667,0.7616666666666667,0.7538726333907056,0.1203333333333334,0.15100000000000002,-0.00733333333333328
1,0,1,SVC,8,X1,0.1833333333333333,0.8066666666666666,0.8040540540540541,0.15833333333333335,0.16983333333333334,-0.005166666666666675
1,0,1,SVC,8,X2,0.1933333333333333,0.8,0.7916666666666666,0.1648333333333334,0.16883333333333334,0.002333333333333376
1,0,1,RF-C,8,W1,0.1899999999999999,0.81,0.8074324324324325,0.15033333333333337,0.18700000000000006,0.014500000000000046
1,0,1,RF-C,8,W2,0.2299999999999999,0.77,0.764505119,0.1261666666666667,0.15700000000000003,0.0021666666666666835
1,0,1,RF-C,8,X1,0.1816666666666666,0.8183333333333334,0.8143100511073254,0.17400000000000004,0.18416666666666667,0.020666666666666687
1,0,1,RF-C,8,X2,0.1933333333333333,0.8066666666666666,0.8006872852233677,0.16949999999999998,0.17316666666666664,0.004666666666666619
1,0,1,XGBoost-C,8,W1,0.1866666666666666,0.7833333333333333,0.7818791946308725,0.13916666666666666,0.16266666666666668,0.009833333333333338
1,0,1,XGBoost-C,8,W2,0.2316666666666667,0.7333333333333333,0.735973597,0.10766666666666662,0.12949999999999995,-0.010000000000000042
1,0,1,XGBoost-C,8,X1,0.1833333333333333,0.7983333333333333,0.7986688851913477,0.16416666666666666,0.15666666666666668,0.01033333333333335
1,0,1,XGBoost-C,8,X2,0.1966666666666666,0.745,0.7437185929648241,0.11983333333333332,0.12833333333333335,-0.015833333333333345
1,0,1,MLP-C,8,W1,0.1833333333333333,0.8166666666666667,0.8148148148148148,0.15566666666666668,0.193,0.004333333333333333
1,0,1,MLP-C,8,W2,0.2283333333333334,0.7716666666666666,0.7650085763293311,0.13216666666666663,0.15649999999999994,0.001166666666666627
1,0,1,MLP-C,8,X1,0.18,0.82,0.8181818181818182,0.16683333333333328,0.1838333333333333,0.0034999999999999697
1,0,1,MLP-C,8,X2,0.1899999999999999,0.81,0.8041237113402062,0.17133333333333337,0.1766666666666667,0.0028333333333333877
1,0,1,LogReg,9,W1,0.2483333333333333,0.7516666666666667,0.7470288624787776,0.05316666666666671,0.21100000000000002,-0.0006666666666666265
1,0,1,LogReg,9,W2,0.2466666666666667,0.7533333333333333,0.7430555555555556,0.06183333333333328,0.20699999999999993,0.0003333333333332966
1,0,1,LogReg,9,X1,0.235,0.765,0.7638190954773869,0.07416666666666669,0.21416666666666667,0.0020000000000000018
1,0,1,LogReg,9,X2,0.2216666666666666,0.7783333333333333,0.7710843373493976,0.091,0.2033333333333333,-0.0011666666666666603
1,0,1,SVC,9,W1,0.245,0.755,0.7452339688041595,0.055166666666666676,0.2168333333333333,-0.004166666666666663
1,0,1,SVC,9,W2,0.25,0.7416666666666667,0.7386172006745363,0.051333333333333356,0.19816666666666666,-0.00283333333333331
1,0,1,SVC,9,X1,0.2266666666666666,0.75,0.7413793103448276,0.057833333333333334,0.2038333333333333,-0.017833333333333347
1,0,1,SVC,9,X2,0.2183333333333333,0.7683333333333333,0.7640067911714771,0.08166666666666664,0.19933333333333328,-0.007500000000000007
1,0,1,RF-C,9,W1,0.2416666666666667,0.7583333333333333,0.7504302925989673,0.033833333333333306,0.2333333333333333,0.007333333333333303
1,0,1,RF-C,9,W2,0.25,0.75,0.7440273037542662,0.05949999999999998,0.20583333333333337,0.011666666666666648
1,0,1,RF-C,9,X1,0.2383333333333332,0.7616666666666667,0.7513043478260869,0.06900000000000003,0.21366666666666667,0.002333333333333376
1,0,1,RF-C,9,X2,0.2299999999999999,0.77,0.7620689655172413,0.08183333333333334,0.21016666666666667,0.01366666666666667
1,0,1,XGBoost-C,9,W1,0.2333333333333332,0.7266666666666667,0.7191780821917808,0.052666666666666695,0.19033333333333333,0.003333333333333355
1,0,1,XGBoost-C,9,W2,0.26,0.7216666666666667,0.7075306479859895,0.05466666666666668,0.1741666666666667,0.015666666666666683
1,0,1,XGBoost-C,9,X1,0.2383333333333332,0.75,0.7395833333333334,0.065,0.19833333333333333,0.020166666666666666
1,0,1,XGBoost-C,9,X2,0.2283333333333334,0.735,0.7282051282051282,0.06566666666666664,0.18183333333333335,-0.0005000000000000227
1,0,1,MLP-C,9,W1,0.24,0.76,0.7567567567567568,0.06266666666666668,0.22133333333333333,0.005166666666666664
1,0,1,MLP-C,9,W2,0.2466666666666667,0.7533333333333333,0.7421602787456446,0.06283333333333328,0.2063333333333333,0.0016666666666666162
1,0,1,MLP-C,9,X1,0.2299999999999999,0.77,0.7636986301369864,0.07750000000000001,0.22166666666666668,-0.0016666666666666496
1,0,1,MLP-C,9,X2,0.2199999999999999,0.78,0.7724137931034483,0.09383333333333338,0.2066666666666667,0.001000000000000023
1,0,1,LogReg,10,W1,0.2283333333333334,0.7716666666666666,0.7964338781575037,0.035333333333333286,0.2415,-0.0001666666666666927
1,0,1,LogReg,10,W2,0.2249999999999999,0.775,0.7969924812030075,0.042166666666666665,0.25083333333333335,0.004166666666666707
1,0,1,LogReg,10,X1,0.2083333333333333,0.7916666666666666,0.8103186646433991,0.061833333333333296,0.24466666666666664,0.0009999999999999564
1,0,1,LogReg,10,X2,0.1899999999999999,0.81,0.8283132530120482,0.09350000000000006,0.2626666666666667,0.003333333333333377
1,0,1,SVC,10,W1,0.2283333333333334,0.765,0.7911111111111111,0.03516666666666669,0.233,-0.006333333333333302
1,0,1,SVC,10,W2,0.2283333333333334,0.765,0.789865872,0.03650000000000001,0.24266666666666667,-0.005333333333333312
1,0,1,SVC,10,X1,0.2116666666666666,0.7733333333333333,0.7933130699088146,0.039999999999999994,0.23099999999999996,-0.0036666666666666514
1,0,1,SVC,10,X2,0.1933333333333333,0.805,0.8235294117647058,0.08933333333333339,0.26216666666666677,0.0011666666666667047
1,0,1,RF-C,10,W1,0.2199999999999999,0.78,0.8006042296072508,0.043000000000000024,0.25,0.006833333333333369
1,0,1,RF-C,10,W2,0.2233333333333333,0.7766666666666666,0.7987987987987988,0.039333333333333276,0.2619999999999999,0.007499999999999962
1,0,1,RF-C,10,X1,0.2216666666666666,0.7783333333333333,0.7981790591805766,0.05583333333333331,0.23600000000000004,0.004999999999999993
1,0,1,RF-C,10,X2,0.1916666666666666,0.8083333333333333,0.8286140089418778,0.09166666666666667,0.26516666666666666,0.0006666666666666598
1,0,1,XGBoost-C,10,W1,0.2233333333333333,0.73,0.7560240963855421,0.03649999999999999,0.19916666666666666,-0.015333333333333355
1,0,1,XGBoost-C,10,W2,0.2216666666666666,0.7516666666666667,0.7689922480620155,0.030166666666666685,0.23933333333333334,0.011666666666666704
1,0,1,XGBoost-C,10,X1,0.2116666666666666,0.7533333333333333,0.7750759878419453,0.04349999999999998,0.21249999999999997,-0.0013333333333333751
1,0,1,XGBoost-C,10,X2,0.185,0.7933333333333333,0.8074534161490683,0.09600000000000002,0.2495,0.012999999999999989
1,0,1,MLP-C,10,W1,0.2233333333333333,0.7766666666666666,0.8005952380952381,0.040166666666666614,0.2455,0.0014999999999999458
1,0,1,MLP-C,10,W2,0.2216666666666666,0.7783333333333333,0.7975646879756468,0.0428333333333333,0.2553333333333333,0.003166666666666673
1,0,1,MLP-C,10,X1,0.2049999999999999,0.795,0.8133535660091047,0.06483333333333338,0.24916666666666668,0.006000000000000038
1,0,1,MLP-C,10,X2,0.1883333333333333,0.8116666666666666,0.8242612752721618,0.09466666666666665,0.2661666666666667,0.0
1,0,2,LogReg,1,W1,0.2283333333333334,0.7716666666666666,0.7370441458733206,0.06716666666666662,0.20133333333333328,0.003333333333333277
1,0,2,LogReg,1,W2,0.2433333333333333,0.7566666666666667,0.7091633466135459,0.06616666666666672,0.20233333333333334,0.0021666666666667056
1,0,2,LogReg,1,X1,0.18,0.82,0.7962264150943397,0.1411666666666666,0.21533333333333324,0.0043333333333333
1,0,2,LogReg,1,X2,0.1733333333333333,0.8266666666666667,0.7976653696498055,0.1755,0.19383333333333336,0.0
1,0,2,SVC,1,W1,0.2333333333333332,0.765,0.7304015296367112,0.06366666666666668,0.192,0.0001666666666666705
1,0,2,SVC,1,W2,0.2416666666666667,0.7583333333333333,0.7105788423153693,0.06683333333333331,0.20533333333333328,-0.0021666666666667056
1,0,2,SVC,1,X1,0.1783333333333333,0.815,0.7877629063097514,0.1261666666666666,0.2173333333333333,0.002666666666666617
1,0,2,SVC,1,X2,0.1683333333333333,0.83,0.8015564202334631,0.1838333333333333,0.19316666666666663,0.0033333333333332993
1,0,2,RF-C,1,W1,0.2266666666666666,0.7733333333333333,0.7414448669201521,0.06799999999999999,0.19799999999999995,0.002833333333333321
1,0,2,RF-C,1,W2,0.2416666666666667,0.7583333333333333,0.7034764826175869,0.06283333333333331,0.2018333333333333,0.003999999999999959
1,0,2,RF-C,1,X1,0.1733333333333333,0.8266666666666667,0.8037735849056604,0.14033333333333334,0.22183333333333338,0.0058333333333333015
1,0,2,RF-C,1,X2,0.175,0.825,0.793713163,0.19183333333333327,0.18516666666666665,0.014666666666666628
1,0,2,XGBoost-C,1,W1,0.2266666666666666,0.75,0.7211895910780669,0.054000000000000006,0.19316666666666668,0.010166666666666668
1,0,2,XGBoost-C,1,W2,0.2333333333333332,0.6833333333333333,0.6153846153846154,0.053666666666666675,0.1331666666666667,-0.024333333333333308
1,0,2,XGBoost-C,1,X1,0.1716666666666666,0.79,0.7613636363636364,0.12383333333333338,0.18650000000000003,0.0005000000000000449
1,0,2,XGBoost-C,1,X2,0.1733333333333333,0.79,0.75390625,0.16800000000000007,0.15666666666666668,-0.008166666666666633
1,0,2,MLP-C,1,W1,0.2299999999999999,0.77,0.7396226415094339,0.06733333333333334,0.20166666666666672,0.0023333333333333426
1,0,2,MLP-C,1,W2,0.24,0.76,0.7131474103585658,0.063,0.20733333333333337,-0.00016666666666665942
1,0,2,MLP-C,1,X1,0.1716666666666666,0.8283333333333334,0.8052930056710775,0.14416666666666672,0.22566666666666668,0.015333333333333365
1,0,2,MLP-C,1,X2,0.17,0.83,0.8015564202334631,0.18216666666666664,0.19499999999999992,0.00249999999999998
1,0,2,LogReg,2,W1,0.2316666666666667,0.7683333333333333,0.7214428857715431,0.08083333333333331,0.19383333333333327,0.0
1,0,2,LogReg,2,W2,0.2683333333333333,0.7316666666666667,0.6773547094188377,0.06816666666666668,0.17350000000000002,0.006333333333333335
1,0,2,LogReg,2,X1,0.1949999999999999,0.805,0.7547169811320755,0.1333333333333334,0.19016666666666673,0.002000000000000035
1,0,2,LogReg,2,X2,0.1916666666666666,0.8083333333333333,0.7722772277227723,0.17600000000000002,0.17900000000000005,0.001833333333333309
1,0,2,SVC,2,W1,0.2316666666666667,0.76,0.7061224489795919,0.08833333333333335,0.17733333333333334,0.0025000000000000022
1,0,2,SVC,2,W2,0.2683333333333333,0.7283333333333334,0.6652977412731006,0.06883333333333339,0.1708333333333334,0.0016666666666667052
1,0,2,SVC,2,X1,0.1999999999999999,0.79,0.7385892116182573,0.1166666666666667,0.17883333333333337,-0.007666666666666644
1,0,2,SVC,2,X2,0.1933333333333333,0.8,0.7580645161290323,0.16950000000000004,0.16783333333333336,0.000500000000000056
1,0,2,RF-C,2,W1,0.2333333333333332,0.7666666666666667,0.72,0.06666666666666674,0.20166666666666672,-0.0018333333333332646
1,0,2,RF-C,2,W2,0.265,0.735,0.6735112936344969,0.06399999999999999,0.17766666666666667,0.0006666666666666488
1,0,2,RF-C,2,X1,0.2033333333333333,0.7966666666666666,0.7520325203252033,0.1243333333333333,0.1938333333333333,0.005999999999999972
1,0,2,RF-C,2,X2,0.1816666666666666,0.8183333333333334,0.781563126,0.17916666666666664,0.193,0.004833333333333356
1,0,2,XGBoost-C,2,W1,0.2249999999999999,0.7433333333333333,0.6895161290322581,0.06566666666666662,0.17183333333333334,-0.00650000000000005
1,0,2,XGBoost-C,2,W2,0.2666666666666667,0.6966666666666667,0.6431372549019608,0.04749999999999999,0.14866666666666667,0.0014999999999999903
1,0,2,XGBoost-C,2,X1,0.1983333333333333,0.765,0.71743487,0.10633333333333335,0.16566666666666668,-0.01699999999999997
1,0,2,XGBoost-C,2,X2,0.1833333333333333,0.795,0.7620889748549323,0.16333333333333339,0.16600000000000006,0.0010000000000000343
1,0,2,MLP-C,2,W1,0.2316666666666667,0.7683333333333333,0.7214428857715431,0.0813333333333333,0.19399999999999998,0.0006666666666666265
1,0,2,MLP-C,2,W2,0.2683333333333333,0.7316666666666667,0.6773547094188377,0.06750000000000002,0.1736666666666667,0.006500000000000006
1,0,2,MLP-C,2,X1,0.1949999999999999,0.805,0.7587628865979381,0.1331666666666667,0.191,0.001000000000000023
1,0,2,MLP-C,2,X2,0.1883333333333333,0.8116666666666666,0.7797270955165692,0.17716666666666664,0.18116666666666664,0.0066666666666666315
1,0,2,LogReg,3,W1,0.1683333333333333,0.8316666666666667,0.7320954907161804,0.14516666666666667,0.16583333333333333,0.0029999999999999805
1,0,2,LogReg,3,W2,0.1766666666666666,0.8233333333333334,0.7309644670050761,0.14366666666666666,0.16983333333333336,0.003000000000000047
1,0,2,LogReg,3,X1,0.1483333333333333,0.8516666666666667,0.7688311688311689,0.16466666666666666,0.17016666666666666,0.001666666666666683
1,0,2,LogReg,3,X2,0.125,0.875,0.8175182481751825,0.20883333333333334,0.17600000000000002,0.002666666666666662
1,0,2,SVC,3,W1,0.17,0.8216666666666667,0.7084468664850136,0.13633333333333333,0.147,-0.003833333333333333
1,0,2,SVC,3,W2,0.1866666666666666,0.81,0.7,0.1366666666666667,0.14083333333333342,-0.0014999999999999569
1,0,2,SVC,3,X1,0.1483333333333333,0.84,0.7512953367875648,0.15716666666666662,0.15299999999999994,-0.0060000000000000496
1,0,2,SVC,3,X2,0.1266666666666667,0.8633333333333333,0.7960199004975125,0.19099999999999998,0.1686666666666666,-0.003000000000000047
1,0,2,RF-C,3,W1,0.1716666666666666,0.8283333333333334,0.7310704960835509,0.13533333333333336,0.16966666666666672,0.009500000000000031
1,0,2,RF-C,3,W2,0.1783333333333333,0.8216666666666667,0.7263427109974424,0.14566666666666667,0.17266666666666666,0.008666666666666645
1,0,2,RF-C,3,X1,0.1533333333333333,0.8466666666666667,0.7591623036649214,0.16083333333333333,0.17083333333333334,0.008166666666666655
1,0,2,RF-C,3,X2,0.1333333333333333,0.8666666666666667,0.8067632850241546,0.21133333333333337,0.17300000000000004,0.004333333333333367
1,0,2,XGBoost-C,3,W1,0.1733333333333333,0.7933333333333333,0.6868686868686869,0.10750000000000001,0.1375,0.006833333333333325
1,0,2,XGBoost-C,3,W2,0.175,0.7583333333333333,0.6572104018912529,0.08916666666666663,0.1383333333333333,-0.010166666666666702
1,0,2,XGBoost-C,3,X1,0.1533333333333333,0.82,0.7258883248730964,0.14349999999999993,0.14099999999999993,0.014166666666666628
1,0,2,XGBoost-C,3,X2,0.1333333333333333,0.8266666666666667,0.75,0.18066666666666667,0.15,-0.015666666666666672
1,0,2,MLP-C,3,W1,0.1666666666666666,0.8333333333333334,0.7395833333333334,0.14216666666666672,0.17583333333333337,0.005000000000000037
1,0,2,MLP-C,3,W2,0.1766666666666666,0.8233333333333334,0.7309644670050761,0.14283333333333337,0.17033333333333336,0.0031666666666667178
1,0,2,MLP-C,3,X1,0.1483333333333333,0.8516666666666667,0.7676240208877284,0.16583333333333333,0.16883333333333334,0.002000000000000024
1,0,2,MLP-C,3,X2,0.1233333333333333,0.8766666666666667,0.8186274509803921,0.21150000000000002,0.17700000000000002,0.0010000000000000453
1,0,2,LogReg,4,W1,0.1933333333333333,0.8066666666666666,0.8006872852233677,0.11749999999999998,0.21833333333333327,-0.0005000000000000337
1,0,2,LogReg,4,W2,0.2383333333333332,0.7616666666666667,0.7563884156729132,0.10516666666666671,0.1773333333333334,0.0025000000000000465
1,0,2,LogReg,4,X1,0.1816666666666666,0.8183333333333334,0.8123924268502581,0.14983333333333337,0.19450000000000003,0.005000000000000027
1,0,2,LogReg,4,X2,0.15,0.85,0.8458904109589042,0.22016666666666668,0.19283333333333333,0.0001666666666666261
1,0,2,SVC,4,W1,0.1949999999999999,0.8016666666666666,0.7965811965811965,0.13499999999999998,0.20116666666666666,0.008166666666666645
1,0,2,SVC,4,W2,0.2316666666666667,0.7683333333333333,0.7599309153713298,0.11233333333333331,0.18899999999999997,0.001833333333333309
1,0,2,SVC,4,X1,0.1783333333333333,0.8166666666666667,0.8090277777777778,0.15150000000000002,0.18566666666666667,0.0056666666666666645
1,0,2,SVC,4,X2,0.1533333333333333,0.845,0.8399311531841652,0.21383333333333332,0.1888333333333333,0.0016666666666666162
1,0,2,RF-C,4,W1,0.1999999999999999,0.8,0.7945205479452054,0.10566666666666671,0.21283333333333337,0.011500000000000043
1,0,2,RF-C,4,W2,0.24,0.76,0.7551020408163265,0.10433333333333335,0.19,0.005833333333333346
1,0,2,RF-C,4,X1,0.1783333333333333,0.8216666666666667,0.8145580589254766,0.15899999999999997,0.1933333333333333,0.005166666666666675
1,0,2,RF-C,4,X2,0.1633333333333333,0.8366666666666667,0.8355704697986577,0.21033333333333334,0.18216666666666667,0.005166666666666675
1,0,2,XGBoost-C,4,W1,0.1983333333333333,0.7666666666666667,0.7627118644067796,0.09183333333333338,0.17766666666666672,-0.003666666666666618
1,0,2,XGBoost-C,4,W2,0.2166666666666666,0.755,0.7562189054726368,0.09266666666666667,0.17,0.017333333333333357
1,0,2,XGBoost-C,4,X1,0.1683333333333333,0.7983333333333333,0.7924528301886793,0.1465,0.16816666666666666,0.0005000000000000004
1,0,2,XGBoost-C,4,X2,0.1516666666666666,0.8283333333333334,0.8263069139966274,0.20766666666666667,0.17150000000000004,0.02200000000000003
1,0,2,MLP-C,4,W1,0.1899999999999999,0.81,0.8047945205479452,0.11933333333333337,0.22150000000000009,0.0005000000000000115
1,0,2,MLP-C,4,W2,0.2383333333333332,0.7616666666666667,0.7572156196943973,0.10583333333333338,0.17700000000000002,-0.0006666666666666155
1,0,2,MLP-C,4,X1,0.18,0.82,0.8163265306122449,0.1481666666666666,0.19516666666666663,0.011499999999999944
1,0,2,MLP-C,4,X2,0.1483333333333333,0.8516666666666667,0.8488964346349746,0.22283333333333336,0.1975,-0.0008333333333333304
1,0,2,LogReg,5,W1,0.2149999999999999,0.785,0.7881773399014779,0.11933333333333336,0.1906666666666667,0.002166666666666717
1,0,2,LogReg,5,W2,0.275,0.725,0.7308319738988581,0.07816666666666665,0.14966666666666664,-0.0011666666666666937
1,0,2,LogReg,5,X1,0.165,0.835,0.8405797101449275,0.17633333333333331,0.20783333333333331,0.00533333333333329
1,0,2,LogReg,5,X2,0.2033333333333333,0.7966666666666666,0.7903780068728522,0.18766666666666662,0.13799999999999998,-0.000666666666666682
1,0,2,SVC,5,W1,0.2133333333333333,0.7833333333333333,0.7854785478547854,0.12,0.1833333333333333,-1.1102230246251566e-17
1,0,2,SVC,5,W2,0.2733333333333333,0.7216666666666667,0.7257799671592775,0.08533333333333334,0.14400000000000002,-0.007999999999999985
1,0,2,SVC,5,X1,0.1666666666666666,0.825,0.8341232227488151,0.15999999999999998,0.19733333333333328,-0.0011666666666666937
1,0,2,SVC,5,X2,0.1949999999999999,0.795,0.7904599659284497,0.18450000000000005,0.1398333333333334,-0.0016666666666666275
1,0,2,RF-C,5,W1,0.2099999999999999,0.79,0.7967741935483871,0.12150000000000002,0.19316666666666668,0.012166666666666714
1,0,2,RF-C,5,W2,0.265,0.735,0.7423014586709886,0.08183333333333331,0.16516666666666666,0.004833333333333323
1,0,2,RF-C,5,X1,0.18,0.82,0.8285714285714286,0.15716666666666662,0.2036666666666666,0.003999999999999971
1,0,2,RF-C,5,X2,0.2083333333333333,0.7916666666666666,0.7884940778341794,0.1846666666666666,0.1438333333333333,0.003999999999999971
1,0,2,XGBoost-C,5,W1,0.2133333333333333,0.7583333333333333,0.7603305785123967,0.09799999999999999,0.177,0.0051666666666666415
1,0,2,XGBoost-C,5,W2,0.265,0.6883333333333334,0.6888519134775375,0.07800000000000003,0.11450000000000002,-0.019833333333333314
1,0,2,XGBoost-C,5,X1,0.1733333333333333,0.8,0.8089171974522293,0.14933333333333337,0.1855,0.0025000000000000465
1,0,2,XGBoost-C,5,X2,0.1983333333333333,0.7733333333333333,0.7740863787375415,0.1673333333333333,0.12283333333333331,-0.00850000000000003
1,0,2,MLP-C,5,W1,0.2116666666666666,0.7883333333333333,0.7893864013266998,0.12633333333333333,0.18983333333333333,-0.002000000000000013
1,0,2,MLP-C,5,W2,0.2733333333333333,0.7266666666666667,0.7320261437908496,0.08066666666666668,0.15033333333333335,0.0008333333333333415
1,0,2,MLP-C,5,X1,0.1633333333333333,0.8366666666666667,0.84244373,0.17700000000000002,0.2086666666666667,0.006333333333333335
1,0,2,MLP-C,5,X2,0.1966666666666666,0.8033333333333333,0.8,0.19283333333333333,0.14750000000000002,0.004333333333333333
1,0,2,LogReg,6,W1,0.1883333333333333,0.8116666666666666,0.8300751879699249,0.12666666666666665,0.21066666666666664,0.0019999999999999797
1,0,2,LogReg,6,W2,0.2516666666666667,0.7483333333333333,0.7694656488549618,0.09549999999999995,0.15999999999999998,0.0006666666666666377
1,0,2,LogReg,6,X1,0.15,0.85,0.8606811145510835,0.18466666666666662,0.21983333333333333,0.0011666666666666381
1,0,2,LogReg,6,X2,0.1733333333333333,0.8266666666666667,0.8419452887537994,0.18716666666666668,0.188,0.003833333333333322
1,0,2,SVC,6,W1,0.1899999999999999,0.805,0.8266666666666667,0.11900000000000004,0.2023333333333334,-0.006166666666666621
1,0,2,SVC,6,W2,0.2333333333333332,0.75,0.7754491017964071,0.09299999999999999,0.1635,-0.005000000000000016
1,0,2,SVC,6,X1,0.1516666666666666,0.8483333333333334,0.8602150537634409,0.17950000000000005,0.21966666666666673,-0.00583333333333329
1,0,2,SVC,6,X2,0.1783333333333333,0.8183333333333334,0.8380386329866271,0.181,0.17916666666666672,0.001333333333333364
1,0,2,RF-C,6,W1,0.1833333333333333,0.8166666666666667,0.8312883435582822,0.10983333333333331,0.22633333333333333,0.010333333333333306
1,0,2,RF-C,6,W2,0.245,0.755,0.7835051546391752,0.0875,0.17916666666666667,0.001666666666666683
1,0,2,RF-C,6,X1,0.1466666666666666,0.8533333333333334,0.8682634730538922,0.1661666666666667,0.23650000000000002,0.006500000000000039
1,0,2,RF-C,6,X2,0.1783333333333333,0.8216666666666667,0.837138508,0.17916666666666664,0.18249999999999997,0.0028333333333333544
1,0,2,XGBoost-C,6,W1,0.175,0.7866666666666666,0.8048780487804879,0.09999999999999995,0.19116666666666662,0.003833333333333311
1,0,2,XGBoost-C,6,W2,0.2466666666666667,0.705,0.7377777777777778,0.06699999999999998,0.13166666666666665,-0.0068333333333333805
1,0,2,XGBoost-C,6,X1,0.1433333333333333,0.815,0.8246445497630331,0.1524999999999999,0.18649999999999994,-0.016666666666666708
1,0,2,XGBoost-C,6,X2,0.1733333333333333,0.7983333333333333,0.815267176,0.166,0.15866666666666668,0.0015000000000000124
1,0,2,MLP-C,6,W1,0.1766666666666666,0.8233333333333334,0.8427299703264095,0.12450000000000006,0.22050000000000006,0.009666666666666702
1,0,2,MLP-C,6,W2,0.2383333333333332,0.7616666666666667,0.7862481315396114,0.11000000000000006,0.17783333333333337,0.012666666666666705
1,0,2,MLP-C,6,X1,0.1416666666666667,0.8583333333333333,0.869431644,0.18716666666666662,0.23049999999999998,0.0019999999999999463
1,0,2,MLP-C,6,X2,0.1766666666666666,0.8233333333333334,0.8398791540785498,0.1836666666666667,0.18466666666666667,0.001333333333333364
1,0,2,LogReg,7,W1,0.1666666666666666,0.8333333333333334,0.8407643312101911,0.23966666666666675,0.15600000000000006,0.0021666666666666943
1,0,2,LogReg,7,W2,0.1916666666666666,0.8083333333333333,0.816,0.20100000000000007,0.13966666666666666,0.003000000000000014
1,0,2,LogReg,7,X1,0.1416666666666667,0.8583333333333333,0.8626817447495961,0.27483333333333326,0.1503333333333333,0.0006666666666666265
1,0,2,LogReg,7,X2,0.1483333333333333,0.8516666666666667,0.8580542264752791,0.256,0.13483333333333336,0.0025000000000000022
1,0,2,SVC,7,W1,0.1666666666666666,0.8333333333333334,0.8381877022653722,0.24566666666666664,0.15450000000000003,0.0011666666666667047
1,0,2,SVC,7,W2,0.1966666666666666,0.805,0.8085106382978723,0.20866666666666672,0.13133333333333339,0.004333333333333378
1,0,2,SVC,7,X1,0.1416666666666667,0.8516666666666667,0.8552845528455284,0.2713333333333333,0.1431666666666667,0.0005000000000000004
1,0,2,SVC,7,X2,0.1516666666666666,0.8416666666666667,0.848966614,0.2425,0.13099999999999998,-0.0001666666666666483
1,0,2,RF-C,7,W1,0.17,0.83,0.8349514563106796,0.23933333333333331,0.1476666666666666,0.005999999999999972
1,0,2,RF-C,7,W2,0.1899999999999999,0.81,0.8137254901960784,0.1933333333333334,0.14483333333333337,0.013000000000000045
1,0,2,RF-C,7,X1,0.1383333333333333,0.8616666666666667,0.8646003262642741,0.28583333333333333,0.1501666666666667,0.003333333333333366
1,0,2,RF-C,7,X2,0.1466666666666666,0.8533333333333334,0.8571428571428571,0.2511666666666667,0.14650000000000005,0.010000000000000031
1,0,2,XGBoost-C,7,W1,0.1616666666666666,0.7816666666666666,0.7917329093799682,0.19066666666666662,0.11416666666666661,-0.008333333333333382
1,0,2,XGBoost-C,7,W2,0.1916666666666666,0.775,0.7804878048780488,0.17483333333333334,0.12883333333333336,0.0055000000000000274
1,0,2,XGBoost-C,7,X1,0.14,0.8283333333333334,0.8341384863123994,0.2516666666666667,0.13750000000000004,-0.0013333333333332975
1,0,2,XGBoost-C,7,X2,0.1466666666666666,0.8216666666666667,0.8282504012841091,0.21849999999999997,0.12050000000000001,0.0031666666666666397
1,0,2,MLP-C,7,W1,0.165,0.835,0.8426073131955485,0.24183333333333334,0.15949999999999998,0.003999999999999981
1,0,2,MLP-C,7,W2,0.1899999999999999,0.81,0.814935065,0.20100000000000007,0.1393333333333334,0.0038333333333333774
1,0,2,MLP-C,7,X1,0.135,0.865,0.869983949,0.28049999999999997,0.15716666666666665,0.0025000000000000135
1,0,2,MLP-C,7,X2,0.1483333333333333,0.8516666666666667,0.8585055643879174,0.254,0.13716666666666666,0.0036666666666666627
1,0,2,LogReg,8,W1,0.175,0.825,0.7075208913649025,0.13849999999999998,0.1428333333333333,0.0036666666666666293
1,0,2,LogReg,8,W2,0.2116666666666666,0.7883333333333333,0.6558265582655827,0.11299999999999999,0.11133333333333333,0.0021666666666666835
1,0,2,LogReg,8,X1,0.1433333333333333,0.8566666666666667,0.7712765957446809,0.18683333333333335,0.15250000000000002,0.0011666666666666826
1,0,2,LogReg,8,X2,0.1566666666666666,0.8433333333333334,0.7589743589743589,0.1958333333333334,0.12216666666666672,0.0018333333333333645
1,0,2,SVC,8,W1,0.18,0.8166666666666667,0.7010869565217391,0.12933333333333336,0.1445,0.0003333333333333299
1,0,2,SVC,8,W2,0.2133333333333333,0.7833333333333333,0.6348314606741573,0.12250000000000001,0.096,0.005166666666666675
1,0,2,SVC,8,X1,0.1466666666666666,0.845,0.7493261455525606,0.16599999999999998,0.14749999999999996,-0.0006666666666667153
1,0,2,SVC,8,X2,0.1516666666666666,0.8416666666666667,0.7493403693931399,0.192,0.11416666666666667,-0.0010000000000000009
1,0,2,RF-C,8,W1,0.1816666666666666,0.8183333333333334,0.7154046997389034,0.13500000000000006,0.15150000000000005,0.0028333333333333765
1,0,2,RF-C,8,W2,0.2083333333333333,0.7916666666666666,0.6312684365781711,0.11549999999999998,0.10916666666666663,0.007999999999999974
1,0,2,RF-C,8,X1,0.1533333333333333,0.8466666666666667,0.7591623036649214,0.17533333333333334,0.15016666666666664,0.007833333333333336
1,0,2,RF-C,8,X2,0.16,0.84,0.7512953367875648,0.20566666666666666,0.10599999999999996,0.0033333333333332993
1,0,2,XGBoost-C,8,W1,0.1899999999999999,0.8,0.6842105263157895,0.11966666666666673,0.14733333333333337,0.011500000000000043
1,0,2,XGBoost-C,8,W2,0.2099999999999999,0.7583333333333333,0.6133333333333333,0.09916666666666664,0.09283333333333331,-0.0008333333333333526
1,0,2,XGBoost-C,8,X1,0.1566666666666666,0.8133333333333334,0.7068062827225131,0.1441666666666667,0.12966666666666665,-0.013666666666666638
1,0,2,XGBoost-C,8,X2,0.1516666666666666,0.8316666666666667,0.7468671679197995,0.20183333333333336,0.1145,0.0
1,0,2,MLP-C,8,W1,0.175,0.825,0.7123287671232876,0.14216666666666664,0.14399999999999996,0.004666666666666641
1,0,2,MLP-C,8,W2,0.2049999999999999,0.795,0.6702412868632708,0.12600000000000006,0.12233333333333336,0.0068333333333333805
1,0,2,MLP-C,8,X1,0.1433333333333333,0.8566666666666667,0.7712765957446809,0.18616666666666667,0.15266666666666667,0.0015000000000000124
1,0,2,MLP-C,8,X2,0.155,0.845,0.7633587786259542,0.2033333333333333,0.11966666666666663,0.00566666666666662
1,0,2,LogReg,9,W1,0.16,0.84,0.8942731277533039,0.08933333333333329,0.15816666666666662,0.0
1,0,2,LogReg,9,W2,0.185,0.815,0.8781558726673985,0.09449999999999995,0.1376666666666666,0.0026666666666666284
1,0,2,LogReg,9,X1,0.1333333333333333,0.8666666666666667,0.9107142857142856,0.1461666666666667,0.16966666666666672,0.0005000000000000115
1,0,2,LogReg,9,X2,0.1366666666666667,0.8633333333333333,0.9080717488789236,0.16516666666666663,0.1481666666666666,0.00899999999999993
1,0,2,SVC,9,W1,0.1633333333333333,0.8316666666666667,0.8883977900552487,0.09316666666666665,0.1461666666666667,-0.0036666666666666735
1,0,2,SVC,9,W2,0.1899999999999999,0.8033333333333333,0.871179039,0.087,0.11966666666666667,0.0005000000000000115
1,0,2,SVC,9,X1,0.1316666666666667,0.8616666666666667,0.9072625698324024,0.14100000000000001,0.15950000000000003,-0.0006666666666666377
1,0,2,SVC,9,X2,0.1333333333333333,0.855,0.9034406215316316,0.15533333333333327,0.1398333333333333,0.0001666666666666483
1,0,2,RF-C,9,W1,0.15,0.85,0.9004424778761062,0.0958333333333333,0.16416666666666666,0.01366666666666665
1,0,2,RF-C,9,W2,0.1949999999999999,0.805,0.8707182320441988,0.09000000000000004,0.12550000000000008,-0.0016666666666666386
1,0,2,RF-C,9,X1,0.1433333333333333,0.8566666666666667,0.9046563192904656,0.127,0.15966666666666668,0.0008333333333333636
1,0,2,RF-C,9,X2,0.145,0.855,0.9023569023569024,0.15999999999999998,0.14299999999999996,0.007499999999999995
1,0,2,XGBoost-C,9,W1,0.1583333333333333,0.8116666666666666,0.870561283,0.08399999999999999,0.13849999999999998,0.004999999999999982
1,0,2,XGBoost-C,9,W2,0.1949999999999999,0.7533333333333333,0.8321995464852607,0.0683333333333333,0.08799999999999997,-0.015833333333333355
1,0,2,XGBoost-C,9,X1,0.135,0.8383333333333334,0.8893956670467503,0.12283333333333338,0.14250000000000002,0.004000000000000048
1,0,2,XGBoost-C,9,X2,0.1433333333333333,0.8283333333333334,0.883352208,0.13900000000000004,0.12583333333333338,-0.003999999999999948
1,0,2,MLP-C,9,W1,0.165,0.835,0.8896321070234113,0.09416666666666662,0.15616666666666665,0.0029999999999999584
1,0,2,MLP-C,9,W2,0.185,0.815,0.8762541806020067,0.09999999999999995,0.13499999999999995,0.005666666666666609
1,0,2,MLP-C,9,X1,0.1333333333333333,0.8666666666666667,0.90990991,0.14950000000000005,0.17216666666666672,-0.0001666666666666261
1,0,2,MLP-C,9,X2,0.1333333333333333,0.8666666666666667,0.908675799,0.17150000000000004,0.15350000000000003,0.00633333333333338
1,0,2,LogReg,10,W1,0.2299999999999999,0.77,0.6745283018867925,0.11716666666666667,0.11233333333333333,-0.003833333333333311
1,0,2,LogReg,10,W2,0.2266666666666666,0.7733333333333333,0.6512820512820513,0.10649999999999996,0.10633333333333335,0.0026666666666666505
1,0,2,LogReg,10,X1,0.1949999999999999,0.805,0.7194244604316546,0.1543333333333334,0.12883333333333336,0.0055000000000000274
1,0,2,LogReg,10,X2,0.155,0.845,0.7692307692307693,0.2033333333333333,0.1268333333333333,-0.0025000000000000356
1,0,2,SVC,10,W1,0.2266666666666666,0.765,0.6618705035971223,0.12250000000000003,0.098,-0.005333333333333324
1,0,2,SVC,10,W2,0.2233333333333333,0.7716666666666666,0.6441558441558441,0.12749999999999995,0.0931666666666666,-0.0003333333333333854
1,0,2,SVC,10,X1,0.1966666666666666,0.7966666666666666,0.7053140096618358,0.14266666666666664,0.12149999999999998,0.0023333333333333205
1,0,2,SVC,10,X2,0.1583333333333333,0.8416666666666667,0.7582697201017812,0.198,0.123,0.003500000000000003
1,0,2,RF-C,10,W1,0.2216666666666666,0.7783333333333333,0.6855791962174941,0.12349999999999998,0.13516666666666666,0.02566666666666666
1,0,2,RF-C,10,W2,0.2299999999999999,0.77,0.6387434554973822,0.11850000000000001,0.09366666666666666,0.001000000000000012
1,0,2,RF-C,10,X1,0.2066666666666666,0.7933333333333333,0.7075471698113207,0.15150000000000002,0.12183333333333332,-1.1102230246251566e-17
1,0,2,RF-C,10,X2,0.1566666666666666,0.8433333333333334,0.7673267326732673,0.19883333333333336,0.13100000000000006,0.004166666666666696
1,0,2,XGBoost-C,10,W1,0.2199999999999999,0.7516666666666667,0.6443914081145584,0.10000000000000005,0.11933333333333337,0.004833333333333389
1,0,2,XGBoost-C,10,W2,0.2299999999999999,0.74,0.59375,0.09249999999999999,0.092,-0.007166666666666677
1,0,2,XGBoost-C,10,X1,0.2049999999999999,0.7666666666666667,0.6713615023474179,0.12500000000000006,0.11000000000000006,-0.000833333333333286
1,0,2,XGBoost-C,10,X2,0.1516666666666666,0.825,0.7457627118644068,0.18149999999999994,0.11999999999999995,0.0033333333333333106
1,0,2,MLP-C,10,W1,0.2199999999999999,0.78,0.6986301369863014,0.12666666666666673,0.13100000000000006,0.004833333333333356
1,0,2,MLP-C,10,W2,0.2199999999999999,0.78,0.6632653061224489,0.11250000000000004,0.11583333333333337,0.00850000000000003
1,0,2,MLP-C,10,X1,0.1999999999999999,0.8,0.7222222222222222,0.1476666666666667,0.12850000000000006,0.00716666666666671
1,0,2,MLP-C,10,X2,0.15,0.85,0.7794117647058824,0.20683333333333329,0.1351666666666666,0.008666666666666633
1,1,0,LogReg,1,W1,0.2433333333333333,0.7566666666666667,0.8359550561797753,0.10783333333333338,0.04516666666666671,-0.0038333333333332885
1,1,0,LogReg,1,W2,0.2666666666666667,0.7333333333333333,0.815242494,0.11699999999999995,0.03883333333333329,0.004166666666666596
1,1,0,LogReg,1,X1,0.2066666666666666,0.7933333333333333,0.8577981651376146,0.15633333333333332,0.06366666666666665,-0.0014999999999999903
1,1,0,LogReg,1,X2,0.1816666666666666,0.8183333333333334,0.8685162846803377,0.21133333333333332,0.06266666666666668,0.0015000000000000347
1,1,0,SVC,1,W1,0.2333333333333332,0.7533333333333333,0.832579186,0.11216666666666661,0.03599999999999996,0.003166666666666651
1,1,0,SVC,1,W2,0.2716666666666666,0.7233333333333334,0.8065268065268065,0.11333333333333337,0.028333333333333398,-0.0011666666666666381
1,1,0,SVC,1,X1,0.2083333333333333,0.7833333333333333,0.8526077097505669,0.1373333333333333,0.05616666666666664,-0.005666666666666676
1,1,0,SVC,1,X2,0.175,0.8183333333333334,0.8662576687116564,0.21316666666666667,0.06450000000000003,0.0030000000000000027
1,1,0,RF-C,1,W1,0.2283333333333334,0.7716666666666666,0.8416184971098266,0.12849999999999998,0.06933333333333327,0.02199999999999993
1,1,0,RF-C,1,W2,0.2633333333333333,0.7366666666666667,0.8244444444444444,0.10966666666666672,0.037333333333333364,0.005833333333333357
1,1,0,RF-C,1,X1,0.2033333333333333,0.7966666666666666,0.8571428571428571,0.16149999999999998,0.07316666666666663,0.010166666666666635
1,1,0,RF-C,1,X2,0.175,0.825,0.8724179829890644,0.2251666666666666,0.060166666666666646,0.008833333333333294
1,1,0,XGBoost-C,1,W1,0.2366666666666667,0.755,0.8268551236749117,0.12616666666666668,0.07166666666666668,0.014666666666666672
1,1,0,XGBoost-C,1,W2,0.265,0.695,0.7776427703523694,0.0933333333333333,0.04533333333333328,-0.003666666666666718
1,1,0,XGBoost-C,1,X1,0.2066666666666666,0.745,0.8189349112426035,0.11966666666666663,0.03933333333333332,-0.00983333333333336
1,1,0,XGBoost-C,1,X2,0.1733333333333333,0.785,0.8393524283935243,0.18050000000000002,0.04750000000000002,-0.0006666666666666377
1,1,0,MLP-C,1,W1,0.2283333333333334,0.7716666666666666,0.8437856328392246,0.12283333333333327,0.06649999999999993,0.015499999999999948
1,1,0,MLP-C,1,W2,0.265,0.735,0.8109393579072532,0.1213333333333333,0.048499999999999974,0.01399999999999998
1,1,0,MLP-C,1,X1,0.2066666666666666,0.7933333333333333,0.8564814814814815,0.1585,0.06749999999999999,-0.0015000000000000013
1,1,0,MLP-C,1,X2,0.175,0.825,0.8641655886157826,0.22816666666666663,0.0783333333333333,0.006833333333333302
1,1,0,LogReg,2,W1,0.2016666666666666,0.7983333333333333,0.8584795321637427,0.16199999999999998,0.04133333333333333,-0.000666666666666671
1,1,0,LogReg,2,W2,0.2149999999999999,0.785,0.8443908323281062,0.17733333333333337,0.05350000000000003,0.004500000000000048
1,1,0,LogReg,2,X1,0.1533333333333333,0.8466666666666667,0.8917647058823529,0.22000000000000003,0.05416666666666668,0.004166666666666674
1,1,0,LogReg,2,X2,0.155,0.845,0.8856088560885609,0.2513333333333333,0.05633333333333331,0.0008333333333332971
1,1,0,SVC,2,W1,0.1983333333333333,0.7916666666666666,0.8571428571428571,0.16116666666666662,0.03066666666666663,-0.0040000000000000365
1,1,0,SVC,2,W2,0.2183333333333333,0.78,0.8394160583941606,0.1836666666666667,0.04966666666666668,-0.001833333333333298
1,1,0,SVC,2,X1,0.16,0.835,0.8833922261484098,0.20916666666666664,0.045999999999999965,-0.0008333333333333748
1,1,0,SVC,2,X2,0.15,0.835,0.8797083839611178,0.23933333333333326,0.048666666666666636,-0.0051666666666667195
1,1,0,RF-C,2,W1,0.2033333333333333,0.7966666666666666,0.8584686774941995,0.15799999999999997,0.043666666666666645,0.0006666666666666265
1,1,0,RF-C,2,W2,0.2233333333333333,0.7766666666666666,0.8369829683698297,0.1818333333333333,0.049833333333333285,-0.0008333333333333748
1,1,0,RF-C,2,X1,0.1616666666666666,0.8383333333333334,0.8857479387514723,0.21966666666666668,0.048166666666666726,0.0038333333333333665
1,1,0,RF-C,2,X2,0.15,0.85,0.8888888888888888,0.2598333333333333,0.056333333333333305,0.005999999999999961
1,1,0,XGBoost-C,2,W1,0.1966666666666666,0.775,0.8398576512455516,0.14433333333333337,0.04000000000000002,0.001333333333333353
1,1,0,XGBoost-C,2,W2,0.2199999999999999,0.7533333333333333,0.815,0.16933333333333328,0.05733333333333329,0.011666666666666636
1,1,0,XGBoost-C,2,X1,0.165,0.8166666666666667,0.868421053,0.1955,0.043833333333333314,0.004166666666666652
1,1,0,XGBoost-C,2,X2,0.1466666666666666,0.82,0.865,0.23383333333333328,0.04666666666666662,-0.0016666666666667162
1,1,0,MLP-C,2,W1,0.1999999999999999,0.8,0.8623853211009175,0.15633333333333335,0.0436666666666667,0.0028333333333333765
1,1,0,MLP-C,2,W2,0.2166666666666666,0.7833333333333333,0.8429951690821256,0.17683333333333334,0.05283333333333332,0.0033333333333333327
1,1,0,MLP-C,2,X1,0.1566666666666666,0.8433333333333334,0.8872901678657075,0.2235000000000001,0.05700000000000004,0.0008333333333333748
1,1,0,MLP-C,2,X2,0.1483333333333333,0.8516666666666667,0.8883312421580929,0.26383333333333336,0.06700000000000002,0.00033333333333331885
1,1,0,LogReg,3,W1,0.1716666666666666,0.8283333333333334,0.8483063328424153,0.2826666666666667,0.04133333333333337,-0.003499999999999959
1,1,0,LogReg,3,W2,0.165,0.835,0.8603667136812412,0.3065,0.016166666666666628,-0.0008333333333333526
1,1,0,LogReg,3,X1,0.1466666666666666,0.8533333333333334,0.8670694864048338,0.3088333333333334,0.052000000000000046,0.0005000000000000337
1,1,0,LogReg,3,X2,0.1316666666666667,0.8683333333333333,0.8850072780203785,0.3391666666666666,0.044166666666666646,0.0006666666666666377
1,1,0,SVC,3,W1,0.1716666666666666,0.8233333333333334,0.8431952662721893,0.28800000000000003,0.021166666666666688,0.0011666666666667158
1,1,0,SVC,3,W2,0.165,0.8333333333333334,0.8575498575498576,0.31333333333333335,0.010333333333333394,-0.001499999999999968
1,1,0,SVC,3,X1,0.1416666666666667,0.8516666666666667,0.8661654135338346,0.30583333333333335,0.049,-0.001333333333333331
1,1,0,SVC,3,X2,0.1233333333333333,0.8733333333333333,0.8898550724637682,0.34383333333333327,0.05066666666666664,0.00449999999999996
1,1,0,RF-C,3,W1,0.175,0.825,0.8462664714494875,0.2833333333333333,0.04366666666666663,0.00283333333333331
1,1,0,RF-C,3,W2,0.165,0.835,0.8595744680851064,0.31033333333333335,0.014166666666666638,0.0016666666666666386
1,1,0,RF-C,3,X1,0.1483333333333333,0.8516666666666667,0.8661654135338346,0.302,0.056666666666666685,0.003833333333333333
1,1,0,RF-C,3,X2,0.1283333333333333,0.8716666666666667,0.8895265423242468,0.3440000000000001,0.04150000000000002,0.0051666666666667195
1,1,0,XGBoost-C,3,W1,0.1683333333333333,0.805,0.8281938325991189,0.25683333333333336,0.03916666666666672,0.0006666666666667153
1,1,0,XGBoost-C,3,W2,0.1666666666666666,0.8,0.8290598290598291,0.271,0.04200000000000005,0.004666666666666719
1,1,0,XGBoost-C,3,X1,0.1483333333333333,0.84,0.8562874251497006,0.28233333333333327,0.0503333333333333,0.006166666666666642
1,1,0,XGBoost-C,3,X2,0.1283333333333333,0.8516666666666667,0.8708272859216255,0.3195,0.04,-0.008666666666666623
1,1,0,MLP-C,3,W1,0.165,0.835,0.8537666174298375,0.2885,0.048166666666666635,0.00449999999999996
1,1,0,MLP-C,3,W2,0.1616666666666666,0.8383333333333334,0.860431655,0.30450000000000005,0.026833333333333386,0.00016666666666670382
1,1,0,MLP-C,3,X1,0.1416666666666667,0.8583333333333333,0.8714069591527988,0.31049999999999994,0.06299999999999996,0.004999999999999949
1,1,0,MLP-C,3,X2,0.13,0.87,0.8862973760932945,0.3408333333333333,0.04700000000000001,0.0006666666666666598
1,1,0,LogReg,4,W1,0.1816666666666666,0.8183333333333334,0.8798235942668137,0.15533333333333338,0.041166666666666706,-0.0033333333333332993
1,1,0,LogReg,4,W2,0.2216666666666666,0.7783333333333333,0.8592592592592593,0.10266666666666666,0.040499999999999994,0.0016666666666666718
1,1,0,LogReg,4,X1,0.13,0.87,0.9135254988913526,0.20949999999999996,0.055333333333333325,-0.0018333333333333424
1,1,0,LogReg,4,X2,0.1433333333333333,0.8566666666666667,0.9038031319910514,0.20400000000000001,0.053000000000000026,0.002000000000000013
1,1,0,SVC,4,W1,0.1833333333333333,0.815,0.8794788273615635,0.15466666666666665,0.029833333333333257,0.009333333333333282
1,1,0,SVC,4,W2,0.2183333333333333,0.7683333333333333,0.8500539374325782,0.11099999999999999,0.027666666666666652,-0.01100000000000002
1,1,0,SVC,4,X1,0.1266666666666667,0.87,0.9146608315098468,0.19949999999999996,0.055833333333333325,0.0016666666666666718
1,1,0,SVC,4,X2,0.1433333333333333,0.855,0.9025755879059352,0.1973333333333333,0.055166666666666656,0.00249999999999998
1,1,0,RF-C,4,W1,0.1683333333333333,0.8316666666666667,0.8883977900552487,0.1663333333333333,0.06083333333333335,0.00966666666666668
1,1,0,RF-C,4,W2,0.2233333333333333,0.7766666666666666,0.8571428571428571,0.09833333333333327,0.047999999999999945,-0.0030000000000000248
1,1,0,RF-C,4,X1,0.12,0.88,0.9201773835920176,0.223,0.06400000000000002,0.0030000000000000027
1,1,0,RF-C,4,X2,0.145,0.855,0.903010033,0.19549999999999995,0.046833333333333324,0.002166666666666628
1,1,0,XGBoost-C,4,W1,0.1716666666666666,0.7766666666666666,0.8484162895927602,0.13433333333333328,0.04099999999999996,-0.014333333333333398
1,1,0,XGBoost-C,4,W2,0.2199999999999999,0.7283333333333334,0.8190899001109878,0.0928333333333334,0.023500000000000056,-0.015999999999999938
1,1,0,XGBoost-C,4,X1,0.1216666666666667,0.8483333333333334,0.8978675645342312,0.1966666666666667,0.05250000000000003,-0.009499999999999963
1,1,0,XGBoost-C,4,X2,0.145,0.8383333333333334,0.8886337543053962,0.20450000000000004,0.05850000000000005,0.011333333333333362
1,1,0,MLP-C,4,W1,0.17,0.83,0.8856502242152466,0.16533333333333328,0.0538333333333333,-4.4408920985006264e-17
1,1,0,MLP-C,4,W2,0.2166666666666666,0.7833333333333333,0.8571428571428571,0.12633333333333335,0.055833333333333325,0.006166666666666676
1,1,0,MLP-C,4,X1,0.1283333333333333,0.8716666666666667,0.9141583054626532,0.21366666666666673,0.06333333333333337,-0.0029999999999999693
1,1,0,MLP-C,4,X2,0.1416666666666667,0.8583333333333333,0.903954802,0.20599999999999996,0.060166666666666625,0.00516666666666662
1,1,0,LogReg,5,W1,0.135,0.865,0.9185929648241206,0.1348333333333333,0.037166666666666646,0.0025000000000000022
1,1,0,LogReg,5,W2,0.17,0.83,0.8946280991735537,0.12199999999999993,0.028166666666666607,0.002333333333333287
1,1,0,LogReg,5,X1,0.1266666666666667,0.8733333333333333,0.9230769230769232,0.14633333333333332,0.03633333333333329,0.0023333333333332984
1,1,0,LogReg,5,X2,0.1316666666666667,0.8683333333333333,0.9194699286442406,0.16033333333333327,0.03699999999999996,0.0003333333333332966
1,1,0,SVC,5,W1,0.135,0.86,0.9161676646706588,0.12249999999999998,0.030666666666666655,0.0033333333333333214
1,1,0,SVC,5,W2,0.175,0.825,0.890282132,0.13949999999999993,0.014833333333333299,0.0009999999999999564
1,1,0,SVC,5,X1,0.1266666666666667,0.875,0.924924925,0.146,0.03650000000000001,0.004333333333333356
1,1,0,SVC,5,X2,0.135,0.865,0.9164086687306502,0.16999999999999998,0.032833333333333325,0.004333333333333344
1,1,0,RF-C,5,W1,0.14,0.86,0.9165009940357852,0.1208333333333333,0.030166666666666654,0.004999999999999982
1,1,0,RF-C,5,W2,0.1683333333333333,0.8316666666666667,0.8961973278520041,0.12566666666666668,0.027666666666666662,0.0020000000000000018
1,1,0,RF-C,5,X1,0.1233333333333333,0.8766666666666667,0.9251012145748988,0.156,0.04533333333333336,0.011000000000000055
1,1,0,RF-C,5,X2,0.1283333333333333,0.8716666666666667,0.921025641,0.1746666666666667,0.040000000000000036,0.004166666666666707
1,1,0,XGBoost-C,5,W1,0.1416666666666667,0.8266666666666667,0.8953722334004024,0.10033333333333332,0.015500000000000003,-0.003499999999999992
1,1,0,XGBoost-C,5,W2,0.17,0.7883333333333333,0.865323436,0.09183333333333334,0.020166666666666676,-0.01583333333333333
1,1,0,XGBoost-C,5,X1,0.1266666666666667,0.865,0.9175991861648016,0.15149999999999997,0.03816666666666665,0.01533333333333332
1,1,0,XGBoost-C,5,X2,0.1366666666666667,0.8483333333333334,0.904311251,0.1651666666666667,0.03116666666666673,0.010833333333333384
1,1,0,MLP-C,5,W1,0.135,0.865,0.9185929648241206,0.13499999999999998,0.03716666666666667,0.0014999999999999903
1,1,0,MLP-C,5,W2,0.17,0.83,0.8948453608247423,0.12299999999999996,0.03033333333333329,0.0019999999999999575
1,1,0,MLP-C,5,X1,0.1183333333333332,0.8816666666666667,0.9276248725790012,0.16450000000000004,0.04633333333333337,0.0060000000000000496
1,1,0,MLP-C,5,X2,0.13,0.87,0.9207317073170732,0.16166666666666668,0.0385,0.0008333333333333415
1,1,0,LogReg,6,W1,0.1583333333333333,0.8416666666666667,0.9134001823154057,0.006166666666666676,0.00966666666666668,0.0
1,1,0,LogReg,6,W2,0.18,0.82,0.8984962406015038,0.00816666666666661,0.025166666666666605,0.0
1,1,0,LogReg,6,X1,0.1483333333333333,0.8516666666666667,0.917516219,0.033666666666666664,0.02683333333333334,-0.0001666666666666705
1,1,0,LogReg,6,X2,0.1366666666666667,0.8633333333333333,0.9200779727095516,0.08983333333333327,0.05233333333333329,0.0011666666666666492
1,1,0,SVC,6,W1,0.1566666666666666,0.84,0.912568306,0.003999999999999981,0.006999999999999973,0.0016666666666666386
1,1,0,SVC,6,W2,0.1783333333333333,0.8166666666666667,0.8973880597014925,0.0026666666666666393,0.017499999999999995,0.0029999999999999805
1,1,0,SVC,6,X1,0.145,0.8516666666666667,0.917516219,0.03216666666666669,0.027166666666666683,-0.00016666666666665942
1,1,0,SVC,6,X2,0.14,0.86,0.91796875,0.07849999999999999,0.05249999999999998,0.002333333333333332
1,1,0,RF-C,6,W1,0.1616666666666666,0.8383333333333334,0.9118982742960944,0.0023333333333333873,0.0035000000000000365,0.0008333333333333636
1,1,0,RF-C,6,W2,0.17,0.83,0.903041825,0.023333333333333296,0.05666666666666663,0.01649999999999995
1,1,0,RF-C,6,X1,0.1316666666666667,0.8683333333333333,0.9251184834123224,0.06116666666666661,0.05566666666666662,0.013666666666666627
1,1,0,RF-C,6,X2,0.1316666666666667,0.8683333333333333,0.9213930348258706,0.10333333333333332,0.06233333333333328,0.014833333333333287
1,1,0,XGBoost-C,6,W1,0.1616666666666666,0.7966666666666666,0.8838095238095238,-0.012333333333333363,0.011499999999999977,-0.015000000000000024
1,1,0,XGBoost-C,6,W2,0.17,0.8116666666666666,0.8906098741529526,0.02366666666666665,0.05249999999999998,0.01699999999999997
1,1,0,XGBoost-C,6,X1,0.1416666666666667,0.8383333333333334,0.9060987415295256,0.050000000000000044,0.0441666666666667,-0.0019999999999999684
1,1,0,XGBoost-C,6,X2,0.1333333333333333,0.8366666666666667,0.9012096774193548,0.0865,0.04899999999999999,0.0003333333333333299
1,1,0,MLP-C,6,W1,0.1616666666666666,0.8383333333333334,0.9110907424381302,0.00933333333333337,0.01650000000000005,0.0005000000000000337
1,1,0,MLP-C,6,W2,0.1633333333333333,0.8366666666666667,0.9068441064638784,0.02033333333333335,0.054166666666666675,0.005166666666666675
1,1,0,MLP-C,6,X1,0.1466666666666666,0.8533333333333334,0.9169811320754716,0.05366666666666671,0.040166666666666725,0.006833333333333358
1,1,0,MLP-C,6,X2,0.1433333333333333,0.8566666666666667,0.9136546184738956,0.09700000000000002,0.07283333333333337,0.02483333333333334
1,1,0,LogReg,7,W1,0.1566666666666666,0.8433333333333334,0.8906976744186047,0.26050000000000006,0.010333333333333361,0.0025000000000000577
1,1,0,LogReg,7,W2,0.1949999999999999,0.805,0.85988024,0.2201666666666667,0.02700000000000006,0.00033333333333337436
1,1,0,LogReg,7,X1,0.135,0.865,0.9010989010989012,0.29283333333333333,0.03633333333333333,0.0
1,1,0,LogReg,7,X2,0.1533333333333333,0.8466666666666667,0.885,0.27466666666666667,0.038333333333333344,0.004333333333333333
1,1,0,SVC,7,W1,0.155,0.8416666666666667,0.8891481913652275,0.2565,0.013833333333333354,-0.0010000000000000009
1,1,0,SVC,7,W2,0.2016666666666666,0.7966666666666666,0.8568075117370892,0.21383333333333326,0.012333333333333307,0.001166666666666627
1,1,0,SVC,7,X1,0.1416666666666667,0.8533333333333334,0.8954869358669834,0.2745000000000001,0.021666666666666713,-0.00499999999999996
1,1,0,SVC,7,X2,0.155,0.8366666666666667,0.8778054862842892,0.26450000000000007,0.03233333333333334,-0.006833333333333335
1,1,0,RF-C,7,W1,0.16,0.84,0.8870588235294118,0.2581666666666666,0.01616666666666664,0.00283333333333331
1,1,0,RF-C,7,W2,0.1783333333333333,0.8216666666666667,0.8706166868198307,0.2373333333333333,0.045166666666666674,0.015666666666666662
1,1,0,RF-C,7,X1,0.14,0.86,0.8975609756097561,0.29333333333333333,0.030833333333333324,0.006166666666666654
1,1,0,RF-C,7,X2,0.1416666666666667,0.8583333333333333,0.891719745,0.2904999999999999,0.05899999999999994,0.013666666666666605
1,1,0,XGBoost-C,7,W1,0.1566666666666666,0.8066666666666666,0.8567901234567902,0.23866666666666664,0.011666666666666626,-0.002000000000000035
1,1,0,XGBoost-C,7,W2,0.185,0.7933333333333333,0.8442211055276382,0.2146666666666667,0.028333333333333332,0.011166666666666668
1,1,0,XGBoost-C,7,X1,0.1366666666666667,0.8383333333333334,0.8782936010037641,0.271,0.025000000000000057,0.0031666666666666844
1,1,0,XGBoost-C,7,X2,0.1433333333333333,0.835,0.8715953307392996,0.2668333333333333,0.046166666666666634,0.0026666666666666284
1,1,0,MLP-C,7,W1,0.1616666666666666,0.8383333333333334,0.8821385176184691,0.2673333333333333,0.03200000000000004,0.010500000000000054
1,1,0,MLP-C,7,W2,0.1933333333333333,0.8066666666666666,0.8599033816425121,0.22349999999999998,0.03199999999999999,0.0008333333333333081
1,1,0,MLP-C,7,X1,0.13,0.87,0.9048780487804878,0.3005,0.041166666666666664,0.005333333333333334
1,1,0,MLP-C,7,X2,0.1533333333333333,0.8466666666666667,0.8835443037974684,0.27749999999999997,0.040333333333333346,0.001666666666666683
1,1,0,LogReg,8,W1,0.2233333333333333,0.7766666666666666,0.8473804100227791,0.15349999999999997,0.01799999999999995,-0.002000000000000046
1,1,0,LogReg,8,W2,0.2366666666666667,0.7633333333333333,0.8367816091954023,0.14549999999999996,0.043833333333333294,0.0029999999999999584
1,1,0,LogReg,8,X1,0.1633333333333333,0.8366666666666667,0.883054893,0.219,0.06233333333333335,0.005500000000000016
1,1,0,LogReg,8,X2,0.175,0.825,0.8760330578512396,0.21966666666666662,0.05399999999999995,0.003166666666666629
1,1,0,SVC,8,W1,0.2133333333333333,0.7816666666666666,0.849942726,0.16716666666666663,0.00816666666666661,-0.0010000000000000453
1,1,0,SVC,8,W2,0.235,0.765,0.8392246294184721,0.15566666666666668,0.022833333333333337,0.0036666666666666735
1,1,0,SVC,8,X1,0.1733333333333333,0.8083333333333333,0.8670520231213873,0.1836666666666667,0.03333333333333336,-0.020499999999999973
1,1,0,SVC,8,X2,0.1666666666666666,0.8283333333333334,0.8775267538644471,0.2286666666666667,0.054500000000000035,0.006833333333333391
1,1,0,RF-C,8,W1,0.2233333333333333,0.7766666666666666,0.8441860465116279,0.15049999999999994,0.035666666666666624,0.013999999999999947
1,1,0,RF-C,8,W2,0.2266666666666666,0.7733333333333333,0.8433179723502304,0.141,0.06366666666666664,0.019333333333333293
1,1,0,RF-C,8,X1,0.1666666666666666,0.8333333333333334,0.8817966903073287,0.21433333333333335,0.06450000000000006,0.004166666666666719
1,1,0,RF-C,8,X2,0.1683333333333333,0.8316666666666667,0.8807556080283353,0.23699999999999996,0.052666666666666674,0.009000000000000008
1,1,0,XGBoost-C,8,W1,0.2133333333333333,0.7416666666666667,0.8148148148148148,0.14316666666666672,0.026666666666666682,-0.0023333333333333097
1,1,0,XGBoost-C,8,W2,0.2166666666666666,0.7433333333333333,0.8162291169451074,0.13549999999999995,0.07066666666666661,0.013666666666666627
1,1,0,XGBoost-C,8,X1,0.165,0.78,0.8421052631578947,0.1826666666666667,0.029833333333333368,0.001333333333333353
1,1,0,XGBoost-C,8,X2,0.1733333333333333,0.7766666666666666,0.8349753694581281,0.19033333333333327,0.028333333333333287,-0.0076666666666667105
1,1,0,MLP-C,8,W1,0.2199999999999999,0.78,0.8447058823529412,0.15833333333333335,0.03533333333333337,0.002166666666666717
1,1,0,MLP-C,8,W2,0.2366666666666667,0.7633333333333333,0.83640553,0.13599999999999995,0.050499999999999975,0.0029999999999999805
1,1,0,MLP-C,8,X1,0.165,0.835,0.8811524609843937,0.2176666666666666,0.06016666666666663,0.003999999999999971
1,1,0,MLP-C,8,X2,0.1716666666666666,0.8283333333333334,0.8763505402160864,0.2278333333333334,0.06116666666666668,0.00800000000000004
1,1,0,LogReg,9,W1,0.17,0.83,0.8698979591836735,0.23566666666666664,0.06866666666666663,0.002833333333333299
1,1,0,LogReg,9,W2,0.2016666666666666,0.7983333333333333,0.8446726572528883,0.2325,0.032999999999999995,0.0021666666666666614
1,1,0,LogReg,9,X1,0.15,0.85,0.8825065274151436,0.26783333333333337,0.06883333333333332,0.0031666666666666397
1,1,0,LogReg,9,X2,0.1416666666666667,0.8583333333333333,0.8871181938911022,0.30599999999999994,0.04266666666666662,0.0024999999999999467
1,1,0,SVC,9,W1,0.18,0.8,0.8536585365853658,0.2126666666666667,0.027333333333333355,-0.0038333333333332997
1,1,0,SVC,9,W2,0.2033333333333333,0.79,0.8452088452088452,0.23000000000000004,0.011666666666666704,-0.0029999999999999805
1,1,0,SVC,9,X1,0.1533333333333333,0.8383333333333334,0.8754813863928113,0.2491666666666667,0.0551666666666667,-0.003999999999999959
1,1,0,SVC,9,X2,0.145,0.8566666666666667,0.8868421052631579,0.3045,0.042166666666666686,0.000666666666666682
1,1,0,RF-C,9,W1,0.1716666666666666,0.8283333333333334,0.8687898089171975,0.24066666666666667,0.06950000000000003,0.013833333333333375
1,1,0,RF-C,9,W2,0.1916666666666666,0.8083333333333333,0.8535031847133758,0.23600000000000004,0.041166666666666664,0.01633333333333333
1,1,0,RF-C,9,X1,0.1533333333333333,0.8466666666666667,0.8802083333333334,0.2678333333333333,0.0695,0.0020000000000000018
1,1,0,RF-C,9,X2,0.14,0.86,0.8900523560209425,0.30649999999999994,0.043,0.009166666666666656
1,1,0,XGBoost-C,9,W1,0.1683333333333333,0.7916666666666666,0.8326639892904953,0.21999999999999997,0.06783333333333329,0.012666666666666649
1,1,0,XGBoost-C,9,W2,0.1933333333333333,0.7566666666666667,0.8048128342245989,0.20066666666666672,0.014500000000000058,0.0021666666666666943
1,1,0,XGBoost-C,9,X1,0.1583333333333333,0.8233333333333334,0.8571428571428571,0.25600000000000006,0.05533333333333336,-0.0014999999999999569
1,1,0,XGBoost-C,9,X2,0.14,0.8233333333333334,0.855191257,0.28266666666666673,0.03616666666666668,0.003333333333333355
1,1,0,MLP-C,9,W1,0.165,0.835,0.871261378,0.2376666666666666,0.07999999999999999,0.011999999999999966
1,1,0,MLP-C,9,W2,0.2016666666666666,0.7983333333333333,0.8446726572528883,0.23233333333333334,0.032666666666666656,0.002166666666666672
1,1,0,MLP-C,9,X1,0.1533333333333333,0.8466666666666667,0.8792650918635171,0.26600000000000007,0.06600000000000003,0.001333333333333331
1,1,0,MLP-C,9,X2,0.135,0.865,0.891566265,0.3131666666666667,0.05766666666666663,0.029166666666666664
1,1,0,LogReg,10,W1,0.2283333333333334,0.7716666666666666,0.8232258064516129,0.20533333333333328,0.03333333333333327,0.0
1,1,0,LogReg,10,W2,0.2233333333333333,0.7766666666666666,0.8174386920980926,0.23599999999999993,0.026999999999999948,0.0064999999999999615
1,1,0,LogReg,10,X1,0.1899999999999999,0.81,0.8511749347258486,0.23816666666666672,0.0586666666666667,0.0
1,1,0,LogReg,10,X2,0.1466666666666666,0.8533333333333334,0.8804347826086957,0.30850000000000005,0.06850000000000006,0.007500000000000029
1,1,0,SVC,10,W1,0.2233333333333333,0.7666666666666667,0.8167539267015707,0.21033333333333334,0.021500000000000064,-0.006166666666666609
1,1,0,SVC,10,W2,0.2266666666666666,0.7666666666666667,0.8076923076923077,0.2348333333333334,0.0060000000000000496,-0.004666666666666608
1,1,0,SVC,10,X1,0.1933333333333333,0.8016666666666666,0.8436268068331143,0.23049999999999998,0.050333333333333306,0.001833333333333298
1,1,0,SVC,10,X2,0.1516666666666666,0.8483333333333334,0.8761904761904762,0.3045000000000001,0.061500000000000055,0.0030000000000000248
1,1,0,RF-C,10,W1,0.2216666666666666,0.7783333333333333,0.8252299605781866,0.21433333333333332,0.04349999999999998,0.007833333333333336
1,1,0,RF-C,10,W2,0.2266666666666666,0.7733333333333333,0.8136986301369863,0.23466666666666666,0.017833333333333323,0.00283333333333331
1,1,0,RF-C,10,X1,0.18,0.82,0.856,0.246,0.07849999999999993,0.018833333333333292
1,1,0,RF-C,10,X2,0.1566666666666666,0.8433333333333334,0.8705234159779615,0.3028333333333334,0.051000000000000045,0.0011666666666666937
1,1,0,XGBoost-C,10,W1,0.2183333333333333,0.7466666666666667,0.7967914438502673,0.18533333333333335,0.04500000000000004,0.011666666666666691
1,1,0,XGBoost-C,10,W2,0.2233333333333333,0.7383333333333333,0.7852257181942545,0.1783333333333333,0.03433333333333327,0.0023333333333332763
1,1,0,XGBoost-C,10,X1,0.1883333333333333,0.79,0.832,0.22083333333333338,0.0591666666666667,0.0011666666666666937
1,1,0,XGBoost-C,10,X2,0.155,0.8166666666666667,0.845938375,0.2713333333333333,0.049499999999999975,-0.0018333333333333424
1,1,0,MLP-C,10,W1,0.2199999999999999,0.78,0.8285714285714286,0.21366666666666667,0.041000000000000036,0.00750000000000004
1,1,0,MLP-C,10,W2,0.2216666666666666,0.7783333333333333,0.8180574555403557,0.23600000000000004,0.030166666666666654,0.006166666666666665
1,1,0,MLP-C,10,X1,0.1866666666666666,0.8133333333333334,0.8514588859416445,0.24400000000000005,0.06516666666666668,0.0056666666666666645
1,1,0,MLP-C,10,X2,0.15,0.85,0.8756906077348067,0.30566666666666664,0.06383333333333331,0.0034999999999999697
1,1,1,LogReg,1,W1,0.1999999999999999,0.8,0.8514851485148515,0.05416666666666671,0.20566666666666672,0.002166666666666717
1,1,1,LogReg,1,W2,0.1983333333333333,0.8016666666666666,0.8525402726146221,0.045499999999999964,0.2088333333333333,0.003999999999999971
1,1,1,LogReg,1,X1,0.1999999999999999,0.8,0.8533007334963325,0.06333333333333338,0.20183333333333336,-0.0011666666666666158
1,1,1,LogReg,1,X2,0.1949999999999999,0.805,0.8542963885429639,0.05683333333333337,0.19800000000000004,0.0036666666666666957
1,1,1,SVC,1,W1,0.1999999999999999,0.7966666666666666,0.8526570048309179,0.06299999999999997,0.1883333333333333,0.004666666666666619
1,1,1,SVC,1,W2,0.1966666666666666,0.8033333333333333,0.8560975609756097,0.04533333333333334,0.20600000000000002,0.006833333333333347
1,1,1,SVC,1,X1,0.1983333333333333,0.7916666666666666,0.8484848484848485,0.060833333333333295,0.1883333333333333,-0.003333333333333366
1,1,1,SVC,1,X2,0.1933333333333333,0.805,0.8560885608856088,0.053333333333333385,0.20000000000000004,-0.000499999999999956
1,1,1,RF-C,1,W1,0.1933333333333333,0.8066666666666666,0.8599033816425121,0.0428333333333333,0.21149999999999997,0.005499999999999972
1,1,1,RF-C,1,W2,0.2049999999999999,0.795,0.8468244084682441,0.03233333333333337,0.21050000000000005,0.005833333333333368
1,1,1,RF-C,1,X1,0.1966666666666666,0.8033333333333333,0.8567961165048543,0.054333333333333345,0.2085,-0.0003333333333333299
1,1,1,RF-C,1,X2,0.1833333333333333,0.8166666666666667,0.8621553884711779,0.06416666666666666,0.2168333333333333,0.012833333333333285
1,1,1,XGBoost-C,1,W1,0.1949999999999999,0.7566666666666667,0.81840796,0.04266666666666671,0.1703333333333334,-0.012999999999999979
1,1,1,XGBoost-C,1,W2,0.1983333333333333,0.755,0.8141592920353983,0.02366666666666666,0.1846666666666667,-0.012
1,1,1,XGBoost-C,1,X1,0.1916666666666666,0.755,0.8173913043478261,0.03433333333333334,0.16733333333333333,-0.01433333333333332
1,1,1,XGBoost-C,1,X2,0.1933333333333333,0.7816666666666666,0.8326947637292464,0.0486666666666666,0.19099999999999998,-0.0011666666666667047
1,1,1,MLP-C,1,W1,0.1949999999999999,0.805,0.8553770086526576,0.05800000000000003,0.20933333333333343,0.005166666666666708
1,1,1,MLP-C,1,W2,0.1966666666666666,0.8033333333333333,0.8539603960396039,0.047833333333333325,0.21283333333333337,0.0035000000000000144
1,1,1,MLP-C,1,X1,0.1949999999999999,0.805,0.8557336621454994,0.06883333333333339,0.2081666666666667,0.002333333333333376
1,1,1,MLP-C,1,X2,0.1833333333333333,0.8166666666666667,0.8571428571428571,0.07716666666666665,0.2273333333333333,0.003999999999999981
1,1,1,LogReg,2,W1,0.1166666666666667,0.8833333333333333,0.9326923076923076,0.024499999999999966,0.1088333333333333,0.0004999999999999672
1,1,1,LogReg,2,W2,0.1316666666666667,0.8683333333333333,0.9239653512993262,0.014166666666666616,0.09899999999999996,0.0009999999999999675
1,1,1,LogReg,2,X1,0.1116666666666666,0.8883333333333333,0.935514918,0.0288333333333333,0.10983333333333331,0.0033333333333332993
1,1,1,LogReg,2,X2,0.1266666666666667,0.8733333333333333,0.9281663516068052,0.021833333333333295,0.08116666666666664,0.0013333333333332754
1,1,1,SVC,2,W1,0.1183333333333332,0.875,0.9282296650717704,0.018166666666666664,0.09116666666666669,0.0010000000000000009
1,1,1,SVC,2,W2,0.1266666666666667,0.8683333333333333,0.9245463228271252,0.013499999999999946,0.09199999999999997,0.005499999999999972
1,1,1,SVC,2,X1,0.1133333333333332,0.8766666666666667,0.9293893129770991,0.02150000000000004,0.09350000000000006,-0.00466666666666663
1,1,1,SVC,2,X2,0.125,0.8716666666666667,0.9263157894736842,0.02200000000000003,0.09050000000000004,0.0015000000000000234
1,1,1,RF-C,2,W1,0.1099999999999999,0.89,0.9357976653696498,0.03866666666666667,0.13033333333333336,0.012833333333333353
1,1,1,RF-C,2,W2,0.135,0.865,0.9218900675024108,0.011166666666666658,0.096,0.0030000000000000027
1,1,1,RF-C,2,X1,0.1216666666666667,0.8783333333333333,0.9296046287367404,0.02016666666666663,0.1053333333333333,-0.0031666666666667065
1,1,1,RF-C,2,X2,0.125,0.875,0.927255092,0.031499999999999986,0.10699999999999998,0.004000000000000015
1,1,1,XGBoost-C,2,W1,0.1083333333333332,0.8533333333333334,0.9145631067961164,0.010666666666666713,0.10016666666666674,-0.009333333333333282
1,1,1,XGBoost-C,2,W2,0.1383333333333333,0.83,0.8996062992125984,0.004166666666666619,0.08416666666666663,-0.011333333333333384
1,1,1,XGBoost-C,2,X1,0.1183333333333332,0.87,0.9241245136186772,0.029500000000000005,0.10966666666666666,0.0026666666666666726
1,1,1,XGBoost-C,2,X2,0.1216666666666667,0.8466666666666667,0.9094488188976378,0.02250000000000003,0.09216666666666667,-0.009666666666666634
1,1,1,MLP-C,2,W1,0.1083333333333332,0.8916666666666667,0.9369544131910766,0.03583333333333337,0.1318333333333334,0.00783333333333337
1,1,1,MLP-C,2,W2,0.1266666666666667,0.8733333333333333,0.9264990328820116,0.023666666666666603,0.11116666666666664,0.012166666666666636
1,1,1,MLP-C,2,X1,0.1116666666666666,0.8883333333333333,0.9351403678606002,0.031666666666666635,0.11499999999999996,-0.00016666666666668162
1,1,1,MLP-C,2,X2,0.1283333333333333,0.8716666666666667,0.9245837414299706,0.0341666666666667,0.11716666666666668,0.001333333333333364
1,1,1,LogReg,3,W1,0.2316666666666667,0.7683333333333333,0.8242730720606827,0.03483333333333333,0.20816666666666667,0.0
1,1,1,LogReg,3,W2,0.2216666666666666,0.7783333333333333,0.8233731739707836,0.04866666666666667,0.22949999999999998,0.0021666666666666614
1,1,1,LogReg,3,X1,0.2183333333333333,0.7816666666666666,0.8326947637292464,0.05599999999999994,0.20199999999999996,0.0001666666666666483
1,1,1,LogReg,3,X2,0.2133333333333333,0.7866666666666666,0.8320209973753281,0.06649999999999993,0.20599999999999996,0.0016666666666666275
1,1,1,SVC,3,W1,0.2283333333333334,0.765,0.8161668839634941,0.03133333333333336,0.21233333333333335,-0.00016666666666665942
1,1,1,SVC,3,W2,0.2249999999999999,0.7633333333333333,0.8174807197943444,0.04183333333333331,0.21183333333333332,0.0004999999999999672
1,1,1,SVC,3,X1,0.2199999999999999,0.7766666666666666,0.82460733,0.06649999999999995,0.19649999999999995,-0.00033333333333337436
1,1,1,SVC,3,X2,0.2116666666666666,0.7783333333333333,0.8256880733944955,0.06199999999999998,0.19849999999999998,-0.003833333333333333
1,1,1,RF-C,3,W1,0.2266666666666666,0.7733333333333333,0.8196286472148541,0.037833333333333316,0.22966666666666663,0.004833333333333323
1,1,1,RF-C,3,W2,0.2183333333333333,0.7816666666666666,0.8292046936114733,0.045333333333333295,0.2288333333333333,0.008333333333333326
1,1,1,RF-C,3,X1,0.2166666666666666,0.7833333333333333,0.828042328,0.06899999999999998,0.20750000000000002,0.009000000000000008
1,1,1,RF-C,3,X2,0.2116666666666666,0.7883333333333333,0.834419817,0.06166666666666666,0.21800000000000003,0.0015000000000000124
1,1,1,XGBoost-C,3,W1,0.2266666666666666,0.7383333333333333,0.7942332896461337,0.024666666666666604,0.19033333333333324,0.013333333333333286
1,1,1,XGBoost-C,3,W2,0.2233333333333333,0.7116666666666667,0.7714663143989432,0.01633333333333333,0.16483333333333333,-0.03366666666666666
1,1,1,XGBoost-C,3,X1,0.2116666666666666,0.75,0.8031496062992126,0.049999999999999975,0.1796666666666667,0.009833333333333328
1,1,1,XGBoost-C,3,X2,0.2166666666666666,0.7416666666666667,0.8,0.055000000000000035,0.16433333333333336,-0.007833333333333303
1,1,1,MLP-C,3,W1,0.2283333333333334,0.7716666666666666,0.8227684346701164,0.04249999999999995,0.21633333333333327,0.002166666666666628
1,1,1,MLP-C,3,W2,0.2216666666666666,0.7783333333333333,0.821954485,0.04966666666666665,0.23433333333333328,0.003833333333333333
1,1,1,MLP-C,3,X1,0.2166666666666666,0.7833333333333333,0.8337595907928389,0.06633333333333333,0.20033333333333334,0.001333333333333353
1,1,1,MLP-C,3,X2,0.2133333333333333,0.7866666666666666,0.8288770053475936,0.07433333333333328,0.20683333333333329,-0.0001666666666666705
1,1,1,LogReg,4,W1,0.2066666666666666,0.7933333333333333,0.8581235697940504,0.026666666666666682,0.18283333333333335,0.0018333333333333535
1,1,1,LogReg,4,W2,0.1916666666666666,0.8083333333333333,0.8688711516533637,0.03383333333333335,0.18533333333333332,-0.0001666666666666705
1,1,1,LogReg,4,X1,0.2099999999999999,0.79,0.856492027,0.028333333333333356,0.1701666666666667,0.0010000000000000343
1,1,1,LogReg,4,X2,0.1633333333333333,0.8366666666666667,0.8852459016393442,0.08983333333333333,0.20749999999999996,0.0008333333333333526
1,1,1,SVC,4,W1,0.2149999999999999,0.78,0.8493150684931506,0.020666666666666687,0.1731666666666667,-0.001166666666666627
1,1,1,SVC,4,W2,0.2099999999999999,0.79,0.8538283062645011,0.027500000000000035,0.1771666666666667,-0.008499999999999985
1,1,1,SVC,4,X1,0.2099999999999999,0.7883333333333333,0.853855006,0.033333333333333326,0.17183333333333334,0.001333333333333331
1,1,1,SVC,4,X2,0.1633333333333333,0.8283333333333334,0.880093132,0.0781666666666667,0.19833333333333336,-0.0009999999999999675
1,1,1,RF-C,4,W1,0.2183333333333333,0.7816666666666666,0.8438617401668653,0.03083333333333329,0.1858333333333333,0.004166666666666629
1,1,1,RF-C,4,W2,0.2083333333333333,0.7916666666666666,0.8558246828143022,0.03216666666666661,0.16833333333333328,0.004833333333333312
1,1,1,RF-C,4,X1,0.2083333333333333,0.7916666666666666,0.8527679623085983,0.04483333333333328,0.1823333333333333,0.0014999999999999458
1,1,1,RF-C,4,X2,0.17,0.83,0.8794326241134752,0.07849999999999994,0.2063333333333333,0.011999999999999966
1,1,1,XGBoost-C,4,W1,0.2099999999999999,0.7483333333333333,0.816969697,0.017833333333333302,0.15933333333333327,-0.004500000000000048
1,1,1,XGBoost-C,4,W2,0.2133333333333333,0.775,0.8383233532934131,0.028666666666666694,0.17700000000000005,0.017000000000000005
1,1,1,XGBoost-C,4,X1,0.2066666666666666,0.7466666666666667,0.8155339805825242,0.02283333333333336,0.1328333333333333,-0.006166666666666642
1,1,1,XGBoost-C,4,X2,0.1616666666666666,0.795,0.8530465949820788,0.06683333333333338,0.16516666666666674,0.0018333333333333645
1,1,1,MLP-C,4,W1,0.2083333333333333,0.7916666666666666,0.8517200474495848,0.0438333333333333,0.19966666666666663,0.019833333333333304
1,1,1,MLP-C,4,W2,0.2016666666666666,0.7983333333333333,0.8550898203592814,0.03866666666666666,0.19550000000000003,0.01266666666666667
1,1,1,MLP-C,4,X1,0.2149999999999999,0.785,0.8458781362007168,0.027833333333333356,0.1811666666666667,0.0005000000000000115
1,1,1,MLP-C,4,X2,0.165,0.835,0.8833922261484098,0.09133333333333328,0.20833333333333331,0.002166666666666628
1,1,1,LogReg,5,W1,0.1483333333333333,0.8516666666666667,0.9031556039173014,0.04716666666666667,0.19400000000000003,0.001333333333333342
1,1,1,LogReg,5,W2,0.1466666666666666,0.8533333333333334,0.9037199124726476,0.05183333333333338,0.19983333333333336,0.0010000000000000564
1,1,1,LogReg,5,X1,0.145,0.855,0.9055374592833876,0.04966666666666667,0.1958333333333333,-0.0005000000000000115
1,1,1,LogReg,5,X2,0.1483333333333333,0.8516666666666667,0.9044038668098818,0.06483333333333335,0.16833333333333336,-0.00183333333333332
1,1,1,SVC,5,W1,0.15,0.8466666666666667,0.9010752688172043,0.03866666666666668,0.17650000000000002,-0.001333333333333331
1,1,1,SVC,5,W2,0.1433333333333333,0.8516666666666667,0.9031556039173014,0.048,0.18766666666666668,0.009666666666666667
1,1,1,SVC,5,X1,0.1466666666666666,0.8433333333333334,0.9,0.035500000000000045,0.1668333333333334,-0.0019999999999999684
1,1,1,SVC,5,X2,0.1516666666666666,0.8483333333333334,0.9011943539630836,0.06250000000000006,0.16816666666666674,0.0011666666666666937
1,1,1,RF-C,5,W1,0.1366666666666667,0.8633333333333333,0.9106753812636166,0.045999999999999944,0.20999999999999996,0.01699999999999995
1,1,1,RF-C,5,W2,0.1466666666666666,0.8533333333333334,0.9030837004405288,0.052333333333333384,0.20000000000000004,0.01833333333333339
1,1,1,RF-C,5,X1,0.1433333333333333,0.8566666666666667,0.907725322,0.04833333333333336,0.19783333333333336,0.005333333333333345
1,1,1,RF-C,5,X2,0.1466666666666666,0.8533333333333334,0.9039301310043668,0.06333333333333338,0.17900000000000005,0.012333333333333373
1,1,1,XGBoost-C,5,W1,0.145,0.8333333333333334,0.8891352549889135,0.0366666666666667,0.19383333333333336,0.004500000000000037
1,1,1,XGBoost-C,5,W2,0.1516666666666666,0.7883333333333333,0.8581005586592179,0.013833333333333354,0.1435,-0.002333333333333332
1,1,1,XGBoost-C,5,X1,0.1416666666666667,0.84,0.8951965065502183,0.04199999999999996,0.1893333333333333,-0.004000000000000026
1,1,1,XGBoost-C,5,X2,0.1466666666666666,0.8333333333333334,0.8905908096280087,0.05850000000000004,0.1656666666666667,0.00650000000000005
1,1,1,MLP-C,5,W1,0.1483333333333333,0.8516666666666667,0.9031556039173014,0.04683333333333335,0.19383333333333336,0.0005000000000000004
1,1,1,MLP-C,5,W2,0.1466666666666666,0.8533333333333334,0.901565996,0.047333333333333394,0.21083333333333337,0.012666666666666725
1,1,1,MLP-C,5,X1,0.1433333333333333,0.8566666666666667,0.9065217391304348,0.05150000000000003,0.19783333333333333,0.000666666666666682
1,1,1,MLP-C,5,X2,0.145,0.855,0.9042904290429042,0.06766666666666662,0.1896666666666667,0.008833333333333315
1,1,1,LogReg,6,W1,0.1916666666666666,0.8083333333333333,0.8504551365409623,0.06949999999999999,0.23583333333333334,0.0030000000000000027
1,1,1,LogReg,6,W2,0.2249999999999999,0.775,0.821664465,0.06550000000000004,0.19133333333333336,0.002166666666666717
1,1,1,LogReg,6,X1,0.18,0.82,0.8597402597402597,0.08633333333333329,0.23383333333333328,-3.3306690738754695e-17
1,1,1,LogReg,6,X2,0.1999999999999999,0.8,0.845360825,0.10683333333333338,0.2041666666666667,0.0015000000000000347
1,1,1,SVC,6,W1,0.2033333333333333,0.7966666666666666,0.8419689119170984,0.0628333333333333,0.22449999999999998,0.0019999999999999684
1,1,1,SVC,6,W2,0.2233333333333333,0.78,0.8294573643410853,0.07233333333333337,0.19816666666666666,0.00566666666666672
1,1,1,SVC,6,X1,0.1833333333333333,0.8,0.844559585,0.06566666666666672,0.21716666666666673,-0.013499999999999946
1,1,1,SVC,6,X2,0.1966666666666666,0.8,0.842519685,0.10183333333333336,0.2083333333333334,0.0025000000000000577
1,1,1,RF-C,6,W1,0.2016666666666666,0.7983333333333333,0.8422425032594524,0.05900000000000001,0.22933333333333333,0.0029999999999999914
1,1,1,RF-C,6,W2,0.2216666666666666,0.7783333333333333,0.82384106,0.06800000000000002,0.21533333333333332,0.012499999999999978
1,1,1,RF-C,6,X1,0.1883333333333333,0.8116666666666666,0.8503311258278146,0.0808333333333333,0.23850000000000002,0.012166666666666636
1,1,1,RF-C,6,X2,0.1866666666666666,0.8133333333333334,0.8534031413612565,0.11483333333333338,0.23850000000000002,0.003166666666666695
1,1,1,XGBoost-C,6,W1,0.1983333333333333,0.7716666666666666,0.8161073825503355,0.061499999999999944,0.20633333333333326,0.010166666666666612
1,1,1,XGBoost-C,6,W2,0.2166666666666666,0.7533333333333333,0.7989130434782609,0.058999999999999976,0.19049999999999995,0.006833333333333291
1,1,1,XGBoost-C,6,X1,0.1833333333333333,0.7916666666666666,0.8331108144192256,0.08516666666666663,0.2188333333333333,0.010333333333333295
1,1,1,XGBoost-C,6,X2,0.185,0.7766666666666666,0.8189189189189189,0.0938333333333333,0.20849999999999996,-0.004500000000000048
1,1,1,MLP-C,6,W1,0.1933333333333333,0.8066666666666666,0.8489583333333334,0.06866666666666663,0.23399999999999999,-1.1102230246251566e-17
1,1,1,MLP-C,6,W2,0.2199999999999999,0.78,0.8316326530612245,0.06283333333333334,0.199,0.007000000000000039
1,1,1,MLP-C,6,X1,0.18,0.82,0.8582677165354331,0.0908333333333333,0.23416666666666658,0.0004999999999999672
1,1,1,MLP-C,6,X2,0.1883333333333333,0.8116666666666666,0.8475033738191633,0.11849999999999997,0.2308333333333333,0.014833333333333299
1,1,1,LogReg,7,W1,0.1999999999999999,0.8,0.8412698412698413,0.0906666666666667,0.20483333333333337,0.0021666666666667056
1,1,1,LogReg,7,W2,0.1866666666666666,0.8133333333333334,0.8502673796791443,0.10366666666666668,0.2221666666666667,0.005166666666666675
1,1,1,LogReg,7,X1,0.185,0.815,0.8537549407114624,0.10749999999999996,0.21299999999999994,0.001833333333333298
1,1,1,LogReg,7,X2,0.1766666666666666,0.8233333333333334,0.8594164456233422,0.11983333333333338,0.2165,-0.0001666666666666483
1,1,1,SVC,7,W1,0.1983333333333333,0.7966666666666666,0.8403141361256544,0.07349999999999995,0.20466666666666664,-0.0008333333333333748
1,1,1,SVC,7,W2,0.1899999999999999,0.8,0.8408488063660478,0.08983333333333339,0.20333333333333342,-0.0034999999999999697
1,1,1,SVC,7,X1,0.185,0.805,0.8470588235294118,0.08900000000000004,0.20783333333333337,-0.0016666666666666162
1,1,1,SVC,7,X2,0.175,0.8216666666666667,0.8582781456953642,0.11683333333333334,0.21399999999999997,-0.001333333333333331
1,1,1,RF-C,7,W1,0.1883333333333333,0.8116666666666666,0.8503311258278146,0.08399999999999999,0.23066666666666663,0.012833333333333308
1,1,1,RF-C,7,W2,0.1966666666666666,0.8033333333333333,0.8413978494623656,0.08983333333333332,0.22333333333333333,0.008000000000000018
1,1,1,RF-C,7,X1,0.1916666666666666,0.8083333333333333,0.8472775564409031,0.08716666666666667,0.22333333333333338,0.016000000000000014
1,1,1,RF-C,7,X2,0.1683333333333333,0.8316666666666667,0.8633288227334236,0.12516666666666668,0.23016666666666669,0.007500000000000007
1,1,1,XGBoost-C,7,W1,0.1966666666666666,0.7816666666666666,0.8251001335113485,0.0828333333333333,0.19849999999999995,0.014499999999999957
1,1,1,XGBoost-C,7,W2,0.1966666666666666,0.7766666666666666,0.8149171270718232,0.08699999999999995,0.1923333333333333,-0.00033333333333336325
1,1,1,XGBoost-C,7,X1,0.1816666666666666,0.7816666666666666,0.8251001335113485,0.08116666666666662,0.19699999999999998,0.0029999999999999584
1,1,1,XGBoost-C,7,X2,0.1683333333333333,0.7933333333333333,0.8324324324324325,0.10049999999999999,0.1925,-0.004499999999999993
1,1,1,MLP-C,7,W1,0.2033333333333333,0.7966666666666666,0.8364611260053619,0.07849999999999996,0.2101666666666666,0.009333333333333305
1,1,1,MLP-C,7,W2,0.1883333333333333,0.8116666666666666,0.8503311258278146,0.10299999999999998,0.21416666666666667,0.0009999999999999343
1,1,1,MLP-C,7,X1,0.185,0.815,0.8514056224899599,0.10799999999999994,0.21466666666666662,-0.0018333333333333869
1,1,1,MLP-C,7,X2,0.17,0.83,0.8610354223433242,0.1275,0.2333333333333333,0.0043333333333333
1,1,1,LogReg,8,W1,0.175,0.825,0.8411497730711044,0.14866666666666664,0.23599999999999993,-0.00033333333333336325
1,1,1,LogReg,8,W2,0.1733333333333333,0.8266666666666667,0.8404907975460123,0.14233333333333334,0.2373333333333333,0.006166666666666676
1,1,1,LogReg,8,X1,0.155,0.845,0.8567026194144838,0.1786666666666666,0.24433333333333335,0.0013333333333332975
1,1,1,LogReg,8,X2,0.165,0.835,0.8515742128935532,0.1588333333333333,0.23483333333333328,0.004166666666666629
1,1,1,SVC,8,W1,0.1666666666666666,0.8266666666666667,0.8409785932721713,0.15083333333333332,0.23349999999999999,-0.0010000000000000009
1,1,1,SVC,8,W2,0.1766666666666666,0.815,0.8273716951788491,0.14599999999999996,0.2131666666666666,0.005499999999999949
1,1,1,SVC,8,X1,0.15,0.8466666666666667,0.8588957055214724,0.17416666666666672,0.24933333333333335,0.0023333333333333205
1,1,1,SVC,8,X2,0.1666666666666666,0.8233333333333334,0.8393939393939394,0.15583333333333335,0.21483333333333335,-0.005499999999999982
1,1,1,RF-C,8,W1,0.1783333333333333,0.8216666666666667,0.8405365126676602,0.13916666666666666,0.2455,-0.0015000000000000124
1,1,1,RF-C,8,W2,0.18,0.82,0.8402366863905325,0.1233333333333333,0.2416666666666666,0.00466666666666663
1,1,1,RF-C,8,X1,0.1666666666666666,0.8333333333333334,0.8470948012232415,0.1651666666666667,0.23200000000000004,0.011500000000000043
1,1,1,RF-C,8,X2,0.165,0.835,0.8465116279069768,0.16949999999999996,0.22766666666666668,0.008166666666666622
1,1,1,XGBoost-C,8,W1,0.1716666666666666,0.7733333333333333,0.7920489296636085,0.11449999999999998,0.1998333333333333,-0.016500000000000025
1,1,1,XGBoost-C,8,W2,0.1766666666666666,0.7816666666666666,0.8030075187969925,0.11733333333333326,0.19849999999999995,0.012833333333333285
1,1,1,XGBoost-C,8,X1,0.1533333333333333,0.775,0.7919876733436055,0.1246666666666667,0.18133333333333337,-0.01499999999999998
1,1,1,XGBoost-C,8,X2,0.16,0.8133333333333334,0.8292682926829268,0.14800000000000002,0.21683333333333335,0.000333333333333341
1,1,1,MLP-C,8,W1,0.17,0.83,0.8477611940298507,0.1528333333333333,0.244,0.0001666666666666261
1,1,1,MLP-C,8,W2,0.1733333333333333,0.8266666666666667,0.8419452887537994,0.1396666666666667,0.2415,0.00883333333333335
1,1,1,MLP-C,8,X1,0.1483333333333333,0.8516666666666667,0.8615863141524106,0.17950000000000002,0.253,0.00966666666666668
1,1,1,MLP-C,8,X2,0.165,0.835,0.8515742128935532,0.1588333333333333,0.23483333333333328,0.004333333333333289
1,1,1,LogReg,9,W1,0.2233333333333333,0.7766666666666666,0.82460733,0.03849999999999996,0.21849999999999997,0.0023333333333332763
1,1,1,LogReg,9,W2,0.2233333333333333,0.7766666666666666,0.8198924731182796,0.028166666666666618,0.23483333333333328,0.0014999999999999458
1,1,1,LogReg,9,X1,0.2049999999999999,0.795,0.8375165125495376,0.0596666666666667,0.23133333333333334,0.00016666666666668162
1,1,1,LogReg,9,X2,0.1866666666666666,0.8133333333333334,0.8498659517426274,0.08766666666666668,0.246,0.0015000000000000124
1,1,1,SVC,9,W1,0.2249999999999999,0.7733333333333333,0.8242894056847545,0.03633333333333331,0.20900000000000002,0.0058333333333333015
1,1,1,SVC,9,W2,0.2183333333333333,0.78,0.8263157894736842,0.03683333333333334,0.2281666666666667,-0.0003333333333332966
1,1,1,SVC,9,X1,0.2049999999999999,0.7916666666666666,0.8391248391248392,0.05616666666666664,0.22149999999999997,0.0006666666666666155
1,1,1,SVC,9,X2,0.1916666666666666,0.8033333333333333,0.8405405405405405,0.0815,0.23600000000000004,-0.003166666666666651
1,1,1,RF-C,9,W1,0.2149999999999999,0.785,0.8322496749024707,0.039666666666666704,0.22766666666666668,0.012666666666666705
1,1,1,RF-C,9,W2,0.2199999999999999,0.78,0.8303341902313625,0.041000000000000036,0.23216666666666672,0.00883333333333336
1,1,1,RF-C,9,X1,0.2033333333333333,0.7966666666666666,0.8368983957219251,0.06316666666666662,0.2365,0.008333333333333293
1,1,1,RF-C,9,X2,0.1899999999999999,0.81,0.8492063492063492,0.07000000000000005,0.24900000000000005,0.005166666666666708
1,1,1,XGBoost-C,9,W1,0.2133333333333333,0.75,0.7967479674796748,0.029333333333333322,0.201,-0.0015000000000000234
1,1,1,XGBoost-C,9,W2,0.2183333333333333,0.7233333333333334,0.771978022,0.005166666666666708,0.19683333333333336,-0.024499999999999945
1,1,1,XGBoost-C,9,X1,0.2116666666666666,0.7683333333333333,0.8119079837618404,0.04249999999999998,0.20933333333333332,0.002833333333333299
1,1,1,XGBoost-C,9,X2,0.1983333333333333,0.75,0.7916666666666666,0.04766666666666668,0.19366666666666665,-0.011333333333333329
1,1,1,MLP-C,9,W1,0.2099999999999999,0.79,0.8342105263157895,0.054000000000000034,0.23500000000000001,0.01650000000000005
1,1,1,MLP-C,9,W2,0.2216666666666666,0.7783333333333333,0.8214765100671141,0.029333333333333333,0.23583333333333334,0.0028333333333333322
1,1,1,MLP-C,9,X1,0.2033333333333333,0.7966666666666666,0.8390501319261213,0.05949999999999996,0.23149999999999996,0.001833333333333287
1,1,1,MLP-C,9,X2,0.1916666666666666,0.8083333333333333,0.8443843031123139,0.08150000000000002,0.24400000000000005,-0.001666666666666694
1,1,1,LogReg,10,W1,0.2016666666666666,0.7983333333333333,0.8248914616497829,0.06583333333333334,0.23450000000000001,0.0001666666666666705
1,1,1,LogReg,10,W2,0.2333333333333332,0.7666666666666667,0.8022598870056498,0.050666666666666714,0.19600000000000006,0.0010000000000000564
1,1,1,LogReg,10,X1,0.1949999999999999,0.805,0.8311688311688312,0.0791666666666667,0.2265,0.0010000000000000343
1,1,1,LogReg,10,X2,0.2149999999999999,0.785,0.8180535966149506,0.08150000000000004,0.1966666666666667,0.0016666666666667052
1,1,1,SVC,10,W1,0.2016666666666666,0.7916666666666666,0.818577649,0.05749999999999994,0.22416666666666663,0.0006666666666666265
1,1,1,SVC,10,W2,0.2316666666666667,0.76,0.7971830985915493,0.047,0.18616666666666667,-0.0040000000000000036
1,1,1,SVC,10,X1,0.1916666666666666,0.8083333333333333,0.8330914368650217,0.086,0.22833333333333333,0.005499999999999994
1,1,1,SVC,10,X2,0.2183333333333333,0.7816666666666666,0.8152327221438646,0.07366666666666662,0.19283333333333327,-0.0018333333333333645
1,1,1,RF-C,10,W1,0.2016666666666666,0.7983333333333333,0.8243831640058055,0.06633333333333333,0.2325,0.007333333333333347
1,1,1,RF-C,10,W2,0.2383333333333332,0.7616666666666667,0.8022130013831259,0.0436666666666667,0.19183333333333338,0.00566666666666672
1,1,1,RF-C,10,X1,0.1949999999999999,0.805,0.833570413,0.07516666666666671,0.23450000000000007,0.003000000000000047
1,1,1,RF-C,10,X2,0.2083333333333333,0.7916666666666666,0.8216833095577746,0.0928333333333333,0.20649999999999996,0.01349999999999999
1,1,1,XGBoost-C,10,W1,0.1999999999999999,0.7766666666666666,0.8107344632768362,0.05516666666666661,0.2086666666666666,0.013833333333333276
1,1,1,XGBoost-C,10,W2,0.2333333333333332,0.735,0.7738264580369844,0.05933333333333333,0.17166666666666663,0.0071666666666666545
1,1,1,XGBoost-C,10,X1,0.1866666666666666,0.78,0.8047337278106509,0.07700000000000004,0.20316666666666666,0.001333333333333353
1,1,1,XGBoost-C,10,X2,0.2116666666666666,0.7716666666666666,0.8045649072753209,0.09183333333333328,0.19499999999999995,0.010833333333333273
1,1,1,MLP-C,10,W1,0.1999999999999999,0.8,0.8250728862973761,0.0631666666666667,0.23983333333333334,0.004833333333333379
1,1,1,MLP-C,10,W2,0.2249999999999999,0.775,0.801762115,0.05916666666666669,0.20750000000000002,0.004166666666666707
1,1,1,MLP-C,10,X1,0.1933333333333333,0.8066666666666666,0.8313953488372093,0.0833333333333333,0.22766666666666668,0.00033333333333331885
1,1,1,MLP-C,10,X2,0.2149999999999999,0.785,0.8138528138528138,0.08100000000000002,0.19850000000000004,0.0010000000000000453
1,1,2,LogReg,1,W1,0.1366666666666667,0.8633333333333333,0.9026128266033254,0.12616666666666662,0.2101666666666666,0.00016666666666665942
1,1,2,LogReg,1,W2,0.2166666666666666,0.7833333333333333,0.84375,0.08250000000000002,0.15549999999999997,0.0005000000000000115
1,1,2,LogReg,1,X1,0.135,0.865,0.9027611044417768,0.15566666666666668,0.1985,0.0
1,1,2,LogReg,1,X2,0.1466666666666666,0.8533333333333334,0.891358025,0.18250000000000005,0.16350000000000006,-0.0011666666666666158
1,1,2,SVC,1,W1,0.1383333333333333,0.8533333333333334,0.897196262,0.12950000000000003,0.19233333333333338,0.006166666666666698
1,1,2,SVC,1,W2,0.2166666666666666,0.7816666666666666,0.8427370948379351,0.09549999999999996,0.1463333333333333,0.0006666666666666265
1,1,2,SVC,1,X1,0.1383333333333333,0.8583333333333333,0.8996458087367178,0.1476666666666666,0.1873333333333333,-0.003333333333333388
1,1,2,SVC,1,X2,0.1466666666666666,0.845,0.887816647,0.17416666666666664,0.15299999999999997,-0.0001666666666666927
1,1,2,RF-C,1,W1,0.1416666666666667,0.8583333333333333,0.8986889153754469,0.1188333333333333,0.21033333333333326,0.0003333333333332855
1,1,2,RF-C,1,W2,0.2083333333333333,0.7916666666666666,0.8495788206979543,0.08699999999999994,0.16616666666666663,0.009666666666666657
1,1,2,RF-C,1,X1,0.1283333333333333,0.8716666666666667,0.9077844311377246,0.15583333333333335,0.2041666666666667,0.008333333333333382
1,1,2,RF-C,1,X2,0.1566666666666666,0.8433333333333334,0.8853658536585366,0.1763333333333334,0.15100000000000002,0.0026666666666666948
1,1,2,XGBoost-C,1,W1,0.1416666666666667,0.8083333333333333,0.8612786489746683,0.08833333333333335,0.1766666666666667,0.001666666666666683
1,1,2,XGBoost-C,1,W2,0.2116666666666666,0.7266666666666667,0.7980295566502463,0.05600000000000003,0.11650000000000005,-0.02666666666666665
1,1,2,XGBoost-C,1,X1,0.1316666666666667,0.8333333333333334,0.8792270531400966,0.1326666666666667,0.1791666666666667,0.007833333333333392
1,1,2,XGBoost-C,1,X2,0.155,0.8283333333333334,0.8717310087173101,0.16583333333333342,0.14700000000000002,0.005000000000000027
1,1,2,MLP-C,1,W1,0.1366666666666667,0.8633333333333333,0.901913876,0.12783333333333327,0.20983333333333326,0.00683333333333328
1,1,2,MLP-C,1,W2,0.2116666666666666,0.7883333333333333,0.8437884378843789,0.08899999999999998,0.16666666666666666,0.00183333333333332
1,1,2,MLP-C,1,X1,0.1333333333333333,0.8666666666666667,0.9036144578313252,0.16150000000000003,0.20216666666666674,-0.0003333333333332966
1,1,2,MLP-C,1,X2,0.1433333333333333,0.8566666666666667,0.8935643564356436,0.18683333333333335,0.16983333333333334,0.0040000000000000036
1,1,2,LogReg,2,W1,0.2049999999999999,0.795,0.8317373461012312,0.04750000000000004,0.25100000000000006,-0.00033333333333330774
1,1,2,LogReg,2,W2,0.25,0.75,0.7922437673130194,0.03366666666666666,0.20183333333333336,0.00016666666666665942
1,1,2,LogReg,2,X1,0.1716666666666666,0.8283333333333334,0.8587105624142661,0.10266666666666668,0.24933333333333335,0.0040000000000000365
1,1,2,LogReg,2,X2,0.1416666666666667,0.8583333333333333,0.8794326241134752,0.18183333333333326,0.21899999999999994,-0.0008333333333333636
1,1,2,SVC,2,W1,0.2016666666666666,0.7733333333333333,0.8162162162162162,0.03716666666666664,0.2208333333333333,-0.004499999999999993
1,1,2,SVC,2,W2,0.2516666666666667,0.7316666666666667,0.7791495198902606,0.021166666666666677,0.1765,-0.005499999999999961
1,1,2,SVC,2,X1,0.1733333333333333,0.815,0.8521970705725699,0.09149999999999994,0.23266666666666663,-0.0035000000000000473
1,1,2,SVC,2,X2,0.1416666666666667,0.8583333333333333,0.8807854137447405,0.17416666666666664,0.2208333333333333,0.0011666666666666158
1,1,2,RF-C,2,W1,0.2066666666666666,0.7933333333333333,0.8301369863013699,0.052500000000000005,0.24100000000000002,0.012333333333333363
1,1,2,RF-C,2,W2,0.2333333333333332,0.7666666666666667,0.8,0.03266666666666672,0.23450000000000007,0.009000000000000053
1,1,2,RF-C,2,X1,0.1716666666666666,0.8283333333333334,0.8613728129205922,0.09500000000000003,0.2556666666666667,0.011000000000000032
1,1,2,RF-C,2,X2,0.1466666666666666,0.8533333333333334,0.8742857142857143,0.17150000000000007,0.21866666666666673,0.007166666666666699
1,1,2,XGBoost-C,2,W1,0.2099999999999999,0.7266666666666667,0.770949721,0.00983333333333335,0.19133333333333336,-0.01483333333333332
1,1,2,XGBoost-C,2,W2,0.2366666666666667,0.7183333333333334,0.7656033287101248,0.03283333333333338,0.16933333333333336,-0.0006666666666666265
1,1,2,XGBoost-C,2,X1,0.1683333333333333,0.7883333333333333,0.8253094910591472,0.08283333333333333,0.21916666666666668,0.007833333333333326
1,1,2,XGBoost-C,2,X2,0.15,0.8116666666666666,0.8383404864091559,0.1285,0.18866666666666665,-0.0015000000000000124
1,1,2,MLP-C,2,W1,0.2016666666666666,0.7983333333333333,0.8288543140028288,0.04883333333333334,0.26283333333333336,0.006666666666666687
1,1,2,MLP-C,2,W2,0.2466666666666667,0.7533333333333333,0.7972602739726027,0.033833333333333306,0.20349999999999993,0.002166666666666639
1,1,2,MLP-C,2,X1,0.17,0.83,0.8610354223433242,0.10116666666666663,0.25666666666666665,0.006833333333333302
1,1,2,MLP-C,2,X2,0.1366666666666667,0.8633333333333333,0.8838526912181303,0.18349999999999994,0.22599999999999998,0.00583333333333329
1,1,2,LogReg,3,W1,0.1783333333333333,0.8216666666666667,0.8751458576429405,0.12183333333333335,0.14300000000000002,0.0033333333333333327
1,1,2,LogReg,3,W2,0.17,0.83,0.8797169811320755,0.11316666666666664,0.15616666666666662,0.002499999999999958
1,1,2,LogReg,3,X1,0.1433333333333333,0.8566666666666667,0.9002320185614849,0.16266666666666668,0.14483333333333337,0.0031666666666666623
1,1,2,LogReg,3,X2,0.1283333333333333,0.8716666666666667,0.9071170084439084,0.18000000000000002,0.1726666666666667,0.0001666666666666705
1,1,2,SVC,3,W1,0.1766666666666666,0.8116666666666666,0.8708571428571429,0.10699999999999998,0.12916666666666665,-0.0010000000000000343
1,1,2,SVC,3,W2,0.17,0.825,0.8760330578512396,0.11716666666666664,0.1463333333333333,0.002499999999999969
1,1,2,SVC,3,X1,0.1483333333333333,0.8466666666666667,0.8940092165898618,0.1561666666666667,0.12783333333333333,0.0016666666666666496
1,1,2,SVC,3,X2,0.125,0.8666666666666667,0.9049881235154394,0.16750000000000007,0.16450000000000004,-0.0016666666666666275
1,1,2,RF-C,3,W1,0.1866666666666666,0.8133333333333334,0.874439462,0.0945,0.12600000000000003,0.002333333333333332
1,1,2,RF-C,3,W2,0.1733333333333333,0.8266666666666667,0.8758949880668258,0.11149999999999997,0.16216666666666665,0.0014999999999999903
1,1,2,RF-C,3,X1,0.1383333333333333,0.8616666666666667,0.9040462427745664,0.16566666666666668,0.1481666666666667,0.003666666666666707
1,1,2,RF-C,3,X2,0.1266666666666667,0.8733333333333333,0.9095238095238096,0.1705,0.17233333333333328,0.0026666666666666284
1,1,2,XGBoost-C,3,W1,0.1783333333333333,0.76,0.8329466357308585,0.07833333333333334,0.08983333333333335,-0.020166666666666645
1,1,2,XGBoost-C,3,W2,0.1666666666666666,0.7833333333333333,0.8410757946210269,0.10033333333333334,0.13466666666666666,0.006833333333333325
1,1,2,XGBoost-C,3,X1,0.1383333333333333,0.8383333333333334,0.8846611177170036,0.15083333333333337,0.1291666666666667,0.0018333333333333756
1,1,2,XGBoost-C,3,X2,0.1216666666666667,0.8366666666666667,0.8816425120772947,0.15466666666666667,0.14716666666666664,-0.005333333333333334
1,1,2,MLP-C,3,W1,0.175,0.825,0.8763250883392226,0.13149999999999995,0.14299999999999996,0.003999999999999959
1,1,2,MLP-C,3,W2,0.175,0.825,0.873341375,0.12216666666666662,0.15999999999999998,0.0
1,1,2,MLP-C,3,X1,0.1433333333333333,0.8566666666666667,0.8976190476190476,0.1665,0.15566666666666668,0.008333333333333337
1,1,2,MLP-C,3,X2,0.1283333333333333,0.8716666666666667,0.9071170084439084,0.17950000000000002,0.17350000000000004,0.0
1,1,2,LogReg,4,W1,0.18,0.82,0.8729411764705882,0.15016666666666662,0.11733333333333329,0.00999999999999993
1,1,2,LogReg,4,W2,0.1866666666666666,0.8133333333333334,0.8647342995169082,0.14833333333333334,0.12600000000000003,0.004166666666666663
1,1,2,LogReg,4,X1,0.1683333333333333,0.8316666666666667,0.8804733727810651,0.17799999999999996,0.11733333333333333,0.005499999999999994
1,1,2,LogReg,4,X2,0.1416666666666667,0.8583333333333333,0.8954489544895449,0.21149999999999997,0.1431666666666666,-5.551115123125783e-17
1,1,2,SVC,4,W1,0.1816666666666666,0.815,0.8664259927797834,0.17133333333333328,0.10533333333333328,0.006333333333333291
1,1,2,SVC,4,W2,0.1883333333333333,0.8066666666666666,0.861244019,0.16499999999999995,0.10149999999999997,-0.0031666666666667065
1,1,2,SVC,4,X1,0.1616666666666666,0.8316666666666667,0.8781664656212304,0.18216666666666667,0.11283333333333331,0.0026666666666666726
1,1,2,SVC,4,X2,0.1383333333333333,0.8616666666666667,0.8991494532199271,0.21083333333333334,0.14550000000000002,0.005333333333333368
1,1,2,RF-C,4,W1,0.1816666666666666,0.8183333333333334,0.8691476590636255,0.1576666666666667,0.11566666666666667,0.005333333333333368
1,1,2,RF-C,4,W2,0.1949999999999999,0.805,0.8608799048751486,0.14450000000000007,0.11083333333333338,0.006166666666666698
1,1,2,RF-C,4,X1,0.1683333333333333,0.8316666666666667,0.876979294,0.179,0.12,0.001000000000000012
1,1,2,RF-C,4,X2,0.145,0.855,0.8945454545454545,0.21266666666666664,0.13866666666666666,0.009999999999999964
1,1,2,XGBoost-C,4,W1,0.18,0.7833333333333333,0.8410757946210269,0.1313333333333333,0.09816666666666665,0.005000000000000016
1,1,2,XGBoost-C,4,W2,0.1899999999999999,0.7683333333333333,0.8298653610771114,0.1348333333333333,0.1025,0.0009999999999999675
1,1,2,XGBoost-C,4,X1,0.1616666666666666,0.8216666666666667,0.8683886838868389,0.16916666666666663,0.11883333333333332,0.010666666666666647
1,1,2,XGBoost-C,4,X2,0.145,0.8116666666666666,0.8616891064871481,0.177,0.11033333333333332,-0.01150000000000001
1,1,2,MLP-C,4,W1,0.1766666666666666,0.8233333333333334,0.8710462287104623,0.16933333333333334,0.12466666666666668,0.008166666666666711
1,1,2,MLP-C,4,W2,0.1866666666666666,0.8133333333333334,0.8647342995169082,0.1476666666666667,0.12633333333333335,0.0036666666666666627
1,1,2,MLP-C,4,X1,0.1633333333333333,0.8366666666666667,0.8793103448275862,0.18766666666666665,0.138,0.02383333333333334
1,1,2,MLP-C,4,X2,0.1366666666666667,0.8633333333333333,0.8985148514851485,0.21849999999999997,0.1481666666666666,0.00516666666666663
1,1,2,LogReg,5,W1,0.18,0.82,0.8430232558139535,0.15449999999999997,0.1878333333333333,0.0
1,1,2,LogReg,5,W2,0.235,0.765,0.8022440392706872,0.13166666666666668,0.15883333333333333,-0.0021666666666666614
1,1,2,LogReg,5,X1,0.165,0.835,0.8587731811697575,0.18149999999999997,0.18466666666666662,0.0004999999999999782
1,1,2,LogReg,5,X2,0.1866666666666666,0.8133333333333334,0.8431372549019608,0.19850000000000004,0.17250000000000001,0.00033333333333336325
1,1,2,SVC,5,W1,0.175,0.8216666666666667,0.8464849354375896,0.15283333333333332,0.185,0.003999999999999992
1,1,2,SVC,5,W2,0.2316666666666667,0.7566666666666667,0.7932011331444759,0.13333333333333336,0.1501666666666667,-0.003833333333333311
1,1,2,SVC,5,X1,0.1566666666666666,0.8366666666666667,0.8611898016997167,0.1748333333333333,0.18883333333333335,0.001333333333333331
1,1,2,SVC,5,X2,0.185,0.815,0.8402877697841726,0.2026666666666666,0.1778333333333333,0.0019999999999999463
1,1,2,RF-C,5,W1,0.175,0.825,0.8502139800285307,0.1566666666666666,0.18616666666666662,0.007999999999999974
1,1,2,RF-C,5,W2,0.2266666666666666,0.7733333333333333,0.8034682080924855,0.14933333333333332,0.16649999999999995,0.004666666666666641
1,1,2,RF-C,5,X1,0.1666666666666666,0.8333333333333334,0.8583569405099151,0.16783333333333333,0.19016666666666673,-0.002166666666666628
1,1,2,RF-C,5,X2,0.1899999999999999,0.81,0.8362068965517241,0.1993333333333334,0.1713333333333334,0.0076666666666667105
1,1,2,XGBoost-C,5,W1,0.1783333333333333,0.79,0.8205128205128205,0.13866666666666666,0.15650000000000008,0.015500000000000047
1,1,2,XGBoost-C,5,W2,0.2183333333333333,0.74,0.78028169,0.12066666666666666,0.13883333333333334,0.0033333333333333106
1,1,2,XGBoost-C,5,X1,0.1616666666666666,0.8066666666666666,0.8352272727272727,0.147,0.15499999999999997,0.009166666666666656
1,1,2,XGBoost-C,5,X2,0.175,0.7883333333333333,0.8156748911465893,0.17716666666666664,0.15099999999999997,-0.004666666666666685
1,1,2,MLP-C,5,W1,0.1716666666666666,0.8283333333333334,0.8551336146272855,0.15483333333333338,0.20166666666666672,0.010500000000000032
1,1,2,MLP-C,5,W2,0.2299999999999999,0.77,0.8050847457627118,0.1405,0.16650000000000004,-0.0009999999999999898
1,1,2,MLP-C,5,X1,0.16,0.84,0.86167147,0.18366666666666662,0.19316666666666665,0.007999999999999974
1,1,2,MLP-C,5,X2,0.1866666666666666,0.8133333333333334,0.8413597733711048,0.2001666666666667,0.173,-0.0033333333333332993
1,1,2,LogReg,6,W1,0.2099999999999999,0.79,0.79,0.17600000000000002,0.15183333333333338,0.0053333333333333895
1,1,2,LogReg,6,W2,0.2216666666666666,0.7783333333333333,0.7918622848200313,0.15749999999999997,0.14933333333333332,0.004833333333333345
1,1,2,LogReg,6,X1,0.175,0.825,0.8229342327150084,0.21266666666666662,0.15849999999999995,-0.0010000000000000343
1,1,2,LogReg,6,X2,0.175,0.825,0.8325358851674641,0.21449999999999997,0.15466666666666662,0.006166666666666631
1,1,2,SVC,6,W1,0.2049999999999999,0.7916666666666666,0.7960848287112561,0.1863333333333333,0.15049999999999994,0.002166666666666628
1,1,2,SVC,6,W2,0.2216666666666666,0.77,0.7883435582822086,0.14716666666666667,0.14083333333333337,0.0005000000000000115
1,1,2,SVC,6,X1,0.1633333333333333,0.8316666666666667,0.8341543513957307,0.22383333333333333,0.16299999999999998,0.012833333333333353
1,1,2,SVC,6,X2,0.1733333333333333,0.8166666666666667,0.8248407643312102,0.20966666666666667,0.15183333333333335,-0.000666666666666671
1,1,2,RF-C,6,W1,0.1999999999999999,0.8,0.8051948051948052,0.18000000000000002,0.16750000000000004,0.0008333333333333748
1,1,2,RF-C,6,W2,0.2316666666666667,0.7683333333333333,0.794682422,0.14499999999999996,0.13899999999999998,0.005499999999999972
1,1,2,RF-C,6,X1,0.1716666666666666,0.8283333333333334,0.8280467445742905,0.21950000000000003,0.16466666666666674,0.00933333333333337
1,1,2,RF-C,6,X2,0.1816666666666666,0.8183333333333334,0.8288854003139717,0.21200000000000002,0.14983333333333335,-0.0008333333333332971
1,1,2,XGBoost-C,6,W1,0.2066666666666666,0.75,0.75,0.15516666666666665,0.13116666666666665,-0.008333333333333337
1,1,2,XGBoost-C,6,W2,0.2266666666666666,0.765,0.7807153965785381,0.13699999999999996,0.14483333333333334,0.014500000000000013
1,1,2,XGBoost-C,6,X1,0.17,0.7983333333333333,0.7966386554621848,0.20416666666666666,0.1425,-0.001333333333333331
1,1,2,XGBoost-C,6,X2,0.17,0.8016666666666666,0.810207337,0.20116666666666663,0.1415,-0.005666666666666697
1,1,2,MLP-C,6,W1,0.2049999999999999,0.795,0.7980295566502463,0.17766666666666672,0.1593333333333334,0.00900000000000003
1,1,2,MLP-C,6,W2,0.2216666666666666,0.7783333333333333,0.7912087912087912,0.1583333333333333,0.15,0.0028333333333333322
1,1,2,MLP-C,6,X1,0.1733333333333333,0.8266666666666667,0.8243243243243243,0.21399999999999997,0.1595,0.0003333333333333299
1,1,2,MLP-C,6,X2,0.17,0.83,0.8370607028753994,0.21999999999999997,0.1646666666666666,0.004333333333333323
1,1,2,LogReg,7,W1,0.1783333333333333,0.8216666666666667,0.8736717827626919,0.10283333333333333,0.1538333333333333,-0.00016666666666668162
1,1,2,LogReg,7,W2,0.1966666666666666,0.8033333333333333,0.8694690265486725,0.08683333333333335,0.139,0.003500000000000003
1,1,2,LogReg,7,X1,0.14,0.86,0.9009433962264152,0.15283333333333332,0.1718333333333333,0.0008333333333333526
1,1,2,LogReg,7,X2,0.13,0.87,0.9099307159353348,0.17916666666666664,0.15550000000000003,0.00016666666666665942
1,1,2,SVC,7,W1,0.175,0.825,0.876905041,0.10599999999999996,0.15366666666666662,-0.0026666666666667173
1,1,2,SVC,7,W2,0.1999999999999999,0.7916666666666666,0.861878453,0.08416666666666664,0.12266666666666662,0.0001666666666666372
1,1,2,SVC,7,X1,0.1433333333333333,0.8533333333333334,0.8967136150234741,0.15700000000000008,0.15466666666666673,-0.00683333333333328
1,1,2,SVC,7,X2,0.1333333333333333,0.865,0.9048178613396004,0.18266666666666667,0.15666666666666665,-0.001666666666666683
1,1,2,RF-C,7,W1,0.175,0.825,0.8783314020857474,0.10083333333333329,0.15266666666666664,0.002499999999999969
1,1,2,RF-C,7,W2,0.1949999999999999,0.805,0.8686868686868687,0.09216666666666673,0.14500000000000007,0.01650000000000005
1,1,2,RF-C,7,X1,0.145,0.855,0.9003436426116839,0.14666666666666667,0.15133333333333332,-0.0001666666666666927
1,1,2,RF-C,7,X2,0.1333333333333333,0.8666666666666667,0.9061032863849764,0.1846666666666667,0.15200000000000005,0.005333333333333379
1,1,2,XGBoost-C,7,W1,0.17,0.785,0.8466111771700356,0.08750000000000005,0.12600000000000006,-0.007666666666666632
1,1,2,XGBoost-C,7,W2,0.2049999999999999,0.7583333333333333,0.8311990686845169,0.0783333333333333,0.11549999999999994,0.0003333333333332966
1,1,2,XGBoost-C,7,X1,0.1566666666666666,0.815,0.8670658682634731,0.12949999999999995,0.1326666666666666,-0.0005000000000000449
1,1,2,XGBoost-C,7,X2,0.13,0.84,0.8857142857142857,0.16549999999999998,0.14066666666666666,0.009499999999999975
1,1,2,MLP-C,7,W1,0.1683333333333333,0.8316666666666667,0.8804733727810651,0.11916666666666664,0.15816666666666665,0.0021666666666666835
1,1,2,MLP-C,7,W2,0.1999999999999999,0.8,0.8627002288329519,0.09316666666666669,0.14800000000000005,0.000333333333333341
1,1,2,MLP-C,7,X1,0.1433333333333333,0.8566666666666667,0.8981042654028436,0.15200000000000002,0.16816666666666666,-0.000833333333333286
1,1,2,MLP-C,7,X2,0.13,0.87,0.9071428571428573,0.19083333333333333,0.16366666666666663,0.004666666666666675
1,1,2,LogReg,8,W1,0.2199999999999999,0.78,0.8075801749271136,0.1325,0.15083333333333337,-0.0033333333333333106
1,1,2,LogReg,8,W2,0.2149999999999999,0.785,0.8111273792093704,0.11200000000000002,0.1561666666666667,0.002000000000000024
1,1,2,LogReg,8,X1,0.1833333333333333,0.8166666666666667,0.8382352941176471,0.18566666666666665,0.15700000000000003,0.0011666666666666603
1,1,2,LogReg,8,X2,0.165,0.835,0.8533333333333334,0.18466666666666667,0.15466666666666665,0.0038333333333332885
1,1,2,SVC,8,W1,0.2216666666666666,0.7733333333333333,0.7970149253731343,0.14750000000000002,0.13399999999999998,0.003833333333333311
1,1,2,SVC,8,W2,0.2049999999999999,0.7866666666666666,0.8181818181818182,0.11499999999999995,0.15566666666666662,-0.0036666666666666957
1,1,2,SVC,8,X1,0.1866666666666666,0.8066666666666666,0.8284023668639053,0.172,0.1523333333333333,-0.008500000000000008
1,1,2,SVC,8,X2,0.1683333333333333,0.825,0.8476052249637155,0.17433333333333328,0.14299999999999993,-0.006000000000000061
1,1,2,RF-C,8,W1,0.2166666666666666,0.7833333333333333,0.8059701492537313,0.13316666666666666,0.1615,0.004166666666666652
1,1,2,RF-C,8,W2,0.2049999999999999,0.795,0.8235294117647058,0.10783333333333336,0.17300000000000004,0.0031666666666667065
1,1,2,RF-C,8,X1,0.1883333333333333,0.8116666666666666,0.8340675477239354,0.17383333333333328,0.16033333333333333,0.0014999999999999903
1,1,2,RF-C,8,X2,0.1716666666666666,0.8283333333333334,0.8474074074074074,0.18033333333333337,0.14383333333333337,0.009166666666666701
1,1,2,XGBoost-C,8,W1,0.2083333333333333,0.7616666666666667,0.7796610169491526,0.12700000000000006,0.13650000000000007,0.0011666666666667047
1,1,2,XGBoost-C,8,W2,0.2016666666666666,0.75,0.7800586510263929,0.10866666666666665,0.12833333333333333,-0.015333333333333332
1,1,2,XGBoost-C,8,X1,0.1833333333333333,0.8116666666666666,0.8315946348733234,0.17333333333333334,0.16999999999999998,0.021833333333333316
1,1,2,XGBoost-C,8,X2,0.17,0.805,0.82615156,0.16300000000000003,0.13000000000000003,-0.0014999999999999348
1,1,2,MLP-C,8,W1,0.2016666666666666,0.7983333333333333,0.815267176,0.15433333333333338,0.1735,0.006500000000000017
1,1,2,MLP-C,8,W2,0.2133333333333333,0.7866666666666666,0.8134110787172012,0.10699999999999996,0.16283333333333327,0.0019999999999999575
1,1,2,MLP-C,8,X1,0.1816666666666666,0.8183333333333334,0.8380386329866271,0.18633333333333338,0.16066666666666668,0.0028333333333333544
1,1,2,MLP-C,8,X2,0.165,0.835,0.8541973490427098,0.186,0.15333333333333327,0.0066666666666666315
1,1,2,LogReg,9,W1,0.1433333333333333,0.8566666666666667,0.9006928406466512,0.12883333333333338,0.20450000000000004,0.003833333333333344
1,1,2,LogReg,9,W2,0.1949999999999999,0.805,0.865979381,0.0951666666666667,0.13433333333333336,0.0
1,1,2,LogReg,9,X1,0.12,0.88,0.9144893111638956,0.16,0.2045,0.0015000000000000013
1,1,2,LogReg,9,X2,0.1333333333333333,0.8666666666666667,0.9049881235154394,0.19066666666666668,0.15700000000000003,-0.0011666666666666381
1,1,2,SVC,9,W1,0.1466666666666666,0.8483333333333334,0.8955223880597015,0.12700000000000009,0.1931666666666667,0.0038333333333333774
1,1,2,SVC,9,W2,0.1866666666666666,0.805,0.8637951105937136,0.10733333333333339,0.13550000000000004,0.005666666666666709
1,1,2,SVC,9,X1,0.1183333333333332,0.8683333333333333,0.9076023391812864,0.14949999999999997,0.1893333333333333,-0.0076666666666667105
1,1,2,SVC,9,X2,0.135,0.855,0.8980070339976554,0.16799999999999998,0.14633333333333334,-3.3306690738754695e-17
1,1,2,RF-C,9,W1,0.1466666666666666,0.8533333333333334,0.8981481481481481,0.11316666666666672,0.21100000000000008,0.0015000000000000458
1,1,2,RF-C,9,W2,0.1899999999999999,0.81,0.8683602771362586,0.0931666666666667,0.15000000000000008,0.011833333333333362
1,1,2,RF-C,9,X1,0.1183333333333332,0.8816666666666667,0.9161747343565524,0.16400000000000003,0.20133333333333336,0.009666666666666702
1,1,2,RF-C,9,X2,0.1416666666666667,0.8583333333333333,0.9003516998827668,0.17849999999999994,0.1436666666666666,0.0028333333333332767
1,1,2,XGBoost-C,9,W1,0.1483333333333333,0.8166666666666667,0.8705882352941177,0.10799999999999998,0.1728333333333333,0.004666666666666641
1,1,2,XGBoost-C,9,W2,0.1883333333333333,0.7683333333333333,0.834326579,0.08516666666666664,0.11299999999999999,0.010833333333333306
1,1,2,XGBoost-C,9,X1,0.1216666666666667,0.8333333333333334,0.8812351543942993,0.12416666666666672,0.16716666666666669,-0.012833333333333308
1,1,2,XGBoost-C,9,X2,0.145,0.8216666666666667,0.8724672228843862,0.1505,0.11583333333333332,-0.011833333333333362
1,1,2,MLP-C,9,W1,0.15,0.85,0.8946135831381733,0.1308333333333333,0.2038333333333333,0.001833333333333298
1,1,2,MLP-C,9,W2,0.1999999999999999,0.8,0.8581560283687943,0.10550000000000007,0.1385,0.004166666666666707
1,1,2,MLP-C,9,X1,0.12,0.88,0.914691943,0.16066666666666668,0.20433333333333334,0.0025000000000000022
1,1,2,MLP-C,9,X2,0.1266666666666667,0.8733333333333333,0.9088729016786572,0.19916666666666663,0.1648333333333333,0.0019999999999999463
1,1,2,LogReg,10,W1,0.1999999999999999,0.8,0.8314606741573034,0.14400000000000004,0.17500000000000004,0.005166666666666708
1,1,2,LogReg,10,W2,0.245,0.755,0.7944055944055944,0.10783333333333336,0.13816666666666666,-0.0015000000000000234
1,1,2,LogReg,10,X1,0.1733333333333333,0.8266666666666667,0.8535211267605634,0.18566666666666665,0.1755,0.006833333333333325
1,1,2,LogReg,10,X2,0.1666666666666666,0.8333333333333334,0.8559077809798271,0.21200000000000002,0.16116666666666674,-0.0019999999999999684
1,1,2,SVC,10,W1,0.1999999999999999,0.7883333333333333,0.8198581560283688,0.14016666666666663,0.15866666666666665,-0.001333333333333331
1,1,2,SVC,10,W2,0.245,0.7533333333333333,0.7855072463768116,0.11899999999999997,0.13549999999999995,0.001166666666666627
1,1,2,SVC,10,X1,0.17,0.8166666666666667,0.845938375,0.17649999999999996,0.16466666666666666,-0.00016666666666668162
1,1,2,SVC,10,X2,0.1666666666666666,0.8316666666666667,0.8546762589928057,0.21016666666666667,0.1608333333333333,0.0009999999999999898
1,1,2,RF-C,10,W1,0.1983333333333333,0.8016666666666666,0.8316831683168316,0.14666666666666664,0.18449999999999997,0.03349999999999995
1,1,2,RF-C,10,W2,0.2366666666666667,0.7633333333333333,0.7994350282485876,0.12166666666666663,0.142,0.009833333333333315
1,1,2,RF-C,10,X1,0.1683333333333333,0.8316666666666667,0.8595271210013908,0.1875,0.18383333333333335,0.01233333333333334
1,1,2,RF-C,10,X2,0.1583333333333333,0.8416666666666667,0.8621190130624092,0.22383333333333333,0.16750000000000004,0.011666666666666681
1,1,2,XGBoost-C,10,W1,0.1966666666666666,0.7633333333333333,0.8033240997229917,0.11416666666666667,0.14016666666666666,0.008166666666666645
1,1,2,XGBoost-C,10,W2,0.24,0.7216666666666667,0.7576197387518142,0.097,0.12333333333333334,-0.008666666666666645
1,1,2,XGBoost-C,10,X1,0.1766666666666666,0.7883333333333333,0.8193456614509246,0.15983333333333336,0.14416666666666664,-0.007833333333333348
1,1,2,XGBoost-C,10,X2,0.16,0.8216666666666667,0.8460431654676259,0.20166666666666666,0.15899999999999997,0.010333333333333316
1,1,2,MLP-C,10,W1,0.1983333333333333,0.8016666666666666,0.8321579689703809,0.14883333333333332,0.17716666666666664,0.006166666666666631
1,1,2,MLP-C,10,W2,0.2416666666666667,0.7583333333333333,0.7889374090247453,0.11749999999999997,0.14466666666666664,0.0019999999999999575
1,1,2,MLP-C,10,X1,0.1683333333333333,0.8316666666666667,0.8567375886524823,0.19166666666666668,0.18116666666666664,0.009999999999999998
1,1,2,MLP-C,10,X2,0.16,0.84,0.8608695652173913,0.21966666666666662,0.16699999999999995,0.003499999999999981
2,0,0,LogReg,1,W1,0.26,0.74,0.8172231985940246,0.10225,0.06812499999999999,-0.0007500000000000062
2,0,0,LogReg,1,W2,0.265,0.735,0.8065693430656934,0.10537499999999997,0.08299999999999998,-0.0035000000000000252
2,0,0,LogReg,1,X1,0.1937499999999999,0.80625,0.8589626933575978,0.18762500000000001,0.09325000000000003,0.009250000000000013
2,0,0,LogReg,1,X2,0.16625,0.83375,0.8765088207985144,0.21937499999999996,0.08149999999999999,0.0026249999999999885
2,0,0,SVC,1,W1,0.26375,0.73625,0.8093947606142728,0.10449999999999997,0.06937499999999996,-0.005875000000000052
2,0,0,SVC,1,W2,0.26,0.7325,0.8089285714285714,0.09812500000000005,0.07662500000000005,-0.0023749999999999718
2,0,0,SVC,1,X1,0.1987499999999999,0.7975,0.8545780969479354,0.1735,0.08537499999999998,0.0009999999999999898
2,0,0,SVC,1,X2,0.1687499999999999,0.82875,0.8741965105601469,0.210625,0.07399999999999998,0.0008750000000000036
2,0,0,RF-C,1,W1,0.26375,0.73625,0.8124444444444444,0.09887499999999995,0.07137499999999998,-0.0063750000000000525
2,0,0,RF-C,1,W2,0.245,0.755,0.822141561,0.11012499999999999,0.10024999999999999,0.021875000000000023
2,0,0,RF-C,1,X1,0.2025,0.7975,0.8511029411764706,0.18512499999999998,0.08049999999999997,0.00575
2,0,0,RF-C,1,X2,0.16625,0.83375,0.8778696051423324,0.21775000000000003,0.08462499999999999,0.009874999999999978
2,0,0,XGBoost-C,1,W1,0.26,0.715,0.7931034482758621,0.10224999999999998,0.06237499999999997,0.005124999999999958
2,0,0,XGBoost-C,1,W2,0.25,0.725,0.7966728280961183,0.09074999999999997,0.089875,0.02262499999999997
2,0,0,XGBoost-C,1,X1,0.1975,0.7675,0.8258426966292135,0.161375,0.06937499999999996,0.00024999999999997247
2,0,0,XGBoost-C,1,X2,0.1637499999999999,0.81,0.860036832,0.20562500000000003,0.07312500000000004,0.005000000000000049
2,0,0,MLP-C,1,W1,0.2574999999999999,0.7425,0.8127272727272727,0.11437500000000007,0.06962500000000003,-0.0019999999999999463
2,0,0,MLP-C,1,W2,0.25625,0.74375,0.813126709,0.11462500000000002,0.09175000000000001,0.004250000000000043
2,0,0,MLP-C,1,X1,0.19125,0.80875,0.85924563,0.19299999999999995,0.09912499999999996,0.007874999999999965
2,0,0,MLP-C,1,X2,0.16625,0.83375,0.8748824082784572,0.23174999999999998,0.07637499999999998,0.0002499999999999947
2,0,0,LogReg,2,W1,0.17125,0.82875,0.8293897882938979,0.309125,0.038250000000000006,0.0
2,0,0,LogReg,2,W2,0.21375,0.78625,0.7843631778058008,0.275,0.01712499999999999,-0.0033749999999999948
2,0,0,LogReg,2,X1,0.14,0.86,0.8637469586374696,0.348,0.041249999999999974,0.0
2,0,0,LogReg,2,X2,0.16,0.84,0.8479809976247031,0.33424999999999994,0.02312499999999995,-0.0025000000000000135
2,0,0,SVC,2,W1,0.17125,0.8275,0.8261964735516373,0.309625,0.033500000000000016,-0.0004999999999999672
2,0,0,SVC,2,W2,0.21125,0.78625,0.7891491985203453,0.269875,0.02075,-0.0011249999999999871
2,0,0,SVC,2,X1,0.1424999999999999,0.85625,0.8585485854858549,0.34262499999999996,0.03974999999999995,0.0006249999999999422
2,0,0,SVC,2,X2,0.16125,0.83125,0.8413631022326674,0.3243750000000001,0.017250000000000043,-0.00874999999999997
2,0,0,RF-C,2,W1,0.17,0.83,0.8287153652392947,0.31362499999999993,0.034374999999999954,0.003499999999999959
2,0,0,RF-C,2,W2,0.2075,0.7925,0.7925,0.276875,0.031875,0.012374999999999959
2,0,0,RF-C,2,X1,0.1312499999999999,0.86875,0.873341375,0.35687500000000005,0.044125000000000025,0.013875000000000026
2,0,0,RF-C,2,X2,0.15,0.85,0.8557692307692307,0.34550000000000003,0.028749999999999977,0.0018749999999999821
2,0,0,XGBoost-C,2,W1,0.1624999999999999,0.8075,0.8149038461538461,0.28825,0.029874999999999995,0.0022499999999999855
2,0,0,XGBoost-C,2,W2,0.2075,0.765,0.7701711491442543,0.25175000000000003,0.01625000000000002,-0.0016249999999999876
2,0,0,XGBoost-C,2,X1,0.1312499999999999,0.85,0.8543689320388349,0.33225,0.03749999999999998,0.010249999999999971
2,0,0,XGBoost-C,2,X2,0.15,0.82875,0.8386336866902238,0.31762499999999994,0.03612499999999998,0.0058749999999999965
2,0,0,MLP-C,2,W1,0.1725,0.8275,0.8292079207920792,0.30625,0.038875000000000014,0.00012500000000001955
2,0,0,MLP-C,2,W2,0.2049999999999999,0.795,0.7960199004975125,0.28137500000000004,0.02987500000000004,0.006125000000000047
2,0,0,MLP-C,2,X1,0.14,0.86,0.8637469586374696,0.34775,0.04199999999999997,-0.00012499999999999735
2,0,0,MLP-C,2,X2,0.1574999999999999,0.8425,0.8489208633093526,0.3355,0.024875000000000026,0.0012500000000000067
2,0,0,LogReg,3,W1,0.1999999999999999,0.8,0.8067632850241546,0.24750000000000005,0.08762500000000004,0.002375000000000038
2,0,0,LogReg,3,W2,0.24,0.76,0.7730496453900709,0.195,0.08625000000000001,0.00062500000000002
2,0,0,LogReg,3,X1,0.1637499999999999,0.83625,0.841978287,0.2921250000000001,0.08212500000000006,0.007750000000000057
2,0,0,LogReg,3,X2,0.1775,0.8225,0.8246913580246914,0.276875,0.071,0.0030000000000000248
2,0,0,SVC,3,W1,0.19125,0.7875,0.8,0.23637499999999995,0.08599999999999997,0.003999999999999992
2,0,0,SVC,3,W2,0.2425,0.75125,0.7736063708759955,0.182,0.08299999999999996,-0.0006250000000000311
2,0,0,SVC,3,X1,0.1687499999999999,0.82875,0.8335358444714459,0.27949999999999997,0.07975,0.00249999999999998
2,0,0,SVC,3,X2,0.1737499999999999,0.82125,0.823238566,0.2745,0.07237500000000005,-0.003249999999999964
2,0,0,RF-C,3,W1,0.20125,0.79875,0.8076463560334528,0.24162499999999992,0.09137499999999994,0.00824999999999997
2,0,0,RF-C,3,W2,0.24875,0.75125,0.7771556550951848,0.18349999999999994,0.08249999999999998,0.0029999999999999693
2,0,0,RF-C,3,X1,0.17,0.83,0.8316831683168316,0.282875,0.07074999999999995,0.001124999999999976
2,0,0,RF-C,3,X2,0.1737499999999999,0.82625,0.8302808302808303,0.28875000000000006,0.06412500000000003,4.4408920985006264e-17
2,0,0,XGBoost-C,3,W1,0.1949999999999999,0.76125,0.7701564380264742,0.22162499999999996,0.06599999999999998,0.009124999999999984
2,0,0,XGBoost-C,3,W2,0.24375,0.7175,0.7230392156862745,0.16712500000000005,0.055750000000000036,0.007375000000000032
2,0,0,XGBoost-C,3,X1,0.1775,0.785,0.7881773399014779,0.24375000000000005,0.04937500000000004,-0.0028749999999999496
2,0,0,XGBoost-C,3,X2,0.1737499999999999,0.80875,0.8089887640449438,0.25637499999999996,0.06262499999999997,0.012124999999999964
2,0,0,MLP-C,3,W1,0.1987499999999999,0.80125,0.8068043742405833,0.250875,0.08887500000000002,0.0023750000000000273
2,0,0,MLP-C,3,W2,0.2425,0.7575,0.7651331719128329,0.19724999999999998,0.08562499999999995,0.001124999999999976
2,0,0,MLP-C,3,X1,0.16125,0.83875,0.8451380552220888,0.29712500000000003,0.081625,0.008499999999999985
2,0,0,MLP-C,3,X2,0.1775,0.8225,0.8242574257425742,0.276625,0.07125000000000002,0.0028750000000000164
2,0,0,LogReg,4,W1,0.2462499999999999,0.75375,0.7733026467203682,0.18387500000000004,0.07050000000000003,0.0011250000000000648
2,0,0,LogReg,4,W2,0.2674999999999999,0.7325,0.759009009,0.16500000000000004,0.08125000000000006,-0.0013749999999999485
2,0,0,LogReg,4,X1,0.20125,0.79875,0.8138728323699422,0.23837499999999995,0.07324999999999995,0.0
2,0,0,LogReg,4,X2,0.19625,0.80375,0.8193325661680092,0.25849999999999995,0.06962499999999996,-0.001625000000000032
2,0,0,SVC,4,W1,0.2362499999999999,0.76125,0.7817142857142857,0.19899999999999998,0.07074999999999998,0.006999999999999984
2,0,0,SVC,4,W2,0.26625,0.72625,0.7491408934707904,0.16312499999999996,0.06849999999999995,0.0014999999999999569
2,0,0,SVC,4,X1,0.1975,0.8,0.817351598,0.24050000000000002,0.07387500000000005,0.0006250000000000422
2,0,0,SVC,4,X2,0.1875,0.81,0.8260869565217391,0.2632500000000001,0.06912500000000006,0.00550000000000006
2,0,0,RF-C,4,W1,0.2362499999999999,0.76375,0.7883538633818589,0.187375,0.08562500000000005,0.009125000000000072
2,0,0,RF-C,4,W2,0.275,0.725,0.7516930022573364,0.15949999999999998,0.07524999999999997,0.0036249999999999893
2,0,0,RF-C,4,X1,0.1937499999999999,0.80625,0.8236632536973834,0.2535,0.07462500000000002,-0.0026249999999999997
2,0,0,RF-C,4,X2,0.1937499999999999,0.80625,0.826427772,0.264375,0.056125000000000015,0.0055000000000000274
2,0,0,XGBoost-C,4,W1,0.23875,0.70625,0.7283236994219653,0.14512500000000006,0.05025000000000005,0.0025000000000000465
2,0,0,XGBoost-C,4,W2,0.26875,0.67375,0.7003444316877153,0.10912499999999996,0.06999999999999995,0.0017499999999999849
2,0,0,XGBoost-C,4,X1,0.1999999999999999,0.765,0.7839080459770115,0.21212499999999998,0.052250000000000005,-0.007624999999999993
2,0,0,XGBoost-C,4,X2,0.18625,0.78625,0.8032220943613348,0.24087500000000003,0.0655,0.0044999999999999814
2,0,0,MLP-C,4,W1,0.2462499999999999,0.75375,0.7779030439684329,0.18312500000000004,0.07250000000000002,0.006500000000000006
2,0,0,MLP-C,4,W2,0.2624999999999999,0.7375,0.7602739726027398,0.16887500000000005,0.08412500000000005,0.005125000000000046
2,0,0,MLP-C,4,X1,0.20125,0.79875,0.8138728323699422,0.23837499999999995,0.07337499999999995,0.0
2,0,0,MLP-C,4,X2,0.18625,0.81375,0.8261376896149358,0.26749999999999996,0.07787499999999997,0.00824999999999998
2,0,0,LogReg,5,W1,0.25875,0.74125,0.6567164179104478,0.15337499999999998,0.07649999999999997,0.0004999999999999782
2,0,0,LogReg,5,W2,0.245,0.755,0.6677966101694915,0.14837499999999998,0.1005,-0.0009999999999999898
2,0,0,LogReg,5,X1,0.2025,0.7975,0.7290969899665551,0.20824999999999996,0.08512499999999999,0.004125000000000001
2,0,0,LogReg,5,X2,0.175,0.825,0.7741935483870968,0.23887499999999995,0.09324999999999997,0.0023749999999999718
2,0,0,SVC,5,W1,0.25125,0.74,0.6486486486486487,0.15425,0.070875,0.0014999999999999903
2,0,0,SVC,5,W2,0.24875,0.745,0.6470588235294118,0.15212499999999995,0.07774999999999999,0.00012499999999998623
2,0,0,SVC,5,X1,0.20125,0.79,0.7133105802047781,0.19425000000000006,0.08162500000000002,-0.005124999999999958
2,0,0,SVC,5,X2,0.17625,0.81125,0.7584,0.22762500000000002,0.08250000000000002,-0.003499999999999981
2,0,0,RF-C,5,W1,0.26,0.74,0.6462585034013606,0.14300000000000002,0.08199999999999999,0.006374999999999987
2,0,0,RF-C,5,W2,0.24375,0.75625,0.6548672566371682,0.15224999999999994,0.09349999999999997,0.006374999999999975
2,0,0,RF-C,5,X1,0.20375,0.79625,0.734094617,0.208875,0.100875,0.013500000000000012
2,0,0,RF-C,5,X2,0.18125,0.81875,0.7687400318979266,0.23762499999999998,0.08987499999999997,0.0037499999999999756
2,0,0,XGBoost-C,5,W1,0.25375,0.715,0.6212624584717608,0.12325,0.07449999999999998,0.007624999999999982
2,0,0,XGBoost-C,5,W2,0.2412499999999999,0.705,0.6143790849673203,0.10187499999999997,0.07224999999999995,-0.007500000000000051
2,0,0,XGBoost-C,5,X1,0.2025,0.7575,0.6840390879478827,0.16537499999999997,0.08437499999999995,-0.008875000000000044
2,0,0,XGBoost-C,5,X2,0.1775,0.78,0.7188498402555911,0.20212500000000003,0.07912500000000003,-0.007499999999999984
2,0,0,MLP-C,5,W1,0.2524999999999999,0.7475,0.6576271186440678,0.14875000000000008,0.09050000000000005,0.007000000000000039
2,0,0,MLP-C,5,W2,0.23875,0.76125,0.6689774696707106,0.14875,0.10787499999999998,0.0067499999999999895
2,0,0,MLP-C,5,X1,0.20125,0.79875,0.7480438184663537,0.21699999999999994,0.09049999999999994,-0.0005000000000000337
2,0,0,MLP-C,5,X2,0.1775,0.8225,0.7738853503184714,0.23900000000000002,0.092875,0.0025000000000000135
2,0,0,LogReg,6,W1,0.2212499999999999,0.77875,0.8365650969529086,0.16625000000000006,0.07700000000000005,0.0017500000000000404
2,0,0,LogReg,6,W2,0.27875,0.72125,0.7970882620564149,0.12262499999999994,0.05024999999999996,0.0012499999999999512
2,0,0,LogReg,6,X1,0.2149999999999999,0.785,0.8407407407407408,0.17862500000000003,0.05987500000000005,0.0020000000000000573
2,0,0,LogReg,6,X2,0.1825,0.8175,0.8588007736943907,0.23925000000000002,0.081375,0.0052499999999999995
2,0,0,SVC,6,W1,0.2262499999999999,0.7675,0.8309090909090909,0.16437499999999994,0.04887499999999996,-0.005000000000000049
2,0,0,SVC,6,W2,0.27875,0.715,0.7927272727272727,0.12137499999999997,0.03887499999999997,-0.005625000000000014
2,0,0,SVC,6,X1,0.2125,0.7875,0.8434622467771639,0.177625,0.064,0.0014999999999999903
2,0,0,SVC,6,X2,0.18625,0.81125,0.8579492003762935,0.229,0.07012500000000002,-0.0013749999999999706
2,0,0,RF-C,6,W1,0.22875,0.77125,0.8310249307479224,0.15699999999999997,0.06762499999999999,0.00462499999999999
2,0,0,RF-C,6,W2,0.2774999999999999,0.7225,0.802491103,0.12200000000000003,0.047250000000000035,0.00575000000000001
2,0,0,RF-C,6,X1,0.21125,0.78875,0.8395061728395061,0.18174999999999994,0.06937499999999995,0.003749999999999942
2,0,0,RF-C,6,X2,0.1925,0.8075,0.8536121673003803,0.23912500000000003,0.05725,0.0041249999999999785
2,0,0,XGBoost-C,6,W1,0.2275,0.7325,0.8003731343283582,0.12412500000000001,0.06362500000000004,0.005750000000000022
2,0,0,XGBoost-C,6,W2,0.275,0.6825,0.759469697,0.10925000000000003,0.053000000000000005,-0.006874999999999997
2,0,0,XGBoost-C,6,X1,0.2049999999999999,0.76875,0.8243114909781576,0.16787500000000005,0.06437500000000004,0.0027500000000000523
2,0,0,XGBoost-C,6,X2,0.1887499999999999,0.78,0.828125,0.21875000000000006,0.058750000000000024,-0.004874999999999963
2,0,0,MLP-C,6,W1,0.2212499999999999,0.77875,0.8365650969529086,0.16700000000000007,0.07562500000000005,0.0017500000000000293
2,0,0,MLP-C,6,W2,0.27625,0.72375,0.7974335472043996,0.12799999999999997,0.051000000000000004,0.002750000000000008
2,0,0,MLP-C,6,X1,0.2099999999999999,0.79,0.8429906542056075,0.18575000000000003,0.06662500000000003,0.0017500000000000293
2,0,0,MLP-C,6,X2,0.1825,0.8175,0.8588007736943907,0.23912500000000003,0.081375,0.0052499999999999995
2,0,0,LogReg,7,W1,0.25875,0.74125,0.7561837455830389,0.18287499999999995,0.06437499999999997,0.004499999999999971
2,0,0,LogReg,7,W2,0.26875,0.73125,0.7542857142857143,0.19024999999999992,0.04799999999999995,0.0006249999999999534
2,0,0,LogReg,7,X1,0.20875,0.79125,0.7995198079231692,0.23325000000000004,0.06912500000000002,0.0035000000000000144
2,0,0,LogReg,7,X2,0.1975,0.8025,0.8171296296296297,0.26712499999999995,0.06874999999999999,0.0016249999999999654
2,0,0,SVC,7,W1,0.255,0.74,0.7609195402298851,0.19787500000000002,0.051249999999999976,0.002874999999999983
2,0,0,SVC,7,W2,0.27,0.72875,0.7508610792192881,0.20612500000000003,0.02662500000000001,-0.0012499999999999844
2,0,0,SVC,7,X1,0.2125,0.785,0.7932692307692307,0.23362499999999997,0.062125000000000055,-0.0042499999999999535
2,0,0,SVC,7,X2,0.1999999999999999,0.79875,0.813441483,0.2605,0.06737499999999996,-0.0013750000000000485
2,0,0,RF-C,7,W1,0.25,0.75,0.7652582159624414,0.1835,0.083375,0.008375000000000011
2,0,0,RF-C,7,W2,0.2724999999999999,0.7275,0.745920746,0.19237500000000002,0.056250000000000036,0.003750000000000053
2,0,0,RF-C,7,X1,0.20875,0.79125,0.795593635,0.23825,0.06575,0.007750000000000035
2,0,0,RF-C,7,X2,0.2025,0.7975,0.8116279069767441,0.26075000000000004,0.05987499999999998,0.003499999999999992
2,0,0,XGBoost-C,7,W1,0.26,0.7,0.7129186602870813,0.133125,0.057999999999999954,-0.008250000000000045
2,0,0,XGBoost-C,7,W2,0.2674999999999999,0.665,0.6839622641509434,0.13437500000000002,0.02562500000000002,-0.026999999999999958
2,0,0,XGBoost-C,7,X1,0.2049999999999999,0.74625,0.7574671445639187,0.18912499999999996,0.050749999999999976,-0.006625000000000025
2,0,0,XGBoost-C,7,X2,0.20125,0.7575,0.7723004694835681,0.22012499999999996,0.033249999999999946,-0.007250000000000057
2,0,0,MLP-C,7,W1,0.24875,0.75125,0.7741203178206584,0.193375,0.07512499999999997,0.010124999999999973
2,0,0,MLP-C,7,W2,0.26375,0.73625,0.7588571428571429,0.19437499999999994,0.05237499999999995,0.006124999999999969
2,0,0,MLP-C,7,X1,0.20375,0.79625,0.8014616321559074,0.23762499999999998,0.07675000000000001,0.009625000000000005
2,0,0,MLP-C,7,X2,0.1975,0.8025,0.8171296296296297,0.26524999999999993,0.06849999999999999,0.0018749999999999934
2,0,0,LogReg,8,W1,0.25625,0.74375,0.7472256473489519,0.167625,0.08875000000000004,0.0012500000000000067
2,0,0,LogReg,8,W2,0.2975,0.7025,0.7173396674584323,0.14925000000000002,0.06137500000000001,0.002375000000000016
2,0,0,LogReg,8,X1,0.2275,0.7725,0.7753086419753087,0.20912499999999995,0.08074999999999997,-0.002000000000000024
2,0,0,LogReg,8,X2,0.1999999999999999,0.8,0.7989949748743719,0.259375,0.06625000000000006,-0.0006249999999999867
2,0,0,SVC,8,W1,0.25625,0.74625,0.7490729295426453,0.18449999999999997,0.08287499999999996,0.004624999999999957
2,0,0,SVC,8,W2,0.30625,0.68875,0.713463751,0.14574999999999996,0.03812499999999998,-0.003125000000000033
2,0,0,SVC,8,X1,0.2225,0.77625,0.7830303030303031,0.21175000000000002,0.08825,0.003249999999999975
2,0,0,SVC,8,X2,0.1999999999999999,0.80125,0.8010012515644556,0.2563750000000001,0.07075000000000001,0.0017500000000000072
2,0,0,RF-C,8,W1,0.26125,0.73875,0.7410161090458488,0.170125,0.08937500000000001,-0.0011249999999999871
2,0,0,RF-C,8,W2,0.305,0.695,0.7149532710280374,0.14199999999999996,0.054249999999999944,0.0002499999999999392
2,0,0,RF-C,8,X1,0.22875,0.77125,0.7849588719153937,0.246875,0.03987499999999998,0.0016249999999999765
2,0,0,RF-C,8,X2,0.1999999999999999,0.8,0.7994987468671679,0.25612500000000005,0.07812500000000006,0.00850000000000004
2,0,0,XGBoost-C,8,W1,0.25875,0.6925,0.6886075949367089,0.14237500000000006,0.06975,0.001375000000000015
2,0,0,XGBoost-C,8,W2,0.30625,0.66875,0.6756425948592412,0.10849999999999996,0.05262499999999996,0.0017499999999999627
2,0,0,XGBoost-C,8,X1,0.2325,0.725,0.7208121827411168,0.17224999999999996,0.05662499999999998,-0.015500000000000014
2,0,0,XGBoost-C,8,X2,0.19625,0.77875,0.7790262172284644,0.23212500000000005,0.06512500000000006,0.00287500000000005
2,0,0,MLP-C,8,W1,0.25125,0.74875,0.7509293680297398,0.16837500000000002,0.10212500000000002,0.002875000000000005
2,0,0,MLP-C,8,W2,0.295,0.705,0.7242990654205608,0.14849999999999997,0.06412499999999996,0.005374999999999963
2,0,0,MLP-C,8,X1,0.2225,0.7775,0.7797029702970297,0.21474999999999994,0.08974999999999997,-0.0012500000000000289
2,0,0,MLP-C,8,X2,0.1975,0.8025,0.8049382716049382,0.259,0.06924999999999999,0.005999999999999994
2,0,0,LogReg,9,W1,0.20375,0.79625,0.8358509566968781,0.251125,0.021375000000000022,0.0028750000000000164
2,0,0,LogReg,9,W2,0.22875,0.77125,0.809573361,0.230875,0.017125,0.001124999999999976
2,0,0,LogReg,9,X1,0.175,0.825,0.8602794411177644,0.27249999999999996,0.04137499999999994,0.0016249999999999654
2,0,0,LogReg,9,X2,0.18625,0.81375,0.8459152016546019,0.259375,0.04449999999999997,0.0006249999999999867
2,0,0,SVC,9,W1,0.2049999999999999,0.79375,0.83214649,0.25725,0.008624999999999971,-0.0015000000000000458
2,0,0,SVC,9,W2,0.2249999999999999,0.7725,0.8108108108108109,0.23312499999999997,0.014749999999999963,-5.551115123125783e-17
2,0,0,SVC,9,X1,0.1775,0.82375,0.8597014925373134,0.275375,0.03449999999999999,0.002749999999999986
2,0,0,SVC,9,X2,0.1875,0.80875,0.8433981576253838,0.25387499999999996,0.03562499999999996,-0.00037500000000003644
2,0,0,RF-C,9,W1,0.20625,0.79375,0.8307692307692308,0.26375,0.0,0.0
2,0,0,RF-C,9,W2,0.23375,0.76625,0.8116817724068479,0.21774999999999997,0.022124999999999995,0.0021249999999999993
2,0,0,RF-C,9,X1,0.17625,0.82375,0.8602576808721506,0.27625,0.03912499999999998,0.00562499999999998
2,0,0,RF-C,9,X2,0.18625,0.81375,0.8459152016546019,0.26387499999999997,0.030374999999999975,0.00649999999999995
2,0,0,XGBoost-C,9,W1,0.1987499999999999,0.77,0.816,0.222625,0.027750000000000007,0.001000000000000023
2,0,0,XGBoost-C,9,W2,0.22875,0.7475,0.7947154471544715,0.19337500000000005,0.03462500000000005,-0.0006249999999999534
2,0,0,XGBoost-C,9,X1,0.17625,0.8025,0.8416833667334669,0.25225,0.03687499999999999,-0.0022500000000000076
2,0,0,XGBoost-C,9,X2,0.1899999999999999,0.79625,0.8310880829015544,0.24025000000000002,0.039000000000000014,0.004000000000000015
2,0,0,MLP-C,9,W1,0.2025,0.7975,0.8383233532934131,0.250125,0.02849999999999999,0.00012499999999999735
2,0,0,MLP-C,9,W2,0.2225,0.7775,0.8168724279835391,0.23099999999999993,0.029624999999999978,0.008249999999999947
2,0,0,MLP-C,9,X1,0.17125,0.82875,0.8625877632898696,0.27699999999999997,0.04524999999999998,0.00824999999999999
2,0,0,MLP-C,9,X2,0.18625,0.81375,0.8459152016546019,0.25925,0.04462499999999997,0.0006249999999999867
2,0,0,LogReg,10,W1,0.2825,0.7175,0.7196029776674938,0.15525000000000003,0.06562500000000002,0.00025000000000001686
2,0,0,LogReg,10,W2,0.31125,0.68875,0.6867924528301886,0.11362499999999998,0.10062499999999996,0.0023749999999999605
2,0,0,LogReg,10,X1,0.2412499999999999,0.75875,0.7631901840490798,0.20250000000000004,0.08225000000000002,0.007125000000000059
2,0,0,LogReg,10,X2,0.2299999999999999,0.77,0.7722772277227723,0.20037500000000003,0.08662500000000002,-0.0003749999999999698
2,0,0,SVC,10,W1,0.28,0.7075,0.7139364303178484,0.15475000000000003,0.045500000000000006,-0.0012499999999999844
2,0,0,SVC,10,W2,0.31625,0.68625,0.6701708278580815,0.11800000000000002,0.08675000000000002,-0.0016249999999999765
2,0,0,SVC,10,X1,0.2412499999999999,0.75125,0.7546239210850801,0.19474999999999998,0.072875,0.002624999999999977
2,0,0,SVC,10,X2,0.2299999999999999,0.75875,0.7547649301143583,0.18737500000000004,0.07862500000000003,0.0013750000000000372
2,0,0,RF-C,10,W1,0.27875,0.72125,0.7270501835985312,0.15762499999999993,0.07162499999999995,0.009124999999999939
2,0,0,RF-C,10,W2,0.3,0.7,0.6938775510204082,0.12024999999999994,0.11174999999999995,0.009374999999999956
2,0,0,RF-C,10,X1,0.2475,0.7525,0.754950495,0.20274999999999993,0.07049999999999994,0.006124999999999947
2,0,0,RF-C,10,X2,0.23375,0.76625,0.7653701380175659,0.20049999999999998,0.08249999999999998,0.010874999999999978
2,0,0,XGBoost-C,10,W1,0.2875,0.66125,0.6682986536107711,0.105125,0.03425000000000002,-0.008999999999999998
2,0,0,XGBoost-C,10,W2,0.30125,0.64125,0.631578947,0.07912499999999999,0.068625,-0.013250000000000029
2,0,0,XGBoost-C,10,X1,0.2475,0.70875,0.7155067155067155,0.15699999999999997,0.05037499999999999,0.006499999999999983
2,0,0,XGBoost-C,10,X2,0.2275,0.7575,0.7593052109181141,0.20012499999999997,0.08362499999999995,0.012124999999999952
2,0,0,MLP-C,10,W1,0.28,0.72,0.7220843672456576,0.15587499999999996,0.06937499999999995,0.0028749999999999496
2,0,0,MLP-C,10,W2,0.3087499999999999,0.69125,0.6939281288723668,0.11287500000000006,0.10325000000000002,0.0003750000000000475
2,0,0,MLP-C,10,X1,0.24375,0.75625,0.7589616810877626,0.19974999999999998,0.07624999999999997,0.005499999999999972
2,0,0,MLP-C,10,X2,0.2262499999999999,0.77375,0.7779141104294478,0.20625000000000004,0.08850000000000006,0.0035000000000000473
2,0,1,LogReg,1,W1,0.1875,0.8125,0.8633879781420765,0.038875000000000014,0.22575000000000003,0.0036249999999999893
2,0,1,LogReg,1,W2,0.21625,0.78375,0.840552995,0.044249999999999956,0.19224999999999995,0.00187499999999996
2,0,1,LogReg,1,X1,0.18,0.82,0.8676470588235294,0.05962499999999995,0.220125,0.0028749999999999496
2,0,1,LogReg,1,X2,0.20125,0.79875,0.8485418626528692,0.08574999999999995,0.19937499999999994,0.0
2,0,1,SVC,1,W1,0.1899999999999999,0.805,0.8589511754068716,0.03400000000000005,0.21800000000000005,-0.004749999999999954
2,0,1,SVC,1,W2,0.21625,0.7825,0.8415300546448088,0.04124999999999997,0.18474999999999997,0.001124999999999976
2,0,1,SVC,1,X1,0.1925,0.805,0.8533834586466166,0.04612500000000007,0.21125000000000008,-0.0014999999999999903
2,0,1,SVC,1,X2,0.1987499999999999,0.8025,0.8539741219963032,0.08737499999999998,0.192875,-0.005125000000000024
2,0,1,RF-C,1,W1,0.1937499999999999,0.80625,0.8568790397045245,0.036375000000000025,0.22675,-0.0014999999999999792
2,0,1,RF-C,1,W2,0.21125,0.78875,0.8442396313364056,0.038124999999999964,0.20324999999999993,0.0028749999999999496
2,0,1,RF-C,1,X1,0.18125,0.81875,0.8694869486948695,0.04799999999999995,0.22562499999999996,-0.00012500000000001955
2,0,1,RF-C,1,X2,0.2025,0.7975,0.8568904593639576,0.06599999999999999,0.187625,0.004249999999999999
2,0,1,XGBoost-C,1,W1,0.19125,0.7675,0.8245283018867925,0.02162499999999996,0.19224999999999995,-0.011125000000000052
2,0,1,XGBoost-C,1,W2,0.21375,0.745,0.8060836501901141,0.03699999999999999,0.161625,0.010499999999999964
2,0,1,XGBoost-C,1,X1,0.1787499999999999,0.78,0.8294573643410853,0.03825000000000003,0.19500000000000003,0.0031250000000000223
2,0,1,XGBoost-C,1,X2,0.1975,0.7775,0.8278529980657641,0.08774999999999997,0.18162499999999998,0.010874999999999968
2,0,1,MLP-C,1,W1,0.18625,0.81375,0.8639269406392694,0.04087499999999998,0.22712499999999994,0.005749999999999944
2,0,1,MLP-C,1,W2,0.21375,0.78625,0.8466367713004485,0.045375,0.18787500000000001,-0.0009999999999999788
2,0,1,MLP-C,1,X1,0.18625,0.81375,0.8624192059095106,0.05812499999999997,0.21475,0.000749999999999984
2,0,1,MLP-C,1,X2,0.1975,0.8025,0.8495238095238096,0.08812499999999998,0.207125,0.002249999999999963
2,0,1,LogReg,2,W1,0.23375,0.76625,0.7659574468085106,0.051249999999999976,0.23037499999999994,-0.0015000000000000124
2,0,1,LogReg,2,W2,0.235,0.765,0.7571059431524548,0.04950000000000002,0.23249999999999998,-0.0002499999999999947
2,0,1,LogReg,2,X1,0.21375,0.78625,0.7832699619771863,0.07937500000000001,0.22087500000000002,0.001625000000000021
2,0,1,LogReg,2,X2,0.2262499999999999,0.77375,0.7621550591327201,0.06412500000000004,0.22462500000000002,0.0
2,0,1,SVC,2,W1,0.22875,0.76875,0.7690387016229713,0.05600000000000005,0.23375000000000004,0.0002500000000000502
2,0,1,SVC,2,W2,0.2299999999999999,0.77,0.7572559366754618,0.057500000000000016,0.23400000000000004,0.01000000000000002
2,0,1,SVC,2,X1,0.20625,0.78875,0.786346397,0.07737499999999994,0.23137499999999997,0.004124999999999957
2,0,1,SVC,2,X2,0.2249999999999999,0.77375,0.7640156453715776,0.06112500000000006,0.22637500000000008,0.0017500000000000514
2,0,1,RF-C,2,W1,0.22375,0.77625,0.7781908302354399,0.05624999999999999,0.24100000000000002,0.008750000000000003
2,0,1,RF-C,2,W2,0.23375,0.76625,0.751660027,0.046124999999999985,0.23612499999999997,0.014624999999999989
2,0,1,RF-C,2,X1,0.2099999999999999,0.79,0.7894736842105263,0.08250000000000003,0.23712500000000003,0.005500000000000049
2,0,1,RF-C,2,X2,0.2249999999999999,0.775,0.7668393782383419,0.06537500000000004,0.23050000000000007,0.0076250000000000154
2,0,1,XGBoost-C,2,W1,0.2249999999999999,0.74625,0.7427122940430925,0.05549999999999997,0.20400000000000001,0.003999999999999971
2,0,1,XGBoost-C,2,W2,0.2425,0.7325,0.7249357326478149,0.04600000000000003,0.19262500000000005,0.0021250000000000435
2,0,1,XGBoost-C,2,X1,0.21375,0.75375,0.7546699875466999,0.07387500000000002,0.19762500000000002,-0.00812499999999996
2,0,1,XGBoost-C,2,X2,0.2312499999999999,0.74625,0.7360208062418726,0.04649999999999997,0.19349999999999995,-0.00275000000000003
2,0,1,MLP-C,2,W1,0.22375,0.77625,0.7647831800262812,0.065625,0.23737500000000003,0.000749999999999984
2,0,1,MLP-C,2,W2,0.2299999999999999,0.77,0.7585301837270341,0.047875000000000015,0.24162500000000006,0.006375000000000031
2,0,1,MLP-C,2,X1,0.21125,0.78875,0.7884856070087609,0.08124999999999996,0.22549999999999995,0.000749999999999984
2,0,1,MLP-C,2,X2,0.21625,0.78375,0.7702523240371846,0.07212499999999995,0.23412499999999997,0.01049999999999992
2,0,1,LogReg,3,W1,0.1825,0.8175,0.859073359,0.040625,0.258625,-0.0016249999999999986
2,0,1,LogReg,3,W2,0.1825,0.8175,0.8537074148296593,0.03912500000000001,0.25675000000000003,0.009624999999999995
2,0,1,LogReg,3,X1,0.18125,0.81875,0.8596321393998064,0.054249999999999965,0.23712499999999997,0.005249999999999988
2,0,1,LogReg,3,X2,0.18625,0.81375,0.8520357497517378,0.06174999999999996,0.23962499999999998,0.0037499999999999535
2,0,1,SVC,3,W1,0.1875,0.81,0.8532818532818532,0.04175000000000005,0.23787500000000006,0.0002500000000000502
2,0,1,SVC,3,W2,0.1875,0.79625,0.8387734915924827,0.03075000000000001,0.23237500000000005,-0.005999999999999983
2,0,1,SVC,3,X1,0.185,0.80875,0.8527430221366699,0.04662499999999995,0.22274999999999992,-0.0028750000000000277
2,0,1,SVC,3,X2,0.19125,0.8,0.8415841584158416,0.05675000000000004,0.22825,-0.005749999999999966
2,0,1,RF-C,3,W1,0.1787499999999999,0.82125,0.8607594936708861,0.05125000000000002,0.25425000000000003,0.0036250000000000227
2,0,1,RF-C,3,W2,0.1887499999999999,0.81125,0.8463886063072228,0.035750000000000046,0.257,0.006375000000000008
2,0,1,RF-C,3,X1,0.18125,0.81875,0.859086492,0.05612499999999998,0.23962499999999998,0.005999999999999972
2,0,1,RF-C,3,X2,0.17,0.83,0.8658777120315582,0.06274999999999996,0.26575,0.0003749999999999476
2,0,1,XGBoost-C,3,W1,0.1787499999999999,0.79,0.8359375,0.032250000000000056,0.23550000000000004,0.0013750000000000262
2,0,1,XGBoost-C,3,W2,0.1825,0.77125,0.8149646107178968,0.019874999999999997,0.21387499999999998,0.0012499999999999844
2,0,1,XGBoost-C,3,X1,0.18,0.79625,0.8403525954946132,0.040375000000000015,0.22374999999999998,1.1102230246251566e-17
2,0,1,XGBoost-C,3,X2,0.18,0.79875,0.8388388388388388,0.07049999999999995,0.23387499999999997,0.0014999999999999569
2,0,1,MLP-C,3,W1,0.1825,0.8175,0.8571428571428571,0.0375,0.2615,0.0006250000000000089
2,0,1,MLP-C,3,W2,0.185,0.815,0.8517034068136272,0.03712499999999994,0.2547499999999999,0.0072499999999999344
2,0,1,MLP-C,3,X1,0.1837499999999999,0.81625,0.8565853658536585,0.05125000000000003,0.23687500000000003,0.005625000000000035
2,0,1,MLP-C,3,X2,0.18625,0.81375,0.8511488511488512,0.062124999999999986,0.24137499999999998,0.0016249999999999765
2,0,1,LogReg,4,W1,0.2262499999999999,0.77375,0.8143589743589743,0.049500000000000044,0.21762500000000004,0.007250000000000034
2,0,1,LogReg,4,W2,0.1937499999999999,0.80625,0.8413510747185261,0.06875000000000003,0.22549999999999998,0.00425000000000002
2,0,1,LogReg,4,X1,0.2049999999999999,0.795,0.8333333333333334,0.07875000000000004,0.22087500000000007,0.003125000000000033
2,0,1,LogReg,4,X2,0.17,0.83,0.8600823045267489,0.10537499999999995,0.23649999999999993,0.004499999999999971
2,0,1,SVC,4,W1,0.2225,0.7725,0.8169014084507042,0.04999999999999997,0.21362499999999995,0.004624999999999968
2,0,1,SVC,4,W2,0.1949999999999999,0.80125,0.8375893769152196,0.06550000000000003,0.22150000000000003,0.002625000000000022
2,0,1,SVC,4,X1,0.1999999999999999,0.7975,0.838,0.08337499999999998,0.21574999999999997,0.005624999999999991
2,0,1,SVC,4,X2,0.1737499999999999,0.82375,0.8580060422960725,0.103125,0.222875,0.002624999999999977
2,0,1,RF-C,4,W1,0.21375,0.78625,0.8263959390862944,0.05262499999999999,0.23162500000000003,0.017500000000000005
2,0,1,RF-C,4,W2,0.2075,0.7925,0.8319838056680162,0.059624999999999984,0.22362499999999996,0.0023749999999999826
2,0,1,RF-C,4,X1,0.2025,0.7975,0.8360323886639676,0.08124999999999999,0.224375,0.016249999999999976
2,0,1,RF-C,4,X2,0.1825,0.8175,0.8491735537190083,0.09324999999999999,0.22937500000000002,0.010499999999999999
2,0,1,XGBoost-C,4,W1,0.2175,0.74625,0.7892004153686397,0.044874999999999964,0.193375,0.003999999999999981
2,0,1,XGBoost-C,4,W2,0.20375,0.7775,0.8126315789473684,0.06599999999999998,0.200875,0.015499999999999969
2,0,1,XGBoost-C,4,X1,0.1949999999999999,0.7725,0.813141684,0.07349999999999994,0.21237499999999992,0.017999999999999995
2,0,1,XGBoost-C,4,X2,0.17625,0.795,0.8305785123966942,0.07825000000000007,0.203,0.009000000000000053
2,0,1,MLP-C,4,W1,0.2249999999999999,0.775,0.8159509202453987,0.05350000000000003,0.21600000000000003,0.00850000000000003
2,0,1,MLP-C,4,W2,0.19125,0.80875,0.8404588112617309,0.07237499999999998,0.229,0.004124999999999967
2,0,1,MLP-C,4,X1,0.20375,0.79625,0.8345177664974619,0.07850000000000003,0.21974999999999997,0.002750000000000008
2,0,1,MLP-C,4,X2,0.1674999999999999,0.8325,0.863265306,0.10975000000000001,0.23225,0.012750000000000039
2,0,1,LogReg,5,W1,0.21375,0.78625,0.7912087912087912,0.05212499999999999,0.24800000000000005,0.002000000000000024
2,0,1,LogReg,5,W2,0.2099999999999999,0.79,0.7925925925925926,0.06787500000000005,0.23837500000000006,0.003625000000000067
2,0,1,LogReg,5,X1,0.2049999999999999,0.795,0.7970297029702971,0.06775000000000005,0.24250000000000008,0.0
2,0,1,LogReg,5,X2,0.1887499999999999,0.81125,0.8110137672090113,0.10087500000000002,0.2475,0.0026250000000000106
2,0,1,SVC,5,W1,0.2149999999999999,0.785,0.7922705314009661,0.06562500000000003,0.24087500000000003,-0.0004999999999999672
2,0,1,SVC,5,W2,0.1999999999999999,0.7925,0.7950617283950617,0.07787499999999996,0.23812499999999998,0.0033749999999999948
2,0,1,SVC,5,X1,0.1987499999999999,0.79625,0.800976801,0.07112500000000001,0.241875,-0.00249999999999998
2,0,1,SVC,5,X2,0.1887499999999999,0.80625,0.8069738480697385,0.095125,0.24300000000000005,0.00025000000000001686
2,0,1,RF-C,5,W1,0.2075,0.7925,0.8033175355450237,0.0375,0.27275000000000005,0.001499999999999968
2,0,1,RF-C,5,W2,0.2149999999999999,0.785,0.7902439024390244,0.046375000000000034,0.25137500000000007,0.0037500000000000424
2,0,1,RF-C,5,X1,0.19625,0.80375,0.8092345078979344,0.06987499999999996,0.2587499999999999,0.0016249999999999431
2,0,1,RF-C,5,X2,0.1937499999999999,0.80625,0.8074534161490683,0.08925000000000002,0.24937500000000004,0.0028750000000000385
2,0,1,XGBoost-C,5,W1,0.20875,0.76,0.7697841726618705,0.04800000000000001,0.215375,-0.0002499999999999947
2,0,1,XGBoost-C,5,W2,0.20375,0.76,0.7664233576642335,0.06625,0.2045,0.0025000000000000135
2,0,1,XGBoost-C,5,X1,0.1975,0.7775,0.7885985748218527,0.07024999999999999,0.22762499999999997,-0.0037500000000000424
2,0,1,XGBoost-C,5,X2,0.1899999999999999,0.785,0.785,0.09712500000000002,0.22212500000000004,0.004625000000000023
2,0,1,MLP-C,5,W1,0.2099999999999999,0.79,0.7956204379562044,0.05475000000000002,0.25200000000000006,0.002250000000000041
2,0,1,MLP-C,5,W2,0.20375,0.79625,0.7949685534591195,0.0675,0.253375,0.0066250000000000146
2,0,1,MLP-C,5,X1,0.19625,0.80375,0.8064118372379778,0.07674999999999996,0.24999999999999994,0.005374999999999952
2,0,1,MLP-C,5,X2,0.18625,0.81375,0.8121059268600253,0.10249999999999995,0.24937499999999996,0.005999999999999972
2,0,1,LogReg,6,W1,0.20875,0.79125,0.7764390896921017,0.07550000000000001,0.24362500000000004,0.0031250000000000223
2,0,1,LogReg,6,W2,0.2275,0.7725,0.7605263157894737,0.07462499999999997,0.20637499999999998,0.0003749999999999587
2,0,1,LogReg,6,X1,0.1949999999999999,0.805,0.7886178861788617,0.09150000000000005,0.24462500000000004,-0.00024999999999995024
2,0,1,LogReg,6,X2,0.20875,0.79125,0.7793923381770145,0.10887500000000001,0.201,0.0007500000000000174
2,0,1,SVC,6,W1,0.20875,0.785,0.7694369973190348,0.07762500000000003,0.23050000000000007,-0.0019999999999999575
2,0,1,SVC,6,W2,0.2225,0.7775,0.7694300518134715,0.07999999999999996,0.21525,0.0027499999999999634
2,0,1,SVC,6,X1,0.1949999999999999,0.79875,0.7797537619699042,0.08637499999999995,0.23812499999999998,-0.005375000000000052
2,0,1,SVC,6,X2,0.2125,0.78375,0.7720685111989459,0.10074999999999994,0.19537499999999994,0.00124999999999994
2,0,1,RF-C,6,W1,0.2025,0.7975,0.782258065,0.07812499999999997,0.2555,0.000374999999999992
2,0,1,RF-C,6,W2,0.22375,0.77625,0.7684346701164295,0.07562499999999998,0.21562500000000004,0.014875000000000005
2,0,1,RF-C,6,X1,0.19625,0.80375,0.7804195804195804,0.08187499999999998,0.257375,0.0029999999999999584
2,0,1,RF-C,6,X2,0.20875,0.79125,0.7793923381770145,0.107375,0.207625,0.01799999999999998
2,0,1,XGBoost-C,6,W1,0.2025,0.765,0.7466307277628033,0.05887500000000001,0.224625,-0.005375000000000007
2,0,1,XGBoost-C,6,W2,0.2212499999999999,0.75,0.7435897435897436,0.074375,0.195,0.012
2,0,1,XGBoost-C,6,X1,0.1925,0.77125,0.7550200803212851,0.07250000000000001,0.21912499999999996,-0.013625000000000009
2,0,1,XGBoost-C,6,X2,0.2149999999999999,0.7775,0.7651715039577837,0.10699999999999994,0.19299999999999995,0.018874999999999975
2,0,1,MLP-C,6,W1,0.1999999999999999,0.8,0.784366577,0.07487500000000005,0.2603750000000001,0.00012500000000004174
2,0,1,MLP-C,6,W2,0.2262499999999999,0.77375,0.7640156453715776,0.07575000000000004,0.21125000000000008,0.0016250000000000541
2,0,1,MLP-C,6,X1,0.1925,0.8075,0.793010753,0.092375,0.2475,0.0012499999999999844
2,0,1,MLP-C,6,X2,0.2025,0.7975,0.7724719101123596,0.11162499999999997,0.21099999999999994,0.002749999999999986
2,0,1,LogReg,7,W1,0.21375,0.78625,0.7865168539325843,0.05575,0.25725,0.002375000000000038
2,0,1,LogReg,7,W2,0.20625,0.79375,0.7876447876447876,0.06862499999999996,0.2658749999999999,0.009749999999999981
2,0,1,LogReg,7,X1,0.21125,0.78875,0.7858048162230672,0.06537499999999996,0.24399999999999994,0.001499999999999968
2,0,1,LogReg,7,X2,0.1787499999999999,0.82125,0.8154838709677419,0.11112500000000006,0.25212500000000004,0.006500000000000028
2,0,1,SVC,7,W1,0.21625,0.7825,0.7841191066997518,0.05687499999999997,0.25087499999999996,0.0026249999999999663
2,0,1,SVC,7,W2,0.2099999999999999,0.7825,0.7734375,0.06412499999999997,0.250125,-0.0011250000000000205
2,0,1,SVC,7,X1,0.2075,0.7875,0.7848101265822784,0.06912499999999999,0.24737499999999998,-0.001375000000000004
2,0,1,SVC,7,X2,0.18,0.81875,0.8124191461836999,0.11137499999999996,0.251,-0.000250000000000028
2,0,1,RF-C,7,W1,0.2249999999999999,0.775,0.7686375321336761,0.05237500000000002,0.24425,0.006375000000000008
2,0,1,RF-C,7,W2,0.2125,0.7875,0.7786458333333334,0.06262499999999997,0.264125,0.005749999999999989
2,0,1,RF-C,7,X1,0.21625,0.78375,0.7767741935483871,0.06537499999999995,0.23874999999999993,0.005249999999999933
2,0,1,RF-C,7,X2,0.18125,0.81875,0.811443433,0.11912499999999997,0.24874999999999997,0.024999999999999977
2,0,1,XGBoost-C,7,W1,0.2212499999999999,0.76125,0.756687898,0.05037499999999998,0.220875,0.011374999999999979
2,0,1,XGBoost-C,7,W2,0.21625,0.7225,0.7139175257731959,0.04125000000000001,0.19912500000000005,-0.008374999999999976
2,0,1,XGBoost-C,7,X1,0.20875,0.75625,0.7534766118836915,0.049749999999999996,0.21425,0.0052499999999999995
2,0,1,XGBoost-C,7,X2,0.18,0.77625,0.772554003,0.088875,0.213,-0.008000000000000007
2,0,1,MLP-C,7,W1,0.2149999999999999,0.785,0.785,0.05475000000000002,0.25600000000000006,0.0011250000000000648
2,0,1,MLP-C,7,W2,0.20875,0.79125,0.7839586028460543,0.0675,0.261,0.008000000000000018
2,0,1,MLP-C,7,X1,0.20625,0.79375,0.7914032869785083,0.07274999999999995,0.24625,0.0019999999999999684
2,0,1,MLP-C,7,X2,0.17625,0.82375,0.8199233716475096,0.11199999999999999,0.25762499999999994,0.005499999999999972
2,0,1,LogReg,8,W1,0.1875,0.8125,0.8046875,0.041374999999999995,0.27625,-0.0022499999999999742
2,0,1,LogReg,8,W2,0.2412499999999999,0.75875,0.7503234152652005,0.028625000000000046,0.23362500000000005,-0.0019999999999999575
2,0,1,LogReg,8,X1,0.1949999999999999,0.805,0.7952755905511811,0.04175000000000005,0.26075000000000004,0.0025000000000000465
2,0,1,LogReg,8,X2,0.21375,0.78625,0.7827191867852605,0.06975,0.22912499999999997,0.000749999999999984
2,0,1,SVC,8,W1,0.185,0.80875,0.7989487516425755,0.04474999999999998,0.27074999999999994,-0.0040000000000000036
2,0,1,SVC,8,W2,0.2325,0.765,0.7602040816326531,0.033125,0.24212500000000006,0.006500000000000028
2,0,1,SVC,8,X1,0.19125,0.8075,0.7968337730870713,0.04625,0.261,0.002499999999999991
2,0,1,SVC,8,X2,0.21125,0.7725,0.7678571428571429,0.05487499999999995,0.21899999999999994,-0.007375000000000032
2,0,1,RF-C,8,W1,0.19125,0.80875,0.7929634641407307,0.04374999999999997,0.27499999999999997,-0.001875000000000049
2,0,1,RF-C,8,W2,0.2325,0.7675,0.7578125,0.028124999999999945,0.24937499999999996,0.007374999999999954
2,0,1,RF-C,8,X1,0.1837499999999999,0.81625,0.8032128514056225,0.04487500000000004,0.28150000000000003,0.0025000000000000356
2,0,1,RF-C,8,X2,0.21625,0.78375,0.7801778907242694,0.06449999999999993,0.23749999999999996,0.006249999999999922
2,0,1,XGBoost-C,8,W1,0.1899999999999999,0.77875,0.7661822985468957,0.031000000000000062,0.24962500000000004,0.004750000000000065
2,0,1,XGBoost-C,8,W2,0.235,0.7125,0.6997389033942559,0.015125000000000022,0.198625,-0.019499999999999983
2,0,1,XGBoost-C,8,X1,0.1875,0.775,0.7662337662337663,0.034875000000000024,0.24200000000000008,-0.0036249999999999893
2,0,1,XGBoost-C,8,X2,0.2199999999999999,0.75625,0.7450980392156863,0.05549999999999996,0.211125,-0.0017500000000000183
2,0,1,MLP-C,8,W1,0.1837499999999999,0.81625,0.8112965340179717,0.04100000000000002,0.28237500000000004,0.0007500000000000395
2,0,1,MLP-C,8,W2,0.2325,0.7675,0.7639593908629442,0.03624999999999996,0.24224999999999994,0.0
2,0,1,MLP-C,8,X1,0.18625,0.81375,0.8005354752342704,0.05437499999999997,0.267375,0.008374999999999966
2,0,1,MLP-C,8,X2,0.21375,0.78625,0.7821656050955414,0.07025,0.230125,0.0
2,0,1,LogReg,9,W1,0.18,0.82,0.7954545454545454,0.12662499999999993,0.24637499999999993,0.005124999999999968
2,0,1,LogReg,9,W2,0.2299999999999999,0.77,0.7378917378917379,0.10000000000000002,0.18700000000000003,0.002374999999999994
2,0,1,LogReg,9,X1,0.175,0.825,0.7971014492753623,0.13799999999999996,0.24299999999999994,0.0031249999999999668
2,0,1,LogReg,9,X2,0.1949999999999999,0.805,0.7765042979942693,0.14275000000000002,0.19712500000000005,0.000500000000000056
2,0,1,SVC,9,W1,0.185,0.815,0.7842565597667639,0.13399999999999995,0.22924999999999995,0.001874999999999938
2,0,1,SVC,9,W2,0.2312499999999999,0.765,0.7235294117647059,0.097,0.18075000000000002,-0.001375000000000004
2,0,1,SVC,9,X1,0.175,0.82125,0.7893961708394698,0.14150000000000001,0.23237500000000005,0.003375000000000039
2,0,1,SVC,9,X2,0.1949999999999999,0.795,0.7602339181286549,0.13112500000000007,0.18525000000000005,-0.0066249999999999695
2,0,1,RF-C,9,W1,0.1825,0.8175,0.7896253602305475,0.12762500000000002,0.2405,0.0038750000000000173
2,0,1,RF-C,9,W2,0.23375,0.76625,0.7332382310984308,0.10024999999999999,0.19487499999999996,0.004874999999999985
2,0,1,RF-C,9,X1,0.1725,0.8275,0.7970588235294118,0.13475,0.246125,0.009625000000000028
2,0,1,RF-C,9,X2,0.1999999999999999,0.8,0.7707736389684814,0.13625000000000004,0.19612500000000005,0.017500000000000026
2,0,1,XGBoost-C,9,W1,0.17625,0.76875,0.7368421052631579,0.09500000000000006,0.198,-0.0033749999999999614
2,0,1,XGBoost-C,9,W2,0.2262499999999999,0.73625,0.6946454413892909,0.07837499999999996,0.16837499999999994,-0.0003750000000000475
2,0,1,XGBoost-C,9,X1,0.1737499999999999,0.77625,0.7482419127988749,0.103125,0.20374999999999996,0.003124999999999989
2,0,1,XGBoost-C,9,X2,0.1999999999999999,0.77375,0.739568345,0.11137500000000004,0.17362500000000006,-0.0028749999999999275
2,0,1,MLP-C,9,W1,0.18125,0.81875,0.7943262411347518,0.12637499999999996,0.24625,0.002499999999999991
2,0,1,MLP-C,9,W2,0.2262499999999999,0.77375,0.7403156384505022,0.09162500000000004,0.19650000000000004,0.006125000000000036
2,0,1,MLP-C,9,X1,0.17125,0.82875,0.8017366136034733,0.13825,0.248,0.00774999999999999
2,0,1,MLP-C,9,X2,0.1925,0.8075,0.7793696275071633,0.146875,0.19937499999999997,0.0020000000000000018
2,0,1,LogReg,10,W1,0.20375,0.79625,0.8310880829015544,0.054625000000000014,0.256875,0.0002499999999999947
2,0,1,LogReg,10,W2,0.2099999999999999,0.79,0.8264462809917356,0.052500000000000026,0.24800000000000005,0.005000000000000049
2,0,1,LogReg,10,X1,0.2049999999999999,0.795,0.8284518828451883,0.058750000000000045,0.24375000000000008,0.0
2,0,1,LogReg,10,X2,0.1775,0.8225,0.8556910569105691,0.09737500000000002,0.25587499999999996,0.0040000000000000365
2,0,1,SVC,10,W1,0.2049999999999999,0.79,0.8257261410788381,0.04925000000000004,0.250375,0.006125000000000036
2,0,1,SVC,10,W2,0.20875,0.7775,0.821285141,0.045999999999999985,0.23024999999999998,-0.003375000000000028
2,0,1,SVC,10,X1,0.2049999999999999,0.7775,0.8176229508196722,0.03824999999999994,0.224375,-0.0007500000000000395
2,0,1,SVC,10,X2,0.18125,0.81125,0.8451282051282051,0.09125000000000004,0.24475000000000002,-0.004249999999999965
2,0,1,RF-C,10,W1,0.2049999999999999,0.795,0.826271186,0.04562500000000005,0.25800000000000006,0.01375000000000003
2,0,1,RF-C,10,W2,0.2099999999999999,0.79,0.8275154004106776,0.04462500000000005,0.25162500000000004,0.0003750000000000253
2,0,1,RF-C,10,X1,0.2025,0.7975,0.8298319327731093,0.05637499999999999,0.24637499999999996,0.01662499999999999
2,0,1,RF-C,10,X2,0.1887499999999999,0.81125,0.8454452405322416,0.09237500000000005,0.2475,0.0007500000000000284
2,0,1,XGBoost-C,10,W1,0.2075,0.76125,0.7965921192758253,0.03474999999999999,0.220125,0.004374999999999985
2,0,1,XGBoost-C,10,W2,0.2075,0.77125,0.8103626943005181,0.051375000000000004,0.234375,0.009624999999999984
2,0,1,XGBoost-C,10,X1,0.1949999999999999,0.7625,0.7965738758029979,0.04274999999999997,0.20862499999999998,-0.002625000000000044
2,0,1,XGBoost-C,10,X2,0.185,0.7725,0.8080168776371308,0.06649999999999998,0.20974999999999996,-0.005625000000000035
2,0,1,MLP-C,10,W1,0.2025,0.7975,0.8301886792452831,0.05675,0.258875,0.0
2,0,1,MLP-C,10,W2,0.21125,0.78875,0.8241415192507804,0.04899999999999995,0.24774999999999997,0.0017499999999999738
2,0,1,MLP-C,10,X1,0.19125,0.80875,0.8345945945945946,0.06962499999999996,0.26549999999999996,0.0
2,0,1,MLP-C,10,X2,0.18125,0.81875,0.8503611971104231,0.09524999999999997,0.253375,0.002874999999999983
2,0,2,LogReg,1,W1,0.2049999999999999,0.795,0.672,0.07312500000000004,0.18300000000000002,0.004125000000000034
2,0,2,LogReg,1,W2,0.1899999999999999,0.81,0.7205882352941176,0.07300000000000004,0.19675000000000004,0.003375000000000039
2,0,2,LogReg,1,X1,0.18625,0.81375,0.7072691552062869,0.11374999999999998,0.17624999999999996,-0.002000000000000013
2,0,2,LogReg,1,X2,0.12,0.88,0.8228782287822878,0.180125,0.202,0.004125000000000012
2,0,2,SVC,1,W1,0.20375,0.79,0.65,0.06650000000000003,0.172375,0.00037500000000003644
2,0,2,SVC,1,W2,0.1949999999999999,0.7925,0.6795366795366795,0.054374999999999986,0.17699999999999996,-0.0011250000000000092
2,0,2,SVC,1,X1,0.18625,0.81,0.6885245901639344,0.11050000000000004,0.17062500000000008,-0.0007499999999999507
2,0,2,SVC,1,X2,0.1212499999999999,0.87625,0.8156424581005587,0.17587499999999995,0.20062499999999997,0.006999999999999951
2,0,2,RF-C,1,W1,0.2049999999999999,0.795,0.6597510373443983,0.06450000000000004,0.18987500000000004,0.002000000000000046
2,0,2,RF-C,1,W2,0.1937499999999999,0.80625,0.6830265848670757,0.06100000000000002,0.18925,0.003750000000000009
2,0,2,RF-C,1,X1,0.1925,0.8075,0.6944444444444444,0.10750000000000001,0.17099999999999999,-0.0035000000000000144
2,0,2,RF-C,1,X2,0.135,0.865,0.8029197080291971,0.16812499999999997,0.19024999999999997,0.007250000000000001
2,0,2,XGBoost-C,1,W1,0.2149999999999999,0.76,0.6264591439688716,0.06037500000000001,0.155125,-0.009999999999999998
2,0,2,XGBoost-C,1,W2,0.1975,0.75125,0.6452762923351159,0.04312499999999999,0.14362499999999995,-0.011875000000000035
2,0,2,XGBoost-C,1,X1,0.1887499999999999,0.78125,0.6575342465753424,0.09512499999999999,0.151375,-0.019124999999999982
2,0,2,XGBoost-C,1,X2,0.1312499999999999,0.845,0.7801418439716312,0.15324999999999997,0.17787499999999998,0.009374999999999956
2,0,2,MLP-C,1,W1,0.2049999999999999,0.795,0.672,0.07162500000000002,0.18387500000000007,0.0038750000000000286
2,0,2,MLP-C,1,W2,0.1899999999999999,0.81,0.7216117216117216,0.07587500000000005,0.19650000000000006,0.002000000000000035
2,0,2,MLP-C,1,X1,0.185,0.815,0.7131782945736435,0.11537499999999994,0.17887499999999995,-0.0007500000000000395
2,0,2,MLP-C,1,X2,0.1262499999999999,0.87375,0.8173598553345389,0.17850000000000002,0.19950000000000007,0.0025000000000000243
2,0,2,LogReg,2,W1,0.2249999999999999,0.775,0.7534246575342466,0.162,0.13162500000000002,-0.0011249999999999982
2,0,2,LogReg,2,W2,0.2249999999999999,0.775,0.7587131367292225,0.16625,0.12974999999999998,0.0017500000000000072
2,0,2,LogReg,2,X1,0.1837499999999999,0.81625,0.8005427408412483,0.21275000000000005,0.13925000000000004,0.0013750000000000485
2,0,2,LogReg,2,X2,0.1574999999999999,0.8425,0.8342105263157895,0.24300000000000005,0.14912500000000004,-0.0004999999999999894
2,0,2,SVC,2,W1,0.2249999999999999,0.775,0.7540983606557377,0.16862500000000005,0.12837500000000002,-0.0009999999999999788
2,0,2,SVC,2,W2,0.2262499999999999,0.7675,0.7472826086956522,0.16387499999999994,0.11387499999999995,0.00012499999999995292
2,0,2,SVC,2,X1,0.18125,0.81875,0.801641587,0.21737499999999996,0.14075,0.005249999999999988
2,0,2,SVC,2,X2,0.155,0.845,0.837696335,0.242375,0.15224999999999994,0.005124999999999968
2,0,2,RF-C,2,W1,0.2325,0.7675,0.7479674796747967,0.16174999999999998,0.12799999999999995,0.015499999999999958
2,0,2,RF-C,2,W2,0.2225,0.7775,0.7620320855614974,0.159875,0.14075,0.017124999999999956
2,0,2,RF-C,2,X1,0.1825,0.8175,0.8,0.21525,0.138125,0.0061249999999999916
2,0,2,RF-C,2,X2,0.1637499999999999,0.83625,0.8274044795783926,0.24412500000000006,0.14175000000000001,-0.004624999999999957
2,0,2,XGBoost-C,2,W1,0.22875,0.73125,0.7114093959731543,0.13187499999999994,0.09774999999999995,-0.01187500000000007
2,0,2,XGBoost-C,2,W2,0.21625,0.74375,0.7313237221494102,0.14112500000000003,0.10950000000000001,-0.0012499999999999734
2,0,2,XGBoost-C,2,X1,0.1875,0.785,0.7656675749318801,0.18962500000000004,0.11525000000000003,-0.011624999999999986
2,0,2,XGBoost-C,2,X2,0.1587499999999999,0.815,0.8047493403693932,0.22324999999999995,0.12699999999999995,-0.008000000000000052
2,0,2,MLP-C,2,W1,0.22375,0.77625,0.7597315436241611,0.16399999999999998,0.13574999999999998,-0.0005000000000000004
2,0,2,MLP-C,2,W2,0.2262499999999999,0.77375,0.7576974564926372,0.16400000000000003,0.12862500000000007,0.0013750000000000706
2,0,2,MLP-C,2,X1,0.1825,0.8175,0.8027027027027027,0.21525000000000002,0.14125000000000001,0.003125000000000011
2,0,2,MLP-C,2,X2,0.1524999999999999,0.8475,0.8386243386243386,0.24112500000000003,0.15950000000000003,0.005375000000000041
2,0,2,LogReg,3,W1,0.1125,0.8875,0.8109243697478992,0.24737499999999998,0.11712499999999997,0.0004999999999999449
2,0,2,LogReg,3,W2,0.1574999999999999,0.8425,0.7272727272727273,0.19337500000000002,0.09712500000000002,0.0008750000000000147
2,0,2,LogReg,3,X1,0.1012499999999999,0.89875,0.8265524625267666,0.25650000000000006,0.12325000000000004,0.0002500000000000391
2,0,2,LogReg,3,X2,0.1262499999999999,0.87375,0.8007889546351085,0.23262500000000003,0.10875000000000004,0.0
2,0,2,SVC,3,W1,0.12,0.875,0.7907949790794979,0.24387499999999998,0.09975000000000002,-0.0007499999999999729
2,0,2,SVC,3,W2,0.155,0.8375,0.7257383966244726,0.201,0.08537500000000002,0.0040000000000000036
2,0,2,SVC,3,X1,0.1012499999999999,0.89875,0.8316008316008316,0.2587500000000001,0.12800000000000006,0.00012500000000004174
2,0,2,SVC,3,X2,0.1262499999999999,0.865,0.7795918367346939,0.220625,0.093125,-0.004625000000000013
2,0,2,RF-C,3,W1,0.1149999999999999,0.885,0.7991266375545851,0.233,0.120125,0.002000000000000013
2,0,2,RF-C,3,W2,0.1587499999999999,0.84125,0.7268817204301076,0.19050000000000006,0.10325000000000006,0.0051250000000000575
2,0,2,RF-C,3,X1,0.0925,0.9075,0.8495934959349594,0.26337499999999997,0.14825,0.01749999999999997
2,0,2,RF-C,3,X2,0.1175,0.8825,0.8127490039840638,0.24824999999999994,0.11049999999999996,0.006124999999999947
2,0,2,XGBoost-C,3,W1,0.1125,0.85875,0.772635815,0.21612499999999998,0.11412499999999999,-0.0003749999999999809
2,0,2,XGBoost-C,3,W2,0.1587499999999999,0.795,0.6771653543307087,0.16125000000000003,0.07625000000000004,-0.02212499999999995
2,0,2,XGBoost-C,3,X1,0.0975,0.88625,0.814663951,0.24487499999999995,0.12974999999999998,0.00625
2,0,2,XGBoost-C,3,X2,0.12,0.84875,0.7603960396039604,0.210625,0.094375,-0.014124999999999976
2,0,2,MLP-C,3,W1,0.11375,0.88625,0.8190854870775348,0.24687499999999996,0.12749999999999997,0.00024999999999997247
2,0,2,MLP-C,3,W2,0.16,0.84,0.7288135593220338,0.18837499999999996,0.10112499999999995,-0.0002500000000000391
2,0,2,MLP-C,3,X1,0.1012499999999999,0.89875,0.8343558282208589,0.259375,0.13250000000000003,-0.0012499999999999734
2,0,2,MLP-C,3,X2,0.12,0.88,0.8110236220472441,0.24912499999999999,0.113375,0.006125000000000003
2,0,2,LogReg,4,W1,0.17625,0.82375,0.8459016393442623,0.18049999999999997,0.18175,0.0
2,0,2,LogReg,4,W2,0.22875,0.77125,0.7950727883538634,0.14262499999999997,0.14049999999999999,0.001124999999999976
2,0,2,LogReg,4,X1,0.14375,0.85625,0.8759439050701187,0.2196249999999999,0.18412499999999996,0.0006249999999999756
2,0,2,LogReg,4,X2,0.15,0.85,0.8654708520179372,0.22649999999999998,0.17299999999999996,-0.0004999999999999894
2,0,2,SVC,4,W1,0.17125,0.825,0.8497854077253219,0.18799999999999994,0.17249999999999993,-0.0005000000000000227
2,0,2,SVC,4,W2,0.22875,0.76875,0.7951273532668881,0.14287500000000003,0.13112500000000002,-0.004749999999999965
2,0,2,SVC,4,X1,0.13875,0.86125,0.8786885245901639,0.22699999999999995,0.19099999999999998,0.004624999999999957
2,0,2,SVC,4,X2,0.15125,0.84125,0.8574635241301908,0.21762500000000004,0.16550000000000004,-0.001874999999999949
2,0,2,RF-C,4,W1,0.175,0.825,0.8481561822125814,0.18974999999999995,0.176,0.004874999999999974
2,0,2,RF-C,4,W2,0.2149999999999999,0.785,0.8084632516703786,0.14550000000000005,0.16825,0.03387500000000003
2,0,2,RF-C,4,X1,0.1574999999999999,0.8425,0.86214442,0.20950000000000002,0.17475000000000002,0.0013750000000000262
2,0,2,RF-C,4,X2,0.1587499999999999,0.84125,0.8571428571428571,0.21975000000000006,0.16250000000000003,0.007125000000000059
2,0,2,XGBoost-C,4,W1,0.17125,0.7875,0.8144104803493449,0.14624999999999994,0.15724999999999997,0.0009999999999999788
2,0,2,XGBoost-C,4,W2,0.21875,0.77125,0.7950727883538634,0.13474999999999998,0.15025,0.017000000000000005
2,0,2,XGBoost-C,4,X1,0.15,0.82125,0.8430296377607025,0.19312500000000005,0.16475000000000004,0.005750000000000022
2,0,2,XGBoost-C,4,X2,0.1574999999999999,0.825,0.8423423423423423,0.20812499999999998,0.14824999999999994,0.0027499999999999634
2,0,2,MLP-C,4,W1,0.1725,0.8275,0.8506493506493507,0.18025,0.185625,-0.0008749999999999924
2,0,2,MLP-C,4,W2,0.2199999999999999,0.78,0.7972350230414746,0.14800000000000005,0.15537499999999999,0.0017500000000000072
2,0,2,MLP-C,4,X1,0.1424999999999999,0.8575,0.8758169934640523,0.22087500000000002,0.18487500000000004,0.005250000000000055
2,0,2,MLP-C,4,X2,0.15125,0.84875,0.8638920134983127,0.225875,0.17300000000000001,0.0002499999999999947
2,0,2,LogReg,5,W1,0.175,0.825,0.8535564853556485,0.19587499999999994,0.16974999999999998,0.0009999999999999788
2,0,2,LogReg,5,W2,0.1987499999999999,0.80125,0.8389057750759878,0.16300000000000003,0.148125,0.001000000000000023
2,0,2,LogReg,5,X1,0.1374999999999999,0.8625,0.8849372384937239,0.24037500000000006,0.17712500000000006,0.0026250000000000552
2,0,2,LogReg,5,X2,0.14625,0.85375,0.8814589665653495,0.22275,0.15912500000000002,0.0032500000000000306
2,0,2,SVC,5,W1,0.17125,0.82875,0.856544503,0.20162500000000003,0.1735,0.007374999999999998
2,0,2,SVC,5,W2,0.1949999999999999,0.805,0.8395061728395061,0.17212500000000003,0.14887500000000006,0.004250000000000043
2,0,2,SVC,5,X1,0.14625,0.84625,0.8709338929695698,0.22474999999999995,0.16262499999999996,-0.0045000000000000595
2,0,2,SVC,5,X2,0.15,0.85,0.8780487804878049,0.22249999999999998,0.156875,0.0032499999999999864
2,0,2,RF-C,5,W1,0.185,0.815,0.8418803418803419,0.18437499999999996,0.17299999999999996,0.0003749999999999698
2,0,2,RF-C,5,W2,0.21125,0.78875,0.827021494,0.15262499999999996,0.14499999999999993,0.0014999999999999569
2,0,2,RF-C,5,X1,0.14875,0.85125,0.8748685594111462,0.22999999999999993,0.16762499999999997,-0.0006250000000000422
2,0,2,RF-C,5,X2,0.15,0.85,0.8778004073319755,0.22824999999999993,0.15087499999999995,0.007249999999999967
2,0,2,XGBoost-C,5,W1,0.17625,0.78875,0.8226652675760755,0.16924999999999996,0.14574999999999996,0.0031249999999999447
2,0,2,XGBoost-C,5,W2,0.2025,0.76125,0.8028895768833849,0.131875,0.12599999999999997,-0.0032500000000000306
2,0,2,XGBoost-C,5,X1,0.14,0.815,0.8438818565400844,0.199125,0.14724999999999994,0.0011249999999999316
2,0,2,XGBoost-C,5,X2,0.1524999999999999,0.82625,0.857727738,0.202625,0.13412500000000002,-0.0037499999999999643
2,0,2,MLP-C,5,W1,0.175,0.825,0.8535564853556485,0.19524999999999998,0.16974999999999998,0.001124999999999976
2,0,2,MLP-C,5,W2,0.1937499999999999,0.80625,0.8419979612640163,0.16850000000000004,0.15675,0.007625000000000037
2,0,2,MLP-C,5,X1,0.13875,0.86125,0.8840125391849529,0.23899999999999996,0.17612499999999995,0.00187499999999996
2,0,2,MLP-C,5,X2,0.145,0.855,0.8799171842650103,0.23412499999999997,0.15475,0.0029999999999999914
2,0,2,LogReg,6,W1,0.1775,0.8225,0.8238213399503722,0.1605,0.20700000000000002,0.0063750000000000195
2,0,2,LogReg,6,W2,0.22875,0.77125,0.772104608,0.12062500000000001,0.17024999999999998,0.0023749999999999826
2,0,2,LogReg,6,X1,0.15625,0.84375,0.8419721871049305,0.19712499999999997,0.194125,0.0020000000000000018
2,0,2,LogReg,6,X2,0.1787499999999999,0.82125,0.820577164,0.19037500000000004,0.16575,0.0003750000000000253
2,0,2,SVC,6,W1,0.18,0.80375,0.805452292,0.15574999999999997,0.18212499999999995,-0.0006250000000000311
2,0,2,SVC,6,W2,0.2312499999999999,0.75125,0.743225806,0.12037499999999994,0.13387499999999997,-0.003000000000000014
2,0,2,SVC,6,X1,0.16,0.83625,0.8326947637292464,0.19250000000000006,0.18325000000000005,-0.004874999999999951
2,0,2,SVC,6,X2,0.1787499999999999,0.81625,0.8169364881693649,0.18250000000000005,0.16012500000000002,0.0023750000000000273
2,0,2,RF-C,6,W1,0.1825,0.8175,0.8170426065162907,0.15787500000000002,0.20787499999999998,0.011499999999999988
2,0,2,RF-C,6,W2,0.2412499999999999,0.75875,0.7522464698331194,0.10087500000000005,0.16675000000000004,-0.0006249999999999534
2,0,2,RF-C,6,X1,0.1624999999999999,0.8375,0.8329048843187661,0.19837500000000002,0.192,0.007625000000000026
2,0,2,RF-C,6,X2,0.175,0.825,0.8236775818639799,0.19962499999999994,0.16237499999999994,0.007999999999999962
2,0,2,XGBoost-C,6,W1,0.18125,0.77625,0.7776397515527951,0.133625,0.17375000000000002,0.0058749999999999965
2,0,2,XGBoost-C,6,W2,0.2312499999999999,0.7275,0.725440806,0.09612500000000004,0.13937500000000008,-0.0016249999999999542
2,0,2,XGBoost-C,6,X1,0.1524999999999999,0.81125,0.8071519795657727,0.17825000000000002,0.16112500000000002,-0.003874999999999962
2,0,2,XGBoost-C,6,X2,0.1687499999999999,0.80875,0.8099378881987578,0.17849999999999996,0.15599999999999997,0.005999999999999961
2,0,2,MLP-C,6,W1,0.1787499999999999,0.82125,0.822360248,0.15875000000000003,0.20575000000000002,0.0046250000000000345
2,0,2,MLP-C,6,W2,0.2262499999999999,0.77375,0.7832335329341318,0.11462500000000006,0.18812500000000004,0.0072500000000000455
2,0,2,MLP-C,6,X1,0.1574999999999999,0.8425,0.8405063291139241,0.19550000000000006,0.19412500000000005,-0.0007499999999999619
2,0,2,MLP-C,6,X2,0.1787499999999999,0.82125,0.820577164,0.18812500000000001,0.16675000000000004,0.0006250000000000311
2,0,2,LogReg,7,W1,0.23875,0.76125,0.7394270122783083,0.09775,0.188125,0.0032500000000000085
2,0,2,LogReg,7,W2,0.25875,0.74125,0.7072135785007072,0.06962499999999996,0.17162499999999997,0.0006249999999999422
2,0,2,LogReg,7,X1,0.21125,0.78875,0.7681755829903978,0.13024999999999995,0.19037499999999996,0.002874999999999939
2,0,2,LogReg,7,X2,0.16,0.84,0.8192090395480226,0.191125,0.20462499999999997,0.0023749999999999718
2,0,2,SVC,7,W1,0.2425,0.7475,0.728494624,0.08787500000000006,0.17550000000000004,-0.006124999999999936
2,0,2,SVC,7,W2,0.24875,0.7525,0.7211267605633803,0.07474999999999994,0.18424999999999997,0.0027499999999999634
2,0,2,SVC,7,X1,0.21375,0.785,0.7637362637362637,0.12987500000000002,0.18700000000000006,0.0017500000000000404
2,0,2,SVC,7,X2,0.16625,0.8275,0.8039772727272727,0.17800000000000002,0.194875,-0.0032499999999999864
2,0,2,RF-C,7,W1,0.25125,0.74875,0.7219917012448133,0.07725000000000001,0.18825,4.4408920985006264e-17
2,0,2,RF-C,7,W2,0.255,0.745,0.7102272727272727,0.06487499999999999,0.186375,0.002499999999999991
2,0,2,RF-C,7,X1,0.20875,0.79125,0.7709190672153635,0.1355,0.192625,0.012624999999999997
2,0,2,RF-C,7,X2,0.17,0.83,0.8073654390934845,0.17974999999999994,0.19799999999999995,0.0007499999999999619
2,0,2,XGBoost-C,7,W1,0.2462499999999999,0.72375,0.7049399198931909,0.060750000000000005,0.150625,0.005500000000000016
2,0,2,XGBoost-C,7,W2,0.25125,0.70625,0.6767537826685007,0.04437500000000003,0.14675000000000002,-0.00762499999999996
2,0,2,XGBoost-C,7,X1,0.20625,0.765,0.7403314917127072,0.10937500000000003,0.17450000000000002,0.004125000000000001
2,0,2,XGBoost-C,7,X2,0.1637499999999999,0.80375,0.7791842475386779,0.15787499999999993,0.18074999999999997,-0.0011250000000000426
2,0,2,MLP-C,7,W1,0.23875,0.76125,0.7408412483039348,0.09612499999999999,0.18712499999999999,0.0023749999999999826
2,0,2,MLP-C,7,W2,0.25,0.75,0.7183098591549296,0.074375,0.18549999999999997,0.004125000000000001
2,0,2,MLP-C,7,X1,0.20875,0.79125,0.7770360480640854,0.13774999999999998,0.19475000000000003,0.0040000000000000036
2,0,2,MLP-C,7,X2,0.1587499999999999,0.84125,0.8218793828892006,0.19025000000000006,0.20850000000000007,0.006500000000000039
2,0,2,LogReg,8,W1,0.1825,0.8175,0.8643122676579925,0.113625,0.1755,0.004500000000000004
2,0,2,LogReg,8,W2,0.20875,0.79125,0.84230406,0.08199999999999999,0.1715,-0.0016249999999999876
2,0,2,LogReg,8,X1,0.16125,0.83875,0.8795518207282913,0.14587500000000003,0.17162500000000006,0.006374999999999987
2,0,2,LogReg,8,X2,0.15,0.85,0.8870056497175142,0.15925,0.173875,-0.0017500000000000293
2,0,2,SVC,8,W1,0.18,0.8025,0.8581687612208259,0.1135,0.138875,-0.0031250000000000223
2,0,2,SVC,8,W2,0.2175,0.76375,0.8280254777070064,0.07900000000000003,0.12500000000000006,-0.006124999999999959
2,0,2,SVC,8,X1,0.16125,0.83,0.8738404452690167,0.13649999999999995,0.159625,0.00024999999999995024
2,0,2,SVC,8,X2,0.15,0.84875,0.884871551,0.158875,0.17400000000000002,0.001000000000000023
2,0,2,RF-C,8,W1,0.1937499999999999,0.80625,0.8563484708063022,0.09650000000000002,0.165875,0.0038750000000000286
2,0,2,RF-C,8,W2,0.21375,0.78625,0.84691137,0.07025,0.16025,0.002875000000000005
2,0,2,RF-C,8,X1,0.17125,0.82875,0.8716026241799437,0.14075,0.15999999999999998,-2.2204460492503132e-17
2,0,2,RF-C,8,X2,0.1424999999999999,0.8575,0.8903846153846153,0.17087500000000005,0.19224999999999998,0.015250000000000041
2,0,2,XGBoost-C,8,W1,0.1925,0.78,0.8361266294227188,0.08575000000000002,0.14675000000000005,0.006000000000000028
2,0,2,XGBoost-C,8,W2,0.2099999999999999,0.7575,0.8148854961832062,0.06087499999999994,0.14737499999999995,-0.01175000000000006
2,0,2,XGBoost-C,8,X1,0.16,0.8025,0.8512241054613936,0.12149999999999998,0.15187499999999998,0.001374999999999993
2,0,2,XGBoost-C,8,X2,0.1524999999999999,0.835,0.8713450292397661,0.15599999999999997,0.17312499999999997,0.0042499999999999535
2,0,2,MLP-C,8,W1,0.1825,0.8175,0.8643122676579925,0.11387500000000002,0.175375,0.004125000000000012
2,0,2,MLP-C,8,W2,0.1937499999999999,0.80625,0.8496605237633366,0.08837500000000001,0.19412500000000002,0.0011250000000000092
2,0,2,MLP-C,8,X1,0.165,0.835,0.875,0.14374999999999996,0.17237499999999994,0.004124999999999957
2,0,2,MLP-C,8,X2,0.14625,0.85375,0.8871745419479267,0.16550000000000004,0.18262499999999998,0.00425000000000002
2,0,2,LogReg,9,W1,0.21125,0.78875,0.7525622254758418,0.13149999999999995,0.17649999999999993,0.004749999999999954
2,0,2,LogReg,9,W2,0.2262499999999999,0.77375,0.7417974322396577,0.14387500000000006,0.15812500000000004,0.0021250000000000656
2,0,2,LogReg,9,X1,0.2049999999999999,0.795,0.7650429799426934,0.14762500000000006,0.15287500000000004,0.005375000000000041
2,0,2,LogReg,9,X2,0.1574999999999999,0.8425,0.8259668508287292,0.23400000000000004,0.16775,0.0003750000000000031
2,0,2,SVC,9,W1,0.21375,0.7725,0.7283582089552239,0.11749999999999997,0.15574999999999997,-0.006375000000000042
2,0,2,SVC,9,W2,0.2262499999999999,0.76875,0.7299270072992701,0.14737500000000003,0.15025000000000005,0.0042500000000000315
2,0,2,SVC,9,X1,0.2099999999999999,0.78375,0.7489114658925979,0.1363749999999999,0.14024999999999996,0.0004999999999999449
2,0,2,SVC,9,X2,0.15,0.8475,0.8305555555555556,0.23562500000000003,0.17387500000000006,0.0018750000000000377
2,0,2,RF-C,9,W1,0.2099999999999999,0.79,0.7514792899408284,0.12225000000000001,0.18237500000000004,0.009500000000000031
2,0,2,RF-C,9,W2,0.22375,0.77625,0.7460992907801418,0.1315,0.177625,0.012625000000000008
2,0,2,RF-C,9,X1,0.20125,0.79875,0.7703281027104137,0.14199999999999996,0.16974999999999996,0.004249999999999965
2,0,2,RF-C,9,X2,0.14875,0.85125,0.8354080221300139,0.24037499999999995,0.18074999999999994,0.014999999999999947
2,0,2,XGBoost-C,9,W1,0.2149999999999999,0.76125,0.7203513909224012,0.11587499999999999,0.15524999999999997,0.008999999999999998
2,0,2,XGBoost-C,9,W2,0.2249999999999999,0.735,0.6997167138810199,0.10687499999999998,0.13787499999999997,0.0020000000000000018
2,0,2,XGBoost-C,9,X1,0.2125,0.775,0.7443181818181818,0.140125,0.13725,0.006000000000000028
2,0,2,XGBoost-C,9,X2,0.1474999999999999,0.8325,0.8117977528089888,0.22337500000000002,0.17062500000000003,0.006000000000000017
2,0,2,MLP-C,9,W1,0.21125,0.78875,0.7488855869242199,0.12924999999999995,0.17912499999999992,0.005374999999999963
2,0,2,MLP-C,9,W2,0.22375,0.77625,0.7424460431654676,0.146125,0.16312500000000002,0.007499999999999995
2,0,2,MLP-C,9,X1,0.2025,0.7975,0.7692307692307693,0.1515,0.15612499999999999,0.0043750000000000065
2,0,2,MLP-C,9,X2,0.14875,0.85125,0.8372093023255814,0.23824999999999993,0.17599999999999993,0.00962499999999994
2,0,2,LogReg,10,W1,0.18125,0.81875,0.7512864493996569,0.13149999999999998,0.19099999999999998,0.0027499999999999747
2,0,2,LogReg,10,W2,0.2225,0.7775,0.6888111888111889,0.12637499999999996,0.14937499999999998,-0.0021250000000000435
2,0,2,LogReg,10,X1,0.1324999999999999,0.8675,0.827922078,0.187375,0.20750000000000007,0.0032500000000000306
2,0,2,LogReg,10,X2,0.16625,0.83375,0.7757166947723441,0.19175,0.165375,0.0021249999999999993
2,0,2,SVC,10,W1,0.18125,0.81375,0.7381370826010545,0.14037499999999994,0.17024999999999998,-0.002000000000000024
2,0,2,SVC,10,W2,0.2212499999999999,0.76875,0.672566372,0.12825000000000006,0.13125000000000003,-0.003999999999999959
2,0,2,SVC,10,X1,0.13375,0.855,0.8085808580858086,0.17512499999999998,0.18824999999999997,-0.0036250000000000115
2,0,2,SVC,10,X2,0.1624999999999999,0.83125,0.7707979626485568,0.19150000000000006,0.15862500000000007,0.0006250000000000422
2,0,2,RF-C,10,W1,0.1887499999999999,0.81125,0.7279279279279279,0.12562500000000004,0.17412500000000003,0.0003750000000000142
2,0,2,RF-C,10,W2,0.2175,0.7825,0.6947368421052632,0.13037499999999996,0.15424999999999994,0.0049999999999999715
2,0,2,RF-C,10,X1,0.1324999999999999,0.8675,0.8262295081967214,0.18650000000000005,0.20750000000000007,0.005875000000000063
2,0,2,RF-C,10,X2,0.1674999999999999,0.8325,0.7721088435374149,0.19550000000000006,0.1575,0.0015000000000000234
2,0,2,XGBoost-C,10,W1,0.1899999999999999,0.77875,0.7045075125208681,0.10662500000000005,0.16212500000000002,0.0011250000000000426
2,0,2,XGBoost-C,10,W2,0.2125,0.75,0.6644295302013423,0.09787500000000002,0.1365,-0.0022500000000000076
2,0,2,XGBoost-C,10,X1,0.14,0.8375,0.792332268,0.16625000000000006,0.1875,0.004125000000000012
2,0,2,XGBoost-C,10,X2,0.17,0.8175,0.7558528428093646,0.180875,0.158375,0.003874999999999995
2,0,2,MLP-C,10,W1,0.1787499999999999,0.82125,0.7555555555555555,0.1345,0.18850000000000006,0.0031250000000000444
2,0,2,MLP-C,10,W2,0.2149999999999999,0.785,0.6982456140350877,0.13000000000000006,0.15450000000000003,0.0070000000000000175
2,0,2,MLP-C,10,X1,0.1312499999999999,0.86875,0.8309178743961353,0.187375,0.21400000000000002,0.0036250000000000006
2,0,2,MLP-C,10,X2,0.1574999999999999,0.8425,0.7913907284768212,0.20312500000000006,0.17312500000000003,0.010500000000000032
2,1,0,LogReg,1,W1,0.2462499999999999,0.75375,0.7865655471289275,0.16675000000000004,0.10125000000000002,0.0007500000000000395
2,1,0,LogReg,1,W2,0.27375,0.72625,0.7647690655209453,0.16812499999999994,0.05737499999999994,0.0021249999999999546
2,1,0,LogReg,1,X1,0.1987499999999999,0.80125,0.8273615635179153,0.22200000000000003,0.10512500000000002,0.001375000000000015
2,1,0,LogReg,1,X2,0.20125,0.79875,0.827438371,0.25837499999999997,0.04687499999999996,-2.2204460492503132e-17
2,1,0,SVC,1,W1,0.24375,0.755,0.7896995708154506,0.16712500000000002,0.10049999999999999,0.004250000000000009
2,1,0,SVC,1,W2,0.27875,0.72125,0.7635206786850477,0.16212499999999994,0.049249999999999926,0.00437499999999994
2,1,0,SVC,1,X1,0.1949999999999999,0.80125,0.8281081081081081,0.22212500000000004,0.10437500000000002,0.005250000000000044
2,1,0,SVC,1,X2,0.1887499999999999,0.81125,0.8402116402116402,0.271625,0.057000000000000016,0.008250000000000025
2,1,0,RF-C,1,W1,0.2412499999999999,0.75875,0.7944621938232161,0.15950000000000003,0.10875000000000004,0.010250000000000037
2,1,0,RF-C,1,W2,0.2774999999999999,0.7225,0.7623126338329764,0.16662500000000008,0.05287500000000005,0.011250000000000027
2,1,0,RF-C,1,X1,0.19625,0.80375,0.8313641245972073,0.23287499999999994,0.10374999999999997,0.010999999999999977
2,1,0,RF-C,1,X2,0.1937499999999999,0.80625,0.8380355276907001,0.264,0.05875000000000004,0.00425000000000002
2,1,0,XGBoost-C,1,W1,0.245,0.72,0.7565217391304347,0.14562499999999998,0.08987499999999997,0.008999999999999963
2,1,0,XGBoost-C,1,W2,0.26375,0.7025,0.746268657,0.15825,0.054750000000000035,0.015625
2,1,0,XGBoost-C,1,X1,0.1999999999999999,0.755,0.7850877192982456,0.19612500000000002,0.06775,-0.00462499999999999
2,1,0,XGBoost-C,1,X2,0.1937499999999999,0.78625,0.8167202572347267,0.25187499999999996,0.048375,0.00787500000000001
2,1,0,MLP-C,1,W1,0.2425,0.7575,0.7991718426501035,0.15387499999999993,0.11412499999999995,0.0028749999999999496
2,1,0,MLP-C,1,W2,0.275,0.725,0.7639484978540773,0.16662499999999997,0.05549999999999997,-0.001375000000000015
2,1,0,MLP-C,1,X1,0.19625,0.80375,0.8306364617044228,0.23274999999999996,0.10112499999999995,0.0068749999999999645
2,1,0,MLP-C,1,X2,0.19125,0.80875,0.8387776606954689,0.26775,0.05512499999999996,0.005624999999999969
2,1,0,LogReg,2,W1,0.13875,0.86125,0.9244383934649422,0.008499999999999952,0.019624999999999948,0.001499999999999968
2,1,0,LogReg,2,W2,0.1574999999999999,0.8425,0.9134615384615384,0.014625000000000032,0.016000000000000035,0.000749999999999984
2,1,0,LogReg,2,X1,0.125,0.875,0.9303621169916436,0.050000000000000024,0.026874999999999993,0.0066249999999999695
2,1,0,LogReg,2,X2,0.1262499999999999,0.87375,0.927908637,0.08637500000000002,0.03700000000000001,0.00025000000000000575
2,1,0,SVC,2,W1,0.1474999999999999,0.85,0.918809202,0.001124999999999976,0.0014999999999999792,-0.00012500000000000843
2,1,0,SVC,2,W2,0.16,0.8375,0.9113233287858116,0.005250000000000032,0.00587500000000003,0.0026249999999999997
2,1,0,SVC,2,X1,0.1312499999999999,0.865,0.9257221458046768,0.02487499999999998,0.011875000000000002,-0.001000000000000012
2,1,0,SVC,2,X2,0.12375,0.875,0.9289772727272728,0.08762500000000001,0.04237500000000001,0.0016249999999999986
2,1,0,RF-C,2,W1,0.145,0.855,0.9207650273224044,0.007249999999999979,0.014124999999999976,0.0009999999999999788
2,1,0,RF-C,2,W2,0.1637499999999999,0.83625,0.9108236895847516,0.0,0.0,-0.00012499999999999735
2,1,0,RF-C,2,X1,0.13375,0.86625,0.9251224632610217,0.04874999999999998,0.022749999999999958,0.0021249999999999767
2,1,0,RF-C,2,X2,0.12875,0.87125,0.9256317689530686,0.09762499999999998,0.04187499999999996,0.00337499999999995
2,1,0,XGBoost-C,2,W1,0.13875,0.82375,0.901467505,0.009124999999999994,0.01712499999999999,-0.0033750000000000056
2,1,0,XGBoost-C,2,W2,0.16,0.79875,0.8857345635202271,0.0013749999999999485,0.009124999999999972,-0.012250000000000049
2,1,0,XGBoost-C,2,X1,0.12375,0.85125,0.9156626506024096,0.050499999999999955,0.016374999999999938,0.0021249999999999438
2,1,0,XGBoost-C,2,X2,0.1274999999999999,0.845,0.9093567251461988,0.08624999999999998,0.034374999999999975,-0.007500000000000029
2,1,0,MLP-C,2,W1,0.13875,0.86125,0.9244383934649422,0.00812499999999996,0.019374999999999955,0.0021249999999999546
2,1,0,MLP-C,2,W2,0.1574999999999999,0.8425,0.9134615384615384,0.015500000000000036,0.017125000000000036,0.0009999999999999788
2,1,0,MLP-C,2,X1,0.125,0.875,0.9292786421499292,0.063625,0.03550000000000001,-0.000374999999999992
2,1,0,MLP-C,2,X2,0.1324999999999999,0.8675,0.9235209235209236,0.09050000000000005,0.03575000000000006,0.0010000000000000564
2,1,0,LogReg,3,W1,0.2149999999999999,0.785,0.8488576449912126,0.17137500000000003,0.03375000000000002,0.0008750000000000479
2,1,0,LogReg,3,W2,0.2325,0.7675,0.8374125874125874,0.16187499999999994,0.031124999999999948,0.0
2,1,0,LogReg,3,X1,0.18625,0.81375,0.8670829616413916,0.20737499999999995,0.04512499999999997,0.0013749999999999706
2,1,0,LogReg,3,X2,0.1574999999999999,0.8425,0.8856624319419237,0.248125,0.06962500000000002,0.0031250000000000223
2,1,0,SVC,3,W1,0.21375,0.77875,0.8472821397756687,0.16712500000000002,0.015625000000000045,0.0005000000000000449
2,1,0,SVC,3,W2,0.22375,0.775,0.84375,0.16975,0.031750000000000035,0.0046250000000000015
2,1,0,SVC,3,X1,0.1875,0.805,0.8636363636363636,0.19400000000000003,0.03687500000000006,-0.00187499999999996
2,1,0,SVC,3,X2,0.1587499999999999,0.835,0.8808664259927798,0.2385,0.06112499999999995,-0.002000000000000046
2,1,0,RF-C,3,W1,0.2125,0.7875,0.8519163763066202,0.171125,0.038749999999999986,0.004624999999999979
2,1,0,RF-C,3,W2,0.2275,0.7725,0.8403508771929824,0.16187499999999994,0.040124999999999966,0.003499999999999981
2,1,0,RF-C,3,X1,0.1925,0.8075,0.8627450980392157,0.20325000000000001,0.038625,0.0043749999999999735
2,1,0,RF-C,3,X2,0.1674999999999999,0.8325,0.8777372262773723,0.2465,0.04950000000000001,0.0035000000000000144
2,1,0,XGBoost-C,3,W1,0.20875,0.76125,0.8283917340521114,0.14937499999999998,0.044624999999999984,0.0006249999999999977
2,1,0,XGBoost-C,3,W2,0.22375,0.75125,0.8159111933395005,0.1375,0.05324999999999998,0.014374999999999994
2,1,0,XGBoost-C,3,X1,0.1975,0.77375,0.8367899008115419,0.17187500000000006,0.027625000000000066,-0.009374999999999944
2,1,0,XGBoost-C,3,X2,0.1637499999999999,0.79625,0.8466603951081844,0.21400000000000005,0.051625,-0.0036249999999999672
2,1,0,MLP-C,3,W1,0.2099999999999999,0.79,0.8518518518518519,0.17450000000000004,0.04762500000000004,0.0025000000000000465
2,1,0,MLP-C,3,W2,0.2362499999999999,0.76375,0.8331862312444837,0.15825000000000006,0.032125000000000035,4.4408920985006264e-17
2,1,0,MLP-C,3,X1,0.1837499999999999,0.81625,0.8669683257918552,0.21775000000000005,0.05325000000000003,0.005125000000000035
2,1,0,MLP-C,3,X2,0.1574999999999999,0.8425,0.8856624319419237,0.246,0.07225000000000002,0.001375000000000004
2,1,0,LogReg,4,W1,0.2099999999999999,0.79,0.7840616966580977,0.22650000000000006,0.07537500000000004,-0.00024999999999997247
2,1,0,LogReg,4,W2,0.24375,0.75625,0.7470817120622568,0.19875,0.05499999999999998,0.000749999999999984
2,1,0,LogReg,4,X1,0.1725,0.8275,0.8248730964467005,0.281875,0.06912500000000002,2.2204460492503132e-17
2,1,0,LogReg,4,X2,0.165,0.835,0.828125,0.30074999999999996,0.056999999999999953,-0.0011250000000000426
2,1,0,SVC,4,W1,0.20625,0.79,0.7823834196891192,0.23225000000000007,0.07462500000000005,0.00012500000000006394
2,1,0,SVC,4,W2,0.2362499999999999,0.765,0.7506631299734748,0.20525000000000002,0.06087500000000001,0.01212500000000002
2,1,0,SVC,4,X1,0.17125,0.82375,0.8180645161290323,0.27749999999999997,0.070375,-0.0012500000000000178
2,1,0,SVC,4,X2,0.1624999999999999,0.8325,0.8241469816272966,0.30012500000000003,0.05400000000000003,-0.0018749999999999934
2,1,0,RF-C,4,W1,0.2099999999999999,0.79,0.7868020304568528,0.22600000000000003,0.07850000000000004,0.00187500000000006
2,1,0,RF-C,4,W2,0.245,0.755,0.7447916666666666,0.20337500000000003,0.07150000000000001,0.009875000000000023
2,1,0,RF-C,4,X1,0.165,0.835,0.8307692307692308,0.302125,0.06037499999999994,0.0013749999999999817
2,1,0,RF-C,4,X2,0.16625,0.83375,0.8270481144343304,0.30374999999999996,0.05225,0.009124999999999994
2,1,0,XGBoost-C,4,W1,0.20625,0.755,0.7474226804123711,0.211625,0.0635,-0.003500000000000003
2,1,0,XGBoost-C,4,W2,0.2425,0.73875,0.7296248382923674,0.18075000000000002,0.06862499999999999,0.010625000000000006
2,1,0,XGBoost-C,4,X1,0.1674999999999999,0.795,0.7892030848329049,0.248625,0.062125000000000055,-0.005999999999999961
2,1,0,XGBoost-C,4,X2,0.1674999999999999,0.81125,0.8046571798188874,0.26787500000000003,0.05587500000000003,0.011125000000000019
2,1,0,MLP-C,4,W1,0.2075,0.7925,0.789873418,0.232375,0.07974999999999996,-0.0012500000000000067
2,1,0,MLP-C,4,W2,0.235,0.765,0.7644110275689223,0.20975000000000002,0.063875,-0.0008749999999999814
2,1,0,MLP-C,4,X1,0.1687499999999999,0.83125,0.8267008985879333,0.2840000000000001,0.07425000000000007,0.0018750000000000377
2,1,0,MLP-C,4,X2,0.16125,0.83875,0.8318122555410691,0.30462500000000003,0.05987499999999998,0.001874999999999971
2,1,0,LogReg,5,W1,0.2674999999999999,0.7325,0.7528868360277137,0.153875,0.09850000000000005,-0.00449999999999996
2,1,0,LogReg,5,W2,0.3025,0.6975,0.7414529914529915,0.12800000000000003,0.085875,-0.000374999999999992
2,1,0,LogReg,5,X1,0.2199999999999999,0.78,0.7904761904761904,0.20575000000000002,0.08825000000000002,0.0011250000000000205
2,1,0,LogReg,5,X2,0.1887499999999999,0.81125,0.8217237308146399,0.269625,0.07350000000000004,0.0006249999999999867
2,1,0,SVC,5,W1,0.2674999999999999,0.7275,0.756152125,0.14325000000000004,0.08912500000000005,-0.0003749999999999587
2,1,0,SVC,5,W2,0.31125,0.6875,0.7438524590163934,0.120875,0.069625,0.004499999999999993
2,1,0,SVC,5,X1,0.21875,0.7775,0.7935034802784223,0.19612499999999994,0.08812499999999997,0.0047499999999999765
2,1,0,SVC,5,X2,0.1875,0.80625,0.8212226066897347,0.26775000000000004,0.07150000000000002,0.00212500000000001
2,1,0,RF-C,5,W1,0.2624999999999999,0.7375,0.7540983606557377,0.14675000000000007,0.10300000000000002,0.007250000000000034
2,1,0,RF-C,5,W2,0.3125,0.6875,0.7412008281573499,0.12987500000000002,0.07012499999999999,0.00724999999999999
2,1,0,RF-C,5,X1,0.21625,0.78375,0.7952662721893491,0.20287499999999997,0.09187499999999996,0.005874999999999941
2,1,0,RF-C,5,X2,0.19625,0.80375,0.8155111633372503,0.2696249999999999,0.06599999999999996,0.004499999999999971
2,1,0,XGBoost-C,5,W1,0.2624999999999999,0.69,0.7061611374407583,0.11399999999999995,0.08387499999999995,0.0037499999999999535
2,1,0,XGBoost-C,5,W2,0.3025,0.63,0.6621004566210046,0.07762500000000001,0.030375000000000006,-0.000374999999999992
2,1,0,XGBoost-C,5,X1,0.21375,0.755,0.7683215130023641,0.18125000000000002,0.08037499999999999,0.006874999999999997
2,1,0,XGBoost-C,5,X2,0.1937499999999999,0.76875,0.7779111644657863,0.23600000000000004,0.05562500000000005,0.00012500000000003063
2,1,0,MLP-C,5,W1,0.2624999999999999,0.7375,0.7552447552447552,0.15562500000000004,0.10450000000000004,-0.002249999999999941
2,1,0,MLP-C,5,W2,0.30125,0.69875,0.7411385606874329,0.125375,0.08737499999999997,0.0026249999999999885
2,1,0,MLP-C,5,X1,0.2149999999999999,0.785,0.7952380952380952,0.20550000000000007,0.09712500000000004,0.0028750000000000385
2,1,0,MLP-C,5,X2,0.18625,0.81375,0.8244994110718492,0.27324999999999994,0.07637499999999997,0.0042499999999999535
2,1,0,LogReg,6,W1,0.2925,0.7075,0.5851063829787234,0.08237500000000002,0.099125,0.00062500000000002
2,1,0,LogReg,6,W2,0.28625,0.7125,0.5892857142857143,0.08075000000000003,0.11612500000000003,-0.0002499999999999836
2,1,0,LogReg,6,X1,0.2225,0.7775,0.6931034482758621,0.19274999999999998,0.07837499999999999,0.0014999999999999569
2,1,0,LogReg,6,X2,0.20125,0.79875,0.7321131447587355,0.20737499999999995,0.10024999999999995,0.005624999999999969
2,1,0,SVC,6,W1,0.2987499999999999,0.695,0.5807560137457045,0.07962499999999995,0.09087499999999996,-0.003625000000000056
2,1,0,SVC,6,W2,0.2875,0.71125,0.5968586387434555,0.07937500000000006,0.11587500000000003,-0.000499999999999956
2,1,0,SVC,6,X1,0.22375,0.7725,0.6795774647887324,0.18662499999999996,0.07374999999999995,0.00012499999999996403
2,1,0,SVC,6,X2,0.20625,0.785,0.7142857142857143,0.1915,0.08637500000000004,-0.006374999999999975
2,1,0,RF-C,6,W1,0.3,0.7,0.5833333333333334,0.08549999999999995,0.09124999999999994,0.005874999999999986
2,1,0,RF-C,6,W2,0.2925,0.7075,0.6073825503355704,0.08225,0.11837499999999998,0.003375000000000017
2,1,0,RF-C,6,X1,0.2175,0.7825,0.7119205298013245,0.20387499999999995,0.09,0.022124999999999985
2,1,0,RF-C,6,X2,0.2049999999999999,0.795,0.7354838709677419,0.21400000000000002,0.08900000000000004,0.005375000000000052
2,1,0,XGBoost-C,6,W1,0.29125,0.65875,0.5502471169686985,0.06937499999999996,0.06662499999999996,0.002374999999999949
2,1,0,XGBoost-C,6,W2,0.2937499999999999,0.65875,0.5333333333333333,0.06499999999999995,0.07099999999999997,-0.0027500000000000523
2,1,0,XGBoost-C,6,X1,0.21375,0.77,0.6870748299319728,0.19375000000000003,0.08225000000000002,0.012625000000000008
2,1,0,XGBoost-C,6,X2,0.1975,0.76875,0.6972176759410802,0.194,0.08350000000000003,0.005625000000000035
2,1,0,MLP-C,6,W1,0.29625,0.70375,0.5863874345549738,0.08112499999999997,0.09549999999999999,-0.0015000000000000234
2,1,0,MLP-C,6,W2,0.28625,0.71375,0.5932504440497336,0.083375,0.11800000000000002,0.000749999999999984
2,1,0,MLP-C,6,X1,0.2225,0.7775,0.7003367003367004,0.19599999999999995,0.07824999999999997,0.002999999999999947
2,1,0,MLP-C,6,X2,0.1975,0.8025,0.7392739273927392,0.20925,0.1045,0.0028749999999999943
2,1,0,LogReg,7,W1,0.1937499999999999,0.80625,0.8861131520940485,0.04437500000000004,0.06150000000000001,0.0035000000000000144
2,1,0,LogReg,7,W2,0.1899999999999999,0.81,0.8853695324283559,0.055250000000000056,0.05125000000000005,0.0
2,1,0,LogReg,7,X1,0.17625,0.82375,0.8929384965831435,0.09012499999999997,0.057499999999999996,0.0016249999999999876
2,1,0,LogReg,7,X2,0.14875,0.85125,0.9072486360093532,0.13037499999999994,0.06549999999999995,0.00187499999999996
2,1,0,SVC,7,W1,0.1975,0.79625,0.8821402747650036,0.027750000000000018,0.034625,-0.001749999999999996
2,1,0,SVC,7,W2,0.1999999999999999,0.79625,0.8816267247639796,0.031000000000000017,0.033000000000000015,-0.0036249999999999893
2,1,0,SVC,7,X1,0.1775,0.81625,0.8911917098445595,0.06375000000000004,0.04075000000000003,-0.002624999999999955
2,1,0,SVC,7,X2,0.155,0.83125,0.8962336664104535,0.09537500000000006,0.05012500000000005,-0.0037499999999999535
2,1,0,RF-C,7,W1,0.2025,0.7975,0.8836206896551724,0.02174999999999998,0.026125,0.0008749999999999814
2,1,0,RF-C,7,W2,0.1949999999999999,0.805,0.8841010401188707,0.04450000000000005,0.04950000000000006,0.004750000000000043
2,1,0,RF-C,7,X1,0.1725,0.8275,0.8968609865470852,0.07887500000000001,0.06050000000000001,0.0067500000000000225
2,1,0,RF-C,7,X2,0.155,0.845,0.9035769828926904,0.12149999999999997,0.06174999999999997,0.010999999999999965
2,1,0,XGBoost-C,7,W1,0.1999999999999999,0.765,0.8558282208588958,0.04475000000000001,0.04212499999999999,0.002375000000000016
2,1,0,XGBoost-C,7,W2,0.1887499999999999,0.78,0.8637770897832817,0.04925000000000003,0.04850000000000004,0.012375000000000035
2,1,0,XGBoost-C,7,X1,0.1737499999999999,0.8,0.8769230769230769,0.08575000000000003,0.04625000000000003,0.0005000000000000449
2,1,0,XGBoost-C,7,X2,0.15,0.8225,0.8878357030015798,0.12275,0.05437500000000001,0.004875000000000007
2,1,0,MLP-C,7,W1,0.1949999999999999,0.805,0.8847858197932054,0.04600000000000004,0.06175000000000004,0.003000000000000058
2,1,0,MLP-C,7,W2,0.1787499999999999,0.82125,0.8910891089108911,0.06725000000000003,0.06800000000000003,0.006625000000000036
2,1,0,MLP-C,7,X1,0.17625,0.82375,0.8929384965831435,0.09162499999999998,0.05862499999999997,0.0021249999999999993
2,1,0,MLP-C,7,X2,0.14875,0.85125,0.9072486360093532,0.1307499999999999,0.06524999999999995,0.00187499999999996
2,1,0,LogReg,8,W1,0.24875,0.75125,0.8268059181897301,0.06362499999999997,0.10824999999999996,0.002124999999999966
2,1,0,LogReg,8,W2,0.2887499999999999,0.71125,0.7878787878787878,0.06837500000000006,0.09300000000000005,0.0011250000000000537
2,1,0,LogReg,8,X1,0.19125,0.80875,0.863514719,0.15999999999999998,0.10574999999999997,0.0004999999999999672
2,1,0,LogReg,8,X2,0.21625,0.78375,0.8344497607655502,0.17137499999999994,0.08524999999999994,0.0024999999999999467
2,1,0,SVC,8,W1,0.24875,0.74375,0.8258283772302464,0.05587500000000001,0.09987500000000002,-0.003874999999999973
2,1,0,SVC,8,W2,0.28625,0.70875,0.7872146118721461,0.06937499999999999,0.08912499999999998,0.0016249999999999986
2,1,0,SVC,8,X1,0.19125,0.80375,0.862882096,0.14924999999999997,0.09962499999999998,0.003874999999999962
2,1,0,SVC,8,X2,0.21625,0.77875,0.8302972195589645,0.16775000000000004,0.08250000000000005,0.0026250000000000552
2,1,0,RF-C,8,W1,0.24875,0.75125,0.8303495311167945,0.06087499999999997,0.10824999999999999,-0.002000000000000024
2,1,0,RF-C,8,W2,0.29125,0.70875,0.79435128,0.05462499999999998,0.08524999999999998,0.0004999999999999672
2,1,0,RF-C,8,X1,0.2049999999999999,0.795,0.8540925266903915,0.14512500000000003,0.09812500000000003,-0.0021249999999999546
2,1,0,RF-C,8,X2,0.2262499999999999,0.77375,0.8237585199610516,0.16975000000000007,0.08425000000000005,0.006875000000000053
2,1,0,XGBoost-C,8,W1,0.2425,0.69375,0.7810545129579982,0.04487499999999996,0.05824999999999999,-0.0061250000000000245
2,1,0,XGBoost-C,8,W2,0.28,0.6425,0.725527831,0.027124999999999955,0.041874999999999954,-0.011000000000000043
2,1,0,XGBoost-C,8,X1,0.1937499999999999,0.77375,0.8361990950226245,0.13250000000000003,0.08525000000000008,0.019000000000000038
2,1,0,XGBoost-C,8,X2,0.2149999999999999,0.7375,0.7957198443579766,0.13737500000000008,0.06875000000000005,-0.0071249999999999595
2,1,0,MLP-C,8,W1,0.245,0.755,0.8271604938271605,0.064625,0.12037499999999998,0.005500000000000005
2,1,0,MLP-C,8,W2,0.2887499999999999,0.71125,0.7878787878787878,0.06837500000000006,0.09300000000000005,0.0011250000000000537
2,1,0,MLP-C,8,X1,0.1925,0.8075,0.8610108303249098,0.16074999999999998,0.105375,-0.00012500000000000843
2,1,0,MLP-C,8,X2,0.21625,0.78375,0.8344497607655502,0.17799999999999994,0.07887499999999993,0.0
2,1,0,LogReg,9,W1,0.2025,0.7975,0.8427184466019417,0.23074999999999996,0.062125,0.004249999999999999
2,1,0,LogReg,9,W2,0.2425,0.7575,0.810546875,0.184,0.04212499999999995,0.003624999999999945
2,1,0,LogReg,9,X1,0.17625,0.82375,0.8613569321533924,0.25949999999999995,0.06137499999999999,0.00774999999999999
2,1,0,LogReg,9,X2,0.16625,0.83375,0.8699902248289345,0.26637500000000003,0.05137499999999999,0.000374999999999992
2,1,0,SVC,9,W1,0.20375,0.79625,0.8434197886647454,0.22750000000000004,0.05475000000000001,0.004625000000000013
2,1,0,SVC,9,W2,0.2425,0.75375,0.8092933204259438,0.17675000000000005,0.03662500000000003,0.0007500000000000174
2,1,0,SVC,9,X1,0.18,0.81375,0.8551992225461613,0.2435,0.049249999999999974,-0.004750000000000009
2,1,0,SVC,9,X2,0.1637499999999999,0.835,0.8718446601941747,0.2643749999999999,0.053249999999999964,-0.0025000000000000465
2,1,0,RF-C,9,W1,0.2049999999999999,0.795,0.8376237623762376,0.23150000000000004,0.06475000000000004,0.007375000000000053
2,1,0,RF-C,9,W2,0.2425,0.7575,0.8180112570356473,0.18262499999999993,0.04249999999999994,0.005374999999999974
2,1,0,RF-C,9,X1,0.1875,0.8125,0.8523622047244095,0.24912499999999999,0.040374999999999994,-0.0010000000000000009
2,1,0,RF-C,9,X2,0.16625,0.83375,0.8694798822374877,0.266625,0.05499999999999999,0.011999999999999988
2,1,0,XGBoost-C,9,W1,0.20625,0.75625,0.8063555114200596,0.18737499999999999,0.04474999999999997,-0.002375000000000038
2,1,0,XGBoost-C,9,W2,0.2412499999999999,0.73125,0.7902439024390244,0.15599999999999997,0.04062499999999995,0.0006249999999999534
2,1,0,XGBoost-C,9,X1,0.1787499999999999,0.79625,0.8384539147670962,0.230625,0.04900000000000001,0.0008750000000000147
2,1,0,XGBoost-C,9,X2,0.17,0.8175,0.8565815324165029,0.2555,0.051125,0.0026250000000000106
2,1,0,MLP-C,9,W1,0.20125,0.79875,0.8407517309594461,0.23899999999999996,0.06899999999999995,-0.0005000000000000449
2,1,0,MLP-C,9,W2,0.2412499999999999,0.75875,0.8117073170731708,0.18200000000000005,0.044500000000000026,0.0035000000000000473
2,1,0,MLP-C,9,X1,0.1787499999999999,0.82125,0.8577114427860697,0.25900000000000006,0.06212500000000004,0.0006250000000000422
2,1,0,MLP-C,9,X2,0.165,0.835,0.8713450292397661,0.268375,0.04674999999999997,0.00024999999999996135
2,1,0,LogReg,10,W1,0.235,0.765,0.81640625,0.17887499999999998,0.05250000000000001,0.0
2,1,0,LogReg,10,W2,0.2412499999999999,0.75875,0.8040609137055837,0.18250000000000002,0.07262500000000004,0.0017500000000000514
2,1,0,LogReg,10,X1,0.1999999999999999,0.8,0.8343685300207039,0.23100000000000004,0.05962500000000005,0.0006250000000000311
2,1,0,LogReg,10,X2,0.1737499999999999,0.82625,0.8503767491926802,0.2760000000000001,0.07237500000000004,0.00187500000000006
2,1,0,SVC,10,W1,0.24375,0.75,0.8091603053435115,0.17512500000000003,0.034875,-0.009250000000000013
2,1,0,SVC,10,W2,0.25625,0.7525,0.8099808061420346,0.18399999999999994,0.055124999999999945,0.0019999999999999575
2,1,0,SVC,10,X1,0.20125,0.79125,0.8331668331668332,0.218625,0.05550000000000003,-0.0027499999999999747
2,1,0,SVC,10,X2,0.1775,0.81,0.8410041841004184,0.25312500000000004,0.05575000000000006,-0.004624999999999935
2,1,0,RF-C,10,W1,0.2425,0.7575,0.810546875,0.18124999999999997,0.04899999999999997,0.0008749999999999591
2,1,0,RF-C,10,W2,0.24875,0.75125,0.8011988011988012,0.17449999999999996,0.06524999999999997,-0.006500000000000017
2,1,0,RF-C,10,X1,0.20375,0.79625,0.8348530901722391,0.232125,0.058374999999999996,0.007500000000000007
2,1,0,RF-C,10,X2,0.17625,0.82375,0.8469055374592834,0.27375,0.07299999999999998,0.002749999999999997
2,1,0,XGBoost-C,10,W1,0.235,0.73875,0.7838676318510859,0.15550000000000003,0.055500000000000015,-0.0014999999999999792
2,1,0,XGBoost-C,10,W2,0.2425,0.71125,0.7539936102236422,0.15562500000000007,0.06612500000000004,0.0008750000000000369
2,1,0,XGBoost-C,10,X1,0.1999999999999999,0.77375,0.808870116,0.20762500000000003,0.05650000000000005,-0.0031249999999999555
2,1,0,XGBoost-C,10,X2,0.175,0.81125,0.8378088077336198,0.262375,0.07362500000000002,0.009875000000000023
2,1,0,MLP-C,10,W1,0.2362499999999999,0.76375,0.8141592920353983,0.17975000000000002,0.053625000000000034,0.0011250000000000537
2,1,0,MLP-C,10,W2,0.23375,0.76625,0.8058151609553479,0.18524999999999997,0.086,0.0030000000000000027
2,1,0,MLP-C,10,X1,0.1975,0.8025,0.8357588357588358,0.23212499999999997,0.06349999999999999,0.0047499999999999765
2,1,0,MLP-C,10,X2,0.1725,0.8275,0.8509719222462203,0.27675,0.07350000000000002,0.0022500000000000076
2,1,1,LogReg,1,W1,0.20375,0.79625,0.8431183830606352,0.039500000000000014,0.22825000000000006,0.004500000000000004
2,1,1,LogReg,1,W2,0.19125,0.80875,0.8504398826979472,0.08812499999999998,0.22674999999999995,0.005999999999999961
2,1,1,LogReg,1,X1,0.1837499999999999,0.81625,0.8563049853372434,0.07137500000000004,0.23862500000000003,-0.003249999999999953
2,1,1,LogReg,1,X2,0.16625,0.83375,0.8697355533790402,0.12437499999999999,0.225,0.003874999999999995
2,1,1,SVC,1,W1,0.2049999999999999,0.78875,0.8382775119617225,0.03149999999999995,0.21899999999999994,-0.003750000000000031
2,1,1,SVC,1,W2,0.1937499999999999,0.80375,0.8471275559883155,0.08937499999999995,0.21487499999999998,0.0031249999999999555
2,1,1,SVC,1,X1,0.18125,0.8125,0.8549323017408124,0.06375,0.23475000000000001,-0.0046250000000000015
2,1,1,SVC,1,X2,0.1674999999999999,0.81875,0.8596321393998064,0.10574999999999998,0.20812499999999998,-0.00687500000000002
2,1,1,RF-C,1,W1,0.20375,0.79625,0.8406647116324536,0.03137500000000002,0.23562500000000003,-0.0033749999999999835
2,1,1,RF-C,1,W2,0.20375,0.79625,0.8390918065153011,0.08375000000000002,0.21675000000000005,0.0032500000000000194
2,1,1,RF-C,1,X1,0.1925,0.8075,0.8501945525291829,0.053500000000000006,0.2365,-0.0026250000000000106
2,1,1,RF-C,1,X2,0.17125,0.82875,0.8663414634146341,0.11512499999999996,0.224125,0.002874999999999972
2,1,1,XGBoost-C,1,W1,0.20125,0.76625,0.8135593220338984,0.03324999999999999,0.199625,-0.007125000000000015
2,1,1,XGBoost-C,1,W2,0.1987499999999999,0.7625,0.8111332007952287,0.06662499999999995,0.20237499999999992,0.00749999999999994
2,1,1,XGBoost-C,1,X1,0.18125,0.775,0.8221343873517787,0.051000000000000024,0.20412500000000003,-0.012124999999999964
2,1,1,XGBoost-C,1,X2,0.17,0.79375,0.8383937316356513,0.10949999999999997,0.18899999999999992,0.0007499999999999507
2,1,1,MLP-C,1,W1,0.2025,0.7975,0.8439306358381503,0.040625,0.22949999999999998,0.004499999999999993
2,1,1,MLP-C,1,W2,0.19125,0.80875,0.8513119533527697,0.08624999999999997,0.22412499999999996,0.005999999999999983
2,1,1,MLP-C,1,X1,0.175,0.825,0.862475442,0.07674999999999996,0.250875,0.006124999999999969
2,1,1,MLP-C,1,X2,0.1674999999999999,0.8325,0.8681102362204725,0.12200000000000004,0.22549999999999998,0.0012500000000000289
2,1,1,LogReg,2,W1,0.2462499999999999,0.75375,0.7623642943305187,0.0050000000000000044,0.24837500000000007,0.0035000000000000473
2,1,1,LogReg,2,W2,0.22375,0.77625,0.7901524032825322,0.012000000000000021,0.257125,0.0009999999999999788
2,1,1,LogReg,2,X1,0.22875,0.77125,0.7776427703523694,0.03262499999999998,0.255125,0.0016249999999999765
2,1,1,LogReg,2,X2,0.2099999999999999,0.79,0.8060046189376443,0.05137500000000004,0.23475000000000001,0.0005000000000000337
2,1,1,SVC,2,W1,0.24375,0.75375,0.758873929,0.00850000000000003,0.25012500000000004,0.00587500000000003
2,1,1,SVC,2,W2,0.22375,0.76875,0.7856315179606026,0.008000000000000052,0.24912499999999999,-0.00124999999999994
2,1,1,SVC,2,X1,0.2299999999999999,0.7675,0.7737226277372263,0.03099999999999996,0.254125,-0.0025000000000000465
2,1,1,SVC,2,X2,0.2099999999999999,0.79,0.8046511627906977,0.05362500000000002,0.23700000000000004,-0.00024999999999995024
2,1,1,RF-C,2,W1,0.245,0.755,0.763855422,0.007250000000000001,0.250625,0.006374999999999997
2,1,1,RF-C,2,W2,0.21625,0.78375,0.8009205983889528,0.008749999999999935,0.2704999999999999,0.00012499999999996403
2,1,1,RF-C,2,X1,0.2362499999999999,0.76375,0.7709090909090909,0.027250000000000017,0.24937500000000004,-0.0012499999999999623
2,1,1,RF-C,2,X2,0.1949999999999999,0.805,0.8186046511627907,0.046250000000000055,0.268625,0.006125000000000047
2,1,1,XGBoost-C,2,W1,0.24375,0.705,0.7121951219512195,0.0031249999999999668,0.20549999999999996,-0.022250000000000027
2,1,1,XGBoost-C,2,W2,0.2175,0.72,0.7345971563981043,-0.0008750000000000036,0.207125,-0.019125000000000024
2,1,1,XGBoost-C,2,X1,0.2225,0.7375,0.7426470588235294,0.030750000000000034,0.21962500000000001,-0.006624999999999959
2,1,1,XGBoost-C,2,X2,0.1987499999999999,0.7725,0.7893518518518519,0.05912499999999996,0.224125,-0.0017500000000000293
2,1,1,MLP-C,2,W1,0.245,0.755,0.7627118644067796,0.006500000000000006,0.24899999999999997,0.007500000000000007
2,1,1,MLP-C,2,W2,0.2212499999999999,0.77875,0.7967853042479908,0.011375000000000034,0.26175000000000004,-0.001124999999999976
2,1,1,MLP-C,2,X1,0.21875,0.78125,0.7899159663865546,0.044625000000000005,0.263625,0.009375
2,1,1,MLP-C,2,X2,0.2025,0.7975,0.8183856502242153,0.05524999999999999,0.24162499999999998,-0.0010000000000000343
2,1,1,LogReg,3,W1,0.1674999999999999,0.8325,0.8912337662337663,0.021375000000000033,0.180125,0.004749999999999999
2,1,1,LogReg,3,W2,0.1887499999999999,0.81125,0.8725738396624473,0.016000000000000035,0.187375,0.0018750000000000155
2,1,1,LogReg,3,X1,0.1587499999999999,0.84125,0.8984812150279776,0.03700000000000007,0.16837500000000008,0.0031250000000000444
2,1,1,LogReg,3,X2,0.1474999999999999,0.8525,0.901006711,0.07625000000000005,0.20962500000000003,0.004250000000000054
2,1,1,SVC,3,W1,0.1725,0.81375,0.8812749003984064,0.010874999999999978,0.14962499999999995,-0.003875000000000006
2,1,1,SVC,3,W2,0.19125,0.8,0.8682042833607908,0.006250000000000045,0.16350000000000003,-0.004249999999999976
2,1,1,SVC,3,X1,0.16125,0.83375,0.8933440256615878,0.03424999999999999,0.163375,-0.0007500000000000062
2,1,1,SVC,3,X2,0.15,0.8475,0.8981636060100167,0.06425000000000004,0.202625,0.0015000000000000458
2,1,1,RF-C,3,W1,0.16625,0.83375,0.8912510220768601,0.03187499999999999,0.1885,0.0026249999999999885
2,1,1,RF-C,3,W2,0.1887499999999999,0.81125,0.8738512949039264,0.012000000000000021,0.192,0.0017500000000000072
2,1,1,RF-C,3,X1,0.1624999999999999,0.8375,0.8951612903225806,0.03425000000000002,0.16950000000000004,-0.0017499999999999738
2,1,1,RF-C,3,X2,0.1637499999999999,0.83625,0.8890770533446232,0.05900000000000004,0.20237500000000005,0.0015000000000000458
2,1,1,XGBoost-C,3,W1,0.17,0.79875,0.8668320926385442,0.02999999999999997,0.16262499999999996,-0.005250000000000055
2,1,1,XGBoost-C,3,W2,0.18625,0.78875,0.855924979,0.017874999999999974,0.18149999999999994,0.008999999999999963
2,1,1,XGBoost-C,3,X1,0.15625,0.80625,0.8705096073517126,0.03500000000000002,0.14925000000000002,-0.005624999999999991
2,1,1,XGBoost-C,3,X2,0.1587499999999999,0.81,0.8705281090289608,0.05000000000000006,0.17837500000000003,0.002000000000000046
2,1,1,MLP-C,3,W1,0.1674999999999999,0.8325,0.8912337662337663,0.023250000000000028,0.18112500000000004,0.005250000000000021
2,1,1,MLP-C,3,W2,0.1837499999999999,0.81625,0.8753180661577609,0.020000000000000018,0.19962500000000002,0.007625000000000037
2,1,1,MLP-C,3,X1,0.1587499999999999,0.84125,0.8966639544344996,0.036375000000000046,0.18150000000000008,0.0031250000000000557
2,1,1,MLP-C,3,X2,0.14875,0.85125,0.899067006,0.07474999999999994,0.21099999999999994,0.005374999999999963
2,1,1,LogReg,4,W1,0.2212499999999999,0.77875,0.8221105527638191,0.05675000000000002,0.22262500000000002,0.0007500000000000506
2,1,1,LogReg,4,W2,0.235,0.765,0.8206106870229007,0.03825000000000003,0.18550000000000003,0.004125000000000012
2,1,1,LogReg,4,X1,0.2099999999999999,0.79,0.8309859154929577,0.07212500000000004,0.22175000000000003,0.0015000000000000568
2,1,1,LogReg,4,X2,0.2299999999999999,0.77,0.8203125,0.06100000000000001,0.18024999999999997,0.001000000000000012
2,1,1,SVC,4,W1,0.21375,0.775,0.8192771084337349,0.052750000000000005,0.21850000000000006,-0.007624999999999993
2,1,1,SVC,4,W2,0.24375,0.75375,0.8122020972354623,0.02987500000000004,0.174375,-0.005374999999999963
2,1,1,SVC,4,X1,0.21125,0.78375,0.8264794383149449,0.06637499999999995,0.21562499999999996,-0.003250000000000042
2,1,1,SVC,4,X2,0.2225,0.77125,0.8248803827751197,0.05674999999999999,0.17737499999999998,0.0006249999999999867
2,1,1,RF-C,4,W1,0.22875,0.77125,0.812691914,0.04762499999999999,0.22399999999999998,0.004624999999999979
2,1,1,RF-C,4,W2,0.2325,0.7675,0.8194174757281554,0.039499999999999966,0.19537499999999997,0.01187499999999998
2,1,1,RF-C,4,X1,0.2175,0.7825,0.8228105906313645,0.05962499999999997,0.226375,0.00499999999999996
2,1,1,RF-C,4,X2,0.21625,0.78375,0.8318756073858115,0.07199999999999995,0.19487499999999996,0.01699999999999995
2,1,1,XGBoost-C,4,W1,0.22375,0.7325,0.7761506276150628,0.03325000000000004,0.185625,-0.006624999999999948
2,1,1,XGBoost-C,4,W2,0.2312499999999999,0.7425,0.7976424361493124,0.03700000000000005,0.17275000000000004,0.009750000000000047
2,1,1,XGBoost-C,4,X1,0.20875,0.7275,0.7733887733887734,0.033500000000000044,0.17,-0.01899999999999996
2,1,1,XGBoost-C,4,X2,0.22375,0.77,0.8181818181818182,0.06600000000000003,0.17750000000000005,0.017625000000000023
2,1,1,MLP-C,4,W1,0.21625,0.78375,0.8232890704800817,0.06312499999999995,0.23324999999999996,0.00024999999999996135
2,1,1,MLP-C,4,W2,0.235,0.765,0.8178294573643411,0.03837500000000001,0.19012500000000002,0.008000000000000018
2,1,1,MLP-C,4,X1,0.2175,0.7825,0.8224489795918367,0.06624999999999999,0.21799999999999997,0.001874999999999971
2,1,1,MLP-C,4,X2,0.22375,0.77625,0.8257059396299903,0.060875,0.18849999999999997,0.0046250000000000015
2,1,1,LogReg,5,W1,0.175,0.825,0.8325358851674641,0.03824999999999995,0.30624999999999997,-0.00012500000000004174
2,1,1,LogReg,5,W2,0.2299999999999999,0.77,0.7783132530120482,0.03024999999999999,0.25075000000000003,0.0025000000000000243
2,1,1,LogReg,5,X1,0.18125,0.81875,0.8284023668639053,0.041374999999999974,0.28812499999999996,0.0016249999999999986
2,1,1,LogReg,5,X2,0.1887499999999999,0.81125,0.8182912154031288,0.08962500000000002,0.2615,0.009250000000000036
2,1,1,SVC,5,W1,0.17625,0.81875,0.8284023668639053,0.03687499999999999,0.30062500000000003,-0.005250000000000032
2,1,1,SVC,5,W2,0.2312499999999999,0.76,0.7611940298507462,0.02450000000000001,0.242,-0.003874999999999995
2,1,1,SVC,5,X1,0.18125,0.82125,0.8311688311688312,0.04600000000000003,0.28775000000000006,0.005000000000000049
2,1,1,SVC,5,X2,0.1899999999999999,0.80625,0.8102815177478581,0.07887500000000003,0.25949999999999995,0.008625000000000016
2,1,1,RF-C,5,W1,0.17125,0.82875,0.8367103694874851,0.03424999999999999,0.313125,-0.00212500000000001
2,1,1,RF-C,5,W2,0.2325,0.7675,0.7731707317073171,0.01662499999999998,0.258375,0.0023749999999999605
2,1,1,RF-C,5,X1,0.1637499999999999,0.83625,0.8471411901983664,0.03775000000000004,0.3173750000000001,0.0017500000000000404
2,1,1,RF-C,5,X2,0.1987499999999999,0.80125,0.8034610630407911,0.057000000000000016,0.26987500000000003,0.004250000000000009
2,1,1,XGBoost-C,5,W1,0.1674999999999999,0.775,0.7804878048780488,0.028375000000000018,0.26200000000000007,-0.011624999999999974
2,1,1,XGBoost-C,5,W2,0.22875,0.74375,0.7472256473489519,0.02450000000000001,0.21575000000000003,0.0070000000000000175
2,1,1,XGBoost-C,5,X1,0.185,0.7875,0.7985781990521327,0.04124999999999999,0.25937499999999997,-0.00012500000000000843
2,1,1,XGBoost-C,5,X2,0.1925,0.75125,0.7576126674786845,0.05687499999999995,0.19537499999999994,-0.019250000000000045
2,1,1,MLP-C,5,W1,0.1725,0.8275,0.8353221957040573,0.039500000000000014,0.308,0.0018750000000000266
2,1,1,MLP-C,5,W2,0.2299999999999999,0.77,0.775609756,0.028375000000000004,0.25212500000000004,0.0017500000000000072
2,1,1,MLP-C,5,X1,0.17125,0.82875,0.8419838523644751,0.04787499999999998,0.29937499999999995,0.005374999999999986
2,1,1,MLP-C,5,X2,0.1887499999999999,0.81125,0.8182912154031288,0.08975000000000002,0.26125000000000004,0.00912500000000004
2,1,1,LogReg,6,W1,0.21625,0.78375,0.7856257744733581,0.04612499999999995,0.2433749999999999,0.002249999999999941
2,1,1,LogReg,6,W2,0.2212499999999999,0.77875,0.7833537331701347,0.05662500000000006,0.23800000000000004,0.00012500000000004174
2,1,1,LogReg,6,X1,0.19625,0.80375,0.8059332509270705,0.07212499999999998,0.25775,-0.0017500000000000514
2,1,1,LogReg,6,X2,0.17125,0.82875,0.8327228327228328,0.12424999999999997,0.26525,0.0023750000000000047
2,1,1,SVC,6,W1,0.2149999999999999,0.78,0.7816377171215881,0.05037500000000004,0.23762499999999998,-0.0017499999999999627
2,1,1,SVC,6,W2,0.1949999999999999,0.80125,0.8091236494597839,0.074875,0.259625,0.010375000000000023
2,1,1,SVC,6,X1,0.1949999999999999,0.805,0.8054862842892768,0.07375000000000005,0.2596250000000001,0.004625000000000057
2,1,1,SVC,6,X2,0.1725,0.81625,0.8218181818181818,0.10812500000000003,0.25450000000000006,-0.007624999999999949
2,1,1,RF-C,6,W1,0.2075,0.7925,0.7827225130890052,0.04212499999999999,0.264375,0.0028749999999999943
2,1,1,RF-C,6,W2,0.2149999999999999,0.785,0.7876543209876543,0.06037500000000005,0.24725000000000003,0.004375000000000029
2,1,1,RF-C,6,X1,0.1937499999999999,0.80625,0.8060075093867334,0.07000000000000003,0.262625,0.002750000000000019
2,1,1,RF-C,6,X2,0.185,0.815,0.8203883495145631,0.10024999999999995,0.255,-0.0005000000000000449
2,1,1,XGBoost-C,6,W1,0.2049999999999999,0.765,0.7707317073170732,0.039625000000000035,0.23174999999999998,0.013250000000000017
2,1,1,XGBoost-C,6,W2,0.20875,0.7525,0.7602905569007264,0.06849999999999996,0.21174999999999997,-0.007500000000000062
2,1,1,XGBoost-C,6,X1,0.1899999999999999,0.7875,0.7875,0.05987499999999999,0.24712499999999998,0.018874999999999965
2,1,1,XGBoost-C,6,X2,0.1825,0.78,0.784841076,0.09387500000000001,0.21887500000000001,-0.00974999999999997
2,1,1,MLP-C,6,W1,0.2075,0.7925,0.7855297157622739,0.051874999999999984,0.252125,0.0036250000000000006
2,1,1,MLP-C,6,W2,0.2099999999999999,0.79,0.7931034482758621,0.06562500000000003,0.248,0.005000000000000049
2,1,1,MLP-C,6,X1,0.1937499999999999,0.80625,0.7989623865110247,0.07312500000000005,0.26275,0.003125000000000011
2,1,1,MLP-C,6,X2,0.17,0.83,0.8333333333333334,0.12499999999999996,0.26549999999999996,0.005249999999999966
2,1,1,LogReg,7,W1,0.1474999999999999,0.8525,0.8942652329749103,0.14287500000000003,0.15662500000000007,0.0006250000000000422
2,1,1,LogReg,7,W2,0.1687499999999999,0.83125,0.8818897637795275,0.15587500000000004,0.12625000000000006,0.005500000000000038
2,1,1,LogReg,7,X1,0.1424999999999999,0.8575,0.8972972972972973,0.15250000000000002,0.15987500000000004,-0.0012499999999999623
2,1,1,LogReg,7,X2,0.155,0.845,0.8882882882882883,0.174,0.14325,0.002249999999999963
2,1,1,SVC,7,W1,0.14875,0.845,0.8900709219858156,0.1505,0.13662499999999994,-0.001625000000000021
2,1,1,SVC,7,W2,0.1687499999999999,0.825,0.875886525,0.15574999999999994,0.11499999999999996,-0.0035000000000000365
2,1,1,SVC,7,X1,0.14625,0.85,0.8932384341637011,0.14949999999999997,0.14262499999999995,-0.005625000000000014
2,1,1,SVC,7,X2,0.1524999999999999,0.845,0.8894830659536542,0.17412499999999997,0.13524999999999995,-0.0015000000000000347
2,1,1,RF-C,7,W1,0.13875,0.86125,0.9009812667261374,0.14699999999999994,0.164375,0.004624999999999968
2,1,1,RF-C,7,W2,0.16625,0.83375,0.8798554652213189,0.161625,0.138875,0.004374999999999995
2,1,1,RF-C,7,X1,0.14,0.86,0.8998211091234347,0.154,0.16525000000000004,0.004249999999999999
2,1,1,RF-C,7,X2,0.14875,0.85125,0.8919164396003633,0.17949999999999994,0.15337499999999998,0.01062499999999994
2,1,1,XGBoost-C,7,W1,0.1424999999999999,0.82625,0.8728270814272644,0.12887500000000002,0.14275000000000002,-0.007374999999999965
2,1,1,XGBoost-C,7,W2,0.15625,0.8325,0.8788426763110307,0.15662500000000001,0.14900000000000002,0.029000000000000015
2,1,1,XGBoost-C,7,X1,0.1362499999999999,0.83875,0.8821917808219178,0.13962500000000003,0.15412499999999998,-0.005625000000000002
2,1,1,XGBoost-C,7,X2,0.15,0.82875,0.8748858447488584,0.16449999999999998,0.1365,0.008124999999999993
2,1,1,MLP-C,7,W1,0.13875,0.86125,0.8997289972899729,0.14287499999999995,0.17637499999999995,0.0008749999999999481
2,1,1,MLP-C,7,W2,0.17125,0.82875,0.8766876687668766,0.14949999999999997,0.1425,0.0023749999999999826
2,1,1,MLP-C,7,X1,0.1424999999999999,0.8575,0.8972972972972973,0.15187500000000004,0.15912500000000004,-0.0009999999999999564
2,1,1,MLP-C,7,X2,0.15,0.85,0.8928571428571429,0.17549999999999996,0.14862499999999998,0.00612499999999998
2,1,1,LogReg,8,W1,0.2025,0.7975,0.8111888111888111,0.080875,0.24,0.0
2,1,1,LogReg,8,W2,0.2249999999999999,0.775,0.7892271662763466,0.08225000000000003,0.21625000000000005,0.00012500000000001955
2,1,1,LogReg,8,X1,0.185,0.815,0.8266978922716628,0.10724999999999996,0.24674999999999989,0.0009999999999999788
2,1,1,LogReg,8,X2,0.19625,0.80375,0.8150765606595995,0.11762499999999995,0.21949999999999995,0.005249999999999944
2,1,1,SVC,8,W1,0.2025,0.79375,0.8061104582843713,0.08274999999999995,0.234875,-0.004375000000000051
2,1,1,SVC,8,W2,0.2175,0.78,0.794392523,0.08900000000000002,0.21787500000000004,0.005750000000000022
2,1,1,SVC,8,X1,0.1825,0.81875,0.8279952550415184,0.11149999999999997,0.25312499999999993,0.006374999999999975
2,1,1,SVC,8,X2,0.1925,0.80125,0.8161849710982659,0.1135,0.21812499999999999,-0.0008749999999999924
2,1,1,RF-C,8,W1,0.2025,0.7975,0.8089622641509434,0.07662499999999998,0.24437499999999995,0.0006249999999999867
2,1,1,RF-C,8,W2,0.2125,0.7875,0.8014018691588785,0.09012499999999998,0.23337499999999994,0.016374999999999973
2,1,1,RF-C,8,X1,0.1875,0.8125,0.8222748815165877,0.091125,0.25762499999999994,0.0029999999999999805
2,1,1,RF-C,8,X2,0.1925,0.8075,0.8200934579439252,0.11462499999999998,0.22325,0.008625000000000004
2,1,1,XGBoost-C,8,W1,0.2049999999999999,0.76875,0.782608696,0.06987500000000005,0.20862500000000006,0.0032500000000000306
2,1,1,XGBoost-C,8,W2,0.2212499999999999,0.7475,0.7629107981220657,0.06012500000000006,0.19087500000000004,-0.005249999999999944
2,1,1,XGBoost-C,8,X1,0.19125,0.77375,0.7837514934289128,0.08850000000000004,0.20250000000000004,-0.005249999999999944
2,1,1,XGBoost-C,8,X2,0.1837499999999999,0.78125,0.7962747380675204,0.09687500000000002,0.197125,-0.005374999999999986
2,1,1,MLP-C,8,W1,0.1999999999999999,0.8,0.8104265402843602,0.08600000000000005,0.241875,0.0
2,1,1,MLP-C,8,W2,0.2212499999999999,0.77875,0.7920094007050529,0.08412500000000005,0.22175000000000006,0.0030000000000000248
2,1,1,MLP-C,8,X1,0.1837499999999999,0.81625,0.8243727598566308,0.10987500000000001,0.2500000000000001,0.0017500000000000293
2,1,1,MLP-C,8,X2,0.1949999999999999,0.805,0.8186046511627907,0.11650000000000005,0.21800000000000005,0.0063750000000000525
2,1,1,LogReg,9,W1,0.1887499999999999,0.81125,0.8512315270935961,0.05862500000000002,0.25112500000000004,0.004000000000000026
2,1,1,LogReg,9,W2,0.20125,0.79875,0.8375378405650857,0.055624999999999945,0.24562499999999998,0.0031249999999999555
2,1,1,LogReg,9,X1,0.1887499999999999,0.81125,0.8485456369107321,0.07112500000000002,0.246375,0.0011250000000000092
2,1,1,LogReg,9,X2,0.185,0.815,0.8522954091816367,0.09249999999999994,0.23249999999999993,0.0004999999999999894
2,1,1,SVC,9,W1,0.1899999999999999,0.80375,0.8453201970443349,0.054749999999999965,0.24224999999999994,-0.004750000000000065
2,1,1,SVC,9,W2,0.20375,0.7875,0.831013917,0.046499999999999986,0.2345,-0.00062500000000002
2,1,1,SVC,9,X1,0.185,0.8075,0.8475247524752475,0.06587499999999999,0.23925000000000002,-0.0006249999999999977
2,1,1,SVC,9,X2,0.18,0.815,0.852589641,0.09687499999999996,0.23112499999999997,0.0034999999999999476
2,1,1,RF-C,9,W1,0.1975,0.8025,0.842,0.04699999999999997,0.24937499999999996,-0.005000000000000016
2,1,1,RF-C,9,W2,0.2049999999999999,0.795,0.8329938900203666,0.048750000000000036,0.2525,0.0022500000000000298
2,1,1,RF-C,9,X1,0.18625,0.81375,0.8514456630109671,0.06449999999999997,0.24349999999999997,0.00862499999999996
2,1,1,RF-C,9,X2,0.17625,0.82375,0.8594217347956131,0.10462499999999997,0.24574999999999997,0.011250000000000005
2,1,1,XGBoost-C,9,W1,0.1887499999999999,0.77625,0.8179043743641913,0.03737499999999999,0.22112499999999996,0.0021249999999999993
2,1,1,XGBoost-C,9,W2,0.1987499999999999,0.75125,0.8008008008008008,0.03262499999999998,0.20787499999999998,-0.0028750000000000277
2,1,1,XGBoost-C,9,X1,0.18625,0.79125,0.8311425682507584,0.057000000000000016,0.22824999999999998,0.009124999999999994
2,1,1,XGBoost-C,9,X2,0.1737499999999999,0.80375,0.8425275827482447,0.09662499999999997,0.23062499999999994,0.014624999999999977
2,1,1,MLP-C,9,W1,0.185,0.815,0.8514056224899599,0.06549999999999993,0.25825,-0.002250000000000052
2,1,1,MLP-C,9,W2,0.1987499999999999,0.80125,0.8385786802030457,0.057500000000000016,0.250875,0.0002499999999999947
2,1,1,MLP-C,9,X1,0.185,0.815,0.8492871690427699,0.07387499999999995,0.25162499999999993,0.010499999999999931
2,1,1,MLP-C,9,X2,0.17625,0.82375,0.8597014925373134,0.10787499999999998,0.23837499999999995,0.009624999999999995
2,1,1,LogReg,10,W1,0.1925,0.8075,0.8504854368932039,0.104625,0.21237500000000004,0.0029999999999999805
2,1,1,LogReg,10,W2,0.1999999999999999,0.8,0.8406374501992032,0.08000000000000004,0.21637500000000004,0.002625000000000044
2,1,1,LogReg,10,X1,0.1925,0.8075,0.8487229862475442,0.11474999999999999,0.20299999999999999,0.0021249999999999767
2,1,1,LogReg,10,X2,0.1787499999999999,0.82125,0.8557013118062563,0.11450000000000002,0.21212500000000004,0.006000000000000038
2,1,1,SVC,10,W1,0.1949999999999999,0.79125,0.8380213385063046,0.08187500000000002,0.20425,-0.002749999999999986
2,1,1,SVC,10,W2,0.1999999999999999,0.7975,0.8402366863905325,0.07737499999999997,0.21087499999999998,0.0029999999999999914
2,1,1,SVC,10,X1,0.19625,0.79625,0.8415937803692906,0.09725000000000002,0.19400000000000003,-0.00412499999999999
2,1,1,SVC,10,X2,0.18,0.81,0.849802372,0.10587500000000008,0.19612500000000005,0.001875000000000049
2,1,1,RF-C,10,W1,0.2149999999999999,0.785,0.8317025440313112,0.07475000000000001,0.208875,0.009750000000000026
2,1,1,RF-C,10,W2,0.1987499999999999,0.80125,0.843040474,0.08262500000000002,0.22037500000000004,0.013375000000000026
2,1,1,RF-C,10,X1,0.2049999999999999,0.795,0.8407766990291262,0.09800000000000003,0.20025000000000004,-0.0023749999999999384
2,1,1,RF-C,10,X2,0.18625,0.81375,0.8508508508508509,0.11399999999999996,0.20224999999999999,0.0038749999999999505
2,1,1,XGBoost-C,10,W1,0.2075,0.745,0.7964071856287425,0.054125,0.169125,-0.008875000000000022
2,1,1,XGBoost-C,10,W2,0.20125,0.74375,0.7918781725888325,0.05337500000000002,0.16187500000000005,-0.02224999999999997
2,1,1,XGBoost-C,10,X1,0.19625,0.75875,0.8071928071928072,0.08275000000000003,0.16687500000000005,-0.00924999999999998
2,1,1,XGBoost-C,10,X2,0.185,0.79625,0.8371628371628371,0.10625,0.19075000000000003,0.006375000000000031
2,1,1,MLP-C,10,W1,0.1925,0.8075,0.8507751937984496,0.10037500000000002,0.21275,0.002249999999999963
2,1,1,MLP-C,10,W2,0.19625,0.80375,0.8437810945273632,0.08499999999999996,0.22124999999999995,0.006749999999999956
2,1,1,MLP-C,10,X1,0.1925,0.8075,0.8481262327416174,0.11674999999999999,0.20274999999999999,0.0033749999999999835
2,1,1,MLP-C,10,X2,0.1787499999999999,0.82125,0.8557013118062563,0.11562500000000002,0.21100000000000002,0.00650000000000005
2,1,2,LogReg,1,W1,0.1975,0.8025,0.8432539682539683,0.125,0.18024999999999997,0.006624999999999992
2,1,2,LogReg,1,W2,0.2299999999999999,0.77,0.8206627680311891,0.107125,0.134,0.003874999999999995
2,1,2,LogReg,1,X1,0.165,0.835,0.8700787401574803,0.16262499999999996,0.184,0.002374999999999949
2,1,2,LogReg,1,X2,0.14125,0.85875,0.888007929,0.21537500000000004,0.1625,-0.0021249999999999767
2,1,2,SVC,1,W1,0.1925,0.80625,0.848780488,0.12775000000000003,0.1805,0.008875000000000022
2,1,2,SVC,1,W2,0.2362499999999999,0.755,0.8067061143984221,0.110125,0.12062499999999998,-0.0016249999999999876
2,1,2,SVC,1,X1,0.16,0.83875,0.8743914313534566,0.16975,0.185,0.005249999999999988
2,1,2,SVC,1,X2,0.14125,0.855,0.8844621513944223,0.21762499999999996,0.160875,-0.00012500000000001955
2,1,2,RF-C,1,W1,0.1975,0.8025,0.8486590038314177,0.1145,0.18162499999999998,0.004874999999999974
2,1,2,RF-C,1,W2,0.23875,0.76125,0.81107814,0.09999999999999998,0.14024999999999999,0.001374999999999993
2,1,2,RF-C,1,X1,0.16125,0.83875,0.875842156,0.16425,0.17937499999999998,0.003499999999999981
2,1,2,RF-C,1,X2,0.145,0.855,0.8825910931174089,0.21787499999999996,0.16812499999999997,0.005874999999999986
2,1,2,XGBoost-C,1,W1,0.19625,0.77875,0.8238805970149253,0.11850000000000005,0.16725000000000007,0.0028750000000000607
2,1,2,XGBoost-C,1,W2,0.22375,0.74375,0.7976307996051333,0.09437500000000003,0.12762500000000004,-0.0027499999999999634
2,1,2,XGBoost-C,1,X1,0.1587499999999999,0.825,0.8622047244094488,0.15787499999999993,0.17912499999999998,0.004624999999999957
2,1,2,XGBoost-C,1,X2,0.14375,0.82875,0.8606307222787386,0.19524999999999998,0.14962499999999998,-0.0032500000000000085
2,1,2,MLP-C,1,W1,0.19625,0.80375,0.8453201970443349,0.12374999999999994,0.18312499999999995,0.006749999999999956
2,1,2,MLP-C,1,W2,0.23375,0.76625,0.8150346191889218,0.10799999999999998,0.13424999999999998,0.004999999999999993
2,1,2,MLP-C,1,X1,0.1637499999999999,0.83625,0.8704253214638972,0.16650000000000004,0.185625,0.002625000000000044
2,1,2,MLP-C,1,X2,0.13875,0.86125,0.8875379939209727,0.22387499999999996,0.16849999999999996,0.0064999999999999615
2,1,2,LogReg,2,W1,0.1875,0.8125,0.8636363636363636,0.11850000000000001,0.157875,-0.00012500000000000843
2,1,2,LogReg,2,W2,0.18625,0.81375,0.8661275831087152,0.10399999999999995,0.15412499999999998,0.008374999999999966
2,1,2,LogReg,2,X1,0.15125,0.84875,0.8900999091734787,0.1675,0.16525000000000004,0.003875000000000006
2,1,2,LogReg,2,X2,0.13,0.87,0.9045871559633027,0.181375,0.16875,0.004874999999999985
2,1,2,SVC,2,W1,0.1875,0.8075,0.8622540250447227,0.117875,0.1465,-0.0003750000000000031
2,1,2,SVC,2,W2,0.1837499999999999,0.815,0.8680926916221033,0.10924999999999993,0.15024999999999994,0.009124999999999949
2,1,2,SVC,2,X1,0.1524999999999999,0.83875,0.8840970350404312,0.15662499999999996,0.15075,0.002374999999999994
2,1,2,SVC,2,X2,0.13,0.86625,0.9035166816952208,0.18012499999999995,0.16662499999999997,0.007499999999999974
2,1,2,RF-C,2,W1,0.1875,0.8125,0.861878453,0.1285,0.15575,0.005625000000000002
2,1,2,RF-C,2,W2,0.1949999999999999,0.805,0.8602150537634409,0.09500000000000006,0.15037500000000006,0.0040000000000000365
2,1,2,RF-C,2,X1,0.16125,0.83875,0.8830462375339981,0.16399999999999998,0.151125,0.004874999999999985
2,1,2,RF-C,2,X2,0.13,0.87,0.9051094890510948,0.18087499999999998,0.17487499999999997,0.015125
2,1,2,XGBoost-C,2,W1,0.1875,0.78125,0.8407643312101911,0.10412499999999998,0.12587500000000001,0.00012499999999998623
2,1,2,XGBoost-C,2,W2,0.1875,0.77,0.8333333333333334,0.07825000000000001,0.12662500000000004,-0.006999999999999984
2,1,2,XGBoost-C,2,X1,0.1587499999999999,0.82125,0.8698817106460418,0.15700000000000003,0.14087500000000006,0.009125000000000027
2,1,2,XGBoost-C,2,X2,0.1312499999999999,0.8475,0.8878676470588235,0.15499999999999997,0.16025000000000006,0.009250000000000036
2,1,2,MLP-C,2,W1,0.185,0.815,0.8654545454545455,0.12074999999999995,0.16087499999999993,0.00024999999999995024
2,1,2,MLP-C,2,W2,0.1825,0.8175,0.8672727272727273,0.1095,0.16112500000000002,0.010499999999999999
2,1,2,MLP-C,2,X1,0.1524999999999999,0.8475,0.8882783882783882,0.16687500000000005,0.16500000000000004,0.0013750000000000372
2,1,2,MLP-C,2,X2,0.13,0.87,0.9044117647058824,0.184375,0.171125,0.006749999999999978
2,1,2,LogReg,3,W1,0.2249999999999999,0.775,0.8464163822525598,0.03300000000000001,0.13187500000000002,-0.0005000000000000004
2,1,2,LogReg,3,W2,0.21875,0.78125,0.8492678725236865,0.048375,0.148,0.0017499999999999738
2,1,2,LogReg,3,X1,0.1674999999999999,0.8325,0.8862478777589134,0.10275000000000001,0.15574999999999997,0.002000000000000024
2,1,2,LogReg,3,X2,0.14625,0.85375,0.8958147818343722,0.15975,0.15650000000000003,0.00062500000000002
2,1,2,SVC,3,W1,0.21625,0.77125,0.8455696202531645,0.025625,0.12374999999999999,-0.00025000000000001686
2,1,2,SVC,3,W2,0.2199999999999999,0.78,0.8503401360544217,0.049625000000000016,0.13887500000000003,0.003750000000000009
2,1,2,SVC,3,X1,0.16625,0.82375,0.8802039082412915,0.095875,0.14675,-0.005500000000000016
2,1,2,SVC,3,X2,0.14375,0.8525,0.8963093145869947,0.15837500000000004,0.14912500000000004,0.0013750000000000485
2,1,2,RF-C,3,W1,0.2212499999999999,0.77875,0.8511354079058032,0.028250000000000074,0.13962500000000005,0.0018750000000000377
2,1,2,RF-C,3,W2,0.2199999999999999,0.78,0.8485370051635112,0.06825000000000003,0.154375,0.02112500000000004
2,1,2,RF-C,3,X1,0.1624999999999999,0.8375,0.889267462,0.11362500000000005,0.16387500000000005,0.0046250000000000015
2,1,2,RF-C,3,X2,0.15125,0.84875,0.8933920704845815,0.15125000000000002,0.14775000000000002,0.0033749999999999948
2,1,2,XGBoost-C,3,W1,0.21875,0.75125,0.8255915863277826,0.02799999999999997,0.119125,-0.01012500000000004
2,1,2,XGBoost-C,3,W2,0.2225,0.75125,0.8262008733624454,0.04937499999999998,0.12774999999999997,0.010499999999999964
2,1,2,XGBoost-C,3,X1,0.16125,0.81875,0.8735832606800349,0.1025,0.14887499999999998,0.0003749999999999809
2,1,2,XGBoost-C,3,X2,0.1587499999999999,0.82625,0.8746618575293057,0.13662500000000005,0.13625000000000004,0.011000000000000043
2,1,2,MLP-C,3,W1,0.21875,0.78125,0.8466257668711656,0.04612499999999999,0.15025,-0.0016249999999999986
2,1,2,MLP-C,3,W2,0.2175,0.7825,0.8507718696397941,0.04662499999999996,0.14774999999999996,0.0008749999999999814
2,1,2,MLP-C,3,X1,0.16125,0.83875,0.8855368234250222,0.12025000000000001,0.18050000000000002,0.0033749999999999835
2,1,2,MLP-C,3,X2,0.1424999999999999,0.8575,0.8982142857142857,0.16475000000000004,0.16087500000000005,0.0037500000000000424
2,1,2,LogReg,4,W1,0.17,0.83,0.8798586572438163,0.13599999999999998,0.132625,0.0049999999999999715
2,1,2,LogReg,4,W2,0.19125,0.80875,0.8630259623992838,0.14324999999999996,0.12899999999999995,0.00012499999999999735
2,1,2,LogReg,4,X1,0.1637499999999999,0.83625,0.8837622005323869,0.14962500000000006,0.13187500000000002,0.001875000000000049
2,1,2,LogReg,4,X2,0.15,0.85,0.8905109489051095,0.198625,0.14049999999999999,0.0008749999999999814
2,1,2,SVC,4,W1,0.1687499999999999,0.83125,0.8823016564952049,0.13287500000000002,0.12412500000000004,0.007375000000000053
2,1,2,SVC,4,W2,0.1975,0.79375,0.8543689320388349,0.13387499999999997,0.09612499999999997,0.0013749999999999596
2,1,2,SVC,4,X1,0.1687499999999999,0.82875,0.879295154,0.13574999999999998,0.12437499999999999,0.0011249999999999871
2,1,2,SVC,4,X2,0.15125,0.84875,0.8906955736224029,0.19725,0.13525,0.003875000000000006
2,1,2,RF-C,4,W1,0.18,0.82,0.8736842105263158,0.12262499999999994,0.12674999999999997,0.008749999999999947
2,1,2,RF-C,4,W2,0.1949999999999999,0.805,0.8619469026548673,0.13700000000000007,0.12250000000000005,0.0023750000000000494
2,1,2,RF-C,4,X1,0.16,0.84,0.8863232682060391,0.14787499999999992,0.14024999999999999,0.006374999999999987
2,1,2,RF-C,4,X2,0.1624999999999999,0.8375,0.8816029143897997,0.184625,0.12774999999999997,0.0038750000000000173
2,1,2,XGBoost-C,4,W1,0.17,0.8175,0.8717047451669596,0.1165,0.12237499999999998,0.025
2,1,2,XGBoost-C,4,W2,0.19125,0.7725,0.8351449275362319,0.10374999999999994,0.10537499999999995,-0.002375000000000038
2,1,2,XGBoost-C,4,X1,0.15625,0.82375,0.8739946380697051,0.13774999999999998,0.12199999999999997,0.0006249999999999867
2,1,2,XGBoost-C,4,X2,0.15625,0.835,0.8788990825688073,0.17612499999999995,0.12999999999999995,0.010499999999999954
2,1,2,MLP-C,4,W1,0.17,0.83,0.8798586572438163,0.13512499999999997,0.13249999999999998,0.004624999999999946
2,1,2,MLP-C,4,W2,0.19125,0.80875,0.8630259623992838,0.14399999999999996,0.12799999999999995,0.0008749999999999814
2,1,2,MLP-C,4,X1,0.1624999999999999,0.8375,0.8839285714285714,0.14612500000000003,0.13475,0.006250000000000011
2,1,2,MLP-C,4,X2,0.15125,0.84875,0.889295517,0.19824999999999998,0.138875,-0.0002499999999999836
2,1,2,LogReg,5,W1,0.20875,0.79125,0.8566523605150215,0.022875000000000024,0.1755,0.002000000000000024
2,1,2,LogReg,5,W2,0.235,0.765,0.8333333333333334,0.01575000000000003,0.177375,0.0007500000000000174
2,1,2,LogReg,5,X1,0.17,0.83,0.8819444444444444,0.08337499999999994,0.1855,0.0026249999999999663
2,1,2,LogReg,5,X2,0.175,0.825,0.8731884057971014,0.11962499999999995,0.16474999999999995,0.001499999999999968
2,1,2,SVC,5,W1,0.2149999999999999,0.7825,0.8502581755593803,0.016624999999999966,0.16549999999999995,-0.0012500000000000178
2,1,2,SVC,5,W2,0.23375,0.76125,0.8331877729257642,0.007874999999999998,0.16549999999999998,0.0006250000000000089
2,1,2,SVC,5,X1,0.1637499999999999,0.83375,0.8840453356582388,0.088125,0.18987499999999996,0.006374999999999997
2,1,2,SVC,5,X2,0.17125,0.8225,0.8729874776386404,0.115625,0.154125,0.0022500000000000076
2,1,2,RF-C,5,W1,0.21375,0.78625,0.8529664660361135,0.014000000000000002,0.175375,0.0019999999999999905
2,1,2,RF-C,5,W2,0.24,0.76,0.8254545454545454,0.017874999999999995,0.18125,0.0026250000000000327
2,1,2,RF-C,5,X1,0.1687499999999999,0.83125,0.8795718108831401,0.09737500000000003,0.19150000000000006,0.010625000000000061
2,1,2,RF-C,5,X2,0.1737499999999999,0.82625,0.8766637089618456,0.116125,0.15475000000000003,-0.00012499999999995292
2,1,2,XGBoost-C,5,W1,0.2125,0.74875,0.8213333333333334,0.010625000000000029,0.16150000000000003,-0.002499999999999991
2,1,2,XGBoost-C,5,W2,0.23875,0.7275,0.8018181818181818,0.013375000000000026,0.14875000000000002,0.0021250000000000322
2,1,2,XGBoost-C,5,X1,0.1737499999999999,0.80375,0.857660925,0.08062499999999997,0.17462499999999997,0.00449999999999996
2,1,2,XGBoost-C,5,X2,0.17125,0.795,0.8514492753623188,0.10500000000000002,0.14125000000000001,-0.003499999999999959
2,1,2,MLP-C,5,W1,0.20375,0.79625,0.8561341571050309,0.02512500000000002,0.199875,0.009625000000000017
2,1,2,MLP-C,5,W2,0.23375,0.76625,0.8334817453250223,0.01712499999999999,0.180125,0.0007499999999999729
2,1,2,MLP-C,5,X1,0.1687499999999999,0.83125,0.8837209302325582,0.08412500000000002,0.187375,0.0030000000000000248
2,1,2,MLP-C,5,X2,0.165,0.835,0.8804347826086957,0.13824999999999998,0.17924999999999996,0.021999999999999964
2,1,2,LogReg,6,W1,0.1987499999999999,0.80125,0.8526413345690455,0.06625000000000002,0.20437500000000003,-0.001375000000000015
2,1,2,LogReg,6,W2,0.2125,0.7875,0.8411214953271028,0.07787499999999997,0.18112499999999998,-0.0022499999999999964
2,1,2,LogReg,6,X1,0.1737499999999999,0.82625,0.8699719363891487,0.10250000000000004,0.20850000000000005,0.001625000000000032
2,1,2,LogReg,6,X2,0.1524999999999999,0.8475,0.884469697,0.16862500000000002,0.17975000000000002,0.0
2,1,2,SVC,6,W1,0.20125,0.78625,0.8441203281677302,0.05362500000000002,0.18225000000000002,-0.01037499999999999
2,1,2,SVC,6,W2,0.2149999999999999,0.7825,0.8409506398537477,0.07362499999999997,0.166875,-0.0025000000000000356
2,1,2,SVC,6,X1,0.175,0.82,0.8671586715867159,0.09524999999999997,0.19912499999999994,-0.0028750000000000277
2,1,2,SVC,6,X2,0.155,0.845,0.8823529411764706,0.16224999999999998,0.17924999999999996,0.0028749999999999943
2,1,2,RF-C,6,W1,0.1949999999999999,0.805,0.8599640933572711,0.05462500000000005,0.20612500000000006,0.0013750000000000485
2,1,2,RF-C,6,W2,0.21625,0.78375,0.8422971741112124,0.06749999999999994,0.17299999999999996,-0.0027500000000000523
2,1,2,RF-C,6,X1,0.175,0.825,0.8706099815157117,0.09074999999999994,0.21124999999999994,-0.004375000000000029
2,1,2,RF-C,6,X2,0.15375,0.84625,0.8825214899713467,0.16899999999999996,0.18262499999999993,0.007124999999999948
2,1,2,XGBoost-C,6,W1,0.1937499999999999,0.7625,0.822429907,0.04087499999999994,0.17262499999999997,-0.013000000000000057
2,1,2,XGBoost-C,6,W2,0.2125,0.72875,0.7966260543580131,0.060125000000000005,0.13187500000000002,-0.00762499999999997
2,1,2,XGBoost-C,6,X1,0.1674999999999999,0.79875,0.8499534016775396,0.08387499999999995,0.18787499999999996,-0.0013750000000000485
2,1,2,XGBoost-C,6,X2,0.15375,0.8225,0.8645038167938931,0.16062500000000002,0.16375,-0.0022499999999999742
2,1,2,MLP-C,6,W1,0.19625,0.80375,0.8506184586108468,0.07249999999999998,0.22162499999999996,-0.0027500000000000415
2,1,2,MLP-C,6,W2,0.21125,0.78875,0.8404154863078376,0.08162499999999996,0.18587499999999996,-0.0008750000000000479
2,1,2,MLP-C,6,X1,0.175,0.825,0.8694029850746269,0.09874999999999996,0.20875,-0.0010000000000000564
2,1,2,MLP-C,6,X2,0.145,0.855,0.8878143133462283,0.17649999999999996,0.18874999999999997,0.0016249999999999986
2,1,2,LogReg,7,W1,0.2125,0.7875,0.7745358090185677,0.19149999999999995,0.14562499999999998,0.004499999999999971
2,1,2,LogReg,7,W2,0.2225,0.7775,0.7639257294429708,0.14137499999999997,0.13674999999999998,0.002499999999999958
2,1,2,LogReg,7,X1,0.1687499999999999,0.83125,0.8244473342002601,0.23225000000000007,0.16500000000000004,0.00012500000000004174
2,1,2,LogReg,7,X2,0.16,0.84,0.8306878306878307,0.22837499999999994,0.14524999999999996,0.0008749999999999591
2,1,2,SVC,7,W1,0.21375,0.785,0.7675675675675676,0.19675000000000004,0.12925,0.0021250000000000214
2,1,2,SVC,7,W2,0.2249999999999999,0.77875,0.7604871447902571,0.16062500000000007,0.12887500000000007,-0.0037499999999999535
2,1,2,SVC,7,X1,0.1687499999999999,0.82375,0.8117489986648865,0.22599999999999998,0.15262499999999998,-0.0010000000000000009
2,1,2,SVC,7,X2,0.1637499999999999,0.8275,0.8188976377952756,0.21975000000000003,0.13000000000000003,0.002000000000000024
2,1,2,RF-C,7,W1,0.2249999999999999,0.775,0.7606382978723404,0.17550000000000004,0.13999999999999999,-0.004624999999999968
2,1,2,RF-C,7,W2,0.2175,0.7825,0.768,0.15524999999999997,0.14899999999999997,0.006124999999999969
2,1,2,RF-C,7,X1,0.175,0.825,0.8177083333333334,0.23262499999999994,0.15862499999999996,0.006999999999999951
2,1,2,RF-C,7,X2,0.1624999999999999,0.8375,0.8316062176165803,0.22875000000000006,0.14250000000000002,0.01100000000000002
2,1,2,XGBoost-C,7,W1,0.2099999999999999,0.7325,0.7213541666666666,0.14812500000000006,0.09937500000000005,-0.02949999999999995
2,1,2,XGBoost-C,7,W2,0.21625,0.74125,0.7221476510067114,0.12537499999999996,0.11449999999999998,-0.011625000000000042
2,1,2,XGBoost-C,7,X1,0.17125,0.80875,0.799475754,0.21462499999999998,0.15424999999999997,0.003749999999999987
2,1,2,XGBoost-C,7,X2,0.1674999999999999,0.7975,0.7885117493472585,0.19037500000000002,0.11349999999999998,-0.013000000000000012
2,1,2,MLP-C,7,W1,0.21625,0.78375,0.7714663143989432,0.18537499999999993,0.14874999999999994,-0.0003750000000000475
2,1,2,MLP-C,7,W2,0.2175,0.7825,0.7686170212765957,0.14412499999999995,0.14712499999999998,0.005874999999999964
2,1,2,MLP-C,7,X1,0.16625,0.83375,0.8292682926829268,0.23199999999999998,0.17287499999999997,0.004624999999999968
2,1,2,MLP-C,7,X2,0.16,0.84,0.8306878306878307,0.22824999999999998,0.14524999999999996,0.0006249999999999645
2,1,2,LogReg,8,W1,0.21125,0.78875,0.8301507537688442,0.08424999999999995,0.19124999999999992,0.0017499999999999517
2,1,2,LogReg,8,W2,0.21125,0.78875,0.8277268093781855,0.10999999999999995,0.19637499999999997,0.00012499999999997512
2,1,2,LogReg,8,X1,0.1637499999999999,0.83625,0.8659160696008188,0.14987500000000004,0.21562500000000004,0.0011250000000000426
2,1,2,LogReg,8,X2,0.15375,0.84625,0.8756319514661274,0.18387499999999993,0.20124999999999993,0.00337499999999995
2,1,2,SVC,8,W1,0.21625,0.77875,0.8221105527638191,0.07712500000000004,0.18375000000000008,0.0005000000000000449
2,1,2,SVC,8,W2,0.2149999999999999,0.7625,0.8118811881188119,0.10787499999999994,0.15199999999999994,-0.0033750000000000503
2,1,2,SVC,8,X1,0.1725,0.825,0.8556701030927835,0.13949999999999996,0.20499999999999993,-0.0027500000000000636
2,1,2,SVC,8,X2,0.16125,0.83375,0.8633093525179856,0.17487499999999997,0.19024999999999997,-0.0026250000000000106
2,1,2,RF-C,8,W1,0.20875,0.79125,0.8265835929387332,0.07900000000000001,0.20949999999999996,0.002875000000000005
2,1,2,RF-C,8,W2,0.21375,0.78625,0.827447023,0.11487499999999999,0.19037500000000002,0.015874999999999993
2,1,2,RF-C,8,X1,0.1737499999999999,0.82625,0.8538380651945321,0.13662500000000005,0.216875,0.0025000000000000356
2,1,2,RF-C,8,X2,0.1587499999999999,0.84125,0.8700102354145343,0.17600000000000002,0.20237500000000005,0.00912500000000006
2,1,2,XGBoost-C,8,W1,0.20375,0.75875,0.8020512820512821,0.06925000000000003,0.17337500000000006,0.0010000000000000564
2,1,2,XGBoost-C,8,W2,0.2175,0.73875,0.7860798362333674,0.09025000000000002,0.153625,-0.0012499999999999734
2,1,2,XGBoost-C,8,X1,0.175,0.79125,0.8251308900523561,0.11575000000000002,0.18424999999999997,-0.010749999999999982
2,1,2,XGBoost-C,8,X2,0.16,0.8275,0.8571428571428571,0.17425000000000002,0.18287499999999998,0.012750000000000017
2,1,2,MLP-C,8,W1,0.2049999999999999,0.795,0.83127572,0.09000000000000005,0.20462500000000006,0.009250000000000046
2,1,2,MLP-C,8,W2,0.2099999999999999,0.79,0.8285714285714286,0.11075000000000004,0.19737500000000002,0.0016250000000000541
2,1,2,MLP-C,8,X1,0.1637499999999999,0.83625,0.8661899897854954,0.14875000000000002,0.21625000000000005,0.0011250000000000426
2,1,2,MLP-C,8,X2,0.1524999999999999,0.8475,0.8760162601626016,0.18650000000000003,0.20287500000000006,0.008250000000000025
2,1,2,LogReg,9,W1,0.14125,0.85875,0.8903976721629486,0.23212500000000005,0.13675,-0.0008750000000000036
2,1,2,LogReg,9,W2,0.1737499999999999,0.82625,0.8672397325692455,0.22487500000000002,0.08987500000000004,0.0023750000000000494
2,1,2,LogReg,9,X1,0.1374999999999999,0.8625,0.8929961089494164,0.245875,0.1315000000000001,0.0028750000000000385
2,1,2,LogReg,9,X2,0.1324999999999999,0.8675,0.8982725527831094,0.26575000000000004,0.10712500000000005,0.0017500000000000293
2,1,2,SVC,9,W1,0.1424999999999999,0.84625,0.8829686013320647,0.2258749999999999,0.11662499999999994,-0.00012500000000005286
2,1,2,SVC,9,W2,0.1825,0.83,0.8702290076335878,0.23237499999999994,0.08537499999999996,0.007749999999999957
2,1,2,SVC,9,X1,0.14,0.8575,0.88996139,0.23387500000000006,0.12800000000000003,-0.0008749999999999591
2,1,2,SVC,9,X2,0.13375,0.86625,0.8960155490767736,0.266625,0.11312499999999996,0.0013749999999999485
2,1,2,RF-C,9,W1,0.15375,0.84625,0.8825214899713467,0.20874999999999994,0.13424999999999992,-0.0005000000000000227
2,1,2,RF-C,9,W2,0.1687499999999999,0.83125,0.8717948717948718,0.23000000000000007,0.08925000000000005,0.010375000000000046
2,1,2,RF-C,9,X1,0.1474999999999999,0.8525,0.8856589147286822,0.22900000000000004,0.13112500000000005,0.002625000000000044
2,1,2,RF-C,9,X2,0.13875,0.86125,0.8914956011730205,0.25987499999999997,0.10999999999999996,0.009249999999999948
2,1,2,XGBoost-C,9,W1,0.14875,0.82375,0.8629737609329446,0.18875,0.12824999999999998,-0.0025000000000000022
2,1,2,XGBoost-C,9,W2,0.17125,0.8075,0.8516377649325626,0.201,0.086625,0.014500000000000002
2,1,2,XGBoost-C,9,X1,0.14625,0.84,0.8745098039215686,0.22037499999999993,0.12287499999999998,0.0014999999999999792
2,1,2,XGBoost-C,9,X2,0.135,0.8475,0.880859375,0.246625,0.09637500000000002,0.0040000000000000365
2,1,2,MLP-C,9,W1,0.14125,0.85875,0.8903976721629486,0.231875,0.1365,-0.00012499999999998623
2,1,2,MLP-C,9,W2,0.17,0.83,0.8697318007662835,0.224125,0.09587499999999996,0.00824999999999998
2,1,2,MLP-C,9,X1,0.1374999999999999,0.8625,0.8934108527131783,0.24375000000000008,0.13037500000000005,0.0013750000000000817
2,1,2,MLP-C,9,X2,0.12875,0.87125,0.8999028182701652,0.26425,0.12349999999999994,0.002124999999999966
2,1,2,LogReg,10,W1,0.1975,0.8025,0.7591463414634146,0.15912500000000002,0.168375,-0.0012500000000000067
2,1,2,LogReg,10,W2,0.1999999999999999,0.8,0.7653958944281525,0.12762500000000004,0.18375000000000002,0.0008750000000000479
2,1,2,LogReg,10,X1,0.18,0.82,0.7869822485207101,0.18549999999999994,0.16049999999999995,-0.003750000000000053
2,1,2,LogReg,10,X2,0.1362499999999999,0.86375,0.8445078459343794,0.21325000000000002,0.19937500000000002,0.0002499999999999947
2,1,2,SVC,10,W1,0.19625,0.7975,0.75,0.16425,0.15149999999999997,-0.001625000000000021
2,1,2,SVC,10,W2,0.1999999999999999,0.79375,0.7540983606557377,0.12424999999999994,0.16949999999999998,-0.002625000000000044
2,1,2,SVC,10,X1,0.18125,0.81,0.7689969604863222,0.17412500000000003,0.15350000000000005,0.000500000000000056
2,1,2,SVC,10,X2,0.13875,0.855,0.8328530259365994,0.201625,0.19149999999999995,-0.004125000000000034
2,1,2,RF-C,10,W1,0.2125,0.7875,0.743202417,0.13725,0.164125,0.009374999999999977
2,1,2,RF-C,10,W2,0.1987499999999999,0.80125,0.7616191904047976,0.11700000000000003,0.19062500000000002,0.007000000000000006
2,1,2,RF-C,10,X1,0.19125,0.80875,0.7699248120300752,0.17587499999999998,0.15362499999999996,0.006999999999999951
2,1,2,RF-C,10,X2,0.14625,0.85375,0.8296943231441049,0.20387500000000003,0.195125,0.0032500000000000194
2,1,2,XGBoost-C,10,W1,0.20625,0.75375,0.704647676,0.138625,0.13012500000000005,-0.004874999999999963
2,1,2,XGBoost-C,10,W2,0.1949999999999999,0.78,0.7426900584795322,0.11475000000000002,0.17350000000000002,0.014500000000000002
2,1,2,XGBoost-C,10,X1,0.185,0.78125,0.7407407407407407,0.15437499999999998,0.1335,-0.009124999999999984
2,1,2,XGBoost-C,10,X2,0.1374999999999999,0.8375,0.8158640226628895,0.18937500000000002,0.19050000000000003,0.0003750000000000142
2,1,2,MLP-C,10,W1,0.1949999999999999,0.805,0.7678571428571429,0.16162500000000005,0.17562500000000006,0.004625000000000057
2,1,2,MLP-C,10,W2,0.1975,0.8025,0.7696793002915452,0.12475,0.18787499999999996,0.0023749999999999718
2,1,2,MLP-C,10,X1,0.1775,0.8225,0.7905604719764012,0.18762500000000001,0.16375,-0.0004999999999999782
2,1,2,MLP-C,10,X2,0.135,0.865,0.8461538461538461,0.21425,0.204625,-0.0025000000000000243
