Num_units,Intercept,Influence_level,Model,Replication,Measurement,Loss,R2,Imp_F,Imp_Z1,Imp_Z2
0,0,0,MLR,1,W1,0.2609960556452305,0.715858721,0.8214708307397647,0.6341193421814332,0.0
0,0,0,MLR,1,W2,0.461474447,0.5110031903802712,0.60544822303029,0.4973809131889178,0.0
0,0,0,MLR,1,X1,0.002382671,0.997406033,1.3002446113037467,0.6391098898009432,4.251012032396861e-06
0,0,0,MLR,1,X2,0.001803609,0.9980888236885384,1.5745233589255063,0.4352661582450585,0.0
0,0,0,SVR,1,W1,0.2603573671045098,0.7165540482536423,0.8142971161049524,0.6314365525611109,-4.752450746917658e-05
0,0,0,SVR,1,W2,0.4633461893157334,0.5090198170315421,0.5939753406725483,0.5026279701741931,-0.000474162985200266
0,0,0,SVR,1,X1,0.002369218,0.9974206789000354,1.3011134194042637,0.6411535907083702,1.3517426095865925e-05
0,0,0,SVR,1,X2,0.002709333,0.9971290821227414,1.5684528026917055,0.43453572199507606,0.0007331901790620044
0,0,0,RF-R,1,W1,0.2738898678313557,0.701821481,0.7294682544706397,0.6045285248347465,-0.005987720729928148
0,0,0,RF-R,1,W2,0.505004758,0.4648767289132667,0.5155600930191417,0.43360177214555334,-0.005071511270806827
0,0,0,RF-R,1,X1,0.016190943,0.9823732379009544,1.2005901033350752,0.5803575056718702,0.0015317275730755142
0,0,0,RF-R,1,X2,0.018480002,0.980417849,1.4453050831837695,0.40208381968270623,0.0007001929782155969
0,0,0,XGBoost-R,1,W1,0.2624063064535152,0.627669442,0.8181033372447049,0.6419628389566151,0.007201631796016583
0,0,0,XGBoost-R,1,W2,0.4891347677710807,0.3466164983723311,0.5807989510147932,0.49571274229022533,-0.0027075751667427705
0,0,0,XGBoost-R,1,X1,0.003693896,0.9930589502938436,1.3005938005663387,0.6353638664797097,-0.00012238642184208003
0,0,0,XGBoost-R,1,X2,0.003394614,0.9928283327450164,1.5661582720344005,0.43564629213776274,-9.422357515833645e-05
0,0,0,MLP-R,1,W1,0.257213795,0.7199763933160901,0.7960570418636997,0.6221035345081044,2.2176325999101465e-05
0,0,0,MLP-R,1,W2,0.4636227019588447,0.5087268131583293,0.6044188405257095,0.4980905970028414,-0.0006311273714242227
0,0,0,MLP-R,1,X1,0.002390422,0.9973975941462792,1.3001436875146686,0.6392368484914999,4.6713713550472494e-06
0,0,0,MLP-R,1,X2,0.001811967,0.9980799668720788,1.5744935965013158,0.43530520275701595,-4.357486533945742e-06
0,0,0,MLR,2,W1,0.2206211331905679,0.7879222987875136,1.09342685602352,0.4449902242544533,0.0005406041325899391
0,0,0,MLR,2,W2,0.3982101123335528,0.6380883531418229,0.9581568770829719,0.266344016931788,0.00015816694149420885
0,0,0,MLR,2,X1,0.002052223,0.998027249,1.5560648393707641,0.4410449386126668,0.0
0,0,0,MLR,2,X2,0.001557421,0.9985845438431926,1.754853476243253,0.2804941286563275,-1.995849216118728e-06
0,0,0,SVR,2,W1,0.221559689,0.7870200876421612,1.0998959525944805,0.4406424447117723,0.001441131618899283
0,0,0,SVR,2,W2,0.3978347300629425,0.6384295177972399,0.9876093324659007,0.27417985778265586,-0.0002571977358247879
0,0,0,SVR,2,X1,0.00208114,0.9979994506155252,1.5512874200407556,0.4432178162940928,4.380278882387678e-06
0,0,0,SVR,2,X2,0.001552231,0.9985892613370484,1.7509896181099496,0.28087925273269015,1.499323351140669e-05
0,0,0,RF-R,2,W1,0.2370957425585135,0.7720856596015947,1.0225388417255181,0.40770417677479953,0.002541285924919845
0,0,0,RF-R,2,W2,0.4254822891790876,0.6133021457355492,0.883917042694527,0.23702336079976086,-0.003562316716362901
0,0,0,RF-R,2,X1,0.018720417,0.982004521,1.4342715808144877,0.39358311721635353,0.000443515543951023
0,0,0,RF-R,2,X2,0.018366239,0.9833079183345116,1.6013528628375238,0.25689611283123004,0.0004640905621631997
0,0,0,XGBoost-R,2,W1,0.2310331570567434,0.7141988269099528,1.1119722722344325,0.47533209699165,0.0024176870101388693
0,0,0,XGBoost-R,2,W2,0.4128504650834296,0.4909243450529991,0.9520790542714389,0.2100525813131957,-0.030690807486169935
0,0,0,XGBoost-R,2,X1,0.003434444,0.9946274729724686,1.5433114620218493,0.4329469608133971,0.0004151588885619617
0,0,0,XGBoost-R,2,X2,0.003446563,0.9949419320085412,1.7357790210123494,0.27762649050433347,-1.350227027904216e-05
0,0,0,MLP-R,2,W1,0.2206960140295006,0.7878503176678627,1.0979744631526094,0.44167223588387117,0.0005684343050294082
0,0,0,MLP-R,2,W2,0.3982030196586405,0.6380947992906739,0.9596528816298567,0.2671706739219159,0.00019460751434978717
0,0,0,MLP-R,2,X1,0.002049179,0.9980301742204872,1.5563892512933328,0.441070699506934,2.414948643514325e-06
0,0,0,MLP-R,2,X2,0.001559726,0.9985824495066404,1.7537699713255612,0.280580526264293,-1.7210146750934463e-06
0,0,0,MLR,3,W1,0.1584320627097429,0.8487080332806296,1.378721687987602,0.2893746830872515,0.0
0,0,0,MLR,3,W2,0.2674465091277452,0.723985734,1.1532009368301566,0.2537320173631312,-0.00024643208458714484
0,0,0,MLR,3,X1,0.00168579,0.9983901839243814,1.7056045079107747,0.2899191697496965,2.123633302308914e-06
0,0,0,MLR,3,X2,0.001356749,0.9985997868386014,1.7489020025949376,0.25892460110904714,2.157894749887923e-07
0,0,0,SVR,3,W1,0.1584416491227111,0.8486988789008473,1.390574539815348,0.28346121864683554,-0.0002724447869204893
0,0,0,SVR,3,W2,0.2654868508557003,0.7260081702608084,1.173259182307424,0.26053655866655556,0.0007767993228798731
0,0,0,SVR,3,X1,0.001679166,0.99839651,1.70629044632314,0.28942503677619336,4.603247280798861e-06
0,0,0,SVR,3,X2,0.001356328,0.9986002213590636,1.748852425143196,0.2591828409448243,2.3510538324722497e-06
0,0,0,RF-R,3,W1,0.1712471822245581,0.8364704558485145,1.2726625713879296,0.27286577628434194,0.0025588643082255615
0,0,0,RF-R,3,W2,0.2945075935978128,0.6960577362612593,1.0414420315329438,0.2317493038268174,0.00039929095706709995
0,0,0,RF-R,3,X1,0.016424451,0.9843157536755404,1.5905836029032359,0.26320882364852455,0.0007079643179585982
0,0,0,RF-R,3,X2,0.01544681,0.984058345,1.6210289609932267,0.2359818886607946,0.0002625305747873674
0,0,0,XGBoost-R,3,W1,0.1639604556014472,0.7695766721606818,1.3518774973356407,0.27258612122264303,-0.01679188965438495
0,0,0,XGBoost-R,3,W2,0.2856234833238745,0.6054347911585214,1.1462739289012855,0.2227772701547904,-0.010615637032096536
0,0,0,XGBoost-R,3,X1,0.003496178,0.995083061,1.6954896525012075,0.28548622721960715,0.0002590348149893895
0,0,0,XGBoost-R,3,X2,0.00250615,0.995574891,1.7420048097037124,0.2576665937617606,0.0001887869868591463
0,0,0,MLP-R,3,W1,0.1587328772203868,0.8484207756501055,1.3783711193692423,0.2894496765365676,-0.0002918784075683467
0,0,0,MLP-R,3,W2,0.266544375,0.7249167675905117,1.1520635757718325,0.2553671153492327,-0.00030029129633381003
0,0,0,MLP-R,3,X1,0.001685792,0.998390182,1.7055994150056466,0.2899177211959357,2.123766722728071e-06
0,0,0,MLP-R,3,X2,0.001357825,0.9985986764434864,1.7489509345417447,0.258950975557218,2.681803553672424e-07
0,0,0,MLR,4,W1,0.446750211,0.5765532310689232,0.2499546774101074,0.8739632138235744,3.857056105012191e-05
0,0,0,MLR,4,W2,0.6161297241619168,0.3263275309731457,0.13224774421939434,0.6087701586537939,0.0015124518627764095
0,0,0,MLR,4,X1,0.004578415,0.9956604051236014,1.0883838373737866,0.84745664943923,2.2472256452465976e-06
0,0,0,MLR,4,X2,0.002881754,0.9968491073015684,1.4734698269825852,0.6007057352947596,-2.780712361449833e-06
0,0,0,SVR,4,W1,0.4444658335506378,0.5787184506209269,0.2581031606738585,0.8896522786512252,3.820700998123927e-05
0,0,0,SVR,4,W2,0.6122010720901138,0.3306230951009097,0.12628064925337762,0.5364845805447277,0.005431719762443554
0,0,0,SVR,4,X1,0.004583721,0.995655376,1.088238684933769,0.8485413230278471,2.1491978208776352e-06
0,0,0,SVR,4,X2,0.002877468,0.9968537945279412,1.4728223572245542,0.6014790236577704,-3.503961532502764e-06
0,0,0,RF-R,4,W1,0.4888258957540563,0.5366723037071864,0.22210360073953866,0.7835897631560691,-0.0014891185584658072
0,0,0,RF-R,4,W2,0.6207948164936569,0.3212267475729673,0.13871523781502867,0.5536478082627886,0.010409000359109532
0,0,0,RF-R,4,X1,0.032484435,0.9692100220328678,0.9636465814107188,0.7547814021187559,0.0005829620314403595
0,0,0,RF-R,4,X2,0.018153276,0.980151319,1.3517721889484016,0.5345562005814696,0.00044909381595307216
0,0,0,XGBoost-R,4,W1,0.4499518597340096,0.4518570822558067,0.25405959208123063,0.8751908278098398,0.004492044151432273
0,0,0,XGBoost-R,4,W2,0.62465828,0.071236936,0.18653349790438398,0.5706011570229836,-0.036421532226669696
0,0,0,XGBoost-R,4,X1,0.007252458,0.9876524639146674,1.0788458586990988,0.8370820013279466,-0.000264252332128434
0,0,0,XGBoost-R,4,X2,0.004851683,0.9907114528191944,1.4677257972709068,0.5950268128726017,-0.0005962697289419117
0,0,0,MLP-R,4,W1,0.4467518956413934,0.576551634,0.25407872466019715,0.881597928884203,5.615483304375335e-05
0,0,0,MLP-R,4,W2,0.6113351475436736,0.3315698916996046,0.13253308247176393,0.6108403847491402,0.006474186405834281
0,0,0,MLP-R,4,X1,0.004582606,0.9956564324392398,1.08896866479317,0.8475364695000918,2.618644225105271e-06
0,0,0,MLP-R,4,X2,0.00285987,0.9968730353053236,1.4742678585137745,0.6008394188033209,3.386970449725801e-06
0,0,0,MLR,5,W1,0.1417662575276918,0.8524792855051188,1.430999808902516,0.2963275256907185,0.0
0,0,0,MLR,5,W2,0.2836022095608518,0.7073875699925103,1.3565545049589924,0.2095960767120925,0.0005438200451819974
0,0,0,MLR,5,X1,0.001519949,0.9984183544344678,1.7058956206306246,0.2789301051691943,0.0
0,0,0,MLR,5,X2,0.001181204,0.9987812680356726,1.9208541650174316,0.2215399724435192,2.44216478795245e-06
0,0,0,SVR,5,W1,0.1411186675449359,0.8531531619170514,1.4231803103521081,0.309466205815666,-8.115755813969949e-05
0,0,0,SVR,5,W2,0.2836123835564267,0.7073770727627015,1.3526994583734087,0.21266626134193128,0.0005376407980544062
0,0,0,SVR,5,X1,0.001528482,0.998409475,1.7062313839446304,0.2792744582149215,-9.326185864577674e-06
0,0,0,SVR,5,X2,0.001677627,0.9982690733870084,1.9159952348758549,0.2182804553587631,0.00017219897290581264
0,0,0,RF-R,5,W1,0.1565476664477891,0.8370978820374577,1.3846355536408832,0.2949430114207318,0.007779589067444259
0,0,0,RF-R,5,W2,0.3070779628145952,0.683165977,1.2298556315927638,0.1773005462287077,-0.0034933177095479496
0,0,0,RF-R,5,X1,0.016211657,0.983130293,1.6111837136794018,0.24915239309855391,-0.001538887091282748
0,0,0,RF-R,5,X2,0.017324112,0.9821254902197706,1.7751284818138693,0.18687280796824127,-0.0005266589566522816
0,0,0,XGBoost-R,5,W1,0.1443837255376338,0.8135081999309203,1.420773483410969,0.3106446930357294,0.012095082491511144
0,0,0,XGBoost-R,5,W2,0.295671857,0.579629518,1.3435498999215842,0.18641108216862648,-0.02249001521084897
0,0,0,XGBoost-R,5,X1,0.002855647,0.9946161925445184,1.6989069416552596,0.27185875401879045,-0.00026956435673484156
0,0,0,XGBoost-R,5,X2,0.002473344,0.9946740884410062,1.9138463029778783,0.20828843170968758,-0.00020852382519320756
0,0,0,MLP-R,5,W1,0.1407382439786536,0.8535490273175166,1.43066799563403,0.32084985495289897,8.273912548100171e-05
0,0,0,MLP-R,5,W2,0.2839942775153685,0.7069830457926572,1.3566996111264913,0.21293315299356746,0.00037901167303188154
0,0,0,MLP-R,5,X1,0.001537613,0.9983999732609922,1.7059196411510857,0.2788788460729758,-1.3003139943701391e-05
0,0,0,MLP-R,5,X2,0.001180373,0.998782125,1.9205493166503012,0.2217513907180349,2.3161294507523245e-06
0,0,0,MLR,6,W1,0.1721956508157548,0.8271540246293804,1.387657077525347,0.3492979548247563,0.0003863512727577678
0,0,0,MLR,6,W2,0.3146783651889572,0.6998879789237511,1.0763241304383837,0.22441563981883955,2.288237568504048e-05
0,0,0,MLR,6,X1,0.001699252,0.9982943300437344,1.7289485158536295,0.35892783138830503,0.0
0,0,0,MLR,6,X2,0.001233813,0.9988232999526424,1.7008833886180472,0.23877394833622018,6.264898140107e-06
0,0,0,SVR,6,W1,0.1722626826819021,0.8270867396066155,1.3824578657517572,0.35680764414251576,0.0008027626660120247
0,0,0,SVR,6,W2,0.3149309032700762,0.6996471307361809,1.0784683294160446,0.22800202063480662,0.00020920858018340648
0,0,0,SVR,6,X1,0.001697566,0.9982960225466648,1.7281123052337661,0.35776288222199615,-8.946461965697594e-07
0,0,0,SVR,6,X2,0.001232422,0.9988246267089456,1.6986959360694924,0.23901903216522621,7.535245517775735e-06
0,0,0,RF-R,6,W1,0.1981096543182323,0.8011421527271338,1.2783501618306679,0.316809412059131,-0.0016467885442532082
0,0,0,RF-R,6,W2,0.3401279698049608,0.6756164270097389,0.9852505120907651,0.21112362709482993,0.005283830205643936
0,0,0,RF-R,6,X1,0.02286572,0.9770479238052128,1.5971438039382702,0.3086213474182261,0.00026219048692921465
0,0,0,RF-R,6,X2,0.014705472,0.9859752383537388,1.5824416842924542,0.21303047866022262,0.0011941507615319646
0,0,0,XGBoost-R,6,W1,0.1809600320316766,0.7670048176377684,1.3921391097992075,0.361177901968892,-0.0013663665905410348
0,0,0,XGBoost-R,6,W2,0.3244287467574165,0.5634954670024126,1.0699367076595707,0.19734144532859527,-0.009716029917043522
0,0,0,XGBoost-R,6,X1,0.003362997,0.9945779383093418,1.7194157593376005,0.3475515369495038,0.00015785778604406885
0,0,0,XGBoost-R,6,X2,0.002343871,0.9959454370045252,1.6928768887768186,0.2341381825651184,-4.282757208112775e-05
0,0,0,MLP-R,6,W1,0.1721398758613668,0.8272100102268491,1.3903905908938738,0.35008224575368463,0.00040278668078336244
0,0,0,MLP-R,6,W2,0.3145474314017433,0.7000128518348085,1.0770432433387505,0.2240283849587589,0.00013891532410689189
0,0,0,MLP-R,6,X1,0.001700888,0.9982926881483188,1.7288236297212805,0.3585226805885146,-8.900306221915066e-07
0,0,0,MLP-R,6,X2,0.001229525,0.9988273887996671,1.7012476404602914,0.2385334735269827,1.6971333787307863e-05
0,0,0,MLR,7,W1,0.2069792793268954,0.795278749,1.210589248757997,0.3989451283771281,-0.0001459378635531361
0,0,0,MLR,7,W2,0.4383362171672941,0.5648093352109278,0.9088227091204194,0.33070516870403327,-0.0032512266341873765
0,0,0,MLR,7,X1,0.002470759,0.9975561960021696,1.6213918680285988,0.4157687770484168,1.1922410501252757e-05
0,0,0,MLR,7,X2,0.001550183,0.9984609411506122,1.6898031995936613,0.30956569277029183,-7.557121435963765e-07
0,0,0,SVR,7,W1,0.2067232392528775,0.7955319958171436,1.211817388458247,0.4025143365932478,-0.00012679542925597698
0,0,0,SVR,7,W2,0.4340206309561384,0.5690939522665854,0.8682438016384031,0.3321668326884085,-0.001203326506999003
0,0,0,SVR,7,X1,0.003453696,0.9965839816292572,1.6134347202584753,0.40928866278940657,0.0013636032768442386
0,0,0,SVR,7,X2,0.002857296,0.9971632082876122,1.6529738220930166,0.3067953223904162,-3.3488374885148885e-06
0,0,0,RF-R,7,W1,0.2379397585828356,0.7646560312763392,1.1361672708650368,0.37100018576122745,0.0031140942875898412
0,0,0,RF-R,7,W2,0.4573686257125988,0.5459135054734384,0.7596652895956767,0.2796080769470392,0.0016187324125174428
0,0,0,RF-R,7,X1,0.017153392,0.983033742,1.512620783321883,0.36607489368613705,0.0009329238088467862
0,0,0,RF-R,7,X2,0.02503086,0.9751487644259944,1.5375730344625218,0.273933914649918,-0.0006089020950184154
0,0,0,XGBoost-R,7,W1,0.2252564368305915,0.7241248018314157,1.230871919889331,0.39864522239566397,0.015483145686415256
0,0,0,XGBoost-R,7,W2,0.4458682874740853,0.4198738387678649,0.8624601439148425,0.2880495634288457,0.006040573011462114
0,0,0,XGBoost-R,7,X1,0.004531581,0.9938815237647508,1.6177588426114435,0.40377157449321466,-0.0001918537206429316
0,0,0,XGBoost-R,7,X2,0.004682298,0.9928973159808392,1.6815773525268678,0.3013025711248996,-6.17926176580741e-05
0,0,0,MLP-R,7,W1,0.2062505763328808,0.7959995022487003,1.2093804376459425,0.39755406294172035,-7.149092677486424e-05
0,0,0,MLP-R,7,W2,0.4360376094832662,0.5670914478151883,0.9035584230193303,0.3345444005791225,-0.001416058796190045
0,0,0,MLP-R,7,X1,0.002458751,0.997568072,1.620616425576792,0.41782866638893745,5.6189503310299925e-05
0,0,0,MLP-R,7,X2,0.001552872,0.9984582716068392,1.689645853347343,0.30958701011674045,-7.266302096353705e-07
0,0,0,MLR,8,W1,0.1509298353914313,0.8483703132805811,1.3944050693191865,0.31689764370340584,0.000152481498410284
0,0,0,MLR,8,W2,0.256252504,0.7352641864873217,1.2356674153664073,0.25021156386520116,1.24926116251034e-05
0,0,0,MLR,8,X1,0.001550576,0.998442234,1.7519665624384295,0.3132410804755822,-8.827197091121342e-06
0,0,0,MLR,8,X2,0.001233753,0.9987254036063716,1.700940033251443,0.23895251817290636,0.0
0,0,0,SVR,8,W1,0.1506257478410242,0.8486758108641698,1.3894294847374566,0.31426547309662023,0.000713920603926932
0,0,0,SVR,8,W2,0.2557438451360548,0.7357896849409222,1.2058921413362977,0.2495570845852657,-8.421266602086641e-05
0,0,0,SVR,8,X1,0.001590001,0.9984026266218096,1.7513964947977314,0.3132784474926235,-1.1788086144692845e-05
0,0,0,SVR,8,X2,0.001240642,0.9987182861792968,1.7014312634935678,0.23932368886803584,-1.8738593122735735e-07
0,0,0,RF-R,8,W1,0.1567136733392447,0.8425596560716313,1.3293552638302797,0.3032663134243913,0.0061812236777363805
0,0,0,RF-R,8,W2,0.2779996363687556,0.7127971096539094,1.1351419482128686,0.2144429480628618,7.114407596334749e-05
0,0,0,RF-R,8,X1,0.017281564,0.9826383023475848,1.6084782753714406,0.2700443506404165,0.0013837773403723498
0,0,0,RF-R,8,X2,0.017604172,0.9818130374413008,1.5711527466118569,0.2093171706057598,-0.0010131147901667249
0,0,0,XGBoost-R,8,W1,0.1556823614781462,0.7980987547501219,1.3939609451929864,0.3165309612784928,0.006280260124177128
0,0,0,XGBoost-R,8,W2,0.2601488915070228,0.6517436265483088,1.2448305969325602,0.21351199583232833,0.0037671418669804834
0,0,0,XGBoost-R,8,X1,0.003437632,0.9950678834997396,1.742132583716426,0.30625198469497183,6.763816980305259e-05
0,0,0,XGBoost-R,8,X2,0.003272237,0.996008978,1.6989947519073936,0.23520032011262798,8.723562794860085e-05
0,0,0,MLP-R,8,W1,0.1505053190353547,0.8487967980899778,1.3911021216154453,0.3176171124202269,0.0003123403561384297
0,0,0,MLP-R,8,W2,0.2565825176060183,0.7349232479895167,1.2356253467427367,0.25019188524922364,9.987366169239564e-06
0,0,0,MLP-R,8,X1,0.001571514,0.9984211987516854,1.752379430654918,0.3132019623084624,-5.832002028660632e-06
0,0,0,MLP-R,8,X2,0.001224469,0.9987349944215534,1.6995086680965183,0.23925133412711075,2.9359818391805347e-06
0,0,0,MLR,9,W1,0.095837247,0.8995376247899024,1.6559278238976791,0.20669180673243281,0.0
0,0,0,MLR,9,W2,0.2106954817393816,0.7915140511190422,1.3553724854537692,0.1840969748542272,-0.00020164917855494124
0,0,0,MLR,9,X1,0.000979566,0.9989731602989684,1.8360019301018773,0.22078201842059567,0.0
0,0,0,MLR,9,X2,0.000778135,0.9992300256211972,1.799394472906473,0.19030652964273892,1.2538607646606081e-07
0,0,0,SVR,9,W1,0.095898548,0.8994733658930463,1.6490503593176151,0.20920612525042476,-6.401911874802657e-05
0,0,0,SVR,9,W2,0.2096413624764668,0.7925571159866329,1.3584472935913419,0.18855699445950447,0.00089785535778244
0,0,0,SVR,9,X1,0.000980523,0.998972156,1.8371362384854364,0.22070332232418374,-1.1196549947189993e-07
0,0,0,SVR,9,X2,0.000792687,0.9992156259349556,1.7994585181906249,0.19114475487240093,-1.7506495763819353e-06
0,0,0,RF-R,9,W1,0.1143420849584452,0.8801397393094003,1.5040349421926045,0.18814916268343224,-0.0013217399350137437
0,0,0,RF-R,9,W2,0.2283306033406995,0.7740638664718474,1.2781239929099004,0.16906468105026687,-0.001838300116411673
0,0,0,RF-R,9,X1,0.014302235,0.9850075359216808,1.7149261172922123,0.19458947011546646,-0.0014662063926150991
0,0,0,RF-R,9,X2,0.021051659,0.9791691070115168,1.6604019049161007,0.1592262868183524,-0.001783950279998181
0,0,0,XGBoost-R,9,W1,0.100335315,0.8453147631857044,1.6556971643632488,0.1888949579473341,-0.0073675664050989135
0,0,0,XGBoost-R,9,W2,0.2147118023023384,0.7458164748376184,1.4042905361279818,0.19380101857143311,0.013777528763950641
0,0,0,XGBoost-R,9,X1,0.002081716,0.9962531804275502,1.8356997338510226,0.21527278542142697,0.00022606567206790996
0,0,0,XGBoost-R,9,X2,0.002370279,0.9960020148935912,1.78911493311221,0.1827076976042823,4.4269321010792505e-05
0,0,0,MLP-R,9,W1,0.095669382,0.8997135911042332,1.657235335907064,0.2032031045256494,-6.470401438520845e-05
0,0,0,MLP-R,9,W2,0.2106269264148125,0.791581888,1.3592369141965448,0.18404060176448928,-7.043458048260343e-05
0,0,0,MLP-R,9,X1,0.000979652,0.9989730697841476,1.8360389155719634,0.22076904345800577,-2.3815696391649156e-07
0,0,0,MLP-R,9,X2,0.000780879,0.9992273095305124,1.7992479051641261,0.19042329920905207,-3.448736546896036e-07
0,0,0,MLR,10,W1,0.1390268782945729,0.8699232699834171,1.5136074092797636,0.26123990023295957,0.0
0,0,0,MLR,10,W2,0.27413338,0.7491689813753457,1.2594439680756269,0.206778906077301,0.0
0,0,0,MLR,10,X1,0.001511729,0.9985855916246756,1.8338634017045599,0.2705330116250931,-1.078462046755213e-06
0,0,0,MLR,10,X2,0.001433623,0.9986882401967097,1.7965095152122117,0.21271338461055164,-8.345600290393663e-07
0,0,0,SVR,10,W1,0.1386513511943847,0.870274622,1.519237390263403,0.26176234816179095,0.00015726857814009066
0,0,0,SVR,10,W2,0.2739407573800615,0.7493452306257312,1.2642903221152817,0.2078251503751111,-0.00014385622183837876
0,0,0,SVR,10,X1,0.001880266,0.9982407801330332,1.8291253251667605,0.2683468042847437,0.0002531272653163108
0,0,0,SVR,10,X2,0.001435561,0.9986864666574132,1.7954320767709635,0.21280915870267864,-2.1087099492445026e-06
0,0,0,RF-R,10,W1,0.1553712778317315,0.8546310756109485,1.4222403288053502,0.23989551909061024,0.003036762799220194
0,0,0,RF-R,10,W2,0.2952631799781584,0.7298352936235066,1.2038023509614617,0.18757607837724788,0.009132019716414396
0,0,0,RF-R,10,X1,0.015157823,0.9858179933620534,1.724787000693506,0.2394495698823545,0.0004490339291242762
0,0,0,RF-R,10,X2,0.014701756,0.986547948,1.676765948001813,0.18307624583997856,-0.0005519149805930379
0,0,0,XGBoost-R,10,W1,0.1452046530600916,0.8255093498562391,1.47871445973987,0.27024811813558614,0.006808303900185208
0,0,0,XGBoost-R,10,W2,0.292838204,0.6311453014160315,1.2531782031804637,0.1860156630558006,-0.006732449138536845
0,0,0,XGBoost-R,10,X1,0.002815758,0.9958959855012758,1.8319346003161971,0.263106165918491,3.34403609429712e-05
0,0,0,XGBoost-R,10,X2,0.002744223,0.9959628722229412,1.7846898086509835,0.20756841017876568,-2.786538694442564e-05
0,0,0,MLP-R,10,W1,0.1378174585828376,0.8710548307524563,1.5214472708684248,0.2610100566082968,0.0006208308305084232
0,0,0,MLP-R,10,W2,0.2744412095887926,0.7488873187247711,1.2606484761189196,0.20584635577650215,-0.00015362674130471322
0,0,0,MLP-R,10,X1,0.001514802,0.9985827164897684,1.8332181510554566,0.2703408490343378,-2.2726911629300518e-07
0,0,0,MLP-R,10,X2,0.001436789,0.9986853435652248,1.7960904371580124,0.2129977462171449,-4.966904378000958e-06
0,0,1,MLR,1,W1,0.052614935,0.9451260541322616,0.20779762583078593,1.6470687800809618,0.0
0,0,1,MLR,1,W2,0.1232473801581332,0.8740271497975309,0.15928470202222478,1.661666290021963,0.0
0,0,1,MLR,1,X1,0.00213597,0.9977723222633212,0.31527965147171133,1.6163608600948638,0.0
0,0,1,MLR,1,X2,0.001820116,0.9981396347676236,0.4079281087874742,1.6491758568737964,0.0
0,0,1,SVR,1,W1,0.052563552,0.9451796429130545,0.20575470066810936,1.6543687480846239,1.083739253093796e-06
0,0,1,SVR,1,W2,0.1233332290768083,0.873939402,0.15764219361566512,1.661435246315691,-0.00018680164127278244
0,0,1,SVR,1,X1,0.002714402,0.9971690560896352,0.31359126665448767,1.6053600473503686,0.0010520762352258628
0,0,1,SVR,1,X2,0.001820113,0.9981396372651802,0.40795056492871123,1.6485014899789143,2.2128969167756194e-06
0,0,1,RF-R,1,W1,0.064725224,0.9324958124034548,0.20008070549036944,1.5749620537540787,0.002591050162236186
0,0,1,RF-R,1,W2,0.1370461751457835,0.8599232107789201,0.14645132091176646,1.5130368746707994,0.0030509830348607546
0,0,1,RF-R,1,X1,0.020250159,0.9788804048694182,0.2916800621542965,1.498257653525326,0.0018439399449020955
0,0,1,RF-R,1,X2,0.020953482,0.9785831561643786,0.36187278620137486,1.4895699013756052,0.002689243368674277
0,0,1,XGBoost-R,1,W1,0.054430284,0.923535751,0.2101689445591462,1.6506164512224202,-0.0010329251155321128
0,0,1,XGBoost-R,1,W2,0.1236785433828099,0.8309541447724145,0.15310729016645833,1.6158929691801258,6.893732653944218e-05
0,0,1,XGBoost-R,1,X1,0.004138059,0.9937620222543492,0.31061187664672085,1.609180457577051,0.00023812628506294508
0,0,1,XGBoost-R,1,X2,0.003508211,0.993748307,0.4029140766365834,1.6307123091984639,5.943274492302697e-05
0,0,1,MLP-R,1,W1,0.052625666,0.9451148615168348,0.20835873354844892,1.647511066670401,1.4400614183307514e-05
0,0,1,MLP-R,1,W2,0.122209643,0.8750878354264959,0.16007798365708442,1.6551659123956846,0.0009660226875988775
0,0,1,MLP-R,1,X1,0.002134372,0.9977739889994222,0.31521973208967424,1.6159343737390983,1.9951132222306713e-06
0,0,1,MLP-R,1,X2,0.001820848,0.9981388856439772,0.4083244692303463,1.6493807606362076,2.938225927451299e-07
0,0,1,MLR,2,W1,0.064335909,0.9389884302616762,0.04688070879977636,1.7952260937365963,-0.00013940524000931597
0,0,1,MLR,2,W2,0.1072189018046055,0.8899951440271551,0.049023090110880796,1.7444346239254322,0.0002778544150994322
0,0,1,MLR,2,X1,0.002313968,0.997805599,0.17232759712378598,1.7869639050480182,2.6272276554273333e-07
0,0,1,MLR,2,X2,0.002318929,0.9976208163438692,0.2691194386172441,1.7443710446771594,-1.9176660307040903e-06
0,0,1,SVR,2,W1,0.063937549,0.9393662066965928,0.04751025086171527,1.808734246035049,-8.877895087255894e-06
0,0,1,SVR,2,W2,0.1071585707359287,0.8900570427260672,0.048380600093011594,1.746600600924405,7.443738491760276e-05
0,0,1,SVR,2,X1,0.002321363,0.9977985853545228,0.17233422839179868,1.785924756911386,4.82484087360735e-07
0,0,1,SVR,2,X2,0.002313697,0.9976261847396152,0.2683843583861806,1.7439044731447026,-7.208721513496385e-07
0,0,1,RF-R,2,W1,0.078601327,0.9254601293122932,0.04874029080146308,1.701668766355613,0.002584549577692619
0,0,1,RF-R,2,W2,0.1410270771780163,0.8553085038913113,0.03794714553499108,1.6144192290911572,-0.002327379397823448
0,0,1,RF-R,2,X1,0.01995145,0.9810794729816976,0.14948189639169848,1.6329063023759542,0.00043388532077972555
0,0,1,RF-R,2,X2,0.025402358,0.973937592,0.24097566182322097,1.5844939266139562,1.7913789692935998e-05
0,0,1,XGBoost-R,2,W1,0.068226679,0.9210450905732676,0.04304992290077901,1.7920564870081033,0.002254938236409898
0,0,1,XGBoost-R,2,W2,0.1178925308455936,0.8394513177831343,0.03771099702741528,1.720909954899468,-0.0038563590202717267
0,0,1,XGBoost-R,2,X1,0.003718761,0.9945572296425051,0.1615955224128544,1.786885768208957,8.269452771882956e-05
0,0,1,XGBoost-R,2,X2,0.004870152,0.992453907,0.26627549032065073,1.728672058545205,1.0438465713002998e-05
0,0,1,MLP-R,2,W1,0.064123078,0.939190263,0.046921614255695174,1.8029804048638578,-8.423722825161573e-05
0,0,1,MLP-R,2,W2,0.1072566779325705,0.8899563863319535,0.0489115681623832,1.7449947439737588,0.0003181750645867121
0,0,1,MLP-R,2,X1,0.002316787,0.9978029254733604,0.17229729840431687,1.7870889808992072,3.047895121732758e-07
0,0,1,MLP-R,2,X2,0.002316081,0.9976237380407073,0.2688876729537968,1.7449043921807388,-1.745874226688482e-06
0,0,1,MLR,3,W1,0.057951087,0.93512623,0.10939408916409077,1.7945151569249838,-6.112031944491836e-05
0,0,1,MLR,3,W2,0.118573483,0.8743506937501903,0.102369491430682,1.6914895056170767,2.316526811715347e-05
0,0,1,MLR,3,X1,0.002203748,0.9975329978667664,0.22747502205276549,1.7763919597190934,-1.298253217318912e-06
0,0,1,MLR,3,X2,0.002124748,0.9977484583741062,0.327924948060992,1.6592176797011746,-5.949283270356708e-07
0,0,1,SVR,3,W1,0.057688925,0.9354197092127694,0.10586668976390626,1.7878158049969166,0.00012951741330617937
0,0,1,SVR,3,W2,0.1179177874925122,0.8750455171143582,0.100014615113222,1.7004471363387925,0.000246754293398066
0,0,1,SVR,3,X1,0.002904631,0.9967483897226328,0.22513318905445862,1.7684732822014915,-0.00013872752553950596
0,0,1,SVR,3,X2,0.002114841,0.997758957,0.32804217321012297,1.6560595519752224,-1.1880283921406053e-06
0,0,1,RF-R,3,W1,0.064876385,0.9273736540249043,0.10455083088808959,1.7306389664627055,0.004076902259287108
0,0,1,RF-R,3,W2,0.1287240388183547,0.8635944071922129,0.09964913439469644,1.6427150297343456,0.005076669148267843
0,0,1,RF-R,3,X1,0.01424319,0.984055356,0.1984164730079446,1.6681496290002316,0.0011166058221562358
0,0,1,RF-R,3,X2,0.010865632,0.9884859654463488,0.2970362663390199,1.561509534610872,2.170709998988718e-05
0,0,1,XGBoost-R,3,W1,0.061206828,0.9161725347073948,0.11410938040339302,1.8016059886035447,-5.133543117376016e-05
0,0,1,XGBoost-R,3,W2,0.1250540010076568,0.8317508978532492,0.10478926146884501,1.6822440204661941,0.004008385629435285
0,0,1,XGBoost-R,3,X1,0.003613888,0.993517145,0.21959149812790724,1.789197529786097,-0.00045457876460605064
0,0,1,XGBoost-R,3,X2,0.00318847,0.9941854348975326,0.3240259316745605,1.6650555293020404,-4.27132996154711e-05
0,0,1,MLP-R,3,W1,0.057702859,0.9354041107601214,0.10881899641962951,1.7839412302124054,0.00032378177048277836
0,0,1,MLP-R,3,W2,0.1169583676592609,0.8760621899309319,0.10586326746536341,1.7038252248341617,0.004097649784522328
0,0,1,MLP-R,3,X1,0.002204086,0.9975326193177216,0.227573888972596,1.7759722192071312,-1.4521466639605407e-06
0,0,1,MLP-R,3,X2,0.002121993,0.9977513781418028,0.32819154555594054,1.658756016445269,-6.143734509245214e-07
0,0,1,MLR,4,W1,0.049578918,0.9467596926986808,0.0847303317726169,1.726239353546429,0.0
0,0,1,MLR,4,W2,0.1089652513791093,0.8901192535270432,0.09934150651729529,1.7475241952094585,2.663711625014997e-05
0,0,1,MLR,4,X1,0.00215697,0.9976837386967736,0.1759748528088209,1.7045611479700564,0.0
0,0,1,MLR,4,X2,0.00178115,0.998203885,0.3203179525110883,1.7400630454734547,0.0
0,0,1,SVR,4,W1,0.049225215,0.9471395166292716,0.08010542376163156,1.7291244014062837,1.910504856579287e-05
0,0,1,SVR,4,W2,0.1088237118299981,0.8902619822512461,0.10153155604054778,1.7493707906735634,0.00017730795974034707
0,0,1,SVR,4,X1,0.002164827,0.9976753011034912,0.17561832313005846,1.7054079213359177,-1.8974038447194808e-06
0,0,1,SVR,4,X2,0.001781839,0.99820319,0.32039172118244313,1.7415277384325516,7.220573847721567e-08
0,0,1,RF-R,4,W1,0.06233965,0.9330565849493356,0.08551345433472253,1.6523901186001044,0.0047723183007872035
0,0,1,RF-R,4,W2,0.1480997811256393,0.8506559265765465,0.08748159129867036,1.5975358526586965,-0.003218402991577318
0,0,1,RF-R,4,X1,0.016935519,0.9818137982197538,0.16212592173409454,1.5825395843980363,0.0023788695331734113
0,0,1,RF-R,4,X2,0.030116777,0.9696301902049208,0.2798691656863288,1.5624593470462182,0.0011956801415895612
0,0,1,XGBoost-R,4,W1,0.053829842,0.9294714808508682,0.08790682046573559,1.7164238423492328,0.0032422911399977218
0,0,1,XGBoost-R,4,W2,0.1142352625336397,0.8329440292099577,0.09063277110434406,1.7460887518259907,-0.0023356769821867517
0,0,1,XGBoost-R,4,X1,0.004363254,0.9922883184486652,0.17342336092105418,1.686828763880444,-0.00015004839512716694
0,0,1,XGBoost-R,4,X2,0.00441047,0.9911520901020084,0.3189033895995016,1.7247776865882891,-0.0003929529922759523
0,0,1,MLP-R,4,W1,0.049651222,0.9466820493504065,0.0846357217480651,1.7260887364578206,8.556419823969596e-05
0,0,1,MLP-R,4,W2,0.108735862,0.8903505705781285,0.10608436030873603,1.7461263327394545,-8.085062943439248e-05
0,0,1,MLP-R,4,X1,0.002162047,0.9976782860177482,0.17608070035593965,1.7048858252350292,-8.370282764347259e-07
0,0,1,MLP-R,4,X2,0.001787189,0.9981977959302126,0.3202471197961335,1.7399709474559366,2.187836814271371e-07
0,0,1,MLR,5,W1,0.039889079,0.9598533100959564,0.5232438548966053,1.2971995837708712,1.615090583064749e-05
0,0,1,MLR,5,W2,0.099948102,0.907208304,0.4882114117278894,1.3845768970655576,0.0
0,0,1,MLR,5,X1,0.001716741,0.9982721723896892,0.5909015601422101,1.290207047394013,1.1726814104373594e-05
0,0,1,MLR,5,X2,0.001562073,0.9985497737944802,0.6856801714546491,1.4228828957321735,1.5426775096250012e-07
0,0,1,SVR,5,W1,0.039752294,0.9599909789718128,0.5191590031648783,1.3125434306554409,0.0004045891280047953
0,0,1,SVR,5,W2,0.1002285945148072,0.9069478958730128,0.48860636145789743,1.369882565392419,0.00034175812942753846
0,0,1,SVR,5,X1,0.001700437,0.998288582,0.5931648008563334,1.2862714828546922,8.912353224310721e-07
0,0,1,SVR,5,X2,0.001559829,0.9985518567778744,0.6846172020168482,1.4218834606024635,7.217667326031574e-08
0,0,1,RF-R,5,W1,0.05756129,0.9420669693208084,0.5081067761716817,1.221167045014926,-0.0007602913049996496
0,0,1,RF-R,5,W2,0.1295793937698421,0.8796986498698043,0.4509994390416221,1.2668316390091203,0.001645984048371385
0,0,1,RF-R,5,X1,0.023260401,0.9765893796586792,0.5534108954965433,1.1707197550678254,-0.0016480327136315753
0,0,1,RF-R,5,X2,0.039550537,0.9632813299528916,0.6118532676926013,1.225881045606911,-0.0022932806023007513
0,0,1,XGBoost-R,5,W1,0.043528735,0.9445163754935828,0.5229042241590709,1.2903562732579579,0.00036077483813783394
0,0,1,XGBoost-R,5,W2,0.1078470491756353,0.8747639582019282,0.5020507990275818,1.3830882800735456,-0.0060263067788978945
0,0,1,XGBoost-R,5,X1,0.005938323,0.9904518366589627,0.5825266596901857,1.278531947994207,-0.0003040841390256621
0,0,1,XGBoost-R,5,X2,0.00484654,0.9906916040810833,0.6763802266463717,1.3931839402761967,0.0009619158525314808
0,0,1,MLP-R,5,W1,0.03937533,0.9603703770508176,0.525007311326919,1.297046387288481,9.10629582939304e-05
0,0,1,MLP-R,5,W2,0.1001895605750593,0.9069841349347644,0.48989934892075676,1.380073703985239,4.355428709457154e-05
0,0,1,MLP-R,5,X1,0.001716658,0.9982722551520103,0.5908978208162254,1.290192234871823,1.1774853132173746e-05
0,0,1,MLP-R,5,X2,0.001562552,0.9985493286549998,0.6859780102705173,1.4227315169315013,8.573436611758467e-08
0,0,1,MLR,6,W1,0.051987268,0.9542209458268436,0.18594810838718825,1.7236248491495547,0.0
0,0,1,MLR,6,W2,0.1165011590066667,0.8734088992853486,0.22135788958951652,1.4972514405593147,7.20927199579946e-05
0,0,1,MLR,6,X1,0.002306009,0.99796937,0.2689988225992517,1.7220552825900932,2.296710170135441e-06
0,0,1,MLR,6,X2,0.001949479,0.99788168,0.4621551847290705,1.516645531454554,0.0
0,0,1,SVR,6,W1,0.051926944,0.9542740656161972,0.18579375051413663,1.7300316201664532,-4.533398382167153e-06
0,0,1,SVR,6,W2,0.1161506145373048,0.8737898037381825,0.21734229000139066,1.5082320289085491,0.0001121139439160923
0,0,1,SVR,6,X1,0.002359671,0.9979221159605984,0.2694485179369364,1.7243026746175913,1.6289925595003308e-05
0,0,1,SVR,6,X2,0.001942686,0.9978890614348273,0.4630107137007607,1.518312931187057,-3.744119695392456e-08
0,0,1,RF-R,6,W1,0.078415557,0.9309486686693984,0.18076742824989722,1.5805791514470466,-0.0018060210158336143
0,0,1,RF-R,6,W2,0.1302442791651989,0.8584755138756571,0.2106560282045447,1.4306998359810952,0.0008645888373962962
0,0,1,RF-R,6,X1,0.03538845,0.9688375669333136,0.23452590897585726,1.5497954401664022,-0.00032921072534141115
0,0,1,RF-R,6,X2,0.019493956,0.97881771,0.41507868372699097,1.3773466928198175,-0.0008530458377179028
0,0,1,XGBoost-R,6,W1,0.056643713,0.932078585,0.1850956706888369,1.6962678993216709,0.0007890485380151358
0,0,1,XGBoost-R,6,W2,0.1230739855976565,0.8333372940395359,0.22887217686138964,1.525604449376421,0.005184883229517756
0,0,1,XGBoost-R,6,X1,0.005013581,0.9933621023937144,0.26526925868274775,1.726021140569231,0.0004062710561975047
0,0,1,XGBoost-R,6,X2,0.00406525,0.9933977042517762,0.4579443334834874,1.4985949077619183,-0.0001373810631517647
0,0,1,MLP-R,6,W1,0.051806665,0.9543799815073156,0.18599430855704976,1.721610201927224,-7.775485342820244e-06
0,0,1,MLP-R,6,W2,0.1154583811277293,0.8745419901543245,0.22221824520675532,1.5024146260235813,-2.249642133196339e-05
0,0,1,MLP-R,6,X1,0.002295443,0.9979786738259095,0.2687645430785467,1.7201552361798662,1.6647525930446605e-06
0,0,1,MLP-R,6,X2,0.00193945,0.9978925781550104,0.4623989409339885,1.5183462564150148,1.412003230686354e-05
0,0,1,MLR,7,W1,0.054194568,0.9390858411831138,0.34037098539009997,1.7474789045849266,8.724093064530481e-05
0,0,1,MLR,7,W2,0.1095308728240847,0.8739078210129742,0.30940799240614897,1.7096026788740566,0.0
0,0,1,MLR,7,X1,0.002098424,0.9976413926136044,0.46079733493013286,1.7337864181261247,-4.262032654023251e-07
0,0,1,MLR,7,X2,0.001944367,0.9977616408825134,0.5338590229727754,1.7261152060317813,0.0
0,0,1,SVR,7,W1,0.054233047,0.939042592,0.3429996871433968,1.7513968338562802,8.813875752546884e-05
0,0,1,SVR,7,W2,0.1096645303241114,0.8737539542082844,0.3093748385621639,1.6906697597381535,-0.0005439583808651283
0,0,1,SVR,7,X1,0.002510814,0.9971778698160568,0.46742438647589346,1.6998841506629347,-2.1450662022193256e-06
0,0,1,SVR,7,X2,0.001947634,0.99775788,0.5327318374663943,1.7252003447774427,-5.154603368784372e-06
0,0,1,RF-R,7,W1,0.073785794,0.9170654971668144,0.317662569895126,1.638713083202024,-0.0027314207783111556
0,0,1,RF-R,7,W2,0.1149414991855823,0.8676790961793686,0.2877177276878837,1.5963506148314381,0.005559251306654101
0,0,1,RF-R,7,X1,0.025201471,0.9716737955730258,0.41366978280258004,1.565257148757492,-0.0009079602695496014
0,0,1,RF-R,7,X2,0.014306141,0.9835307388944924,0.4789016067448314,1.589314927207346,0.001828443177043404
0,0,1,XGBoost-R,7,W1,0.056812859,0.9157756104855352,0.3364408944616861,1.735631883342934,-0.002890714689348972
0,0,1,XGBoost-R,7,W2,0.1083109428492763,0.8477748841946324,0.3004827668894861,1.7053634081836642,0.012042340161785747
0,0,1,XGBoost-R,7,X1,0.003912619,0.9907637221632324,0.44998741851245594,1.7393424610390664,-0.0005293712035022713
0,0,1,XGBoost-R,7,X2,0.003812335,0.991862188,0.5264519987163272,1.7193999161845153,-3.8210936222782264e-05
0,0,1,MLP-R,7,W1,0.054202956,0.939076413,0.340383167938137,1.7473918007852813,8.825389611935019e-05
0,0,1,MLP-R,7,W2,0.1091006766049858,0.8744030638359295,0.3159166529196907,1.7068574406193822,0.0013819186424477103
0,0,1,MLP-R,7,X1,0.002095348,0.9976448492032586,0.461114424119196,1.7320406733131872,-7.828235846107922e-07
0,0,1,MLP-R,7,X2,0.001943275,0.997762898,0.5337320283981951,1.726397802534472,2.513704960172003e-06
0,0,1,MLR,8,W1,0.039425215,0.9658347557416862,0.48223442277368367,1.449701533976754,4.0149999953376095e-05
0,0,1,MLR,8,W2,0.1074968463494359,0.9005060483053877,0.45369229677279704,1.385629393460507,2.0266221572462494e-05
0,0,1,MLR,8,X1,0.001627397,0.9985897247536702,0.5468954028977724,1.419030766554846,1.0752180292783465e-07
0,0,1,MLR,8,X2,0.001744185,0.998385665,0.6177788079300124,1.423026932471128,-3.102412852051817e-06
0,0,1,SVR,8,W1,0.039480298,0.9657870215300748,0.4831092556314173,1.455424567247495,1.107151215034019e-05
0,0,1,SVR,8,W2,0.1074956216209418,0.9005071818556432,0.4493783702711843,1.395869143139135,-0.000423204597578386
0,0,1,SVR,8,X1,0.0016261,0.9985908487676448,0.5472795212887773,1.4186108753492737,5.760998564863229e-08
0,0,1,SVR,8,X2,0.003431453,0.9968240104019022,0.6185893815641031,1.4160900992523922,-0.0009852814789446773
0,0,1,RF-R,8,W1,0.061299256,0.9468790711547872,0.4541573596358416,1.3332950016637957,0.00014417112689592005
0,0,1,RF-R,8,W2,0.1289561820067594,0.8806443111680227,0.4226424410598056,1.2945145867223047,-0.0006033554975269584
0,0,1,RF-R,8,X1,0.030603757,0.9734792866176456,0.4960179161949636,1.262054755859093,-0.000319123699870294
0,0,1,RF-R,8,X2,0.022969851,0.9787402018705924,0.5670506957314492,1.257889551998892,0.0001966807242398061
0,0,1,XGBoost-R,8,W1,0.045893609,0.9452324949185308,0.47914251141254416,1.4173538431105306,-0.003134141678073077
0,0,1,XGBoost-R,8,W2,0.1150156181445094,0.8610272827894387,0.44899784502242096,1.3752896225140065,0.0006277523807982743
0,0,1,XGBoost-R,8,X1,0.005993139,0.9916376667713384,0.5341201601339286,1.3864297913112449,-0.00021414241078738795
0,0,1,XGBoost-R,8,X2,0.004005396,0.994040452,0.6159429344742138,1.4204890930891525,0.00017060185124152528
0,0,1,MLP-R,8,W1,0.039107469,0.9661101091613722,0.48131334674801735,1.4438659656484885,3.1253701142430756e-05
0,0,1,MLP-R,8,W2,0.1078268511340489,0.9002006116231567,0.4534928080813877,1.3857955489734697,1.5069463678996087e-05
0,0,1,MLP-R,8,X1,0.001627765,0.9985894055539312,0.5468416289050789,1.419193409503843,3.130752830315942e-08
0,0,1,MLP-R,8,X2,0.001741294,0.9983883415754832,0.6173486805199396,1.424241773978315,-3.1701243623172282e-06
0,0,1,MLR,9,W1,0.042895891,0.95306321,0.4650182556638588,1.4973713181221275,0.0
0,0,1,MLR,9,W2,0.0937507,0.9062989974052053,0.4551039029286209,1.2806570331777012,0.0
0,0,1,MLR,9,X1,0.001753222,0.9980816199002276,0.554921398152927,1.5129327535288772,0.0
0,0,1,MLR,9,X2,0.001499326,0.9985014685035024,0.6138417171865558,1.3223409787169333,5.471548498081624e-06
0,0,1,SVR,9,W1,0.043037899,0.9529078239934868,0.46282745970658945,1.4851918556334318,-3.145966220579055e-05
0,0,1,SVR,9,W2,0.093469047,0.9065805011866938,0.4520404382249176,1.2651914221310696,-0.00015207599296144237
0,0,1,SVR,9,X1,0.001779192,0.9980532041948316,0.5544890741675494,1.5181328453222034,-7.247455285797066e-07
0,0,1,SVR,9,X2,0.001517508,0.9984832964905864,0.6108524247263947,1.3209931171243192,7.320876542993293e-06
0,0,1,RF-R,9,W1,0.058415801,0.9360812866591244,0.44590304064823955,1.404765314633241,0.001429734235280311
0,0,1,RF-R,9,W2,0.109223353,0.8908345461145295,0.41519081322017914,1.1957976049444932,-0.00460508292617684
0,0,1,RF-R,9,X1,0.024762646,0.9729046513234698,0.5123540488915751,1.3560464907779504,0.0012892145336856787
0,0,1,RF-R,9,X2,0.023783985,0.9762286229659805,0.5496179474811866,1.2093189363896115,-0.0014872495089758631
0,0,1,XGBoost-R,9,W1,0.045445942,0.9337701321637224,0.4470444574626621,1.4798958821566675,-0.0004811014255923118
0,0,1,XGBoost-R,9,W2,0.098415517,0.8704770343475515,0.44281404847642847,1.2804854001490458,-0.004185154169305816
0,0,1,XGBoost-R,9,X1,0.006191671,0.9878379905686164,0.5477966225342831,1.472128849165442,0.0008090614060787926
0,0,1,XGBoost-R,9,X2,0.005558284,0.993927505,0.6068835557582126,1.3298954070757252,0.0009000849965201784
0,0,1,MLP-R,9,W1,0.042758721,0.953213301,0.4614409018070857,1.495167754414721,-6.3575084669587055e-06
0,0,1,MLP-R,9,W2,0.094234956,0.9058149982682324,0.4554021689601158,1.2757129476149973,-0.00014367891692661504
0,0,1,MLP-R,9,X1,0.001755327,0.9980793172200964,0.5538759768096833,1.511494740680706,-2.6994688351988925e-06
0,0,1,MLP-R,9,X2,0.001497495,0.9985032990698224,0.6144024351096016,1.3215829543892499,5.199057655547179e-06
0,0,1,MLR,10,W1,0.051082854,0.9508214842540444,0.29967679256401303,1.588015077785109,6.803244782997986e-05
0,0,1,MLR,10,W2,0.099768043,0.9058043997850774,0.27185634408684045,1.5278080417243802,0.00015834732505493054
0,0,1,MLR,10,X1,0.001981753,0.9980921253120608,0.39560739189755717,1.6142551818623585,5.759542598959833e-07
0,0,1,MLR,10,X2,0.001722644,0.9983735727933808,0.4399855245047036,1.5160332407306658,-2.5511452398152556e-06
0,0,1,SVR,10,W1,0.050972617,0.9509276117073528,0.29522991292755674,1.5789391908303898,9.517359439435991e-05
0,0,1,SVR,10,W2,0.099281646,0.9062636300466403,0.26425804363197003,1.5472673684915375,0.00019298830700100744
0,0,1,SVR,10,X1,0.001979382,0.9980944085642328,0.39592391827942863,1.6139865000369376,-8.079817031325654e-07
0,0,1,SVR,10,X2,0.001727417,0.9983690665048728,0.4399838218281543,1.5145589962118406,-3.3152690886883997e-06
0,0,1,RF-R,10,W1,0.067007014,0.9354909665176075,0.27562490116724997,1.5052951689174128,0.0012704222595785407
0,0,1,RF-R,10,W2,0.1224460937990326,0.8843930089939516,0.24617533404535424,1.3946938260402946,0.0016375104331523226
0,0,1,RF-R,10,X1,0.021697637,0.9791112380655784,0.35481725605152115,1.469216219965385,0.0015870426604595923
0,0,1,RF-R,10,X2,0.026510003,0.9749706867035772,0.3922548197863659,1.3581825847486166,0.0018488102028666575
0,0,1,XGBoost-R,10,W1,0.052986046,0.9362129315247129,0.29053659241041196,1.6047874257781498,0.0029250784451506752
0,0,1,XGBoost-R,10,W2,0.1023616856648508,0.8725028282253976,0.25842474046257435,1.512385149855307,0.0021549903036729434
0,0,1,XGBoost-R,10,X1,0.003654304,0.9948148035499408,0.39124189118231556,1.6177721214210763,-4.416076299439409e-05
0,0,1,XGBoost-R,10,X2,0.00560168,0.9925495636623602,0.4287801389644593,1.501375681975779,-5.4389814028488195e-05
0,0,1,MLP-R,10,W1,0.051043801,0.9508590811017796,0.29978636915770146,1.5855358067665497,7.163064577290213e-05
0,0,1,MLP-R,10,W2,0.099409412,0.906143,0.2711961832344957,1.524113630410708,0.0003526041413893899
0,0,1,MLP-R,10,X1,0.001982608,0.9980913024140704,0.39583450860088887,1.614383605517558,5.789058575400575e-07
0,0,1,MLP-R,10,X2,0.001722525,0.9983736846362616,0.4399018899896207,1.5161029038956666,-8.488177326904101e-07
0,0,2,MLR,1,W1,0.078415778,0.9108744726422998,1.2440767785612223,0.6848508298192124,-0.00012348626432466813
0,0,2,MLR,1,W2,0.1608820032771451,0.8545284338032039,1.0206793880402907,0.5833506212362871,0.0001643483233975007
0,0,2,MLR,1,X1,0.000828399,0.999058461,1.4204166924155257,0.715503450714058,0.0
0,0,2,MLR,1,X2,0.000666068,0.999397732,1.3267502660293828,0.5863196887469921,1.716813998742239e-08
0,0,2,SVR,1,W1,0.077944851,0.9114097174190706,1.2415115019182377,0.6778322873348288,-6.910588786885885e-05
0,0,2,SVR,1,W2,0.1602626697832034,0.8550884430741392,1.0327829158051158,0.5932187510705407,0.00019408001860786727
0,0,2,SVR,1,X1,0.000826988,0.9990600648745492,1.41917084385294,0.7154737490313308,-1.3433738854651266e-08
0,0,2,SVR,1,X2,0.000665095,0.9993986122080252,1.3256639606683134,0.588235873771591,-3.367073955207189e-08
0,0,2,RF-R,1,W1,0.086352317,0.9018539893051184,1.1635487435363774,0.646039336351379,0.002632041756167458
0,0,2,RF-R,1,W2,0.1851526637750057,0.8325825919853822,0.9412637650586737,0.529524238311694,-0.0008402408060850352
0,0,2,RF-R,1,X1,0.012792206,0.9854606798922008,1.3294893548710534,0.637506980688393,0.001743999059611978
0,0,2,RF-R,1,X2,0.025003564,0.9773914571528936,1.2097519175261344,0.5178414063482072,0.0012402690464275111
0,0,2,XGBoost-R,1,W1,0.079261188,0.8836716708057699,1.2406164540775328,0.6962928983516474,0.004239868694394622
0,0,2,XGBoost-R,1,W2,0.1634087257224964,0.8074230521980569,1.0069766011825851,0.5796533310087354,0.003431186700445887
0,0,2,XGBoost-R,1,X1,0.00184165,0.9956477176534856,1.4161567784637912,0.7137846178543561,0.00010210764417168949
0,0,2,XGBoost-R,1,X2,0.002214477,0.9959408829473338,1.3161698421508923,0.5793351787560341,-6.270096102192201e-05
0,0,2,MLP-R,1,W1,0.07716191,0.9122995897118222,1.2409353694229688,0.681104001020451,0.0008268733834004838
0,0,2,MLP-R,1,W2,0.1605402123496082,0.8548374855338378,1.0267117172580922,0.5937313100387207,0.00021561192175824085
0,0,2,MLP-R,1,X1,0.000827938,0.9990589847487996,1.419180075814682,0.7163347977355835,-3.128088017501085e-08
0,0,2,MLP-R,1,X2,0.000663113,0.9994004044114344,1.327891997080709,0.5867802534936044,-7.559437004145408e-08
0,0,2,MLR,2,W1,0.1321816106344194,0.8620601909656079,0.5562359601620093,1.186203740877499,0.00022704963933439792
0,0,2,MLR,2,W2,0.3011797345146842,0.713193621,0.4722575501570823,0.8889777689220064,-5.250117069188765e-06
0,0,2,MLR,2,X1,0.001510045,0.9984241733449096,0.8017711038300945,1.219621486862801,0.0
0,0,2,MLR,2,X2,0.001477371,0.9985931343527424,1.0719708466305389,0.9140557602784621,0.0
0,0,2,SVR,2,W1,0.1302823639850323,0.8640421740786011,0.5251284060618696,1.1633780496819746,0.0005521248527104783
0,0,2,SVR,2,W2,0.300179671,0.714145958,0.48401945865826584,0.8981693446635184,-1.358851177868381e-06
0,0,2,SVR,2,X1,0.003053665,0.9968133093632684,0.7982751979065992,1.2096343742019342,-0.0011259210507466367
0,0,2,SVR,2,X2,0.002222593,0.9978834769392336,1.0610909135916418,0.9057707590829864,0.0013089666615346053
0,0,2,RF-R,2,W1,0.1520934356030932,0.8412809515500617,0.518794984493454,1.057642640380021,-0.0036793231598905795
0,0,2,RF-R,2,W2,0.3330144895820123,0.6828781326031929,0.44054281243935567,0.808139477264411,-0.0019357856191273616
0,0,2,RF-R,2,X1,0.020907753,0.978181447,0.7395947951661073,1.0846754664533595,-0.0026394129565660562
0,0,2,RF-R,2,X2,0.02600421,0.9752368018647992,0.9395835145916825,0.8130268339058461,0.003445990463732662
0,0,2,XGBoost-R,2,W1,0.1363466956838639,0.8142381709382054,0.5343947812182088,1.1791557726949078,0.006738726006966777
0,0,2,XGBoost-R,2,W2,0.3145042061987833,0.6227840744473867,0.46347647683318643,0.9235689554880444,0.006890151024344859
0,0,2,XGBoost-R,2,X1,0.003474939,0.9936589168242956,0.8013813996275998,1.2003924109005992,5.683937328341271e-05
0,0,2,XGBoost-R,2,X2,0.004022992,0.9914791287470656,1.0564273941123907,0.8921132189012004,0.0004339097261301661
0,0,2,MLP-R,2,W1,0.1310816935511279,0.8632080234946161,0.5474260857914032,1.1718336175496156,0.0003121699049971172
0,0,2,MLP-R,2,W2,0.3001747402678689,0.7141506536289768,0.4731799805407217,0.8878200936107016,0.00022128328069468406
0,0,2,MLP-R,2,X1,0.001505603,0.998428809,0.8012022508603417,1.219272366585785,-1.3697430922832154e-08
0,0,2,MLP-R,2,X2,0.001481625,0.9985890832440604,1.0722339535621144,0.9142460646445494,-1.3979980251210833e-08
0,0,2,MLR,3,W1,0.1215996371879402,0.8749117159803337,0.9023494148344413,0.8367527018636854,0.0003141394059958835
0,0,2,MLR,3,W2,0.2099247872401929,0.8045209525955656,0.7389524837477347,0.766494664710584,0.0
0,0,2,MLR,3,X1,0.001362213,0.998598706,1.1284739631252623,0.8845784853492024,-1.4781090817539422e-06
0,0,2,MLR,3,X2,0.000963444,0.9991028547872414,1.2146189583661484,0.7454694261959062,0.0
0,0,2,SVR,3,W1,0.1218755439747904,0.8746278935338643,0.9311778046739724,0.8048536041989436,-0.00010688087397188184
0,0,2,SVR,3,W2,0.2092929841494768,0.8051092788620539,0.7557589332487451,0.7669051370232969,-0.0005177395280117403
0,0,2,SVR,3,X1,0.001351568,0.998609656,1.1305966602330133,0.8806225680478871,4.4254196331916516e-07
0,0,2,SVR,3,X2,0.000963403,0.9991028921448316,1.2146586394022123,0.7453048331408791,5.914707167375965e-08
0,0,2,RF-R,3,W1,0.137062221,0.8590055162251351,0.8304945998372375,0.7718321736362441,0.0033817585537715745
0,0,2,RF-R,3,W2,0.2277767545441005,0.7878974484884964,0.7075854976927666,0.7203777498325458,0.0020986337080658333
0,0,2,RF-R,3,X1,0.015725701,0.9838231347248874,1.0499935563646126,0.8034752541901831,0.003021835718703669
0,0,2,RF-R,3,X2,0.020529138,0.9808835517274976,1.1153362088563927,0.6587863066483775,0.0006369203674106317
0,0,2,XGBoost-R,3,W1,0.1280935799197206,0.830341784,0.8842106227311086,0.838715247780992,-0.0013166601575426596
0,0,2,XGBoost-R,3,W2,0.2188952184408857,0.7484601335348242,0.7432245650266005,0.7668947490127639,0.012161477225606432
0,0,2,XGBoost-R,3,X1,0.002569945,0.994735393,1.1254290364526314,0.8750013052128404,8.663081132243011e-05
0,0,2,XGBoost-R,3,X2,0.00279005,0.9945297412780678,1.209980721010751,0.7295795468450756,2.1346539967925792e-05
0,0,2,MLP-R,3,W1,0.1212729472015753,0.8752477785767839,0.8764392784136346,0.8246564471471147,0.0015186388059998945
0,0,2,MLP-R,3,W2,0.2087989211724687,0.8055693434469609,0.7640318864723411,0.7678851765637938,-0.0007587343800372626
0,0,2,MLP-R,3,X1,0.001360251,0.9986007235007094,1.1287997419267506,0.8841248849115647,-1.3066748018042418e-06
0,0,2,MLP-R,3,X2,0.000965009,0.9991013967036888,1.214573439917997,0.7454705949322562,-1.66049512184685e-07
0,0,2,MLR,4,W1,0.1141741812575773,0.8850101585783808,0.680599357288074,0.9794283592839111,0.0
0,0,2,MLR,4,W2,0.2498993280778002,0.7855621217242336,0.510637503342107,0.8594844095754646,-0.0011252075821924557
0,0,2,MLR,4,X1,0.001396209,0.9985938167904276,0.9397974874581566,0.9671212915991931,0.0
0,0,2,MLR,4,X2,0.001023149,0.9991220386293036,0.980182356863387,0.8002418003703351,-3.642241390489076e-07
0,0,2,SVR,4,W1,0.1144348481891893,0.884747629,0.6853884474594591,0.9882429279900723,-0.0003306344894222879
0,0,2,SVR,4,W2,0.2485379990994537,0.786730274,0.5127291066683025,0.8710672698397529,-0.0003544594295746495
0,0,2,SVR,4,X1,0.001657512,0.9983306462583608,0.9380502108808144,0.9493590136766279,-1.4325485618149614e-05
0,0,2,SVR,4,X2,0.00101788,0.9991265600347584,0.9793184419283149,0.8000285068546106,1.1178243304321711e-07
0,0,2,RF-R,4,W1,0.1388537421929148,0.8601542869001129,0.6204054240486645,0.9087991319025217,-0.000396421973753891
0,0,2,RF-R,4,W2,0.2747305008900942,0.7642545653817472,0.5230343736388444,0.8075769494436125,0.004588714814048989
0,0,2,RF-R,4,X1,0.024320325,0.9755059307370668,0.8585429939943479,0.8807052472989781,-0.0006646355071480592
0,0,2,RF-R,4,X2,0.033139944,0.971562711,0.9021786753188875,0.7026778541959096,0.001208839737900047
0,0,2,XGBoost-R,4,W1,0.1169454439693029,0.8380432357058598,0.6708341577990368,1.0004959059807188,-0.008908065909471529
0,0,2,XGBoost-R,4,W2,0.2607195793036602,0.7286319068980975,0.5457402742459049,0.8436243310940444,0.002866963511904119
0,0,2,XGBoost-R,4,X1,0.003145591,0.9934162090546724,0.9273871868656848,0.9679982738358163,-0.00018279719445486454
0,0,2,XGBoost-R,4,X2,0.003645404,0.993327039,0.9894214380037625,0.783915464332368,-0.000913775899092728
0,0,2,MLP-R,4,W1,0.1146728042095054,0.8845079734649002,0.6810117307582534,0.9799275178302528,-0.00036408386623103527
0,0,2,MLP-R,4,W2,0.2501488166249818,0.7853480363358364,0.510692222412885,0.8595214899099718,-0.0011237178494449718
0,0,2,MLP-R,4,X1,0.001392771,0.9985972787109428,0.939547441922669,0.9674482857337521,8.214167237730052e-07
0,0,2,MLP-R,4,X2,0.001022367,0.9991227096071792,0.9794966905584488,0.8011303828150567,-4.643054519304357e-07
0,0,2,MLR,5,W1,0.1802981038118875,0.8201109135947756,0.3636581658790897,1.2983719430022513,0.0
0,0,2,MLR,5,W2,0.2972167396629611,0.7086292330131191,0.29197941314228626,1.035165210599109,0.0
0,0,2,MLR,5,X1,0.001582703,0.9984208873178756,0.7136071124185694,1.2937902625134892,6.165193755403031e-07
0,0,2,MLR,5,X2,0.001484058,0.9985451320746904,0.8659721738536887,1.058496555473981,-1.802714863941013e-07
0,0,2,SVR,5,W1,0.1800469411630616,0.8203615064655888,0.35318977478695535,1.2953132817813728,2.1974950992664777e-05
0,0,2,SVR,5,W2,0.296945838,0.7088948061221902,0.2941244880348044,1.0327210034015493,0.00015866518593465884
0,0,2,SVR,5,X1,0.003059986,0.9969469561300052,0.7050716388466646,1.23177364162153,-4.301000626416585e-06
0,0,2,SVR,5,X2,0.001481319,0.9985478169736292,0.8664754318679229,1.0584599865007625,-2.3823240948850355e-07
0,0,2,RF-R,5,W1,0.2042818007551068,0.7961816251523586,0.3199179386938727,1.1755437135632731,0.00027737435749181083
0,0,2,RF-R,5,W2,0.3208462398761448,0.6854645027612518,0.26445787930801234,0.947022152741259,0.0017532667482417885
0,0,2,RF-R,5,X1,0.019018032,0.9810251115267046,0.6262449895122717,1.1766310160702613,0.0003850933285845959
0,0,2,RF-R,5,X2,0.023846639,0.9766224017788916,0.7820390088113605,0.9574985146822753,-0.00011286544701717416
0,0,2,XGBoost-R,5,W1,0.1809282699161535,0.772866296,0.3414206626890823,1.2954401531639455,0.007855458633264367
0,0,2,XGBoost-R,5,W2,0.2969584019654202,0.584329032,0.27249250573334505,1.0529458975257822,-0.017879018642268308
0,0,2,XGBoost-R,5,X1,0.003112545,0.994021915,0.707094203098831,1.291972624826324,-0.00012999529867585569
0,0,2,XGBoost-R,5,X2,0.003346173,0.9935151848862692,0.8450447041824776,1.0584892949755769,-0.00021818301303674347
0,0,2,MLP-R,5,W1,0.1799508852058014,0.8204573445139653,0.3624759648896122,1.3106108015387241,-0.00046976011196377956
0,0,2,MLP-R,5,W2,0.2970747598707721,0.7087684201968345,0.28637965472384097,1.019562272573522,2.7563247944806248e-05
0,0,2,MLP-R,5,X1,0.001582304,0.9984212853221374,0.7136280044233432,1.2936904119234973,1.2892942484632463e-06
0,0,2,MLP-R,5,X2,0.001484917,0.99854429,0.8659680593950714,1.0587374571975974,-1.9102569193130137e-07
0,0,2,MLR,6,W1,0.1233898176664794,0.8801151261046881,1.0025407528310022,0.8332360381983666,0.0004097833534988049
0,0,2,MLR,6,W2,0.2351395624466177,0.7766185960251696,0.9164249069444799,0.7085570290648373,8.891366994701056e-06
0,0,2,MLR,6,X1,0.00113518,0.9988970653849224,1.2471053206238862,0.8755457659124086,1.8797082964927546e-06
0,0,2,MLR,6,X2,0.001048992,0.9990034626277028,1.4080409369799147,0.6750862911049653,2.4852542660158684e-06
0,0,2,SVR,6,W1,0.1235083932306616,0.8799999187332219,1.007141486937674,0.8305742122235028,-0.00019545866202521633
0,0,2,SVR,6,W2,0.2337080060802868,0.7779785673870823,0.9645804933907938,0.7500492663025125,9.653651730336942e-05
0,0,2,SVR,6,X1,0.001986272,0.9980701485975676,1.2351591218403726,0.8653711879363065,9.499024773695907e-06
0,0,2,SVR,6,X2,0.001046876,0.9990054730887852,1.4080926695867626,0.6743612165554801,5.284606187405672e-06
0,0,2,RF-R,6,W1,0.139387704,0.8645716668259698,0.9532412981671825,0.7598149031209905,0.002633243447499234
0,0,2,RF-R,6,W2,0.2634126101836825,0.7497593425995077,0.8242921914357757,0.6382011796919135,0.003019662665855849
0,0,2,RF-R,6,X1,0.023883035,0.9767953737563996,1.1150262067576016,0.7574619591826192,-0.0007637885508791853
0,0,2,RF-R,6,X2,0.0196226,0.9813586285612224,1.2901449652412984,0.6116525369719844,-0.00019558436199368368
0,0,2,XGBoost-R,6,W1,0.1300846454252587,0.8357048729073018,1.0025455765911915,0.8206529530571098,-0.004182871660215604
0,0,2,XGBoost-R,6,W2,0.2433249678140925,0.7214691196986678,0.926260177985544,0.7314851832388255,0.011751893436946336
0,0,2,XGBoost-R,6,X1,0.003160052,0.9932831883650723,1.2209025193132141,0.8564444883374682,-0.0003171609649589624
0,0,2,XGBoost-R,6,X2,0.002375143,0.9951723519979294,1.3947447478222235,0.6664243834393299,6.509574443881449e-05
0,0,2,MLP-R,6,W1,0.1229287617431503,0.8805630855252653,1.0175790609180981,0.8177700363684057,0.00015782500478122018
0,0,2,MLP-R,6,W2,0.2349631283145621,0.7767862075649614,0.9178845777030638,0.714792471316388,5.075997904963048e-05
0,0,2,MLP-R,6,X1,0.001134978,0.998897261,1.246807826821367,0.875499148722054,1.7437922100183023e-06
0,0,2,MLP-R,6,X2,0.001049778,0.999002717,1.4080343502371548,0.6751140539737148,2.7015975513133838e-06
0,0,2,MLR,7,W1,0.147905565,0.8369486026757159,0.9364783698687209,1.033830086282518,0.0
0,0,2,MLR,7,W2,0.2707415882985546,0.761047061,0.7504385108191709,0.7194394343746354,0.0004320355867151293
0,0,2,MLR,7,X1,0.001192842,0.9986850087487116,1.2580866627130596,1.117820923932967,0.0
0,0,2,MLR,7,X2,0.001008281,0.9991101046755042,1.2297069592157255,0.725484364653628,1.1801706934155832e-06
0,0,2,SVR,7,W1,0.1479610774473991,0.8368874054336278,0.9418290591322706,1.022756002985575,-1.1733351124343372e-05
0,0,2,SVR,7,W2,0.2706550147131971,0.7611234693997994,0.750493396642242,0.732944537923132,0.00036640997597534584
0,0,2,SVR,7,X1,0.00141234,0.9984430338200014,1.2479574583959996,1.115373311289995,-8.003779394660792e-06
0,0,2,SVR,7,X2,0.001008613,0.999109812,1.2298098378798987,0.7257420498375003,7.938800029028137e-07
0,0,2,RF-R,7,W1,0.1636504206630048,0.8195914413659862,0.8310698909985185,0.9369399956159139,0.003995969455557991
0,0,2,RF-R,7,W2,0.2884143748908945,0.7454492933664341,0.7050417799008162,0.680431667632337,0.00152555760544697
0,0,2,RF-R,7,X1,0.022975622,0.9746716277249988,1.1135791055276296,0.9770989753362571,0.0006775833426599709
0,0,2,RF-R,7,X2,0.026510609,0.9766020879728684,1.0893791577954235,0.6488184253975493,-0.0005461465562970113
0,0,2,XGBoost-R,7,W1,0.1513581154589857,0.796132972,0.9605012514461503,1.0080802848124686,0.01251811885240709
0,0,2,XGBoost-R,7,W2,0.2725670537685301,0.6851152889318429,0.7471251994126533,0.7324639434734499,-0.006887195215045994
0,0,2,XGBoost-R,7,X1,0.002893368,0.9930167595150284,1.2443404985061428,1.1051925014301565,0.00024362324675201164
0,0,2,XGBoost-R,7,X2,0.00354375,0.993919861,1.2244989286365102,0.7207069213292067,4.0188858249878835e-05
0,0,2,MLP-R,7,W1,0.1481279694790065,0.8367034233164551,0.9369482423908393,1.0336330665651752,-2.1354994095124092e-05
0,0,2,MLP-R,7,W2,0.2708394846029554,0.760960659,0.7482267825808854,0.7172403453057057,0.0005389613194992316
0,0,2,MLP-R,7,X1,0.001193869,0.9986838761320864,1.258220218695558,1.1178849960885842,2.0968550145994413e-06
0,0,2,MLP-R,7,X2,0.001008479,0.9991099297326376,1.2296799303614896,0.7254431048452689,1.3945556043504227e-06
0,0,2,MLR,8,W1,0.1455522748918776,0.8598287191010104,0.5312766197151639,1.1613078837994846,8.652054148161614e-05
0,0,2,MLR,8,W2,0.2926484811972184,0.677421793,0.3910762831612101,1.0050149792311267,0.0007113290148531793
0,0,2,MLR,8,X1,0.001453202,0.9986005223248988,0.8358911487924138,1.2065967483007574,-8.134298375450654e-06
0,0,2,MLR,8,X2,0.001215596,0.9986600826588632,1.0244295606369813,1.0036205705813828,0.0
0,0,2,SVR,8,W1,0.145243016,0.8601265443817838,0.5333855644531941,1.1536197976956304,7.471289215498223e-05
0,0,2,SVR,8,W2,0.2920267747364031,0.6781070823356077,0.37586938167042827,1.0014766508739399,0.0003287868297768393
0,0,2,SVR,8,X1,0.00231612,0.9977695057731936,0.8283779904436269,1.199766637004571,0.0003340563405241137
0,0,2,SVR,8,X2,0.001221837,0.998653204,1.0231735016019603,1.0048965562159,-6.963128145720532e-06
0,0,2,RF-R,8,W1,0.159857342,0.8460525028490556,0.5141800280006517,1.0667662826984647,-0.0018143146569451374
0,0,2,RF-R,8,W2,0.2916077635684025,0.6785689465859778,0.3656453111638992,0.94592183863765,0.012125598612888821
0,0,2,RF-R,8,X1,0.021572078,0.9792254304497529,0.7604008846618153,1.0845693347059784,-0.00046381358534909324
0,0,2,RF-R,8,X2,0.014497602,0.9840197002235496,0.9276657712317059,0.9257384893749177,0.0002191683877023287
0,0,2,XGBoost-R,8,W1,0.151494529,0.811358178,0.5418155505872252,1.155198388549122,-0.0011266454370849166
0,0,2,XGBoost-R,8,W2,0.295069837,0.5848609167695533,0.404239161220138,0.9837715749940766,0.004910695640507201
0,0,2,XGBoost-R,8,X1,0.003545283,0.9924860402063884,0.8190346894266158,1.2016970038461643,-7.93135784032839e-05
0,0,2,XGBoost-R,8,X2,0.002589849,0.9931852316551412,1.0124585801612624,0.9919183961637227,-8.64431655567488e-05
0,0,2,MLP-R,8,W1,0.1446888378884623,0.8606602352750737,0.5317132336602717,1.1591460136680476,5.3375961928781024e-05
0,0,2,MLP-R,8,W2,0.2893266598366718,0.6810833432071942,0.396748865853769,1.0000259008552714,3.5481156697714233e-05
0,0,2,MLP-R,8,X1,0.001451557,0.998602107,0.835509509613987,1.2066197703211308,-6.662778896882049e-06
0,0,2,MLP-R,8,X2,0.001228947,0.998645366,1.0240444972543232,1.0037803658728686,-1.0363203360974626e-05
0,0,2,MLR,9,W1,0.1479745630061685,0.8484109332830092,0.5749532144414757,1.1045441097845519,-0.00021206822007486804
0,0,2,MLR,9,W2,0.2713182606338772,0.7333106105593508,0.5139898286064508,0.920181974725398,0.0006238453925942467
0,0,2,MLR,9,X1,0.001414644,0.9985508010555192,0.8533447761110263,1.101003974583972,3.548012217013952e-06
0,0,2,MLR,9,X2,0.001153553,0.9988661278759784,1.080643576961089,0.8988342498067414,9.215645386695392e-07
0,0,2,SVR,9,W1,0.1476095912109165,0.8487848200693346,0.5839424504695073,1.0809839140387674,-0.0005634387648724148
0,0,2,SVR,9,W2,0.2712906628406716,0.7333377375157257,0.5285773820448478,0.9168087481254767,0.0006130548170582784
0,0,2,SVR,9,X1,0.001412626,0.9985528684954628,0.8529721838142175,1.1012019980270613,5.874556384555252e-06
0,0,2,SVR,9,X2,0.001153393,0.9988662843808204,1.0784840681869399,0.8993408199469707,1.644193816507933e-06
0,0,2,RF-R,9,W1,0.1664265808849158,0.8295081968095255,0.5389264996797559,1.0368270569183935,-0.004090831204415413
0,0,2,RF-R,9,W2,0.2983693761242407,0.7067210052118928,0.4682787103139988,0.8373535723022746,0.0017719032377754517
0,0,2,RF-R,9,X1,0.019167022,0.980364795,0.7834984832911643,1.0025185631548013,-0.00038583887720885504
0,0,2,RF-R,9,X2,0.027603324,0.972867607,0.957590322276408,0.811446458802117,-0.000692468527352097
0,0,2,XGBoost-R,9,W1,0.1528329275220241,0.8091279168374256,0.569007780103261,1.1009879572948962,0.0015135463844548336
0,0,2,XGBoost-R,9,W2,0.2907447016945291,0.658029212,0.5203578846579121,0.9137946827609188,0.010374281335877856
0,0,2,XGBoost-R,9,X1,0.003640593,0.9934661526722656,0.8363425460304634,1.0961719436636197,-8.907252689343004e-05
0,0,2,XGBoost-R,9,X2,0.004234945,0.9922249722678496,1.0479793861387103,0.8907982928319049,-0.00019948378792105091
0,0,2,MLP-R,9,W1,0.1470304266484889,0.8493781316068744,0.5817323091998,1.1016238755714989,-0.0001351545166228374
0,0,2,MLP-R,9,W2,0.2699534031912177,0.7346521826201697,0.5539389682517457,0.9799795664330242,0.0019306712216471179
0,0,2,MLP-R,9,X1,0.001415244,0.9985501861192648,0.8533430537885897,1.1010703002223563,3.563969364883679e-06
0,0,2,MLP-R,9,X2,0.001153317,0.998866359,1.0798874459183576,0.8989173097404036,-1.2830043752964925e-07
0,0,2,MLR,10,W1,0.1153929063874045,0.8829153083841731,0.966717152834749,0.9045590456983315,-0.0006726451777129605
0,0,2,MLR,10,W2,0.2086397415162412,0.775789723,0.958999271439645,0.8352524075621084,-0.0011905890827243804
0,0,2,MLR,10,X1,0.00114299,0.9988402521867512,1.1800673212737844,0.8874906896179391,9.209705181845163e-06
0,0,2,MLR,10,X2,0.000904907,0.9990275609052685,1.4186309961429961,0.8722188631790175,-7.944451142494202e-08
0,0,2,SVR,10,W1,0.117572477,0.8807037828570013,0.9554677432529853,0.917961298737851,-0.0009754239755517702
0,0,2,SVR,10,W2,0.2087666072182478,0.7756533895078686,0.9660417932333457,0.846169444281099,-0.0009430486682595829
0,0,2,SVR,10,X1,0.001143099,0.9988401422406326,1.1814887541750827,0.8877012026528404,1.4599927151337511e-05
0,0,2,SVR,10,X2,0.000925837,0.9990050684834216,1.422158431719585,0.8771007659029509,2.934469235382764e-08
0,0,2,RF-R,10,W1,0.1254426967472485,0.8727181771919347,0.9274686223573783,0.8565203378240748,0.0030132656407258706
0,0,2,RF-R,10,W2,0.2274927299349139,0.755529759,0.8834048242672502,0.7263031462149433,-0.0022205294297941935
0,0,2,RF-R,10,X1,0.018211257,0.9815217465141272,1.1052451552931322,0.8122903112550484,-0.0009597907331684641
0,0,2,RF-R,10,X2,0.015083417,0.9837909251581768,1.2994212775470695,0.7692221619401841,-3.5639858271929725e-05
0,0,2,XGBoost-R,10,W1,0.1169233788300084,0.8529310351294138,0.975132160945552,0.9342008517314216,0.0004482037887187151
0,0,2,XGBoost-R,10,W2,0.211996713,0.7088378623613046,0.954899635951613,0.8188405823137324,-0.001628678286308971
0,0,2,XGBoost-R,10,X1,0.003195859,0.9936039024260572,1.1620243103317467,0.8787261584449485,-0.00011495331757851445
0,0,2,XGBoost-R,10,X2,0.002377515,0.9944910538194116,1.4123768990684762,0.8620263443881331,5.486717668331531e-05
0,0,2,MLP-R,10,W1,0.1160800975838521,0.8822180422190671,0.9653578637663195,0.9059136237641608,-0.00056222064515411
0,0,2,MLP-R,10,W2,0.2066340255169474,0.7779451232418183,0.9525639790212524,0.8285186001163103,-0.0010594590262695159
0,0,2,MLP-R,10,X1,0.001138815,0.9988444885045372,1.1783424923167192,0.8862506899800247,1.8271186199003697e-05
0,0,2,MLP-R,10,X2,0.000904503,0.9990279947778624,1.4184940170979565,0.8713105521135216,-6.61751025088364e-09
0,1,0,MLR,1,W1,0.3164689013940931,0.6773313203795781,0.6521263335286889,0.6979665896621492,-0.0005498736321152608
0,1,0,MLR,1,W2,0.5106663857377874,0.5039691210515507,0.5073556538473032,0.4555579789283432,0.0
0,1,0,MLR,1,X1,0.003339977,0.9965945910543796,1.2888693608039505,0.7008613380966283,-1.8212814384410692e-07
0,1,0,MLR,1,X2,0.001761275,0.9982892024904472,1.5064820592728303,0.4468241805121913,-7.240970279265291e-07
0,1,0,SVR,1,W1,0.3148022572336076,0.6790306149020161,0.6487065775785394,0.6968469552701422,-1.961426088166185e-05
0,1,0,SVR,1,W2,0.5112012482965735,0.5034495874527845,0.504142883181409,0.45289513836304973,0.0005818619506568146
0,1,0,SVR,1,X1,0.005239109,0.9946582542513812,1.2183461722980085,0.67595056254774,-8.382287882802153e-06
0,1,0,SVR,1,X2,0.001771549,0.9982792229066668,1.5090096994659763,0.44639781803813355,-1.1572914274782243e-06
0,1,0,RF-R,1,W1,0.3326218558498813,0.6608619217648704,0.6036384018308573,0.6062169152018938,-0.0001070019028832192
0,1,0,RF-R,1,W2,0.5412349559951187,0.4742766345350654,0.4111925347690195,0.40453419099248,-0.008597718357500539
0,1,0,RF-R,1,X1,0.025547397,0.973952117,1.1754208394405103,0.6059489461046039,8.043126434604808e-05
0,1,0,RF-R,1,X2,0.024891544,0.9758218384309983,1.3741233751644415,0.3904731481226399,-0.000946378631866307
0,1,0,XGBoost-R,1,W1,0.3211656032018762,0.5757071364558135,0.664015738592888,0.7214167499384205,-0.011437758279041754
0,1,0,XGBoost-R,1,W2,0.5146772073997692,0.3101657508284179,0.474617439617825,0.4990890875856622,-0.0442295161911763
0,1,0,XGBoost-R,1,X1,0.006513933,0.9869684895982194,1.2811827097467792,0.6669699214131272,1.323311099699076e-07
0,1,0,XGBoost-R,1,X2,0.005070402,0.9923224670086888,1.487391991007558,0.4314219904892317,0.00012970816446827849
0,1,0,MLP-R,1,W1,0.3147723225592829,0.6790611360110308,0.6578411946040866,0.6962618257846753,0.0002787070738225816
0,1,0,MLP-R,1,W2,0.509139534,0.5054522141866679,0.49130486577777416,0.48187439538914295,0.0048755718109139475
0,1,0,MLP-R,1,X1,0.003328135,0.9966066652359076,1.2877591914050694,0.7000962707504554,1.0827181391448449e-07
0,1,0,MLP-R,1,X2,0.001761652,0.9982888364274366,1.5058604315382973,0.4469273563549523,-6.305596530697954e-07
0,1,0,MLR,2,W1,0.2139464418655003,0.7986529387196728,0.9294581932472198,0.42847134859090297,0.0
0,1,0,MLR,2,W2,0.4153296461258305,0.6218735549081005,0.7701594884416546,0.3156976167049571,0.0
0,1,0,MLR,2,X1,0.002555626,0.9975948757212654,1.358538597902491,0.4686525932669716,0.0
0,1,0,MLR,2,X2,0.001812469,0.9983498830513808,1.5740094238767117,0.331232376037468,0.0
0,1,0,SVR,2,W1,0.2131211691707537,0.7994296108175738,0.9383830919628645,0.4208708470307337,-2.747776134837121e-05
0,1,0,SVR,2,W2,0.4163196498599816,0.6209722308728092,0.7867828076124758,0.3090858682333224,-0.000528988110524753
0,1,0,SVR,2,X1,0.002540767,0.9976088595130498,1.3525285128786382,0.47208491727730967,3.162506564119427e-05
0,1,0,SVR,2,X2,0.005516876,0.9949772986946224,1.564020855533903,0.3260577717635522,-0.0015490945828034674
0,1,0,RF-R,2,W1,0.2338502109119741,0.7799213095747056,0.8655147857530714,0.39387465667347493,0.0006415939950839666
0,1,0,RF-R,2,W2,0.4565848135891084,0.5843138238364733,0.6600141286968142,0.2768909405638646,-0.00933151837771531
0,1,0,RF-R,2,X1,0.021529819,0.9797380798451358,1.254426710819136,0.4230762958469609,-0.00011739020018086688
0,1,0,RF-R,2,X2,0.030031379,0.972658685,1.4181659685390922,0.2910301802468612,-0.0011623587907628186
0,1,0,XGBoost-R,2,W1,0.2252090478714058,0.7210657296526501,0.9438032564768039,0.4168102370939989,-0.0013238941531548587
0,1,0,XGBoost-R,2,W2,0.423240267,0.4807905390823432,0.7593306764002852,0.28851761154328026,-0.013941248074436141
0,1,0,XGBoost-R,2,X1,0.004311486,0.9923189580682192,1.3469012566692922,0.45478135792826613,-0.00030459623644710774
0,1,0,XGBoost-R,2,X2,0.004498833,0.9930114869959218,1.570909080468302,0.3209114204281844,-6.787290836692827e-05
0,1,0,MLP-R,2,W1,0.2134552320007247,0.7991152210641796,0.9368471732167803,0.4249494375945549,0.00016212621967738318
0,1,0,MLP-R,2,W2,0.4168717031034422,0.6204696278624093,0.7778643542974131,0.3169883606130184,-0.0008755061492435213
0,1,0,MLP-R,2,X1,0.002544969,0.997604905,1.3577784747826438,0.4709430063753456,1.921339289562285e-05
0,1,0,MLP-R,2,X2,0.001812184,0.9983501422772052,1.573861243895874,0.33135782078155496,9.357621498784496e-08
0,1,0,MLR,3,W1,0.4563877130930523,0.5581693926317982,0.0911216680672701,0.9601369795002194,0.0
0,1,0,MLR,3,W2,0.73397307,0.3347847374993803,0.06340863862590372,0.585055314893488,0.00039130556817973394
0,1,0,MLR,3,X1,0.005215228,0.9949511190522544,0.9347598305059046,0.938059206576322,1.7989431193121685e-05
0,1,0,MLR,3,X2,0.002818098,0.997445898,1.3576930230065305,0.559397268370537,2.509486055435328e-06
0,1,0,SVR,3,W1,0.452158373,0.5622638317571848,0.09234296304597939,1.013480674139528,0.0017796473530472979
0,1,0,SVR,3,W2,0.7305648621469564,0.3378736681168156,0.057718672510514255,0.5991087928357416,0.0005659297677964803
0,1,0,SVR,3,X1,0.006707296,0.9935066423962344,0.9179497339058849,0.9364029830597488,0.002415397163286259
0,1,0,SVR,3,X2,0.002817537,0.9974464068676748,1.357593138852423,0.558590628205242,2.6326569103174434e-06
0,1,0,RF-R,3,W1,0.4873826698383753,0.5281630621122362,0.07893082209430984,0.8742903949961397,0.0015608819339142266
0,1,0,RF-R,3,W2,0.7698050742700974,0.3023094368464277,0.05837017060594936,0.5040094541220437,-0.00032316231557445453
0,1,0,RF-R,3,X1,0.027734491,0.9731501380359796,0.8449319848960263,0.8582614420818654,0.0005885087464369332
0,1,0,RF-R,3,X2,0.032474207,0.970567941,1.2379365049989945,0.48702122021349953,-0.002687963845602148
0,1,0,XGBoost-R,3,W1,0.4587075856882582,0.3603764533625704,0.07842574260334197,0.910924000772704,-0.03440206975458748
0,1,0,XGBoost-R,3,W2,0.7460596809304818,0.1411389386060582,0.05682136352838198,0.5881555643196074,-0.004103100389774228
0,1,0,XGBoost-R,3,X1,0.008306315,0.989789251,0.9301697913760429,0.934398655336252,0.00022723864085126831
0,1,0,XGBoost-R,3,X2,0.006237663,0.9907897193523132,1.3740064637767693,0.534360568041899,0.00011457346078166397
0,1,0,MLP-R,3,W1,0.4491364789232587,0.5651893388430929,0.090102768705427,0.9670303725474165,0.007612523944789906
0,1,0,MLP-R,3,W2,0.7332205458056285,0.3354667660460109,0.061516416719454806,0.5856114341205743,0.00040004298044027387
0,1,0,MLP-R,3,X1,0.005212768,0.9949535006476554,0.9354094156106735,0.9399249201011779,2.618830111955628e-05
0,1,0,MLP-R,3,X2,0.002817387,0.9974465431829816,1.3576035425798025,0.5594066354314048,3.348805535863253e-06
0,1,0,MLR,4,W1,0.1709538927851488,0.8239188619488006,1.3426100138582284,0.3610857545447247,2.388598091549454e-05
0,1,0,MLR,4,W2,0.3040350323849729,0.6848878048870408,1.090974932891339,0.25323246840138297,0.0
0,1,0,MLR,4,X1,0.001448976,0.9985075666288926,1.6744523723580116,0.3471833763342101,0.0
0,1,0,MLR,4,X2,0.001474547,0.9984717298648128,1.6743410582515597,0.25882590388191434,0.0
0,1,0,SVR,4,W1,0.1708820698970613,0.8239928389473148,1.3105552780269947,0.3413711226422104,0.00011163659825601524
0,1,0,SVR,4,W2,0.3031214192135804,0.6858347044915478,1.073234987450361,0.2358031802722249,-0.00022247719389539844
0,1,0,SVR,4,X1,0.004647488,0.9952131243051648,1.6540385705217395,0.34609772915303816,-0.0009223317502785377
0,1,0,SVR,4,X2,0.001483217,0.9984627441944072,1.6758661988494468,0.25877431675924856,-6.762231970602883e-06
0,1,0,RF-R,4,W1,0.1813616051441797,0.8131990017173002,1.2877719930751421,0.33194452510937067,-0.0006276578830639368
0,1,0,RF-R,4,W2,0.3113632715854312,0.6772925698160861,1.023452583267186,0.24270738293277283,0.010147930075305478
0,1,0,RF-R,4,X1,0.016798803,0.9826973675624504,1.5779592367979967,0.30614149491856274,-0.0019177403126406033
0,1,0,RF-R,4,X2,0.012596723,0.9869443296810856,1.5770856358469734,0.23587789513648744,-0.00018324375298031103
0,1,0,XGBoost-R,4,W1,0.1762293438607621,0.782407085,1.3683131009304312,0.3850245817072954,0.005039088039893502
0,1,0,XGBoost-R,4,W2,0.3028028476823314,0.5798933389719877,1.0896431103315507,0.25635735309481567,0.006724181521489491
0,1,0,XGBoost-R,4,X1,0.002853484,0.9946128140004268,1.6605431528187906,0.3410073351850969,-0.00018574485561639875
0,1,0,XGBoost-R,4,X2,0.002436458,0.9955306963438618,1.6740714492676592,0.25437577533101013,8.548365853700002e-05
0,1,0,MLP-R,4,W1,0.1707320182763246,0.8241473909128494,1.3425579763001982,0.36332471951704537,0.00030022010670873735
0,1,0,MLP-R,4,W2,0.3038470106708785,0.685082677,1.0912893041005138,0.2522715188936742,0.0003336523717361262
0,1,0,MLP-R,4,X1,0.001453192,0.998503224,1.674446399806532,0.3471902160153638,-1.8805743345895465e-07
0,1,0,MLP-R,4,X2,0.001480934,0.9984651102761924,1.6742212303811694,0.25870484093843293,-5.831658932120565e-06
0,1,0,MLR,5,W1,0.1817772597162493,0.8192651281341476,1.1545491013357756,0.3907650546924796,0.0010407387707126903
0,1,0,MLR,5,W2,0.3787384620524283,0.6662182741810594,0.8382924213075954,0.32196617429943863,0.0011160567618088923
0,1,0,MLR,5,X1,0.001844204,0.9981663710936808,1.512422780664787,0.3869575997307193,2.1186242470938588e-06
0,1,0,MLR,5,X2,0.001610994,0.998580233,1.5749927586628054,0.30319907311580946,-3.0698856711586233e-06
0,1,0,SVR,5,W1,0.1818488591679752,0.8191939392640243,1.1591578752274443,0.39047636989988127,0.001091745005095679
0,1,0,SVR,5,W2,0.3761692731232118,0.6684824971229324,0.8342621770549963,0.3447554453867844,0.017035536520079986
0,1,0,SVR,5,X1,0.001844234,0.9981663415865544,1.5113552053892352,0.38715999169504894,3.918766388111283e-06
0,1,0,SVR,5,X2,0.006557026,0.9942213014671708,1.477628226004656,0.29132381113156913,-3.523080922465116e-05
0,1,0,RF-R,5,W1,0.1939423817201851,0.8071697660957615,1.0708944397400462,0.3741815428199683,0.0032982226705248418
0,1,0,RF-R,5,W2,0.3931236094498606,0.6535406620408639,0.7935525391074126,0.3102454197475854,0.01074290644568604
0,1,0,RF-R,5,X1,0.016222873,0.9838701561557328,1.4050225236757843,0.3517786501069652,-0.00041342093929459535
0,1,0,RF-R,5,X2,0.021914361,0.9806869014761472,1.4396033587485366,0.27757155859942617,0.001091768822435868
0,1,0,XGBoost-R,5,W1,0.1847222691636196,0.7512778256136008,1.1508108277193858,0.392306128589647,0.001901032740839037
0,1,0,XGBoost-R,5,W2,0.3807347038851722,0.5810817100487305,0.8669211482407684,0.3279053690953595,0.02289825887962942
0,1,0,XGBoost-R,5,X1,0.003277325,0.994855938,1.4978922706785576,0.38517710993049736,0.00024423424686704777
0,1,0,XGBoost-R,5,X2,0.003597484,0.9944580945125442,1.5524935160162725,0.2995658729936429,-1.9337713742373365e-05
0,1,0,MLP-R,5,W1,0.1789949853165567,0.8220314477932131,1.167577053846864,0.39249023219199963,0.004440737223425617
0,1,0,MLP-R,5,W2,0.3742727481429461,0.6701539021805052,0.8590735965531613,0.3350413946905986,0.006891422537561332
0,1,0,MLP-R,5,X1,0.001843881,0.9981666923933264,1.5121222985219889,0.38694333857633106,2.3144528313423505e-06
0,1,0,MLP-R,5,X2,0.001611905,0.9985794301731072,1.574972430502511,0.3027740120306382,-7.407498450295869e-07
0,1,0,MLR,6,W1,0.3836217153681114,0.6233449973195937,0.6072891267589205,0.613095560760017,0.00029134138915198893
0,1,0,MLR,6,W2,0.5983848812693595,0.3645391464932757,0.3719867168651439,0.45254528825128715,-0.0006100093941759921
0,1,0,MLR,6,X1,0.004370508,0.9957088618513964,1.3826997127672587,0.6273856380816821,1.7697129126703626e-05
0,1,0,MLR,6,X2,0.002189746,0.997674578,1.6423845904613237,0.4848442391740398,0.0
0,1,0,SVR,6,W1,0.3823100076926695,0.6246328838969617,0.6139920334117961,0.603941331107903,0.00028698706061174305
0,1,0,SVR,6,W2,0.5972942547702175,0.3656973482923112,0.37107458709483665,0.44615665878372546,0.00028343716346138634
0,1,0,SVR,6,X1,0.007828001,0.9923141583410326,1.348004254147688,0.6060626696464277,0.0032815014179673695
0,1,0,SVR,6,X2,0.009542328,0.9898664281909676,1.6108716676415107,0.4734030866367891,0.0023223059691890647
0,1,0,RF-R,6,W1,0.4119495912752697,0.5955315661495086,0.5775935803713459,0.5558189478806433,0.0013690927687693643
0,1,0,RF-R,6,W2,0.6323169980581216,0.3285045931968492,0.3101610990320397,0.3901815504405096,0.014552796424701808
0,1,0,RF-R,6,X1,0.025278644,0.9751804255326668,1.2568991192371615,0.5670597151396464,0.0022682123390920907
0,1,0,RF-R,6,X2,0.03478205,0.9630628517321942,1.4473804026451234,0.4091981924414763,-0.001283126086972297
0,1,0,XGBoost-R,6,W1,0.3888224629373366,0.504635143,0.6349323446944487,0.5948514630296374,-0.004734640002080792
0,1,0,XGBoost-R,6,W2,0.6215274234754969,0.170988464,0.31063528084795633,0.4723865968131463,0.015413740316684387
0,1,0,XGBoost-R,6,X1,0.006662723,0.9872310845714348,1.3749107547015136,0.6281379271777248,-0.00047164752420245646
0,1,0,XGBoost-R,6,X2,0.004972125,0.9907498219062636,1.6155106883762596,0.4722505129225353,0.00044483009438484045
0,1,0,MLP-R,6,W1,0.383459788,0.6235039836599063,0.6091039606842725,0.6117810012870172,0.00032106789808290516
0,1,0,MLP-R,6,W2,0.5984097177776571,0.3645127711130566,0.37192966614279066,0.45252330845487343,-0.0005999385936476531
0,1,0,MLP-R,6,X1,0.00437011,0.9957092531884724,1.3826453104022163,0.6272750499365534,1.6678694116201154e-05
0,1,0,MLP-R,6,X2,0.002194005,0.9976700544694966,1.6421811369157537,0.4848392874807425,-3.474690169036343e-07
0,1,0,MLR,7,W1,0.3261387056758859,0.6394631009038443,0.6734979696336779,0.6335585936576351,-8.84632905914784e-05
0,1,0,MLR,7,W2,0.5457493859825813,0.4336204860989344,0.42475618253548875,0.44321627328310376,0.0006553964135237011
0,1,0,MLR,7,X1,0.003889161,0.9957006445924426,1.3905480648411344,0.6739025174203702,1.070553628865767e-05
0,1,0,MLR,7,X2,0.002290817,0.9976225865966628,1.5910924597689826,0.4700798866956893,-4.593949253894891e-07
0,1,0,SVR,7,W1,0.320235794,0.6459885988790788,0.68596464297986,0.6496374066616142,0.013901887996697226
0,1,0,SVR,7,W2,0.5457356009668506,0.4336347922084954,0.42832496903814565,0.4410048745122663,0.0016216178420713101
0,1,0,SVR,7,X1,0.004592161,0.9949234984714582,1.3834813400148191,0.6678486517831265,0.0003106598411411254
0,1,0,SVR,7,X2,0.003486031,0.9963821920908555,1.5527188021687395,0.45088224705864854,-5.8672316964558655e-05
0,1,0,RF-R,7,W1,0.3440632440149428,0.6196480425926849,0.6178870022946091,0.6081001533036904,-0.002400312856517872
0,1,0,RF-R,7,W2,0.5730800150467289,0.4052567191363889,0.37508824010870223,0.38630058190317884,0.005108384128997856
0,1,0,RF-R,7,X1,0.017806254,0.9803157015658662,1.2785930504721075,0.614419094027667,0.0002473140926405715
0,1,0,RF-R,7,X2,0.019684004,0.9795719113217458,1.470231760757488,0.4241729597558506,0.0020318659967677455
0,1,0,XGBoost-R,7,W1,0.328590887,0.5225337839970847,0.682212227582441,0.6590531025394845,0.003255832991462315
0,1,0,XGBoost-R,7,W2,0.5512904212123049,0.2707921346545554,0.437738488153595,0.47650776546577206,0.00968230535722422
0,1,0,XGBoost-R,7,X1,0.005529645,0.9902334570764388,1.3750214322005443,0.6745109753978649,-0.0001936878725039226
0,1,0,XGBoost-R,7,X2,0.003926466,0.9927445308440084,1.5874494086722,0.4643704683543849,-0.00029741103458773565
0,1,0,MLP-R,7,W1,0.3241006695914234,0.6417160908046149,0.6747903999837255,0.6366836183545059,0.00038016362877391074
0,1,0,MLP-R,7,W2,0.5454600111992683,0.4339208,0.42884309700073436,0.43786013761439235,0.0011254015274631767
0,1,0,MLP-R,7,X1,0.003886379,0.9957037203836896,1.3912486148921814,0.6743705956099936,1.1167716454030251e-05
0,1,0,MLP-R,7,X2,0.002289182,0.9976242831421608,1.5913561688760942,0.47006576811980166,-2.8095476214407e-07
0,1,0,MLR,8,W1,0.1285204088747326,0.8806304026041412,1.463451758481388,0.2730986375238651,0.0004536084561441611
0,1,0,MLR,8,W2,0.2679223965975607,0.7237471782368565,1.2854540875894913,0.2566515426198086,0.00112805409506338
0,1,0,MLR,8,X1,0.001397052,0.9987024199487796,1.7361250887105613,0.26196466383216555,0.0
0,1,0,MLR,8,X2,0.001107531,0.9988580327999248,1.7671907916888643,0.2707787996006647,0.0
0,1,0,SVR,8,W1,0.128322716,0.8808140195793712,1.4657693542781636,0.2726379258904731,0.00022111900706982545
0,1,0,SVR,8,W2,0.267599529,0.7240800843059763,1.2775072500332811,0.2558575521354478,0.001324643305473172
0,1,0,SVR,8,X1,0.001400274,0.998699428,1.7330585706589399,0.2626777315292835,2.1395553273184654e-06
0,1,0,SVR,8,X2,0.001115835,0.998849471,1.7666690867043584,0.27119436486687976,-3.4488780577768275e-06
0,1,0,RF-R,8,W1,0.1528574819807405,0.8580261590922076,1.3508157345447667,0.24082460728127025,0.0008453901381475393
0,1,0,RF-R,8,W2,0.2810744061614458,0.7101862374569166,1.18572867790319,0.22828439171205056,0.0020419160686229953
0,1,0,RF-R,8,X1,0.015428354,0.9856701642601672,1.62381746430382,0.226341175593786,0.0004548215377208287
0,1,0,RF-R,8,X2,0.019999572,0.9793785875962426,1.6280725384731398,0.23658037649299563,0.000635997663262422
0,1,0,XGBoost-R,8,W1,0.1344179638703789,0.8414654040889892,1.45599193077685,0.2680803229694454,0.0034896413167310957
0,1,0,XGBoost-R,8,W2,0.2710510578579114,0.6481055922270631,1.3190726052128743,0.2748427632700271,0.007647482660777883
0,1,0,XGBoost-R,8,X1,0.003099854,0.9951018800584952,1.73390190562908,0.2527096854729019,0.0005329314153699971
0,1,0,XGBoost-R,8,X2,0.002311232,0.9957406092831774,1.7719843948105631,0.263306827147023,0.00024173301611452036
0,1,0,MLP-R,8,W1,0.1283488788563036,0.8807897194738933,1.470118252648324,0.2861061377606153,0.0011915034632334232
0,1,0,MLP-R,8,W2,0.2672442085174561,0.7244464530014685,1.2578207503300805,0.24062281874156372,0.002076779595519762
0,1,0,MLP-R,8,X1,0.001398058,0.9987014858954422,1.7361418436812852,0.2618944738583056,-4.1191993347400315e-07
0,1,0,MLP-R,8,X2,0.001107622,0.9988579390076864,1.76704248304021,0.2708897143303511,-1.7959271556566847e-07
0,1,0,MLR,9,W1,0.3511234271201775,0.6567796938482163,0.5181353937040944,0.7809077921258789,0.0
0,1,0,MLR,9,W2,0.5174195031236044,0.3917378700414441,0.3532305368773622,0.5780449364854208,0.0
0,1,0,MLR,9,X1,0.004011393,0.9960788955429336,1.2041971402572755,0.7880833646981087,0.0
0,1,0,MLR,9,X2,0.002802127,0.9967059078615907,1.5344377753612544,0.5661446662520562,0.0
0,1,0,SVR,9,W1,0.3508630256151755,0.6570342342102827,0.5276549011708505,0.775096304483111,-4.400162828073206e-05
0,1,0,SVR,9,W2,0.5256245904606947,0.3820922268640507,0.36927730975051487,0.5735461754632103,-0.004655631950098593
0,1,0,SVR,9,X1,0.004017882,0.9960725525534632,1.2029218111717188,0.7869684009607413,-1.0134335187761412e-05
0,1,0,SVR,9,X2,0.002796838,0.9967121246620086,1.532280091575713,0.5670145916709369,-1.2329686484902068e-06
0,1,0,RF-R,9,W1,0.3636312025206994,0.6445534446985817,0.47305042449216234,0.6744218243513881,0.00017379130942739572
0,1,0,RF-R,9,W2,0.5308863937072564,0.3759066160958924,0.3133496803598167,0.49203443481454273,-0.0033066302472994358
0,1,0,RF-R,9,X1,0.028464612,0.9721760727709948,1.09196234987072,0.6895260939491078,0.0003212187117391796
0,1,0,RF-R,9,X2,0.018091509,0.9787321899059386,1.4073267530113043,0.49799609577324777,0.0009521604676205553
0,1,0,XGBoost-R,9,W1,0.3483133534352633,0.5452328399487927,0.49464695740710213,0.781707731949328,-1.3000790074235713e-05
0,1,0,XGBoost-R,9,W2,0.5246626560513991,0.1750035764536623,0.351183144705881,0.6507315383641099,-0.017727483727504944
0,1,0,XGBoost-R,9,X1,0.007072098,0.9848717474374614,1.1903331500123635,0.7704945920983397,-8.331754226503785e-05
0,1,0,XGBoost-R,9,X2,0.006379104,0.9860177596201022,1.5356514856542312,0.5493529485871951,-0.003373262062724225
0,1,0,MLP-R,9,W1,0.3494079567316699,0.6584565522588526,0.5238563051541167,0.7845998874344433,0.003318867702303152
0,1,0,MLP-R,9,W2,0.523568514,0.384509285,0.3546255416722085,0.5712654249647231,-0.004853232289609921
0,1,0,MLP-R,9,X1,0.004014446,0.9960759112906984,1.204571520649512,0.7878318528049676,-3.897119236362379e-06
0,1,0,MLP-R,9,X2,0.002798808,0.9967098086171836,1.5335360075439863,0.5659892492550904,-4.375367258835361e-07
0,1,0,MLR,10,W1,0.4070784594856987,0.5826994214440705,0.3325520945535721,0.8981271354203969,-0.0003832729935242307
0,1,0,MLR,10,W2,0.6354399527312259,0.3843898347810126,0.18174731208568595,0.586004073574388,0.0
0,1,0,MLR,10,X1,0.004173589,0.9957216078616876,1.1590174789528596,0.8702724113621478,-5.847473295017558e-07
0,1,0,MLR,10,X2,0.00265465,0.9974281922205748,1.4476272522612532,0.5777338373407772,3.4412037627995496e-06
0,1,0,SVR,10,W1,0.4064583480483359,0.5833351044568921,0.34792488588118087,0.8821379038894082,-0.00022288184677100588
0,1,0,SVR,10,W2,0.6355970858567479,0.3842376052132176,0.1853876774975513,0.5948164366295734,-0.0008159552968081795
0,1,0,SVR,10,X1,0.004171568,0.9957236797975352,1.1601170166705943,0.871074396959077,-1.1205129735070151e-06
0,1,0,SVR,10,X2,0.002656578,0.9974263246042993,1.4439151524163658,0.5802150503244266,2.342138760591528e-06
0,1,0,RF-R,10,W1,0.4254196523496775,0.5638976641533163,0.31985809471523396,0.8001734332636093,0.007841027604113593
0,1,0,RF-R,10,W2,0.68563402,0.3357621433990267,0.16005450900582588,0.5094581545667315,-0.009134631368902269
0,1,0,RF-R,10,X1,0.027512935,0.9717961890922991,1.0616520751890755,0.7703343097974891,0.001289941251577853
0,1,0,RF-R,10,X2,0.024162102,0.9765919100361758,1.3257976760016335,0.508391749060573,0.0002536755625638709
0,1,0,XGBoost-R,10,W1,0.4112765059038387,0.4714796060482394,0.33926162325533304,0.8768422790656034,0.012532704166391417
0,1,0,XGBoost-R,10,W2,0.6677597309699115,0.1503366824179443,0.18386266034121518,0.5248795035411801,-0.03457258386056648
0,1,0,XGBoost-R,10,X1,0.006778506,0.987132891,1.1449119824696128,0.847885496367242,-0.0004340233602322718
0,1,0,XGBoost-R,10,X2,0.004359309,0.9922676555120336,1.4518097915381598,0.5690993043131953,-9.726486374399546e-05
0,1,0,MLP-R,10,W1,0.400337251,0.5896099084070776,0.33134493933387493,0.883211901249223,0.005858582517065158
0,1,0,MLP-R,10,W2,0.6355406843815903,0.3842922466018982,0.19152113066908522,0.5600944149298623,-0.0010559620721735663
0,1,0,MLP-R,10,X1,0.00416918,0.9957261275306708,1.1602995244629608,0.8722436600868967,-9.465802480512764e-07
0,1,0,MLP-R,10,X2,0.002653668,0.9974291437790538,1.4475058351367731,0.5776801841741445,3.188978874457682e-06
0,1,1,MLR,1,W1,0.052109175,0.947350758,0.32184346162032923,1.552184561828165,0.0
0,1,1,MLR,1,W2,0.111714667,0.8858204835903982,0.31198724571091274,1.5202276227292528,-0.00037582991442042246
0,1,1,MLR,1,X1,0.001965127,0.9980145058618513,0.409815257306811,1.5701788647868036,0.0
0,1,1,MLR,1,X2,0.001765157,0.9981958965067484,0.5373343510958736,1.498336229161433,-7.632781164224056e-06
0,1,1,SVR,1,W1,0.051618422,0.947846597,0.3128250143396877,1.5482276959691383,0.0003135905786682547
0,1,1,SVR,1,W2,0.1116315886467569,0.8859053945533637,0.3221466441178893,1.5210380686791,0.00043084490142272227
0,1,1,SVR,1,X1,0.002000005,0.9979792667432532,0.4109156114266014,1.568272901062036,-3.2088201652824554e-05
0,1,1,SVR,1,X2,0.001769145,0.9981918210727422,0.5373308740101008,1.499345663921622,-1.0702663279305025e-05
0,1,1,RF-R,1,W1,0.061955715,0.9374021670654769,0.2958540901911925,1.4754364548888337,0.004402001436332148
0,1,1,RF-R,1,W2,0.1301547795144392,0.8669735117477853,0.2888653472982271,1.4611734820753794,0.004784424595882996
0,1,1,RF-R,1,X1,0.02027248,0.979517413,0.36844685095012986,1.4295592061458977,0.0007001660409665988
0,1,1,RF-R,1,X2,0.019090061,0.9804887392440071,0.4762108645531888,1.3886609313725242,0.0014176968547574998
0,1,1,XGBoost-R,1,W1,0.054741022,0.9299335920568452,0.32111639052955904,1.5758353520063288,0.004844996529654755
0,1,1,XGBoost-R,1,W2,0.1178342079903849,0.8485605882470446,0.2932556364551068,1.5334343490874371,-0.0023198930569129027
0,1,1,XGBoost-R,1,X1,0.004889559,0.9923588350822344,0.3992731944745779,1.5632570223096474,-0.0007649389733186074
0,1,1,XGBoost-R,1,X2,0.003330322,0.9930230578984436,0.5236162815910067,1.49036575101228,-0.00022632390417752778
0,1,1,MLP-R,1,W1,0.051971224,0.9474901385289504,0.32066807543121956,1.5462981300024574,-0.00012365273245298347
0,1,1,MLP-R,1,W2,0.1117683788247185,0.8857655862645747,0.3117948104473482,1.51617735647982,-0.0003925188323628093
0,1,1,MLP-R,1,X1,0.002004102,0.9979751267706782,0.40989200454095415,1.5697736204417223,-2.99128980876473e-05
0,1,1,MLP-R,1,X2,0.001764548,0.9981965196936252,0.5373081123560813,1.498367572688893,-7.150388999854762e-06
0,1,1,MLR,2,W1,0.049862083,0.9481129647203516,0.36761752377187157,1.5282521625554226,5.959673595020698e-05
0,1,1,MLR,2,W2,0.089518592,0.9033300325161407,0.35053913150784416,1.5418524102135869,0.0
0,1,1,MLR,2,X1,0.002044748,0.9978722121552668,0.4752923711290899,1.5113075173217232,-4.730688733478594e-06
0,1,1,MLR,2,X2,0.001782218,0.998075406,0.5284031002806817,1.5205727489806184,2.2993667029291842e-07
0,1,1,SVR,2,W1,0.049760119,0.9482190694825776,0.36859771115723594,1.5316377429410306,3.130734655917289e-05
0,1,1,SVR,2,W2,0.088894809,0.9040036484068052,0.32699659138336085,1.4923869799128893,0.0005284814586049458
0,1,1,SVR,2,X1,0.002744473,0.9971440706196024,0.4742172550330926,1.5041702663717709,-9.571673224817445e-06
0,1,1,SVR,2,X2,0.001943137,0.9979016313828576,0.5308237503825858,1.5254950112989232,8.970425623600065e-06
0,1,1,RF-R,2,W1,0.064631957,0.9327432701477684,0.3516503433733368,1.4399017722883927,0.001949062370714061
0,1,1,RF-R,2,W2,0.1083477176240571,0.8829967043048763,0.3266499663350886,1.431020548429626,6.196065877920321e-05
0,1,1,RF-R,2,X1,0.019690691,0.9795096495653914,0.4326290180271351,1.3824568846906244,-0.0001569861592656485
0,1,1,RF-R,2,X2,0.015990314,0.9827322676832064,0.47964086094232516,1.3859529875071783,0.003356226683510888
0,1,1,XGBoost-R,2,W1,0.053659182,0.9297576931745244,0.3626379332862881,1.5168252445667791,-0.0009384337506307516
0,1,1,XGBoost-R,2,W2,0.093754138,0.8561050331027504,0.3371446443527285,1.5251359737981174,-0.007450013395027488
0,1,1,XGBoost-R,2,X1,0.003605558,0.9938334885044228,0.46968450045814103,1.4997930652954516,-0.00016199129141984957
0,1,1,XGBoost-R,2,X2,0.00379292,0.9933582030692932,0.5249433957423099,1.501639589760607,4.322756365717773e-05
0,1,1,MLP-R,2,W1,0.049845687,0.948130026,0.36785691057654846,1.5308805626649398,7.48157807826666e-05
0,1,1,MLP-R,2,W2,0.088629433,0.9042902247056592,0.34500888986160977,1.5342584664675696,2.95729559351976e-06
0,1,1,MLP-R,2,X1,0.002043503,0.9978735086336958,0.4750486156211153,1.5110860083267645,-3.887041710937123e-06
0,1,1,MLP-R,2,X2,0.001781036,0.9980766825340156,0.527484443803778,1.522144988922464,1.1159880092259655e-07
0,1,1,MLR,3,W1,0.056228799,0.9394790427474664,0.11918190340932537,1.7607571502947508,0.0003352725399057066
0,1,1,MLR,3,W2,0.099470333,0.8914252495196511,0.12014995379518609,1.558351961444938,0.00027006918698820883
0,1,1,MLR,3,X1,0.001964032,0.9978860454208724,0.2332777036195465,1.7605284368735297,0.0
0,1,1,MLR,3,X2,0.00197853,0.9978403773106462,0.33910800859738616,1.5649608704095779,0.0
0,1,1,SVR,3,W1,0.056173952,0.9395380756389794,0.11742671755911357,1.7667229510142923,0.0002941361880018367
0,1,1,SVR,3,W2,0.099306646,0.8916039184987351,0.12169965602464025,1.5469864301423595,0.0002828157572631773
0,1,1,SVR,3,X1,0.001967691,0.9978821073837976,0.23281500447428086,1.763132909528381,5.502277968361114e-07
0,1,1,SVR,3,X2,0.002409305,0.9973701738212706,0.3305244403001856,1.5345607738732578,-1.666234913832998e-06
0,1,1,RF-R,3,W1,0.07374659,0.920624052,0.11061311959393232,1.649042793392163,-0.002245127532418301
0,1,1,RF-R,3,W2,0.1185945750846926,0.8705505855790393,0.1139130313746995,1.4675342786302152,0.0042465776333936445
0,1,1,RF-R,3,X1,0.016847109,0.9818668868138865,0.21020597696354626,1.6409402708616205,0.0022072883547780363
0,1,1,RF-R,3,X2,0.017139599,0.9812916316219208,0.3094292974061324,1.4279198909881454,0.00024031000831346017
0,1,1,XGBoost-R,3,W1,0.058926147,0.9161041328457874,0.11018521654370142,1.7493059513343752,-0.00511809103488362
0,1,1,XGBoost-R,3,W2,0.105146181,0.8411958771895321,0.11757583139404379,1.5908424936404786,-0.012484429458349822
0,1,1,XGBoost-R,3,X1,0.003500658,0.9952642427957168,0.2304659624652594,1.7582773931918148,0.00020123869745971578
0,1,1,XGBoost-R,3,X2,0.003803979,0.9923080215697384,0.330439589046963,1.555165297251087,-0.00023915234155166276
0,1,1,MLP-R,3,W1,0.056104855,0.939612447,0.11817934066468257,1.765499060784272,0.0007367718662081635
0,1,1,MLP-R,3,W2,0.09972457,0.8911477427784394,0.11781988055594464,1.5765701888906645,-0.00027411422432526144
0,1,1,MLP-R,3,X1,0.001967557,0.9978822514674198,0.233160023128331,1.7599871643849272,1.3006544132943e-06
0,1,1,MLP-R,3,X2,0.001980792,0.9978379079102077,0.33902854435946217,1.5650390230888322,-3.389947037635288e-07
0,1,1,MLR,4,W1,0.051515473,0.9424546965763148,0.24339243041642006,1.6420813641749255,-4.942940270190599e-05
0,1,1,MLR,4,W2,0.1122990652493444,0.8935428063759582,0.16945687550816219,1.5342991523450995,4.146484625504599e-05
0,1,1,MLR,4,X1,0.002388045,0.9973324372199788,0.35659235915929316,1.6344855573597308,5.975713560424367e-07
0,1,1,MLR,4,X2,0.00199089,0.9981126778086272,0.39133537840656984,1.5217197023834559,0.0
0,1,1,SVR,4,W1,0.051359614,0.9426287983040113,0.2432968242898855,1.6355074673402377,3.2210123169851276e-05
0,1,1,SVR,4,W2,0.1120856878729981,0.893745084,0.1737176195405017,1.5200922948886655,0.00011276600349143794
0,1,1,SVR,4,X1,0.002386576,0.997334078,0.3563988022958538,1.6334981686581336,3.597076412398259e-07
0,1,1,SVR,4,X2,0.001979789,0.9981232012112085,0.389885791619417,1.521655073396759,1.3580237266941354e-07
0,1,1,RF-R,4,W1,0.065818162,0.9264778922576417,0.21875996797321626,1.5467351441740578,-0.001537331904685757
0,1,1,RF-R,4,W2,0.1389968594492024,0.8682338490826944,0.15110064912810067,1.3923231462635837,-0.0014514095400246507
0,1,1,RF-R,4,X1,0.020269521,0.977357954,0.3208508746814163,1.4958414312610961,0.0001596771206155756
0,1,1,RF-R,4,X2,0.025876544,0.9754695709698178,0.34779829659438294,1.3730200415720268,-0.00010515953688641221
0,1,1,XGBoost-R,4,W1,0.053625091,0.9216677974011226,0.23600273854418247,1.6366090658590164,-0.002749619183921492
0,1,1,XGBoost-R,4,W2,0.1185907,0.8430232484138055,0.17824836238861433,1.5157812283698806,-0.007554953912822992
0,1,1,XGBoost-R,4,X1,0.003866305,0.9940884570311536,0.3494760549412126,1.6292705534646417,0.0001188288904720336
0,1,1,XGBoost-R,4,X2,0.0044826,0.9933098096727876,0.38505971930519084,1.5087865433562753,-0.0001166017803639341
0,1,1,MLP-R,4,W1,0.051418836,0.9425626443755803,0.24414646675881713,1.6360279569733607,6.779600024597876e-07
0,1,1,MLP-R,4,W2,0.1122719540198976,0.8935685072613234,0.16931982546941374,1.528085293525617,7.028555942252268e-05
0,1,1,MLP-R,4,X1,0.002387028,0.997333573,0.35634957741237083,1.633789706715484,5.46206780915881e-07
0,1,1,MLP-R,4,X2,0.001997523,0.9981063898060806,0.39119703956766205,1.521563575192678,-3.1377109842578577e-06
0,1,1,MLR,5,W1,0.057179934,0.9466416790767752,0.15751938267890622,1.665773281687906,0.0
0,1,1,MLR,5,W2,0.1095344606499192,0.8807621369413968,0.19121280035151722,1.652639793381678,0.00028145796352785357
0,1,1,MLR,5,X1,0.002420165,0.9977415864662236,0.2659150794818429,1.656961894507179,-3.4489329951981064e-07
0,1,1,MLR,5,X2,0.001947398,0.997880086,0.42082242687858945,1.6439202036104323,0.0
0,1,1,SVR,5,W1,0.05684829,0.9469511581618169,0.16556440582178739,1.682786592387086,0.00034566413847566537
0,1,1,SVR,5,W2,0.1094397599751556,0.8808652269280733,0.19500330275578875,1.6522361556288314,0.00015837615320989372
0,1,1,SVR,5,X1,0.002423628,0.9977383544385008,0.2641485489448324,1.6559100392620572,-2.3283821160013928e-08
0,1,1,SVR,5,X2,0.003884609,0.9957712623321532,0.41967306079077726,1.6367239951958719,-0.0008601464254845758
0,1,1,RF-R,5,W1,0.076455178,0.9286546942419054,0.13858417479088653,1.5685855811228502,-0.0006428726768868854
0,1,1,RF-R,5,W2,0.1303330207796698,0.8581210808769174,0.16967679850211184,1.514527406615774,0.0005024055033115427
0,1,1,RF-R,5,X1,0.025816924,0.975908547,0.22337635499383243,1.5185368749457706,0.0017264719659893402
0,1,1,RF-R,5,X2,0.024736825,0.9730717968391276,0.36832014341576413,1.4854820292387785,0.0010252826800833613
0,1,1,XGBoost-R,5,W1,0.060633337,0.9311501160860364,0.15767443916826024,1.6639022534628503,0.002406115439487144
0,1,1,XGBoost-R,5,W2,0.122154308,0.8194503273918226,0.17678879591760102,1.6316065908819404,-0.00928806009398695
0,1,1,XGBoost-R,5,X1,0.004045001,0.9941855941749886,0.2554903101813311,1.6527997408352815,0.00021086838884245562
0,1,1,XGBoost-R,5,X2,0.004630102,0.9905139281175934,0.41517873076676165,1.6569696441535016,-0.00037450880539081633
0,1,1,MLP-R,5,W1,0.05756666,0.9462808007035306,0.15782981645818617,1.6659509481676669,-0.00019004644732020237
0,1,1,MLP-R,5,W2,0.1094778035695671,0.8808238131403596,0.19148636235152297,1.6529652602856195,0.0003097748236417508
0,1,1,MLP-R,5,X1,0.00242,0.9977417399388028,0.26588633176826415,1.656632746651964,-2.9098130933657983e-07
0,1,1,MLP-R,5,X2,0.001958361,0.997868153,0.42081330784281706,1.6428339735274313,-9.261330247589683e-07
0,1,1,MLR,6,W1,0.0495495,0.9513794584692576,0.33384776216429,1.6500412208850512,1.839537631429522e-05
0,1,1,MLR,6,W2,0.1036574795176558,0.9041040559671696,0.2907643221012084,1.4435817005737992,0.0
0,1,1,MLR,6,X1,0.001880459,0.9981547960055296,0.4353235913657477,1.6639984473126268,1.0541755879334147e-08
0,1,1,MLR,6,X2,0.001882029,0.9982588910789204,0.4799446719692034,1.3978430963429305,-1.9132625063500443e-05
0,1,1,SVR,6,W1,0.04946038,0.9514669083354018,0.33325077510355255,1.6231547169490326,7.456627762438827e-05
0,1,1,SVR,6,W2,0.1035495927939478,0.9042038644833204,0.2871857446955113,1.4592530477060894,-7.480378065384263e-05
0,1,1,SVR,6,X1,0.001878995,0.9981562330510384,0.43405221478998224,1.6632633735202886,-1.0650173909443339e-08
0,1,1,SVR,6,X2,0.001875849,0.9982646080244296,0.4804733267902093,1.397867280666592,-1.7656420461242827e-05
0,1,1,RF-R,6,W1,0.064852534,0.9363633270729174,0.3126633619335617,1.5253810064525575,-0.0012867093600372858
0,1,1,RF-R,6,W2,0.1292978421212341,0.8803835604596997,0.27572918039560007,1.3355857690230573,0.00029014701051510716
0,1,1,RF-R,6,X1,0.022969057,0.9774615690291032,0.3950626806694929,1.4921476293799723,-0.0009294077108678688
0,1,1,RF-R,6,X2,0.027117122,0.97491332,0.4364506636840894,1.2637116745148487,-0.0023770646982359646
0,1,1,XGBoost-R,6,W1,0.052852673,0.9370872010526368,0.3217412008938428,1.6297781325452394,0.0034741222139218373
0,1,1,XGBoost-R,6,W2,0.1085303154946366,0.8773946802475125,0.2774564295010258,1.416357418324697,0.002851569542041121
0,1,1,XGBoost-R,6,X1,0.003944459,0.9933931822571196,0.4211833678752547,1.6487065831709444,5.435628252540292e-05
0,1,1,XGBoost-R,6,X2,0.004229299,0.9940996298650774,0.46945235293846244,1.391072889215131,0.0004387493912949902
0,1,1,MLP-R,6,W1,0.049692792,0.9512388537202504,0.3336083017208419,1.6489969431638045,1.9781281167385868e-05
0,1,1,MLP-R,6,W2,0.1033740678967095,0.9043662466461924,0.2926053357902376,1.4515035681198118,-4.8593609575176e-05
0,1,1,MLP-R,6,X1,0.001881474,0.9981538,0.4346873981561467,1.6640375016554525,1.2036594188025163e-07
0,1,1,MLP-R,6,X2,0.001854487,0.9982843710714604,0.47948052109646494,1.399562504529263,6.907671622247147e-06
0,1,1,MLR,7,W1,0.060956201,0.9412960823873912,0.06485483229833876,1.7538997196944544,-0.0006356152330284637
0,1,1,MLR,7,W2,0.1030109447060599,0.8926882346415006,0.060922447757310184,1.6418725525050266,2.9242955233277357e-05
0,1,1,MLR,7,X1,0.001944354,0.9981274883805848,0.17481837868669342,1.7525573407422812,6.032043429560208e-06
0,1,1,MLR,7,X2,0.002078182,0.997835052,0.27404167971424365,1.6596948844158708,2.0246758317687962e-07
0,1,1,SVR,7,W1,0.060616529,0.9416232043261628,0.0640440037857155,1.762824930565868,-0.00033578653751143995
0,1,1,SVR,7,W2,0.1030517933770961,0.89264568,0.062273475136631874,1.6267871126491795,4.1969024161836456e-05
0,1,1,SVR,7,X1,0.001944415,0.9981274296699436,0.17499293912261277,1.7523382134932497,5.335317596921741e-06
0,1,1,SVR,7,X2,0.002082144,0.9978309240735804,0.27407674846627306,1.6607593766497335,-1.2555462117758153e-07
0,1,1,RF-R,7,W1,0.073217194,0.9294881235294452,0.06460455505717248,1.6466336089448574,0.0014015683906378417
0,1,1,RF-R,7,W2,0.1284846504213431,0.8661509735928782,0.05595978843656384,1.5535058323051931,-0.0003980501980120121
0,1,1,RF-R,7,X1,0.021302884,0.9794842407650152,0.15716404945636858,1.5958639812694464,-0.0005291022132903001
0,1,1,RF-R,7,X2,0.024738867,0.9742282576575334,0.2426103543868785,1.5172670962876353,-0.0004440999834348203
0,1,1,XGBoost-R,7,W1,0.064289624,0.9216761257010057,0.06920229677050427,1.7649805582650582,0.0007435596027147384
0,1,1,XGBoost-R,7,W2,0.1110391308678715,0.857437073,0.06124721501507373,1.6090264507614207,0.010103822993002476
0,1,1,XGBoost-R,7,X1,0.003935753,0.9945566598235904,0.16749929715098538,1.7596931207439184,0.0004954173696205433
0,1,1,XGBoost-R,7,X2,0.005637282,0.9921775319595152,0.2657727173344687,1.6377111412518883,0.0014972094199415587
0,1,1,MLP-R,7,W1,0.060812296,0.9414346701985894,0.06457847859755353,1.7565107566607456,-0.0005091742613108852
0,1,1,MLP-R,7,W2,0.1028028971068543,0.8929049684576311,0.06112774782239864,1.643485557172402,0.0005254457074854169
0,1,1,MLP-R,7,X1,0.001943647,0.998128169,0.17483515938040975,1.7531153016629724,5.934622834469217e-06
0,1,1,MLP-R,7,X2,0.002077949,0.9978352942346984,0.2740100863853511,1.6595886371768054,1.854767656350731e-07
0,1,1,MLR,8,W1,0.055158377,0.9410672950411584,0.3383361376671767,1.616102647185206,0.0002804203225423074
0,1,1,MLR,8,W2,0.1067526917557048,0.891147655,0.2815191312670427,1.5091611392634514,9.649825138757783e-06
0,1,1,MLR,8,X1,0.001680325,0.9982046951671788,0.44057649755017064,1.6059262623197987,0.0
0,1,1,MLR,8,X2,0.001944541,0.9980172125932232,0.5025511584094838,1.5125815153476978,-5.016456737994002e-06
0,1,1,SVR,8,W1,0.055127857,0.941099904,0.3356352385813145,1.6268482015352195,0.00033179418376676483
0,1,1,SVR,8,W2,0.1063551299291856,0.8915530360796131,0.28512784290904614,1.503099697893362,0.0002396606999920836
0,1,1,SVR,8,X1,0.001758434,0.9981212418069288,0.44214838282222724,1.6033664666443734,-2.747493988727312e-05
0,1,1,SVR,8,X2,0.003216524,0.996720212,0.5022038697783033,1.496003466430129,1.578710544506423e-05
0,1,1,RF-R,8,W1,0.062650697,0.9330622970600808,0.3242227267221978,1.550005583091287,0.0006500611264776523
0,1,1,RF-R,8,W2,0.1279580463671172,0.8695252250931625,0.2642764165785413,1.3783511255353402,-0.0015241196386575617
0,1,1,RF-R,8,X1,0.010708156,0.9885591160158224,0.41124779004718237,1.4986521741037897,0.0006680964112668386
0,1,1,RF-R,8,X2,0.024276697,0.97524582,0.4734289134817368,1.3585407492283899,0.0008879794768913096
0,1,1,XGBoost-R,8,W1,0.058280789,0.9207752013715342,0.3403397747760081,1.597314792955998,0.0005003529109426696
0,1,1,XGBoost-R,8,W2,0.1121116012081445,0.8469683021227383,0.27006460296478474,1.4918292516982645,-0.007321057527810126
0,1,1,XGBoost-R,8,X1,0.00302039,0.9938324278815034,0.43527347645184244,1.6006819641968058,3.568641171368681e-05
0,1,1,XGBoost-R,8,X2,0.004700038,0.9925532227551648,0.4991769665376819,1.4866511537975087,-0.0001524938561085931
0,1,1,MLP-R,8,W1,0.055216491,0.9410052046708136,0.3382409839919646,1.616263672831718,0.00027981759919554205
0,1,1,MLP-R,8,W2,0.106574158,0.8913297001143312,0.2828832490464366,1.5070163738987825,0.0001219478467277546
0,1,1,MLP-R,8,X1,0.001686535,0.99819806,0.43683916863665706,1.61021985502603,-8.685521301676769e-06
0,1,1,MLP-R,8,X2,0.001940924,0.9980209009094156,0.5015740148776633,1.515916377224296,4.544065911160633e-06
0,1,1,MLR,9,W1,0.058680668,0.940464089,0.25258493753372796,1.6486311860740568,1.1779697795866184e-05
0,1,1,MLR,9,W2,0.1109166462351479,0.8921188949800005,0.2899588934469432,1.5288179450246386,0.0
0,1,1,MLR,9,X1,0.00195784,0.9980136252932676,0.3705362958482622,1.6121355424581214,2.331770299801583e-06
0,1,1,MLR,9,X2,0.001929704,0.9981231075417676,0.4922868108068924,1.5129807076159776,8.060198587456213e-08
0,1,1,SVR,9,W1,0.058706214,0.9404381707697907,0.2528451075109161,1.6443287009179226,1.5149661301672168e-05
0,1,1,SVR,9,W2,0.1106193749414584,0.8924080306214259,0.300744347636707,1.5528204518489381,3.27823720485676e-05
0,1,1,SVR,9,X1,0.001955479,0.998016021,0.37072016385942386,1.612647792080655,3.2657801509405894e-06
0,1,1,SVR,9,X2,0.00192866,0.9981241227605098,0.4917940922593308,1.5133517532879939,2.861446258717315e-07
0,1,1,RF-R,9,W1,0.079338808,0.9195048670250592,0.2512866501393919,1.5374170385461188,0.005182306525491109
0,1,1,RF-R,9,W2,0.1460158262743862,0.8579803012120162,0.2846104634632648,1.4224341418102562,0.006707587894194911
0,1,1,RF-R,9,X1,0.024436181,0.9752076729641294,0.3398510671674674,1.4730719081693562,0.002666487101607795
0,1,1,RF-R,9,X2,0.031390455,0.9694686316922893,0.457878035927793,1.333034709235743,0.0023648562071487576
0,1,1,XGBoost-R,9,W1,0.068871782,0.9195242746391924,0.2551893898946873,1.6218763646987466,0.0030859773716300663
0,1,1,XGBoost-R,9,W2,0.1222126793854485,0.8414132357352004,0.286842559908945,1.492060755406841,0.005630676836721105
0,1,1,XGBoost-R,9,X1,0.004199573,0.9922077709995698,0.3621702887020121,1.5884543305856604,-0.00010612457264049801
0,1,1,XGBoost-R,9,X2,0.00781019,0.9883210289501076,0.4828514498261125,1.4768120353262302,-0.0005691643439144856
0,1,1,MLP-R,9,W1,0.058776411,0.9403669507666254,0.25252492357224704,1.648684344461007,1.1823883862804862e-05
0,1,1,MLP-R,9,W2,0.1108749200445579,0.8921594792178216,0.28886423110297554,1.5291670671943889,7.614071057508998e-05
0,1,1,MLP-R,9,X1,0.001957273,0.9980142004667376,0.3701621727751985,1.6133229080596538,2.6275099613948248e-06
0,1,1,MLP-R,9,X2,0.001929374,0.998123429,0.4924045352953358,1.5134165015075307,1.2374079982890862e-07
0,1,1,MLR,10,W1,0.055687928,0.9392535238235744,0.21404944932630904,1.7136434991949017,0.0
0,1,1,MLR,10,W2,0.1040681751164864,0.890020568,0.20249533847208454,1.49288052996373,0.00039359942244849845
0,1,1,MLR,10,X1,0.002231607,0.9975656796405844,0.3196598388957718,1.6937753723030795,-2.644194429124447e-06
0,1,1,MLR,10,X2,0.001783278,0.9981154282180016,0.40463202069470433,1.4801785293503618,1.3951314712523644e-05
0,1,1,SVR,10,W1,0.055978576,0.938936474,0.21751283265283344,1.7186994270590596,-0.00011436037268417465
0,1,1,SVR,10,W2,0.1042540536549799,0.8898241307883535,0.20442946045679772,1.4719707009382148,0.0008437336192029243
0,1,1,SVR,10,X1,0.002225499,0.9975723421451204,0.3200763420189421,1.6927079496856,6.928644718851018e-06
0,1,1,SVR,10,X2,0.00178063,0.9981182272343564,0.40484267528192647,1.479754927582309,2.2885079115642083e-05
0,1,1,RF-R,10,W1,0.070776488,0.9227943586801683,0.20466489198832782,1.6303281174336708,-0.0009150198580299085
0,1,1,RF-R,10,W2,0.1151321125924874,0.8783281787677083,0.19438480959076535,1.4435748476681785,0.0036514621391706805
0,1,1,RF-R,10,X1,0.015775071,0.9827919622669362,0.29998348049759016,1.5601174492608496,-0.0006219430648473301
0,1,1,RF-R,10,X2,0.018797434,0.9801348386847362,0.37302966348083444,1.3614883644681155,0.00037222327587368433
0,1,1,XGBoost-R,10,W1,0.060720651,0.9117638075574972,0.2113009545736883,1.703400622840722,-0.005326125282058836
0,1,1,XGBoost-R,10,W2,0.109381404,0.8571674878847297,0.1939604866499359,1.5324829712822055,0.010116800544568993
0,1,1,XGBoost-R,10,X1,0.003393938,0.9938823670535328,0.31647056400140505,1.7006971530682389,1.4331201079986755e-05
0,1,1,XGBoost-R,10,X2,0.003131358,0.9934539839742276,0.3983145561250215,1.4783921085840468,-0.0003737888019978763
0,1,1,MLP-R,10,W1,0.055783694,0.9391490587292616,0.21350441924455504,1.7160745156181711,-6.316742222263194e-05
0,1,1,MLP-R,10,W2,0.1047182347710752,0.8893335833597933,0.20248232189381876,1.4944394494080846,0.0002564532456849622
0,1,1,MLP-R,10,X1,0.002231491,0.9975658057048556,0.3196343631454445,1.693993842671675,-1.636170709717888e-06
0,1,1,MLP-R,10,X2,0.001782105,0.9981166679826688,0.40394325208128723,1.4807450484356055,9.231079065485926e-06
0,1,2,MLR,1,W1,0.1355677815134707,0.861424219,0.6864593927688414,0.9221753766256502,0.0
0,1,2,MLR,1,W2,0.2234268211198865,0.7824480583586063,0.5425469952030421,0.9256756379661913,-0.0011664493752085781
0,1,2,MLR,1,X1,0.001270495,0.9987013147279588,0.9638791111851468,0.9537169198166353,1.5978075281641857e-06
0,1,2,MLR,1,X2,0.001008903,0.9990176256408816,0.9350756158475904,0.8882311148649797,0.0
0,1,2,SVR,1,W1,0.1347988608382452,0.862210201,0.6845829941896924,0.954312756240963,0.0014023320115717052
0,1,2,SVR,1,W2,0.2215813867398161,0.7842449681053582,0.5388990117381455,0.9023342256726903,0.0005040802345596563
0,1,2,SVR,1,X1,0.009341778,0.9904509452056706,0.8867458233528293,0.8900177409746977,-0.00012234351071499505
0,1,2,SVR,1,X2,0.001006167,0.9990202898175417,0.93489187851863,0.8892740323404924,-1.3881866038900626e-07
0,1,2,RF-R,1,W1,0.1515929337792476,0.8450434984822781,0.6546629463889846,0.871396175766141,1.2673244793925952e-06
0,1,2,RF-R,1,W2,0.2366206664783677,0.7696011375589155,0.5112590612807353,0.8476924957311999,0.005417269324426643
0,1,2,RF-R,1,X1,0.021763802,0.977753299,0.8868074228687061,0.876920414059169,-0.0013115961590129065
0,1,2,RF-R,1,X2,0.022600817,0.9779934588307884,0.8739783742924478,0.7873705652295002,0.0009891663124938833
0,1,2,XGBoost-R,1,W1,0.13307797,0.8241921460446775,0.695014292817222,0.9152415601548377,-0.00046234709295546185
0,1,2,XGBoost-R,1,W2,0.2227113031636015,0.717222668,0.5343551569734053,0.9307671980308687,-0.008444361245831932
0,1,2,XGBoost-R,1,X1,0.003258112,0.9943459823765022,0.9518403082153946,0.9498301666199902,-0.0005243648609489337
0,1,2,XGBoost-R,1,X2,0.003036126,0.9947169159770668,0.934844044816779,0.8848956010474334,0.0001115065306944829
0,1,2,MLP-R,1,W1,0.1336696447298739,0.8633644722740133,0.6882499873949258,0.9175448535404478,0.002321885241878574
0,1,2,MLP-R,1,W2,0.2196212220106009,0.7861535914328543,0.5443317541828394,0.9240642596047245,0.004512085408833588
0,1,2,MLP-R,1,X1,0.001271044,0.9987007536165466,0.9635359092075808,0.9536115328907705,1.8671873590170307e-06
0,1,2,MLP-R,1,X2,0.001007575,0.9990189189386608,0.9351877251919463,0.888454357240351,-7.676133455536416e-08
0,1,2,MLR,2,W1,0.1439800327813823,0.8595384875945551,0.47159004980904085,1.2284603135700063,7.361701267181165e-05
0,1,2,MLR,2,W2,0.3058742831861893,0.6753778720359547,0.35916156571888014,1.0813281172658744,0.0
0,1,2,MLR,2,X1,0.001506686,0.998530134,0.7995528977162202,1.2433824581167294,3.6159491068055162e-09
0,1,2,MLR,2,X2,0.001410232,0.9985033314719904,0.9566697170753816,1.15112951197271,-9.86912589695521e-07
0,1,2,SVR,2,W1,0.1430503194749726,0.8604454809782838,0.4804871176503117,1.2170204275085408,3.498755130634246e-05
0,1,2,SVR,2,W2,0.3059240728299138,0.6753250306531224,0.3612556527165204,1.0732109904159675,0.00018429224618272678
0,1,2,SVR,2,X1,0.003332529,0.9967489099370244,0.7710494322931228,1.1965763412242734,5.7964837464064e-05
0,1,2,SVR,2,X2,0.001408383,0.9985052929889084,0.9566366802582318,1.1509471211544646,-4.331891115372244e-07
0,1,2,RF-R,2,W1,0.1712756866800069,0.832909873,0.4442063867302709,1.1143344233978165,0.004340700986095203
0,1,2,RF-R,2,W2,0.3316723008128391,0.6479986255952879,0.3210082229988789,0.9706208471944139,-0.0009648860360321309
0,1,2,RF-R,2,X1,0.027556757,0.9731166626990532,0.7327751063528172,1.1021389530816443,-5.565005517965682e-05
0,1,2,RF-R,2,X2,0.02781384,0.9704813763997828,0.8637589358159279,1.0108888875793656,-0.0005548020655250063
0,1,2,XGBoost-R,2,W1,0.1588241616403927,0.8059754292735715,0.43416087375292917,1.1884805364139643,0.0075923054840305705
0,1,2,XGBoost-R,2,W2,0.3138586430713445,0.5868952974475126,0.35440987482757613,1.1257884734249046,0.009309496445386322
0,1,2,XGBoost-R,2,X1,0.004512452,0.9902747334764564,0.7949434035752667,1.2108855945245114,0.0005519246545609424
0,1,2,XGBoost-R,2,X2,0.00463257,0.9912897267335484,0.9450238016318654,1.129274781196607,0.0003940166392625066
0,1,2,MLP-R,2,W1,0.1437919785599806,0.859721946,0.4782560838685491,1.1841965381305615,-0.0004668055570958396
0,1,2,MLP-R,2,W2,0.3058907999649555,0.6753603429000812,0.3495231431712594,1.0962897042342425,-0.00034948926588054265
0,1,2,MLP-R,2,X1,0.001506266,0.998530543,0.7992476212543423,1.2432688188737298,-2.785055205900555e-07
0,1,2,MLP-R,2,X2,0.001410729,0.998502804,0.9565645946893895,1.1513671897657312,-9.820776086022497e-07
0,1,2,MLR,3,W1,0.1063113314571729,0.8955397478605467,0.9219378566739292,0.8926385521166098,-2.558575705480237e-06
0,1,2,MLR,3,W2,0.2194745168957184,0.7796818951109101,0.7866099271086618,0.8224214479908001,5.9315157547656924e-05
0,1,2,MLR,3,X1,0.001072535,0.9989461402992652,1.1326291061070344,0.9128621465839067,9.288088020253937e-07
0,1,2,MLR,3,X2,0.000933099,0.9990633139753712,1.2303517459107312,0.7995268386922496,-4.017974267300772e-06
0,1,2,SVR,3,W1,0.1065089355906675,0.8953455843849726,0.9301672491350343,0.8947446335152038,4.544553766283599e-05
0,1,2,SVR,3,W2,0.2191914228157372,0.7799660773116001,0.7892312678469955,0.816432520001371,0.000106396596602365
0,1,2,SVR,3,X1,0.001071846,0.9989468167796324,1.132183473600638,0.9122078827998024,2.480163382667655e-06
0,1,2,SVR,3,X2,0.006480657,0.9934944333988256,1.213604742686216,0.7813282484052362,0.0019321273312277397
0,1,2,RF-R,3,W1,0.1165449977730282,0.8854842688348146,0.8567448398120454,0.8146021670344142,0.0014831251103186393
0,1,2,RF-R,3,W2,0.2438128948517868,0.7552499684198347,0.7428630738010014,0.7468604012139685,-0.00023431218901593943
0,1,2,RF-R,3,X1,0.02125589,0.9791142152237096,1.0321359177397746,0.8212342563745407,-5.141301420120703e-05
0,1,2,RF-R,3,X2,0.029150257,0.970737699,1.1014430414376595,0.7031714472158289,0.000916208647527128
0,1,2,XGBoost-R,3,W1,0.1045617398485587,0.8720708101741694,0.9157732921161278,0.8731303029070878,0.009645456822430842
0,1,2,XGBoost-R,3,W2,0.2260885141636087,0.7173684604036146,0.759868249355387,0.8265460707377535,0.0054889680782060244
0,1,2,XGBoost-R,3,X1,0.004643792,0.991562901,1.1158151940749745,0.8954707659132216,-0.0004837251168069212
0,1,2,XGBoost-R,3,X2,0.004537592,0.9922094650564226,1.2131880006252018,0.7854640865659537,0.0003729683956156915
0,1,2,MLP-R,3,W1,0.1057525058826087,0.8960888432356194,0.9238183252323932,0.8913982697379351,-0.00032056174506538414
0,1,2,MLP-R,3,W2,0.2194759106779722,0.779680496,0.7866492922864166,0.8223348657962936,5.851016604797587e-05
0,1,2,MLP-R,3,X1,0.001071665,0.9989469944793866,1.1338197697283032,0.913167524482648,2.0124723551728786e-06
0,1,2,MLP-R,3,X2,0.00093248,0.9990639357726656,1.230325234036431,0.7991420737698647,-3.833482060966453e-06
0,1,2,MLR,4,W1,0.1545593044682627,0.8382365445223567,0.5976956677380163,1.0480882107800917,4.13079085085033e-05
0,1,2,MLR,4,W2,0.3463400701712251,0.6640308715249874,0.3782063383515412,0.9211137535307217,-0.0009056613505815548
0,1,2,MLR,4,X1,0.001549914,0.9983778433400542,0.9415197508476526,1.076958634494317,0.0
0,1,2,MLR,4,X2,0.001422994,0.998619617,0.9960012202602953,0.9685091647185138,0.0
0,1,2,SVR,4,W1,0.1541910539272808,0.8386219595589712,0.6106124455914446,1.045697424118474,5.060731168194943e-05
0,1,2,SVR,4,W2,0.3455673364431833,0.664780466,0.36784886912191495,0.9121997739460281,-0.0007316955645787715
0,1,2,SVR,4,X1,0.014476957,0.9848482585970404,0.91673575395185,1.038519901165974,-0.0019515668486003168
0,1,2,SVR,4,X2,0.00142314,0.9986194750024248,0.9968092764207913,0.9678440356469482,1.0370962220673796e-06
0,1,2,RF-R,4,W1,0.1675744720292412,0.8246147280582645,0.5582093198851238,0.99813250499658,0.002279763473252239
0,1,2,RF-R,4,W2,0.3523022119057414,0.6582472624802713,0.35061797937825756,0.8391373623417582,0.004289481605701195
0,1,2,RF-R,4,X1,0.018705498,0.9804226211578312,0.8471237655985222,0.9988041337062497,-0.000988362232743767
0,1,2,RF-R,4,X2,0.020977186,0.979650963,0.8904461474076445,0.8727980726564046,0.0008856375968214425
0,1,2,XGBoost-R,4,W1,0.155086178,0.7752474920523162,0.5743181341839252,1.0451433540423132,-0.009188468607903611
0,1,2,XGBoost-R,4,W2,0.3463405839800957,0.5743096137344939,0.3866891018520219,0.9056139649590669,-0.0092017171940335
0,1,2,XGBoost-R,4,X1,0.003188467,0.9932790289764166,0.9300126568540549,1.0717169858124458,-0.00035443679729663113
0,1,2,XGBoost-R,4,X2,0.002694374,0.9928239734041172,0.9905131586814082,0.9622395427869936,-0.00032661051391135175
0,1,2,MLP-R,4,W1,0.154618568,0.8381745190151743,0.5975195358381022,1.0526804023232303,7.028040408685321e-06
0,1,2,MLP-R,4,W2,0.3445731811971941,0.6657448520887259,0.37221111084530334,0.9168903617521427,-0.0011498770212290178
0,1,2,MLP-R,4,X1,0.001553529,0.9983740600963196,0.941455755095135,1.0769191085699528,-3.550185849898746e-06
0,1,2,MLP-R,4,X2,0.001423157,0.9986194584143891,0.9960263055049834,0.9683215519923886,1.1176209348984222e-06
0,1,2,MLR,5,W1,0.1652149400363827,0.8224320180997414,0.21822776541199418,1.4022881140289272,0.0
0,1,2,MLR,5,W2,0.3273311706163346,0.6095219407607274,0.17252422003866635,1.2743766771552645,-0.0010810243611499514
0,1,2,MLR,5,X1,0.001659635,0.9982162754118016,0.5592754013223267,1.4453838244455435,2.0613810993608263e-06
0,1,2,MLR,5,X2,0.001538629,0.998164548,0.9315168845655935,1.3561170898406054,-3.4199111679567017e-06
0,1,2,SVR,5,W1,0.1652564480622398,0.8223874065386895,0.21525055298619308,1.400084002639948,-8.80881965481528e-08
0,1,2,SVR,5,W2,0.3226404747084706,0.6151175393440691,0.16462347807491726,1.2381113095652214,-0.0018136576030687635
0,1,2,SVR,5,X1,0.002083699,0.9977605041294748,0.5596446348015701,1.4342466454650598,-1.4798971188911824e-05
0,1,2,SVR,5,X2,0.001981622,0.9976360951703124,0.9211835312714518,1.3469680517573683,0.0011302441851556266
0,1,2,RF-R,5,W1,0.1845928986877233,0.8016051787696694,0.21153614343427168,1.2573200210119604,0.0010436761926616912
0,1,2,RF-R,5,W2,0.3477275073621088,0.5851908574328413,0.1491643812212739,1.1472414701773572,0.003230100493293131
0,1,2,RF-R,5,X1,0.023343962,0.974910621,0.5011844027980208,1.298776186780128,0.001196426627658953
0,1,2,RF-R,5,X2,0.022540071,0.973111625,0.8194233258597332,1.2243656695156857,-0.0008313194390367151
0,1,2,XGBoost-R,5,W1,0.1712204683829587,0.7418290151863289,0.22483333278834094,1.3569894295660394,-0.029754215924682203
0,1,2,XGBoost-R,5,W2,0.3347302061445991,0.4896898128753821,0.16003790496169593,1.2844472815013954,0.01580881304929067
0,1,2,XGBoost-R,5,X1,0.004639689,0.9893955470958218,0.5438164124283332,1.4219621660949118,-0.0006179369037878635
0,1,2,XGBoost-R,5,X2,0.005322376,0.992162516,0.9098655813762848,1.3451016049355569,-7.396794194792777e-05
0,1,2,MLP-R,5,W1,0.1655304182353878,0.8220929517470342,0.21804214852375847,1.3961240573546432,-0.00014802907984290403
0,1,2,MLP-R,5,W2,0.3283820421744994,0.6082683409713481,0.1730388908755688,1.2768652041309518,-0.00031719348979604157
0,1,2,MLP-R,5,X1,0.001650619,0.9982259652931568,0.5606498884893938,1.4441022440750573,3.91814478650776e-06
0,1,2,MLP-R,5,X2,0.001538421,0.9981647949214116,0.931430484174378,1.3561619361824797,-2.8376903197457893e-06
0,1,2,MLR,6,W1,0.1286765134278844,0.8841377936031986,0.5458141367331153,1.1448020588337244,-6.462424612885264e-07
0,1,2,MLR,6,W2,0.2704223747387976,0.744774932,0.48442696760244564,0.942050230804196,0.0
0,1,2,MLR,6,X1,0.001485034,0.9986628534082364,0.7783592957268934,1.132352669509696,0.0
0,1,2,MLR,6,X2,0.001037835,0.9990204898358844,1.0460581155660726,0.9299622970970068,2.3150691488060814e-06
0,1,2,SVR,6,W1,0.1286300155301014,0.8841796609874355,0.5418726847724555,1.149088896296459,-3.6449256576087662e-06
0,1,2,SVR,6,W2,0.2693508990660765,0.7457861926359645,0.4983234509795948,0.9243408944367341,0.00017823980490455638
0,1,2,SVR,6,X1,0.001485375,0.998662546,0.7772682796032203,1.1313334504003048,-2.4762195536265354e-07
0,1,2,SVR,6,X2,0.001035985,0.9990222361093166,1.0447198565025917,0.9288816942908082,2.093489873089549e-06
0,1,2,RF-R,6,W1,0.1554484813631372,0.8600319238377638,0.49202312209175025,1.069484930770536,0.0009595768462308696
0,1,2,RF-R,6,W2,0.3009262546285765,0.7159853217859022,0.4603776254158641,0.8766979671113827,0.006320631860681669
0,1,2,RF-R,6,X1,0.021531503,0.9806127214449246,0.7096414907437293,1.001560009542,0.00043157450837117973
0,1,2,RF-R,6,X2,0.024516941,0.9768608723947096,0.951157426920098,0.8330534191885397,0.0002941907843706848
0,1,2,XGBoost-R,6,W1,0.1329732085048509,0.8488240764989046,0.5427420153398064,1.1457570878557661,0.0023588654260283336
0,1,2,XGBoost-R,6,W2,0.2825977420419634,0.6408053047043223,0.48563425546570027,0.9194355975150449,-0.002552757638115555
0,1,2,XGBoost-R,6,X1,0.003214505,0.9948532459737672,0.7756038572071466,1.1219801312054947,-0.00042123400927741584
0,1,2,XGBoost-R,6,X2,0.00357744,0.9938468086232248,1.0341896564128201,0.9201454145482693,0.0005243018906787578
0,1,2,MLP-R,6,W1,0.1285265276808715,0.8842728429538069,0.5528516927966849,1.163011234975761,1.401270045364722e-06
0,1,2,MLP-R,6,W2,0.2690515669789585,0.7460687027363441,0.4981017154976243,0.9244589289417258,-5.5177403146899894e-05
0,1,2,MLP-R,6,X1,0.001481603,0.9986659435032288,0.77814622372484,1.1317616879139734,1.932806275806165e-07
0,1,2,MLP-R,6,X2,0.001038122,0.9990202190938472,1.04607356801786,0.9299492965975983,2.3840945843955907e-06
0,1,2,MLR,7,W1,0.079121278,0.9155439378133212,1.2594936626676865,0.6738167148383195,0.0005121740161024068
0,1,2,MLR,7,W2,0.1491140616063865,0.8585885064481786,1.0730217504385824,0.5756689467699087,0.0
0,1,2,MLR,7,X1,0.000787288,0.9991596285773736,1.4271081316543521,0.6485617839014197,0.0
0,1,2,MLR,7,X2,0.000677801,0.9993572109194646,1.3862569792379456,0.5638926745002311,3.632197964775763e-06
0,1,2,SVR,7,W1,0.078979536,0.915695236,1.2535440121285701,0.672010888062653,0.000768132719638992
0,1,2,SVR,7,W2,0.148974839,0.8587205371061666,1.0774104092259353,0.5848865075377115,-0.00018125779862213643
0,1,2,SVR,7,X1,0.002152314,0.9977025657515284,1.4166651688646525,0.6393039752284295,-0.00020946896923625946
0,1,2,SVR,7,X2,0.000677732,0.9993572768720717,1.3871749384721537,0.5640847771016606,1.3762026952801597e-06
0,1,2,RF-R,7,W1,0.093928831,0.8997379792059941,1.1854417122272183,0.6455420568642032,0.0056176717657090425
0,1,2,RF-R,7,W2,0.1814597614901367,0.827913641,1.002060304155204,0.5385955282823212,0.0009365353962384803
0,1,2,RF-R,7,X1,0.019271057,0.979429584,1.3084663123500826,0.5857078428449162,-0.00013788793991471594
0,1,2,RF-R,7,X2,0.023121535,0.9780728205323462,1.2824487291450375,0.5100881942863,-0.0001873925032790824
0,1,2,XGBoost-R,7,W1,0.081874518,0.8877318415785787,1.2364987344918128,0.6702263122880431,0.0025101380374783155
0,1,2,XGBoost-R,7,W2,0.1579214839418599,0.8089952123414412,1.0714934733422743,0.5848319119489465,0.0037594390739610238
0,1,2,XGBoost-R,7,X1,0.002925169,0.9932961410164808,1.4198234867513644,0.6323186395552758,-0.00012205233112411173
0,1,2,XGBoost-R,7,X2,0.001998643,0.995138029,1.3903533408408386,0.5565203764147174,-0.00045661676443352616
0,1,2,MLP-R,7,W1,0.079153297,0.9155097597391052,1.2596890936321168,0.6737421910915672,0.0005243187849733211
0,1,2,MLP-R,7,W2,0.1491564053114551,0.8585483500302542,1.1018430136821697,0.5900616960896177,-0.00035786941278230787
0,1,2,MLP-R,7,X1,0.000789143,0.999157649,1.4272399300674863,0.6485232597319265,-6.026647613177616e-07
0,1,2,MLP-R,7,X2,0.000677999,0.9993570230771068,1.3862751430937985,0.5638611882338784,3.6220522795060715e-06
0,1,2,MLR,8,W1,0.1143461449820412,0.8901724030251003,0.8286152282589236,0.8935860229331347,-0.0002521632699204801
0,1,2,MLR,8,W2,0.2237652499030631,0.7669225438512595,0.7707952940043424,0.8258382277493691,-0.00022014350392575156
0,1,2,MLR,8,X1,0.001053692,0.998987946,1.099292425704108,0.9091352602548168,0.0
0,1,2,MLR,8,X2,0.000983361,0.9989757159581064,1.2483186569323652,0.8106482916444386,-2.168801987711966e-06
0,1,2,SVR,8,W1,0.1131505009955691,0.8913207994655079,0.8532291941180048,0.9044953009752381,-0.00028223947031671417
0,1,2,SVR,8,W2,0.2237866625071345,0.7669002401410603,0.7635757002465393,0.8314108112411166,-0.0001629467214018465
0,1,2,SVR,8,X1,0.001056204,0.9989855331369332,1.1001171543910986,0.9087438807576771,6.844169813446932e-07
0,1,2,SVR,8,X2,0.00098346,0.9989756124823091,1.2479934603604153,0.8102180481214912,-2.479060000559752e-06
0,1,2,RF-R,8,W1,0.1348086187640581,0.8705185325426824,0.785818019159968,0.8296805826678,0.0016109337739319996
0,1,2,RF-R,8,W2,0.2516442748336666,0.7378833064649926,0.7062804795470872,0.7758444550754413,-0.006176087184225831
0,1,2,RF-R,8,X1,0.017077388,0.983597449,1.0087953080110728,0.8246214414839746,0.0005142937355409494
0,1,2,RF-R,8,X2,0.024781464,0.9741872310408172,1.1228010251563234,0.7446480355606192,-0.0020104840303470594
0,1,2,XGBoost-R,8,W1,0.1183848258810684,0.8446838742221462,0.8398542860258502,0.8927623647850901,-0.0030046662623165244
0,1,2,XGBoost-R,8,W2,0.2350529560340512,0.6848927590922844,0.7323356803488486,0.8273478844853276,-0.008269003316721247
0,1,2,XGBoost-R,8,X1,0.002675565,0.9947845858896398,1.0987168415231152,0.9001411148209202,-0.00024498078865310414
0,1,2,XGBoost-R,8,X2,0.002551095,0.9939447994076062,1.2395707207941689,0.8125969041152479,-2.972532491740676e-05
0,1,2,MLP-R,8,W1,0.1135192712409727,0.8909666016926414,0.8394216270609816,0.903601080331546,-0.00027942279112536106
0,1,2,MLP-R,8,W2,0.2234787527889787,0.7672209638184959,0.7745147724070193,0.8297670106381355,4.448400601456681e-05
0,1,2,MLP-R,8,X1,0.001053446,0.9989881828405788,1.0992122541075893,0.9090290030032507,4.580419429300875e-07
0,1,2,MLP-R,8,X2,0.000976928,0.9989824163307516,1.2472479489934283,0.8072595625765417,1.4449937913452172e-05
0,1,2,MLR,9,W1,0.131790991,0.8718465997018123,0.5842755101735407,1.1959385512373342,-4.765542725537753e-06
0,1,2,MLR,9,W2,0.2503741331306647,0.747316619,0.5553250424042897,0.8619276416907515,0.0006117242934159939
0,1,2,MLR,9,X1,0.001245806,0.9987885798480842,0.830639806176363,1.1754368740716703,0.0
0,1,2,MLR,9,X2,0.001072731,0.9989173746935246,1.0848141253255001,0.8813700102643507,5.196944950047744e-07
0,1,2,SVR,9,W1,0.1308276227483312,0.8727833780162375,0.5941171038926134,1.1625322183587736,1.9060050933017437e-05
0,1,2,SVR,9,W2,0.2494158544213846,0.7482837365144943,0.5639804919817152,0.8487998870058707,0.0005433528599278925
0,1,2,SVR,9,X1,0.004120541,0.9959931906212766,0.8275627322018279,1.1553049126818706,-0.00037392241178729746
0,1,2,SVR,9,X2,0.001072972,0.9989171319693204,1.0854872039499592,0.8813457125097601,5.883802831618823e-07
0,1,2,RF-R,9,W1,0.1548437898197145,0.8494300862294079,0.5726329826519148,1.0837919661454065,0.0025642529855187334
0,1,2,RF-R,9,W2,0.2704182796701524,0.7270876019703696,0.5166022864517693,0.7303315326284381,-0.0031648036256246683
0,1,2,RF-R,9,X1,0.029497938,0.971316241,0.7863741201542476,1.0281490800784963,3.6452263393849106e-05
0,1,2,RF-R,9,X2,0.021378454,0.9784243689841426,0.989557215429517,0.7797435650708684,0.001342182453775409
0,1,2,XGBoost-R,9,W1,0.1394730794005481,0.8201387756116072,0.5894679532627415,1.1867381795418968,0.002192098104479623
0,1,2,XGBoost-R,9,W2,0.2564512352776859,0.6460874434440026,0.5080491056294018,0.8167019413769875,-0.018906640749178825
0,1,2,XGBoost-R,9,X1,0.004896584,0.9909386189425632,0.8279967286664955,1.1439510190847622,0.0002909521311880159
0,1,2,XGBoost-R,9,X2,0.003469903,0.9933812438167916,1.0718140545574066,0.8604674064063488,0.0007049921938152903
0,1,2,MLP-R,9,W1,0.1313656926295149,0.8722601595151487,0.5788928681112845,1.1898054902857211,-3.8076581224011365e-06
0,1,2,MLP-R,9,W2,0.2482962600065092,0.7494136571580133,0.5462301114522518,0.8251855568218357,0.0014880049907322502
0,1,2,MLP-R,9,X1,0.001246089,0.9987883050329742,0.8303642507513125,1.1749862268003493,7.318711313764048e-07
0,1,2,MLP-R,9,X2,0.001072563,0.9989175443869288,1.084739928512176,0.8817133440693921,3.87431027681906e-07
0,1,2,MLR,10,W1,0.1610957227539655,0.8439484343407692,0.6125612486491611,1.0594043394086818,0.0
0,1,2,MLR,10,W2,0.2751355133979644,0.748012227,0.4932387374010422,0.8742676067519355,-0.00027468424282286465
0,1,2,MLR,10,X1,0.001522706,0.9985249720399528,0.8998371569527366,1.0657729829538105,0.0
0,1,2,MLR,10,X2,0.00107222,0.9990179886176672,0.9639710832195739,0.8810158464477789,0.0
0,1,2,SVR,10,W1,0.1609124323880789,0.8441259856008393,0.6049231626714866,1.0481136758778657,-2.1300224625153685e-05
0,1,2,SVR,10,W2,0.2745320474983227,0.7485649223615616,0.48218246644552387,0.8834355449997388,-2.1763051315948356e-05
0,1,2,SVR,10,X1,0.001523808,0.9985239046648894,0.899097367706702,1.0654923554421292,-1.5003173888694654e-06
0,1,2,SVR,10,X2,0.001069456,0.9990205195662952,0.9646164406754097,0.8814619808830688,-9.269320766502886e-07
0,1,2,RF-R,10,W1,0.1917555936897267,0.8142485715471266,0.537870925631527,0.9703794731882891,-0.0014587629317311945
0,1,2,RF-R,10,W2,0.2988164889079212,0.7263235830830723,0.4344517166007094,0.7963416152818162,0.007218667532237355
0,1,2,RF-R,10,X1,0.024641196,0.976130358,0.8072181685735573,0.9464422580139411,-0.0006446736193689185
0,1,2,RF-R,10,X2,0.024331519,0.9777155442909884,0.8684455306459841,0.7912434204928112,0.002115156533991336
0,1,2,XGBoost-R,10,W1,0.1749836448123725,0.7771390959620004,0.5791862851271979,1.0500725771544208,-0.006375301187922655
0,1,2,XGBoost-R,10,W2,0.2828468062442394,0.6550384695043485,0.47627506724627694,0.8768317353435192,0.006162093277508751
0,1,2,XGBoost-R,10,X1,0.003717361,0.9933469557670932,0.8879593156722956,1.0558540726378118,9.825230144846486e-05
0,1,2,XGBoost-R,10,X2,0.004032544,0.9922739611187612,0.9412935109682321,0.8792181214573995,0.0006495569650771027
0,1,2,MLP-R,10,W1,0.158906879,0.8460687420885855,0.6124385159322119,1.0532994034070988,0.003712847315259593
0,1,2,MLP-R,10,W2,0.2759099494634163,0.7473029462435508,0.4922080759498021,0.87263835371303,-0.00026518866772887726
0,1,2,MLP-R,10,X1,0.001521113,0.9985265153775166,0.8994201262834732,1.0664237623019255,-1.5121951373764375e-06
0,1,2,MLP-R,10,X2,0.001067942,0.9990219063407848,0.9633634512654904,0.8832314247015105,-1.485849680715745e-06
1,0,0,MLR,1,W1,0.309604054,0.6963469635880111,0.7558651325762834,0.5701935872825874,0.0002917196046358761
1,0,0,MLR,1,W2,0.4571781610471467,0.5045839371534824,0.5767295738585843,0.4307471810737821,0.0002541900040719747
1,0,0,MLR,1,X1,0.003181088,0.9968800572448194,1.3087320848290518,0.5825574706910684,1.7372837453066835e-07
1,0,0,MLR,1,X2,0.002325332,0.9974801797433354,1.5569286461609328,0.4405745140340945,2.1154591214656015e-06
1,0,0,SVR,1,W1,0.3090535186025694,0.6968869171228684,0.7551274423869765,0.5576451145019858,0.00017815268759041603
1,0,0,SVR,1,W2,0.4581674850987769,0.5035118670759979,0.5756481410898044,0.4212200176859257,0.00032174204935769835
1,0,0,SVR,1,X1,0.003178377,0.9968827154253403,1.3085058172456498,0.581825918576137,9.810992530279173e-07
1,0,0,SVR,1,X2,0.002484484,0.9973077161836452,1.5529748846031541,0.44134324943283065,0.00022234708254148527
1,0,0,RF-R,1,W1,0.3306309169252634,0.675724266,0.7102001540612878,0.5046541200487917,0.003122449376539005
1,0,0,RF-R,1,W2,0.4660322937715438,0.4949892540562095,0.5411315359630688,0.40116325098436967,0.004330527606754864
1,0,0,RF-R,1,X1,0.020979806,0.9794234543974696,1.21932059416099,0.5219013273969662,0.0005280676505165727
1,0,0,RF-R,1,X2,0.011279847,0.9877767180803224,1.4620489570006907,0.40376335688930826,0.00019845020523029389
1,0,0,XGBoost-R,1,W1,0.320205219,0.6115143404365418,0.7613198886435005,0.5551186681290672,0.009311233714407906
1,0,0,XGBoost-R,1,W2,0.4626394249127348,0.3404484806094469,0.5997809433838392,0.3957419937734214,-0.015261402809951186
1,0,0,XGBoost-R,1,X1,0.005678938,0.992382,1.2946599060745672,0.5705173932987495,0.00026933321613055173
1,0,0,XGBoost-R,1,X2,0.003071753,0.9944612508350352,1.5532415237426322,0.4365200829919528,0.00023326074191828416
1,0,0,MLP-R,1,W1,0.3089789873331375,0.6969600157983029,0.754659420686953,0.563397342820387,0.00040646573910722015
1,0,0,MLP-R,1,W2,0.4571451403342587,0.5046197196841569,0.5608027530051405,0.4142337350012708,0.0013354614320534753
1,0,0,MLP-R,1,X1,0.003188491,0.9968727963542496,1.3086276471086347,0.5825181589624143,3.3993352941408263e-07
1,0,0,MLP-R,1,X2,0.002319348,0.997486664,1.5574755463511063,0.43915933053961725,2.787937256332196e-06
1,0,0,MLR,2,W1,0.2265450545564398,0.7534474584946943,1.0819675865231493,0.47555372688272246,-0.00012814145626884876
1,0,0,MLR,2,W2,0.3996286471047254,0.6065330675499498,0.8371714845426975,0.37183330313268764,0.0008083910887979106
1,0,0,MLR,2,X1,0.002106391,0.9977075820171262,1.511715679500421,0.47450174646117504,0.0
1,0,0,MLR,2,X2,0.001814251,0.998213722,1.5807288351668571,0.3913845201908389,0.0
1,0,0,SVR,2,W1,0.2263022125611444,0.7537117472528025,1.073980494011502,0.470434212738468,-0.00010246257120370972
1,0,0,SVR,2,W2,0.399334019,0.6068231528324584,0.8186734348796737,0.3721615393503376,0.0009423703715538245
1,0,0,SVR,2,X1,0.003254934,0.9964576037756148,1.506790593032477,0.47031828730554104,-0.00010779450605841179
1,0,0,SVR,2,X2,0.001816225,0.9982117782601092,1.5816397267347324,0.39146642781810687,-1.2191246279269486e-06
1,0,0,RF-R,2,W1,0.2401504455324703,0.7386404977782864,0.9673260251158002,0.42244873405863803,-0.0004407034882259575
1,0,0,RF-R,2,W2,0.4188608693703545,0.5875973792456236,0.7544604807677018,0.3386345775104204,0.001575328769321771
1,0,0,RF-R,2,X1,0.013865084,0.984910411,1.4190658301194554,0.4282955954916341,0.001130654463903491
1,0,0,RF-R,2,X2,0.020195817,0.9801155743022874,1.4687231607723548,0.3583440182850735,-4.543993550041314e-05
1,0,0,XGBoost-R,2,W1,0.2322696932622889,0.6760165302748624,1.066633514390306,0.47494325621220945,0.0033674729639559644
1,0,0,XGBoost-R,2,W2,0.4076240551015953,0.5048457328668579,0.8273634878783354,0.38341309038866755,0.00593529900655092
1,0,0,XGBoost-R,2,X1,0.003321604,0.9940649080386808,1.4967103732123694,0.46535403597781116,7.093814953376131e-05
1,0,0,XGBoost-R,2,X2,0.004458733,0.9932770810145384,1.5612989266188795,0.3927322214090552,4.2570685067622185e-05
1,0,0,MLP-R,2,W1,0.2265674638375043,0.7534230701221007,1.0819328481183703,0.4755634970099215,-0.00012778647782671904
1,0,0,MLP-R,2,W2,0.3995903078482916,0.6065708156686863,0.8542641905014877,0.3851832039506772,0.0009940054495229055
1,0,0,MLP-R,2,X1,0.002105706,0.9977083273316268,1.512776345013807,0.47539334266753536,-2.1886807741400283e-06
1,0,0,MLP-R,2,X2,0.001815749,0.9982122468351188,1.580811928042472,0.39142920112213764,-1.1759601648897443e-06
1,0,0,MLR,3,W1,0.3380045421773901,0.6692419167011145,0.7286647798611211,0.636103285384748,-4.084817137717245e-06
1,0,0,MLR,3,W2,0.5003930595337084,0.5010666694098572,0.5457717130681116,0.4370564130878619,0.0
1,0,0,MLR,3,X1,0.002890499,0.99717147,1.3638046322078368,0.6031379656978684,2.3801371970333384e-06
1,0,0,MLR,3,X2,0.002026808,0.9979791044989882,1.5425579261783595,0.4397557032083867,0.0
1,0,0,SVR,3,W1,0.3368445210370096,0.6703770682186261,0.7032596989672284,0.646960333874802,7.492245127749265e-07
1,0,0,SVR,3,W2,0.4971137389059775,0.5043364237193821,0.5711157250266706,0.43545806918336033,0.011545724870095008
1,0,0,SVR,3,X1,0.002898007,0.9971641235934292,1.3615938960711178,0.6041381544958808,1.3613105722010132e-06
1,0,0,SVR,3,X2,0.002032063,0.9979738644856851,1.5414163513332402,0.43941729669667023,-1.357195420126356e-06
1,0,0,RF-R,3,W1,0.3542226240660619,0.6533715332863668,0.6870575553485179,0.5807852281343138,0.006896786601059935
1,0,0,RF-R,3,W2,0.5103539956787407,0.4911347909556118,0.5171245156553187,0.4208718118233419,0.0060550371733072315
1,0,0,RF-R,3,X1,0.015949347,0.9843925901980576,1.2798144856294347,0.5579391832321994,0.0009150431931469694
1,0,0,RF-R,3,X2,0.014536112,0.985506292,1.4404144589328383,0.4046549640022913,-0.000612318676486634
1,0,0,XGBoost-R,3,W1,0.3470800226172386,0.594139926,0.7169482398805866,0.6240907866471793,0.025555954248206635
1,0,0,XGBoost-R,3,W2,0.5089689980462432,0.4002340536898732,0.5567737525408478,0.47684510699029603,0.028119107248726537
1,0,0,XGBoost-R,3,X1,0.004766992,0.9934290942600694,1.365334020250758,0.6009978871125657,-9.63570744789255e-05
1,0,0,XGBoost-R,3,X2,0.003466274,0.99419636,1.528232586960638,0.4393936194485115,-0.0002815581530261624
1,0,0,MLP-R,3,W1,0.3372153433570092,0.6700141959358531,0.7198666694772291,0.6527146340427634,-2.3376063833846493e-06
1,0,0,MLP-R,3,W2,0.4998232225544452,0.5016348440808291,0.5559734478756301,0.4452794761462934,0.0018827776860325552
1,0,0,MLP-R,3,X1,0.002828504,0.9972321360498264,1.365141732844521,0.603464729866398,9.505898389516875e-06
1,0,0,MLP-R,3,X2,0.002022406,0.997983494,1.5433970890898032,0.4407868912943925,2.1011925493641393e-06
1,0,0,MLR,4,W1,0.099334361,0.9017008383471568,1.579676295986399,0.18762939479023522,0.00010065022997807205
1,0,0,MLR,4,W2,0.2042687779550957,0.8107669619721526,1.4171216074743367,0.15631826208948466,4.527746654655607e-05
1,0,0,MLR,4,X1,0.000879198,0.9991299645260336,1.76914140467957,0.1877244535900843,-7.494286545450812e-07
1,0,0,MLR,4,X2,0.000904679,0.999161912,1.8335524736409745,0.14146377134390747,-4.737412420285914e-06
1,0,0,SVR,4,W1,0.099191315,0.901842394,1.5790833643698792,0.18796809143674575,0.00035522230750496543
1,0,0,SVR,4,W2,0.2036692123156301,0.8113223950079254,1.4225723230386218,0.1600526313479789,0.00014195847015866515
1,0,0,SVR,4,X1,0.001011687,0.9989988561322228,1.766317266014714,0.18767036997500258,0.00017536033714580235
1,0,0,SVR,4,X2,0.00090756,0.9991592437595992,1.8340367892423264,0.14135319482534164,-5.193529587044221e-06
1,0,0,RF-R,4,W1,0.108038031,0.893087872,1.5171668448480193,0.18337250218429962,0.0021083245271290908
1,0,0,RF-R,4,W2,0.2249785739518698,0.7915815649054114,1.3294551869157292,0.1488899269277691,-0.0023840674166422326
1,0,0,RF-R,4,X1,0.009291401,0.990805428,1.6830028378401707,0.16729049700632287,0.0005639924656208439
1,0,0,RF-R,4,X2,0.012488843,0.9884304313784892,1.7349178965327092,0.12941396306874067,0.0005847852267805376
1,0,0,XGBoost-R,4,W1,0.099494954,0.8758774512900802,1.5673903052131073,0.19342200540384905,0.003710534674510391
1,0,0,XGBoost-R,4,W2,0.2118410748487388,0.7586892003939196,1.426033914997223,0.16306250142048243,-0.0002529371471165498
1,0,0,XGBoost-R,4,X1,0.001854775,0.9973308021002848,1.762977134120358,0.1851119367339389,7.095737282563075e-05
1,0,0,XGBoost-R,4,X2,0.001852645,0.9974778687776372,1.829818948561218,0.13922755231505196,4.998416408963369e-05
1,0,0,MLP-R,4,W1,0.099248991,0.9017853187230112,1.5775551554009195,0.18535126219399936,0.00012852482586355184
1,0,0,MLP-R,4,W2,0.2042863236904096,0.8107507077367715,1.4171904773518862,0.1563518441380795,4.632539755200504e-05
1,0,0,MLP-R,4,X1,0.000877301,0.9991318420118792,1.769879214421728,0.18739015692400557,-4.850949911094915e-07
1,0,0,MLP-R,4,X2,0.000904289,0.999162274,1.8334661676049708,0.1414529834409497,-4.70962553876797e-06
1,0,0,MLR,5,W1,0.2667455615242798,0.7254405885773385,1.0363397309970788,0.5071735460775335,0.0
1,0,0,MLR,5,W2,0.3963233976044467,0.6152811503467749,0.8229874862840306,0.3365779262871608,-0.00036856201986348316
1,0,0,MLR,5,X1,0.002527632,0.9973983254697212,1.520160029284848,0.5252090946236769,-1.0451486436524604e-05
1,0,0,MLR,5,X2,0.001871303,0.9981834897711976,1.622425755184808,0.3742354277581456,2.788610437254313e-06
1,0,0,SVR,5,W1,0.2667855414767002,0.7253994374813559,1.0239333677193745,0.5109501783280551,-0.0003597571658278009
1,0,0,SVR,5,W2,0.3960943823366469,0.6155034599326169,0.8498326894663493,0.3351672532795814,-0.00032040757821750755
1,0,0,SVR,5,X1,0.002528961,0.9973969575478224,1.520135510661857,0.5254488732613272,-8.879086914725943e-06
1,0,0,SVR,5,X2,0.001869818,0.9981849313928802,1.6222055520826761,0.37397076027984266,2.686721589906238e-06
1,0,0,RF-R,5,W1,0.2797949843337053,0.7120089054951997,0.8987235357283773,0.4523618002553961,-0.006783021099029729
1,0,0,RF-R,5,W2,0.4135774875184802,0.5985322688432777,0.7684586224859444,0.3250826794239178,0.007360716249057075
1,0,0,RF-R,5,X1,0.014632267,0.9849391057803548,1.4292569835789757,0.48297575689780886,0.0009254192115798587
1,0,0,RF-R,5,X2,0.012417062,0.9879465160190972,1.5361348323671011,0.34223086270769887,0.0007678485325742556
1,0,0,XGBoost-R,5,W1,0.2709441288805777,0.6506489800016739,1.03997156959637,0.5227545004472371,-0.009621508637589727
1,0,0,XGBoost-R,5,W2,0.4046109030771808,0.5161767903076505,0.7916006022359194,0.3606318557683682,0.013806755368673495
1,0,0,XGBoost-R,5,X1,0.004515187,0.9927861820831684,1.516833639138352,0.5163593522951323,-0.00023646944520387957
1,0,0,XGBoost-R,5,X2,0.003120204,0.995707945,1.6242559789102118,0.3668503358791694,5.8807440630259664e-05
1,0,0,MLP-R,5,W1,0.2674228863900458,0.7247434226510379,1.0099319389852297,0.48722512405622076,-0.00040537039529312533
1,0,0,MLP-R,5,W2,0.3958221497505897,0.6157677214119519,0.8338797447361411,0.33071991262126454,-0.00012157993931516398
1,0,0,MLP-R,5,X1,0.002527705,0.99739825,1.5200299206656251,0.5252481787424593,-9.660696647650902e-06
1,0,0,MLP-R,5,X2,0.001871599,0.9981832025629064,1.6225684228761161,0.3737881470025907,2.9817513128360672e-06
1,0,0,MLR,6,W1,0.2824350778781916,0.6929112251355687,0.7744079122482596,0.7089874743093825,-7.385112831697072e-05
1,0,0,MLR,6,W2,0.5101342299613931,0.5101371804832737,0.5935938001124172,0.37775483666292714,0.0
1,0,0,MLR,6,X1,0.003296627,0.9964156113016456,1.349480199581534,0.7003304932295131,0.0
1,0,0,MLR,6,X2,0.002039317,0.9980417205869208,1.6289480940145775,0.36455455740601217,-2.970820044079225e-07
1,0,0,SVR,6,W1,0.2823454331037608,0.6930086949830102,0.7640541140028205,0.70501497451756,-1.997152740180752e-05
1,0,0,SVR,6,W2,0.5131321899634902,0.5072583516316267,0.6069260995285795,0.37401712745808896,-0.001716860170399559
1,0,0,SVR,6,X1,0.003307769,0.9964034962727704,1.3492218921131354,0.6997977202457889,-2.1504141368255956e-06
1,0,0,SVR,6,X2,0.00211504,0.9979690065066537,1.620562105028363,0.3715959892769719,6.48212519729352e-06
1,0,0,RF-R,6,W1,0.2983518700651413,0.6756050595941546,0.6817033946525201,0.6545643430464909,0.0029370134451112695
1,0,0,RF-R,6,W2,0.5365507894784434,0.4847703464875762,0.5419143005576419,0.33634022642974687,-0.009574502404030428
1,0,0,RF-R,6,X1,0.019297906,0.9790175840702976,1.259886036168068,0.6300584397269974,-0.00024351902602752772
1,0,0,RF-R,6,X2,0.022333976,0.9785535183187788,1.489736383150591,0.334805836178217,0.00020803176190629103
1,0,0,XGBoost-R,6,W1,0.2867689514751838,0.6012288177434788,0.7460872953563907,0.7175130504823931,0.0016152144747691665
1,0,0,XGBoost-R,6,W2,0.5265996773720758,0.3571933986454334,0.628078831474612,0.3498230173499929,-0.024968422201897857
1,0,0,XGBoost-R,6,X1,0.004783593,0.9930511489732312,1.3414303825506544,0.690058743728178,0.00021947338435128748
1,0,0,XGBoost-R,6,X2,0.006285174,0.9911920590449896,1.6031818815283514,0.35788468840202226,-0.0004897307194265954
1,0,0,MLP-R,6,W1,0.2818737491970858,0.6935215520760891,0.7774244700038057,0.7101166649902461,0.0004957761481275358
1,0,0,MLP-R,6,W2,0.5121835509229545,0.5081692942185132,0.5926094472550996,0.3693607916476397,-0.001742026388494955
1,0,0,MLP-R,6,X1,0.003293702,0.9964187910046848,1.3494200515909207,0.7005975981905296,1.4953500631076367e-07
1,0,0,MLP-R,6,X2,0.002036067,0.998044841,1.6299861880865465,0.36495494835734543,-1.7905904217352387e-06
1,0,0,MLR,7,W1,0.2029043626921496,0.7851951319884242,1.195533799016106,0.46818208621360624,0.00011475242119388663
1,0,0,MLR,7,W2,0.4348316424228281,0.5666277778458391,0.8665572265179238,0.30492869289317687,0.001015842707628023
1,0,0,MLR,7,X1,0.002087608,0.9977899519323036,1.6119042808320345,0.45789913299954466,7.300704898405286e-08
1,0,0,MLR,7,X2,0.001510491,0.9984945784320716,1.7137301283504591,0.33419972534612624,8.179220452042557e-08
1,0,0,SVR,7,W1,0.2027369666676668,0.7853723459254118,1.178939172831598,0.4799082200365371,0.0003808152724411928
1,0,0,SVR,7,W2,0.4350492666672276,0.5664108840111021,0.8614823645576898,0.3069889833682852,0.0006552142323959398
1,0,0,SVR,7,X1,0.002087354,0.9977902205819864,1.6123414484605831,0.45788875995912176,3.0156221141330876e-07
1,0,0,SVR,7,X2,0.00151168,0.9984933940281396,1.714395253730591,0.33528301014828943,-1.264813216383942e-08
1,0,0,RF-R,7,W1,0.2245154287519265,0.7623165593891597,1.11826349851988,0.4256893360993871,0.0012715217303612247
1,0,0,RF-R,7,W2,0.4427553492526112,0.5587306652590276,0.7760093517780201,0.2685594925148297,-0.0037724968204707167
1,0,0,RF-R,7,X1,0.010937278,0.9884212419137576,1.5280298507939887,0.4172967829426574,0.0005766074717120428
1,0,0,RF-R,7,X2,0.023414108,0.976664476,1.5532621473573271,0.3040029515047551,-0.001922838882826805
1,0,0,XGBoost-R,7,W1,0.2098241953398751,0.7020440081764996,1.1798797981989648,0.43286736415357546,-0.01699211525615525
1,0,0,XGBoost-R,7,W2,0.4332198593844697,0.4577451066830315,0.8750934807528437,0.2976436258297768,-0.014643074628589537
1,0,0,XGBoost-R,7,X1,0.00337219,0.99388782,1.6101922977221492,0.45458224909133244,-0.0001906965829301166
1,0,0,XGBoost-R,7,X2,0.00501092,0.993127666,1.6889205024591152,0.3260954203963876,0.00043597931718607484
1,0,0,MLP-R,7,W1,0.2028954367342884,0.7852045814609481,1.192986605838971,0.4664408709400494,8.822937692581911e-05
1,0,0,MLP-R,7,W2,0.4345036819526845,0.566954638,0.8641543886620567,0.30118113211373015,0.0009665595686701889
1,0,0,MLP-R,7,X1,0.002084125,0.997793639,1.6127717427526533,0.4590100934735138,1.0246131376678846e-07
1,0,0,MLP-R,7,X2,0.001510347,0.9984947225037027,1.7142553863105032,0.33390859078020585,1.0999113795318038e-07
1,0,0,MLR,8,W1,0.1724817590337568,0.8170825643039774,1.305074615663558,0.3734075359824506,0.00021278102903284912
1,0,0,MLR,8,W2,0.3295964791861184,0.6843387910494281,1.0555200734779704,0.23730977304284595,0.0
1,0,0,MLR,8,X1,0.001718089,0.9981779615370574,1.6196789226983388,0.37763703992156167,-4.308273231756754e-06
1,0,0,MLR,8,X2,0.001440202,0.9986206896640214,1.7467912640527679,0.2807908839334613,3.79542416349965e-06
1,0,0,SVR,8,W1,0.1724872939025595,0.817076695,1.3075572793057155,0.3754568958434813,0.00017827113150272744
1,0,0,SVR,8,W2,0.3291667075719759,0.6847503920095713,1.0772068247930497,0.2401141591325417,-0.00010880267117064912
1,0,0,SVR,8,X1,0.001715221,0.9981810031520648,1.619374158291254,0.3778378977428153,-3.2477455331858527e-06
1,0,0,SVR,8,X2,0.001440606,0.9986203026264384,1.7461914537158314,0.2805332399025493,5.883779098481146e-06
1,0,0,RF-R,8,W1,0.1811881806378268,0.8078493774277161,1.2102323750641264,0.35197344763436295,0.0008135376071039646
1,0,0,RF-R,8,W2,0.3565597865690654,0.6585154866657645,0.9972584258881451,0.21690927096204088,-0.007288674245777971
1,0,0,RF-R,8,X1,0.010365143,0.9890077340823288,1.5517358581344882,0.341704087752279,0.0003984543963520437
1,0,0,RF-R,8,X2,0.013761463,0.9868203684800736,1.633857816496628,0.24705175546630742,-7.942165062344576e-05
1,0,0,XGBoost-R,8,W1,0.1726651518341406,0.7614922242796963,1.320268433179463,0.3653370931569052,-0.006978035327462928
1,0,0,XGBoost-R,8,W2,0.3435044508422402,0.5794405601040874,1.0811633953899427,0.228204626148342,-0.014528617045073544
1,0,0,XGBoost-R,8,X1,0.00276084,0.9958037212722208,1.6187829879305142,0.37234603920982634,6.622852166143778e-05
1,0,0,XGBoost-R,8,X2,0.002628674,0.9947145671247272,1.7341806652590541,0.2749694397322929,-0.0002294283480037018
1,0,0,MLP-R,8,W1,0.1716622735181184,0.8179516312125614,1.2939070321982813,0.37382000069099275,0.00020736859038333888
1,0,0,MLP-R,8,W2,0.328207879,0.6856686812535242,1.058668977071012,0.2378441226350274,-0.0001231178429355273
1,0,0,MLP-R,8,X1,0.001717403,0.998178689,1.6202698637197386,0.37787659234533066,-4.131585950473138e-06
1,0,0,MLP-R,8,X2,0.001440287,0.9986206084707424,1.7469334154520997,0.2807012656931395,4.04696273673677e-06
1,0,0,MLR,9,W1,0.4119060332457701,0.6037292782721666,0.24435935948329474,0.962147620287519,0.0
1,0,0,MLR,9,W2,0.7023651444156077,0.2880282358081477,0.11401497594555265,0.555962479778195,0.0
1,0,0,MLR,9,X1,0.003803696,0.996340686,0.9947577724094223,0.9030367021323892,-4.5181687640782895e-06
1,0,0,MLR,9,X2,0.002888509,0.997071983,1.5274968095535102,0.6158504812161891,1.9411399284519073e-06
1,0,0,SVR,9,W1,0.4108374083259015,0.6047573398543575,0.2429829835655458,0.9689831352538552,0.00036287650532668136
1,0,0,SVR,9,W2,0.7025935721358424,0.2877966837610979,0.11204588763522541,0.5566740966959449,0.00042750863538904005
1,0,0,SVR,9,X1,0.00909064,0.9912544264440594,0.9789968186172293,0.8900828192418748,0.0009765145611287385
1,0,0,SVR,9,X2,0.003184064,0.9967723863709276,1.5278655788934343,0.6208563380140373,-6.2100663253295e-06
1,0,0,RF-R,9,W1,0.4439849348413715,0.572868042,0.21563654077423097,0.8501468018853984,-0.00011417046557475885
1,0,0,RF-R,9,W2,0.7114557881490999,0.2788132545294863,0.09453722532444822,0.4296295999910381,0.002071948290572889
1,0,0,RF-R,9,X1,0.021871613,0.9789585990705518,0.9208450954541512,0.8285771454878372,-0.000707176833490708
1,0,0,RF-R,9,X2,0.025005489,0.9746524976268004,1.380632240800672,0.5506103400395405,0.0007525625135947567
1,0,0,XGBoost-R,9,W1,0.422314557,0.4658877580669601,0.2236598064711103,0.9516832781902066,-0.01744157081491291
1,0,0,XGBoost-R,9,W2,0.7004120865208515,0.1308756153378536,0.10417942966225069,0.5953436926829074,0.01490193018950765
1,0,0,XGBoost-R,9,X1,0.005785524,0.990804617,0.9976597839583817,0.8973065973983696,-0.000296925136058579
1,0,0,XGBoost-R,9,X2,0.005947023,0.9902792693362852,1.5085551156971828,0.6061263604099293,0.00010861111761174546
1,0,0,MLP-R,9,W1,0.4125356637447941,0.6031235475662964,0.24352540504512254,0.9522226448935631,9.138491672154858e-05
1,0,0,MLP-R,9,W2,0.6986374517824848,0.2918069140661323,0.12416454697815546,0.5486057364986107,0.008655954282583266
1,0,0,MLP-R,9,X1,0.003802996,0.9963413594567178,0.9947495817634253,0.9030148734526652,-4.141999656759321e-06
1,0,0,MLP-R,9,X2,0.002893167,0.9970672611717396,1.5274410061676043,0.6158850520794552,1.9365299393170333e-06
1,0,0,MLR,10,W1,0.1316569671710947,0.8619167017124174,1.495858020041497,0.25129405390679205,0.0
1,0,0,MLR,10,W2,0.2569016760311792,0.7475088228278897,1.2139542762832607,0.22556083300506904,9.967754611082125e-05
1,0,0,MLR,10,X1,0.001246948,0.9986921871198656,1.7578687247213096,0.2618880818546704,1.159505206027589e-06
1,0,0,MLR,10,X2,0.001104292,0.9989146667767168,1.7284727091840526,0.22393755348786856,2.7492789828165163e-06
1,0,0,SVR,10,W1,0.1314024091256642,0.8621836850348646,1.4912574589588132,0.24828604606945387,1.8216404563897727e-06
1,0,0,SVR,10,W2,0.2570182505207349,0.74739425,1.22115464693317,0.2223117552991481,0.00015621353997915532
1,0,0,SVR,10,X1,0.001247316,0.998691801,1.7577548488314831,0.2613994616521965,-2.861162465173095e-07
1,0,0,SVR,10,X2,0.001104592,0.9989143717420408,1.7280417116432087,0.22375830550899584,1.7729263475096957e-06
1,0,0,RF-R,10,W1,0.1331973066095293,0.8603011764978263,1.4549673599465471,0.23524751807446895,0.0029553901360487855
1,0,0,RF-R,10,W2,0.2640649572863542,0.7404685210888129,1.1625116650115204,0.19840488828820785,0.000583520752742861
1,0,0,RF-R,10,X1,0.00754969,0.9920818003163128,1.6908649194357015,0.24293729649155527,0.0004192283431609711
1,0,0,RF-R,10,X2,0.014243702,0.986000835,1.6358802757305972,0.20051659093344032,-0.00026831521904469025
1,0,0,XGBoost-R,10,W1,0.1324971246358718,0.8267030496321603,1.5023833643369735,0.24704972101718478,0.0025593581165903267
1,0,0,XGBoost-R,10,W2,0.2597494485952059,0.6856243739541344,1.1635582698008542,0.23918628910317583,0.004109816427758595
1,0,0,XGBoost-R,10,X1,0.002308787,0.9965630153386292,1.7567318449628093,0.25730289066779094,-0.00014194371757586532
1,0,0,XGBoost-R,10,X2,0.002351081,0.9961300758834194,1.725110346334846,0.22040701021387257,0.00018958946505902573
1,0,0,MLP-R,10,W1,0.1310290777289641,0.8625752391752823,1.4971671927222283,0.24330101377019026,3.472390273722148e-05
1,0,0,MLP-R,10,W2,0.2565764136614394,0.7478285010794843,1.2178501960486754,0.22223564538826754,-1.702020418233863e-05
1,0,0,MLP-R,10,X1,0.001248901,0.9986901388265768,1.7574846941758266,0.26195734428273515,1.5536426567930306e-06
1,0,0,MLP-R,10,X2,0.001102913,0.9989160223087772,1.7280125815110865,0.22371098636949913,2.837613709272269e-06
1,0,1,MLR,1,W1,0.060508767,0.9421560299363756,0.1845272369725262,1.7052776417532811,-2.86311381916482e-05
1,0,1,MLR,1,W2,0.1050167297254736,0.8927491145993331,0.18163581843099502,1.6427253504292854,5.697469402909938e-05
1,0,1,MLR,1,X1,0.002217157,0.9978804862375372,0.2942323986042542,1.7180694647021462,-4.568063306975567e-06
1,0,1,MLR,1,X2,0.002162112,0.9977918901220222,0.39337019875489343,1.6928073450358188,-3.025973928250103e-06
1,0,1,SVR,1,W1,0.060478434,0.9421850273235652,0.18260089082250783,1.7015921092365598,-4.584496694862716e-05
1,0,1,SVR,1,W2,0.1050218003338437,0.8927439361174033,0.18423373654529893,1.6459329565072882,1.309923989694095e-05
1,0,1,SVR,1,X1,0.002214821,0.9978827189577842,0.2949967387319394,1.7180045237985397,-2.400106153666037e-06
1,0,1,SVR,1,X2,0.00215855,0.9977955279440008,0.3932262596334044,1.692423640921961,-1.5568097038287654e-06
1,0,1,RF-R,1,W1,0.075698034,0.927635696,0.17707392608353262,1.5968006965229598,0.004660669129609563
1,0,1,RF-R,1,W2,0.1262165659127343,0.8710982670879268,0.17054885164588962,1.5266970320024367,0.0007931314768471088
1,0,1,RF-R,1,X1,0.025738867,0.9753946690447513,0.26401093336926335,1.5481706954667698,0.0013314234270224157
1,0,1,RF-R,1,X2,0.020081736,0.9794910392567918,0.3533444097992562,1.550292095097309,0.002947703770387411
1,0,1,XGBoost-R,1,W1,0.063014374,0.9178744768033038,0.17731408557028505,1.697839856615181,-0.0030408114821862675
1,0,1,XGBoost-R,1,W2,0.1100905163578189,0.8545042154015132,0.18166705661062604,1.6221062337222611,-0.0015217590874235022
1,0,1,XGBoost-R,1,X1,0.004915879,0.9934551542375089,0.28487889098491215,1.714890616578017,-0.00017229263136245843
1,0,1,XGBoost-R,1,X2,0.003661974,0.991806536,0.38613883508790503,1.6734006759578421,0.00011456308321108332
1,0,1,MLP-R,1,W1,0.060260625,0.9423932439154872,0.18462972153142895,1.6971217267746819,-1.4249922587328267e-05
1,0,1,MLP-R,1,W2,0.1048631345845641,0.8929059773668069,0.18178700528320388,1.642116747977656,0.0001669845454229879
1,0,1,MLP-R,1,X1,0.002212687,0.9978847596877936,0.2945825182779285,1.7175016484559156,-2.3810794254064405e-06
1,0,1,MLP-R,1,X2,0.002159123,0.9977949434351958,0.39321062078646135,1.6931342730596153,-2.177067992459314e-06
1,0,1,MLR,2,W1,0.055994138,0.9424781926056328,0.20033611064963314,1.6684724671302238,9.323946597743493e-05
1,0,1,MLR,2,W2,0.1113072253459184,0.894271411,0.1670175102904315,1.5866643074564002,0.0
1,0,1,MLR,2,X1,0.001900591,0.9980475554859762,0.3154205493265529,1.666169396242143,0.0
1,0,1,MLR,2,X2,0.001767979,0.9983206311178906,0.3775031669884855,1.6378077396276933,-4.2952064760459763e-07
1,0,1,SVR,2,W1,0.055893987,0.9425810766289882,0.20514086168789483,1.6719052160928491,0.00013276641060913085
1,0,1,SVR,2,W2,0.1109721405671744,0.8945897011064307,0.17339418433099918,1.5522489131269548,-6.301707392886158e-06
1,0,1,SVR,2,X1,0.002906581,0.9970141202086816,0.3125476928554784,1.6610002196540818,-0.00023890880207416698
1,0,1,SVR,2,X2,0.001768924,0.9983197330130982,0.37678522451631824,1.6373717914556356,-1.2968134734947512e-07
1,0,1,RF-R,2,W1,0.067359896,0.9308023468601028,0.18122857628131026,1.6051145900148853,0.0010389235635645867
1,0,1,RF-R,2,W2,0.1401420258158112,0.8668817889490666,0.15263744409779614,1.4038407127435355,0.00019678796884878836
1,0,1,RF-R,2,X1,0.016862181,0.9826777741468022,0.2871008286167682,1.5583292175973598,-0.00048246051862986804
1,0,1,RF-R,2,X2,0.028777551,0.972664758,0.3373252252696903,1.4515504947976896,-0.001687746854456229
1,0,1,XGBoost-R,2,W1,0.060569006,0.9248642765913008,0.19947340195037247,1.6519111968417413,0.0006282331909754802
1,0,1,XGBoost-R,2,W2,0.1191682531042904,0.8632993517439389,0.17236083683777162,1.5424296011988043,0.003828678745104641
1,0,1,XGBoost-R,2,X1,0.003127117,0.9942382530453048,0.3115375775696102,1.6547321720569041,7.763994831579967e-05
1,0,1,XGBoost-R,2,X2,0.005970042,0.9906454334111418,0.36845980448998644,1.6149512627824856,-0.0007556874533188984
1,0,1,MLP-R,2,W1,0.055807024,0.9426704124570648,0.19995982146224942,1.671354769073313,7.741345597405136e-05
1,0,1,MLP-R,2,W2,0.1111658793904447,0.8944056723298042,0.16631134492313704,1.5899805037997912,0.0002052828981379151
1,0,1,MLP-R,2,X1,0.00190257,0.9980455224866942,0.31528945479664516,1.6650215016087522,-1.1189015493018317e-06
1,0,1,MLP-R,2,X2,0.001766233,0.9983222897156876,0.3777303518431194,1.637960820818512,2.227307024371683e-08
1,0,1,MLR,3,W1,0.049428591,0.9521176889503048,0.3671055452568813,1.68671088013574,2.6886344146637152e-05
1,0,1,MLR,3,W2,0.09775861,0.9012691377096348,0.32182674835314484,1.5151249276304506,0.0
1,0,1,MLR,3,X1,0.001959803,0.9981015054470777,0.458096973963441,1.7067217686767084,1.1873874277146257e-06
1,0,1,MLR,3,X2,0.001918952,0.9980619632615728,0.509095053065241,1.482508293285608,4.4576982790589523e-07
1,0,1,SVR,3,W1,0.049355512,0.9521884815286582,0.36104868366911785,1.6723634542239338,2.6968730077903126e-06
1,0,1,SVR,3,W2,0.097894873,0.9011315191799064,0.3237864529097754,1.5116122593598027,-4.525814311562293e-05
1,0,1,SVR,3,X1,0.001966756,0.9980947700482152,0.45835573968173227,1.7076666544489587,1.5570566126776874e-06
1,0,1,SVR,3,X2,0.001915805,0.998065142,0.5096227435119307,1.4827530897914432,9.6337132948765e-08
1,0,1,RF-R,3,W1,0.072235878,0.9300238849213156,0.34636935961016074,1.5598822209274457,-0.0027560662781696667
1,0,1,RF-R,3,W2,0.1137742664124444,0.8850941984045395,0.30129226670547454,1.4315119239645129,0.00036366516637046373
1,0,1,RF-R,3,X1,0.032287991,0.9687220781862916,0.42135658215338256,1.5224646960966264,-0.0027616884678851815
1,0,1,RF-R,3,X2,0.014556367,0.9852988639272862,0.4842324305740128,1.3779297730490738,0.0009786168187688403
1,0,1,XGBoost-R,3,W1,0.056395771,0.9350432392435162,0.3635459448395521,1.6653853559952778,0.0003399085519509515
1,0,1,XGBoost-R,3,W2,0.1010395987908019,0.8619655205539221,0.3157364245971554,1.5162047411493025,-0.006924402602703805
1,0,1,XGBoost-R,3,X1,0.008068655,0.991318789,0.45186178082878303,1.6708051464518412,0.0004977475903245488
1,0,1,XGBoost-R,3,X2,0.003405541,0.9952442591490192,0.5086929695147859,1.4774079509280413,0.0005417952200189036
1,0,1,MLP-R,3,W1,0.049433424,0.952113007,0.367156545623091,1.686582492914681,2.688853295534921e-05
1,0,1,MLP-R,3,W2,0.097646657,0.901382204,0.3218501747709221,1.512133905200993,0.0003936093809966179
1,0,1,MLP-R,3,X1,0.001963689,0.998097741,0.4580678644086388,1.706643660532547,1.1928125140281409e-06
1,0,1,MLP-R,3,X2,0.001915385,0.9980655659168516,0.5096458901027446,1.4829208274443233,2.0491415932966107e-07
1,0,1,MLR,4,W1,0.054814571,0.94796713,0.1401528361362478,1.8472068707395224,9.615573852350678e-05
1,0,1,MLR,4,W2,0.1304920980081237,0.8693419419599828,0.14607217063884834,1.5661274749363536,-0.00012949285163734725
1,0,1,MLR,4,X1,0.002175621,0.9979347863182628,0.2412234872781991,1.8198343302470825,-3.0903170851193095e-07
1,0,1,MLR,4,X2,0.002163492,0.9978337562112646,0.4145550898770901,1.6037805597781265,1.5235781020472849e-06
1,0,1,SVR,4,W1,0.05478475,0.9479954377908232,0.13892691139773633,1.8546898454100127,0.0001180522178125365
1,0,1,SVR,4,W2,0.1302029298401268,0.8696314778924583,0.14826931513938835,1.5624823254302904,-1.543927115247312e-05
1,0,1,SVR,4,X1,0.002168816,0.9979412457759924,0.2405760860155063,1.8177021008970118,-1.4407952864115003e-07
1,0,1,SVR,4,X2,0.003095604,0.9969004585065032,0.4105965230220754,1.597744910446409,0.00018381082823490936
1,0,1,RF-R,4,W1,0.07742195,0.9265070182418396,0.13531154989042554,1.7239149493310755,-0.0012928416068971327
1,0,1,RF-R,4,W2,0.1424171347014196,0.8574017389884205,0.134077045615392,1.4744044825880067,0.0036004845799978867
1,0,1,RF-R,4,X1,0.025774406,0.9755335798709446,0.2252545177408162,1.63670713340972,0.003121130680866724
1,0,1,RF-R,4,X2,0.014424591,0.9855570634391184,0.3716939199908377,1.4929408224463752,0.0011285308614543577
1,0,1,XGBoost-R,4,W1,0.064208607,0.9257524661983172,0.13885175979743022,1.8262174800650968,0.0021705300798013694
1,0,1,XGBoost-R,4,W2,0.1330328926289432,0.8361959405361812,0.1368195216818265,1.560747324341552,0.00023971501452356713
1,0,1,XGBoost-R,4,X1,0.006161929,0.9911893078762316,0.24207096631096608,1.7917841122917646,0.0008565389875495266
1,0,1,XGBoost-R,4,X2,0.003979056,0.9931425910446036,0.4064292983124364,1.5986959685489843,0.0003173441786173181
1,0,1,MLP-R,4,W1,0.054764369,0.9480147844186204,0.14081976064867163,1.8525779168249656,0.00022692273661512052
1,0,1,MLP-R,4,W2,0.1303522562702659,0.8694819615487575,0.1470986547473091,1.5571843628856645,-9.218073770855816e-07
1,0,1,MLP-R,4,X1,0.002151972,0.997957235,0.23974847629725965,1.818081669403584,2.849746026167832e-06
1,0,1,MLP-R,4,X2,0.002162792,0.9978344568627606,0.41470575076290467,1.6036561586790388,1.6878162822919762e-06
1,0,1,MLR,5,W1,0.037714234,0.9625342478502792,0.7894902503193788,1.2144248423631312,0.0
1,0,1,MLR,5,W2,0.079624375,0.9167455225535076,0.7807477395665637,1.0533392080124389,1.642178484506651e-06
1,0,1,MLR,5,X1,0.001552828,0.998457403,0.8692842570522659,1.2159345021493677,3.395723330634759e-07
1,0,1,MLR,5,X2,0.001346001,0.9985926348397036,0.9300913734436687,1.0473792744667576,2.233098374937459e-06
1,0,1,SVR,5,W1,0.037752683,0.962496052,0.7889261527341149,1.2225930766128497,-4.433316005278964e-05
1,0,1,SVR,5,W2,0.079233195,0.9171545367419413,0.7662765608848359,1.0253893927661317,-3.284947727055787e-07
1,0,1,SVR,5,X1,0.001551892,0.9984583328194524,0.8683827307593228,1.2157072234765505,7.863709948319198e-07
1,0,1,SVR,5,X2,0.00134398,0.9985947474162088,0.93013261095703,1.0474626606715571,6.137931138439079e-06
1,0,1,RF-R,5,W1,0.048794561,0.9515269239745736,0.7575329137127631,1.1565477722708555,-0.0011682205902328491
1,0,1,RF-R,5,W2,0.091228711,0.9046121410102286,0.743755982776655,1.0001660884765229,0.0016760362694811515
1,0,1,RF-R,5,X1,0.01609533,0.984010714,0.8143029822506641,1.1350314034034792,0.0011270986598062693
1,0,1,RF-R,5,X2,0.012110918,0.987336941,0.8827107707054751,0.9713040943597593,0.0009026900723115849
1,0,1,XGBoost-R,5,W1,0.040884916,0.9493488605458342,0.784982846434594,1.1992886925786346,-0.0014322241548051285
1,0,1,XGBoost-R,5,W2,0.082180002,0.8910897266148374,0.7725608204948504,1.0527685819011614,0.0024880266713224407
1,0,1,XGBoost-R,5,X1,0.003233436,0.9942301963092374,0.8612016093122594,1.1962951423250696,0.0002967803930149504
1,0,1,XGBoost-R,5,X2,0.002218129,0.9959254534933996,0.9253712723821452,1.0423704044677273,0.00012512441626506555
1,0,1,MLP-R,5,W1,0.037519175,0.9627280214601788,0.7864066227884422,1.2123382563435394,0.00010180131124459812
1,0,1,MLP-R,5,W2,0.078915528,0.9174866862356548,0.7642371579572739,1.0272914992005604,0.0010412652353712249
1,0,1,MLP-R,5,X1,0.001532883,0.998477216,0.8697766171423196,1.2150466297160545,4.027524988883258e-05
1,0,1,MLP-R,5,X2,0.001345387,0.9985932766846116,0.9302360543379598,1.0476088753092843,3.5291819755256525e-06
1,0,1,MLR,6,W1,0.057848516,0.9467413128638515,0.1310537860917374,1.7152782938715336,-2.137947305507204e-05
1,0,1,MLR,6,W2,0.1133197586986416,0.880132392,0.15087656187088544,1.6843956380291458,4.3734855643295933e-05
1,0,1,MLR,6,X1,0.002322997,0.9978613149568198,0.23131268433444543,1.7006883381223659,-2.3793308966402195e-07
1,0,1,MLR,6,X2,0.002120474,0.9977570001070336,0.3938374183628706,1.691954631477497,5.338904249041487e-06
1,0,1,SVR,6,W1,0.057795248,0.9467903545950276,0.13331850428455275,1.7163862848170914,0.0006426156688961071
1,0,1,SVR,6,W2,0.1129458796591864,0.8805278740820643,0.16292402513537046,1.6985211847253914,7.665225188313585e-05
1,0,1,SVR,6,X1,0.002322299,0.997861957,0.23123921905692937,1.700657600257052,-2.203776062525975e-07
1,0,1,SVR,6,X2,0.002102463,0.9977760522410294,0.3949674448050466,1.684510022604505,-3.8573903557881374e-06
1,0,1,RF-R,6,W1,0.075275585,0.9306969461814996,0.124998006127446,1.6355020217614205,-0.00019248980563413287
1,0,1,RF-R,6,W2,0.1330483915063923,0.8592637975710551,0.13374115711462986,1.5924968148267922,-0.004020171007177331
1,0,1,RF-R,6,X1,0.018822957,0.9826704980220852,0.21494242969218663,1.590677965453977,-0.00036405497824602005
1,0,1,RF-R,6,X2,0.017814231,0.9811564255546318,0.35382131364966374,1.5675736444686312,0.000723878718674742
1,0,1,XGBoost-R,6,W1,0.059671655,0.9264069565855192,0.1292606110153987,1.7239721713611313,-0.003246446891448185
1,0,1,XGBoost-R,6,W2,0.1177182369429923,0.8366680989412709,0.13706928226763404,1.6468215765863214,-0.008430344302758862
1,0,1,XGBoost-R,6,X1,0.003522716,0.995197566,0.22531499655602047,1.707324420820958,0.0004965297249001077
1,0,1,XGBoost-R,6,X2,0.004373373,0.9916952372756648,0.3896726881125151,1.667196394056227,2.9860836467554552e-05
1,0,1,MLP-R,6,W1,0.057847828,0.946741946,0.13106074604815648,1.7153982628127633,-2.1142886129432715e-05
1,0,1,MLP-R,6,W2,0.1134098454301708,0.8800370994103373,0.1508941140273377,1.6844629589264073,4.506781948006022e-05
1,0,1,MLP-R,6,X1,0.002322925,0.9978613811336586,0.2313073245676228,1.7006512623681829,-2.2532425000276746e-07
1,0,1,MLP-R,6,X2,0.002088353,0.9977909780726254,0.39324835515582046,1.6872777620217683,-5.70133421062824e-07
1,0,1,MLR,7,W1,0.062469324,0.9379950998613248,0.12357820056483644,1.7298468272982692,0.0
1,0,1,MLR,7,W2,0.1186600860530966,0.8890095369043205,0.11093098667399208,1.5946836806034612,4.172825933094204e-05
1,0,1,MLR,7,X1,0.002344911,0.9976725221569834,0.23969814007914375,1.765388327886738,3.3160668699849793e-06
1,0,1,MLR,7,X2,0.002251784,0.9978937609914652,0.32121756946588814,1.6013384013323317,0.0
1,0,1,SVR,7,W1,0.062402387,0.9380615390199988,0.12526283471937044,1.734355314499989,3.0279196812754703e-06
1,0,1,SVR,7,W2,0.1183478187253563,0.889301621,0.11229717439823857,1.639185542527183,2.443482095350058e-05
1,0,1,SVR,7,X1,0.002344077,0.9976733498355346,0.23974073469981955,1.7653707967318422,6.2559148714003145e-06
1,0,1,SVR,7,X2,0.005081142,0.9952472784631712,0.3052752392384933,1.530749893844672,5.546711063708632e-06
1,0,1,RF-R,7,W1,0.072466613,0.928072135,0.1193757749991013,1.6590919989415067,0.0011168231458557943
1,0,1,RF-R,7,W2,0.1350450833538097,0.8736835878112628,0.11349476423552943,1.5160789005594264,0.0073894185787459765
1,0,1,RF-R,7,X1,0.018517657,0.9816200113611204,0.2151604723112163,1.626617139113557,0.001942542840096284
1,0,1,RF-R,7,X2,0.019841852,0.981440631,0.298744016388859,1.4729384927890086,0.000318345710895962
1,0,1,XGBoost-R,7,W1,0.065120323,0.9253945635237408,0.12163451112621208,1.7263507523013608,0.003558769994520461
1,0,1,XGBoost-R,7,W2,0.1235787516636963,0.8591500930355696,0.1148457361496392,1.5836286457783524,0.0061431071213915
1,0,1,XGBoost-R,7,X1,0.005589372,0.9933307618901728,0.2335996953817797,1.7496777889749695,0.00023510324757270996
1,0,1,XGBoost-R,7,X2,0.004200616,0.993184977,0.31590118243349496,1.5943256782611768,-7.753954550343556e-05
1,0,1,MLP-R,7,W1,0.062600416,0.9378649823284892,0.12371613336270482,1.7317020178277798,-5.518027468598419e-06
1,0,1,MLP-R,7,W2,0.1182575021918714,0.8893860996616764,0.10972698089713118,1.6129914893770327,-4.260752991014361e-06
1,0,1,MLP-R,7,X1,0.002342441,0.9976749740226768,0.2397635501234404,1.7668120536017817,2.705577307982043e-06
1,0,1,MLP-R,7,X2,0.002248154,0.9978971562490976,0.3263178275322157,1.5963760079607971,2.1708861882796527e-06
1,0,1,MLR,8,W1,0.034556441,0.967068581,0.7381009234978062,1.1398964837217274,6.380404552628339e-05
1,0,1,MLR,8,W2,0.077993941,0.9172963909466352,0.7579608597975594,1.1412425213094686,1.5355563997376807e-05
1,0,1,MLR,8,X1,0.00149841,0.9985720532768414,0.8072937600383145,1.118903510856077,-5.45570215104707e-07
1,0,1,MLR,8,X2,0.001338648,0.9985805176569666,0.8785553659445144,1.1409097671416135,0.0
1,0,1,SVR,8,W1,0.034606689,0.9670206954319917,0.735983981091799,1.144889830394954,1.854684203435042e-05
1,0,1,SVR,8,W2,0.078294755,0.9169774125959986,0.7620912563041135,1.1441775305907638,-2.1710078937520193e-05
1,0,1,SVR,8,X1,0.017603925,0.9832239015021396,0.7665322753102337,1.0447660816552777,0.001918422424575672
1,0,1,SVR,8,X2,0.001374736,0.9985422507215505,0.8774314971535155,1.1444375078211932,-5.655858939235259e-06
1,0,1,RF-R,8,W1,0.044830039,0.9572780992624784,0.7148297846282639,1.0868808344518572,0.0009190170375312113
1,0,1,RF-R,8,W2,0.088840096,0.905795291,0.7024064313691907,1.0877078063819414,0.0016365334882386562
1,0,1,RF-R,8,X1,0.017078964,0.983724176,0.766517061847814,1.0161033225159462,0.001850734151096467
1,0,1,RF-R,8,X2,0.016014747,0.9830182020171562,0.8169721172390203,1.0492871702801687,3.613175763294008e-05
1,0,1,XGBoost-R,8,W1,0.036852601,0.9550212605594356,0.7379590119998086,1.1298894820067653,0.00011721963167309335
1,0,1,XGBoost-R,8,W2,0.079734567,0.8918575631097537,0.7562928842134268,1.130903662945585,0.0023003738543453944
1,0,1,XGBoost-R,8,X1,0.003348685,0.9948000859124192,0.8040460336930438,1.1017006685457105,8.900556794213532e-05
1,0,1,XGBoost-R,8,X2,0.003126376,0.9950990941219532,0.870438366547346,1.128310189863163,-0.00012882069475389502
1,0,1,MLP-R,8,W1,0.034653045,0.9669765184761038,0.7381189111903984,1.1398375845328832,6.481131779121352e-05
1,0,1,MLP-R,8,W2,0.077805729,0.917495969,0.7448838652895704,1.1478086683142186,0.00027286079084426484
1,0,1,MLP-R,8,X1,0.001499819,0.9985707104082564,0.8072875726695855,1.1189354847658166,-6.015624972044442e-07
1,0,1,MLP-R,8,X2,0.001340109,0.998578968,0.8786152324949846,1.1410516085248716,-4.5743023313615794e-08
1,0,1,MLR,9,W1,0.054499747,0.9402696346937812,0.35244495432814826,1.5463091550173842,6.463688082800623e-05
1,0,1,MLR,9,W2,0.1066485300539728,0.8859463563801526,0.34966408102625157,1.406435116082751,6.793359035828228e-06
1,0,1,MLR,9,X1,0.002067394,0.9977341878225682,0.4602924655015642,1.5562960290445003,1.4925283260192045e-06
1,0,1,MLR,9,X2,0.001928578,0.997937512,0.5473390869827647,1.4126859282446929,-1.1875796795624006e-06
1,0,1,SVR,9,W1,0.054423516,0.9403531815544864,0.35227620951588784,1.541732897241519,0.000135467289611213
1,0,1,SVR,9,W2,0.1062748168551853,0.8863460182598707,0.3408255047974996,1.4115504114457558,9.230717730857042e-06
1,0,1,SVR,9,X1,0.00269908,0.9970418752176946,0.45941881940943174,1.5511104815876204,0.00022014652447681636
1,0,1,SVR,9,X2,0.002752403,0.997056484,0.5424415665010838,1.406831518666099,0.00012306169562897873
1,0,1,RF-R,9,W1,0.069522422,0.923805158,0.3293069138664058,1.4713435546133045,-0.0021378566953662802
1,0,1,RF-R,9,W2,0.1111054251512563,0.8811799979050816,0.3292883364767022,1.351705112830866,0.003873532176483474
1,0,1,RF-R,9,X1,0.012334914,0.9864812417795862,0.43321508441869827,1.4580618349251444,0.0007906975296495978
1,0,1,RF-R,9,X2,0.014193704,0.9848207601661046,0.5004320711476378,1.3212320307549477,0.00019334483911909173
1,0,1,XGBoost-R,9,W1,0.057631582,0.9184534518240752,0.3576870662203612,1.539585440231945,-0.0049887805959048515
1,0,1,XGBoost-R,9,W2,0.1075706283776754,0.8586254124833795,0.34839871360041047,1.412695295689652,0.0055116032689327184
1,0,1,XGBoost-R,9,X1,0.003355661,0.9943795008337084,0.46078712944176325,1.5520889950862518,7.631545453858912e-05
1,0,1,XGBoost-R,9,X2,0.003585935,0.9944925768635028,0.5434439353759793,1.3997124423990726,-9.723003145958308e-05
1,0,1,MLP-R,9,W1,0.054444182,0.940330533,0.3603786594728128,1.5335296012149648,0.0007527622366718667
1,0,1,MLP-R,9,W2,0.1064767069529118,0.8861301099745448,0.35256960626995326,1.409217511548228,0.0024553872914364616
1,0,1,MLP-R,9,X1,0.002068745,0.9977327073651048,0.4602962282641124,1.5563318458760798,1.5456296153959492e-06
1,0,1,MLP-R,9,X2,0.001919776,0.9979469245865878,0.5459968563766016,1.4128822633152576,-2.508956304503318e-06
1,0,1,MLR,10,W1,0.056035495,0.945324631,0.19209905033002972,1.6388069296445384,0.0
1,0,1,MLR,10,W2,0.1299207643238371,0.8569151084620239,0.19320039118499072,1.6376558986243395,4.400668571215016e-05
1,0,1,MLR,10,X1,0.002156658,0.9978956896558724,0.2833915156563319,1.606861760732943,0.0
1,0,1,MLR,10,X2,0.00207428,0.9977155450198356,0.47217921968218,1.6606419190300035,5.8559465147545176e-06
1,0,1,SVR,10,W1,0.055903551,0.9454533723806744,0.1926182228624425,1.6453555917000997,-5.6532999792713313e-05
1,0,1,SVR,10,W2,0.1296158574309823,0.8572509098246496,0.1934357801545585,1.635336389076399,0.0002581921191857628
1,0,1,SVR,10,X1,0.002156141,0.9978961940765764,0.283501128904456,1.6070432895468667,6.804363570811489e-07
1,0,1,SVR,10,X2,0.002071055,0.9977190969639684,0.4731721120026828,1.658560608805368,6.966074515712961e-06
1,0,1,RF-R,10,W1,0.077950552,0.9239415093100488,0.186359058069909,1.5424154977092122,-0.0007135614240785903
1,0,1,RF-R,10,W2,0.1498828982607712,0.8349303257823802,0.17971269807897552,1.5543031571466137,-0.002612377714200376
1,0,1,RF-R,10,X1,0.026423678,0.9742176925180652,0.26238897621714685,1.4786872135649156,-0.00020757892001467272
1,0,1,RF-R,10,X2,0.018836114,0.97925533,0.4283250356234472,1.5327451735212816,-0.00032113402590664417
1,0,1,XGBoost-R,10,W1,0.062097644,0.9232126235065328,0.19080217720110149,1.6205061684847357,-0.0029525559550381275
1,0,1,XGBoost-R,10,W2,0.1305120542646687,0.8271608114486135,0.19631663849653372,1.6315299786614375,-0.0009877791612008413
1,0,1,XGBoost-R,10,X1,0.005515699,0.9921270106678994,0.2798998308133478,1.584232617290922,4.492951138521661e-05
1,0,1,XGBoost-R,10,X2,0.003408432,0.9934903695913028,0.46504748246301786,1.6526001625465223,-0.00025169996465392865
1,0,1,MLP-R,10,W1,0.056171697,0.9451917354099428,0.1922523151719237,1.6391030309339119,-0.00010687636394386413
1,0,1,MLP-R,10,W2,0.129810293,0.8570367731277135,0.19136103442584768,1.6339200966896583,5.659048638967379e-05
1,0,1,MLP-R,10,X1,0.002160635,0.9978918094180006,0.2835030056336944,1.6066952542232407,-2.0940570883754005e-06
1,0,1,MLP-R,10,X2,0.00207082,0.9977193561992604,0.47263569845042974,1.6625763489969088,9.443316715573858e-06
1,0,2,MLR,1,W1,0.1650561865877421,0.8307748863674639,0.42177193112989214,1.1927180214082973,0.00043411151856993514
1,0,2,MLR,1,W2,0.2650800734980861,0.7253244941192003,0.38079621983167894,1.0499679297109028,0.0
1,0,2,MLR,1,X1,0.001532702,0.9984285858855368,0.762033659779348,1.2427989274042484,0.0
1,0,2,MLR,1,X2,0.001270386,0.998683629,0.9188398960893526,1.0392673606629756,0.0
1,0,2,SVR,1,W1,0.1648585276820668,0.8309775376673932,0.42973670699858035,1.1891275936008308,0.0005688150686007476
1,0,2,SVR,1,W2,0.2656512818263026,0.7247326090542623,0.37996673287285004,1.0679566482479401,-0.0005180356770493777
1,0,2,SVR,1,X1,0.001535105,0.9984261223016908,0.7619463962738801,1.2422447793123907,-1.8437776926893967e-06
1,0,2,SVR,1,X2,0.001269803,0.998684233,0.917758560600219,1.0395490566211016,6.622478019857603e-07
1,0,2,RF-R,1,W1,0.1761918012064365,0.8193580125854263,0.3993583628085328,1.1231492861699883,0.0005872292305276194
1,0,2,RF-R,1,W2,0.2870385295235437,0.7025711806107166,0.36063948161026627,0.9674434686759886,0.005343153942230139
1,0,2,RF-R,1,X1,0.017963476,0.9815828089764184,0.6878575347321964,1.1415504918938588,0.00040564098383001347
1,0,2,RF-R,1,X2,0.017213374,0.982163532,0.8502753253104987,0.9445243542629573,0.0008568446911175531
1,0,2,XGBoost-R,1,W1,0.1688732406895458,0.7918781739392049,0.42556301445995504,1.1880421421799159,0.0049010485065183905
1,0,2,XGBoost-R,1,W2,0.2715232572429388,0.6166594041151945,0.3637612440732394,1.054170798801454,-0.01582340211185588
1,0,2,XGBoost-R,1,X1,0.003505664,0.9933865658139096,0.7562986105713868,1.2315590089201316,0.00015686356948438896
1,0,2,XGBoost-R,1,X2,0.003854518,0.993219196,0.9179724332991857,1.0248012715271801,-0.00032191216093458986
1,0,2,MLP-R,1,W1,0.1635071758951212,0.8323630213892156,0.416798719050618,1.1850628259939735,0.0030054338887737673
1,0,2,MLP-R,1,W2,0.2646695833255155,0.7257498433139624,0.3935977140903636,1.079045999803392,-0.0003602943723492569
1,0,2,MLP-R,1,X1,0.001535077,0.9984261505669508,0.7620167457117153,1.2427524967582741,-9.381442219735803e-07
1,0,2,MLP-R,1,X2,0.001270833,0.9986831648045468,0.918736501908325,1.0392666028128044,5.849204667951469e-07
1,0,2,MLR,2,W1,0.1630614999848722,0.8327164141550008,0.42323802579740344,1.2236895685608382,0.00010350803514578289
1,0,2,MLR,2,W2,0.3106140922593349,0.6738924987011872,0.36437420317538677,1.057214205539273,0.0
1,0,2,MLR,2,X1,0.001499669,0.9984615007313922,0.7736402715669002,1.2155073563609988,-2.0790656941604978e-07
1,0,2,MLR,2,X2,0.001339516,0.998593669,1.0243753913897382,1.0640055607754948,0.0
1,0,2,SVR,2,W1,0.1625854128799019,0.8332048283919689,0.4229861986798964,1.2104245218305567,0.00031071211786376507
1,0,2,SVR,2,W2,0.3102318397869534,0.6742938178999616,0.3724723681383491,1.0817308698352917,0.006884733744509053
1,0,2,SVR,2,X1,0.001499814,0.9984613521384166,0.7732733560511323,1.214696353379343,8.355312021590677e-07
1,0,2,SVR,2,X2,0.001498426,0.9984268327122808,1.0224402458688027,1.0592508967668661,0.00021884144562233087
1,0,2,RF-R,2,W1,0.1873856430866163,0.8077624557954606,0.39635904252253945,1.0917122162055843,-0.0010493233223512588
1,0,2,RF-R,2,W2,0.3185010789325199,0.6656121096883731,0.3584651997044807,0.9903567807079001,0.008876355228791589
1,0,2,RF-R,2,X1,0.022838794,0.9765698502696084,0.7239632059157056,1.100860859978629,-0.0019157295565699784
1,0,2,RF-R,2,X2,0.013402124,0.985929379,0.947413496249613,0.9749954339982395,0.0008043175534184988
1,0,2,XGBoost-R,2,W1,0.1702410893348006,0.7754728314040154,0.41329039965978354,1.2081407515864,-0.004633385224026632
1,0,2,XGBoost-R,2,W2,0.3149390625346996,0.591119415,0.3638286199894798,1.0552360669393326,0.004299359457841856
1,0,2,XGBoost-R,2,X1,0.004563924,0.9925151107056722,0.7691718601923107,1.201979035274079,-2.302352678063002e-06
1,0,2,XGBoost-R,2,X2,0.002709731,0.9945087027254812,1.0247248116203873,1.0605208244144404,0.00012058595814683493
1,0,2,MLP-R,2,W1,0.1629466562402367,0.8328342315025431,0.4251609421554887,1.2195842343827603,8.835210814374106e-05
1,0,2,MLP-R,2,W2,0.3111124765944648,0.6733692549905315,0.3813284447273825,1.062568081416146,-9.980255518459158e-05
1,0,2,MLP-R,2,X1,0.001492878,0.998468468,0.7722576714651004,1.214719842420665,4.646109877071147e-06
1,0,2,MLP-R,2,X2,0.001339471,0.9985937161612504,1.0238042088091874,1.0654826740973202,6.6588921397880975e-06
1,0,2,MLR,3,W1,0.1238461349917144,0.871225023,0.6976980499335561,0.9784208534757569,-0.00015434223654128276
1,0,2,MLR,3,W2,0.2531845820779955,0.7257549162522555,0.5471359103157185,0.9428720272794322,0.0005385466219690382
1,0,2,MLR,3,X1,0.001340127,0.9986065382676264,0.940585101465526,0.9487207480429178,-2.9499197256033227e-06
1,0,2,MLR,3,X2,0.001045765,0.9988672457911436,1.0205620848278116,0.9268242175243945,-1.2003445183261796e-06
1,0,2,SVR,3,W1,0.1234004059882651,0.8716884914118068,0.6982589277848839,0.9808504972117275,0.00021150743269650053
1,0,2,SVR,3,W2,0.2523804096125422,0.7266259817149539,0.5360977872976871,0.9451365055732737,0.0001533830860943053
1,0,2,SVR,3,X1,0.001911477,0.998012449,0.9400302120433264,0.9480648209424052,-0.00018848007165851445
1,0,2,SVR,3,X2,0.002142375,0.9976794175058236,0.9860006096805212,0.9017424737257487,2.2630586498395556e-05
1,0,2,RF-R,3,W1,0.1360074019419632,0.8585797608802551,0.6537146560958809,0.9164293182339461,9.372658480738538e-05
1,0,2,RF-R,3,W2,0.268016694,0.7096890338085167,0.4909459016427255,0.8652198407366297,0.0010187393495820873
1,0,2,RF-R,3,X1,0.012534329,0.986966829,0.8873287487687138,0.8954704973934542,-0.00030435826887790227
1,0,2,RF-R,3,X2,0.014655334,0.9841256006279724,0.957895720979843,0.8489741400834492,-0.0006739424034860386
1,0,2,XGBoost-R,3,W1,0.1260348168596801,0.8390630199606228,0.6973640912125528,0.976159017909349,0.0026972023314054128
1,0,2,XGBoost-R,3,W2,0.2522542856889582,0.6770797995797779,0.5617030972164093,0.966984251182625,0.02047122804389535
1,0,2,XGBoost-R,3,X1,0.002652827,0.995561647,0.9387684015233345,0.9490844880836635,5.3538634187366706e-05
1,0,2,XGBoost-R,3,X2,0.002354712,0.9948665822859756,1.0162949931718566,0.9180614959273925,-0.000493017440505783
1,0,2,MLP-R,3,W1,0.1238439852481091,0.871227259,0.6976715931916012,0.9784146969704768,-0.00014922394380293414
1,0,2,MLP-R,3,W2,0.2520603588176092,0.7269726551037502,0.5346441599718249,0.9483633431003057,0.0006412259851595658
1,0,2,MLP-R,3,X1,0.001339919,0.998606755,0.9408266766259576,0.9487156920455571,-3.1462640215251804e-06
1,0,2,MLP-R,3,X2,0.001044603,0.9988685047239416,1.0213433966898235,0.9261325871785047,-1.7248159931648744e-06
1,0,2,MLR,4,W1,0.1357751063775137,0.8792739282989687,0.5098240180500129,1.0834944005375458,-8.887205065422066e-06
1,0,2,MLR,4,W2,0.2632991495941812,0.7372875601525974,0.4885106696642546,0.9803760409707699,0.00020293495247053484
1,0,2,MLR,4,X1,0.001305672,0.9988390458713584,0.7529769613377871,1.0723423579338267,-5.7398316477552666e-08
1,0,2,MLR,4,X2,0.001061201,0.9989411638194732,1.0022404927265944,0.9429078237134927,0.0
1,0,2,SVR,4,W1,0.135576433,0.8794505812040554,0.5078466857531655,1.0946797461357343,-4.044824468729669e-06
1,0,2,SVR,4,W2,0.2630043630806437,0.7375816897930652,0.4905267899056853,0.9867047872178926,0.00015148739811794433
1,0,2,SVR,4,X1,0.001306844,0.9988380041245228,0.7536116658309325,1.0757302077061917,9.934457179117118e-07
1,0,2,SVR,4,X2,0.00127118,0.9987316521620044,1.0025381369934876,0.9399757277462744,0.0005972631427905162
1,0,2,RF-R,4,W1,0.1541815378480091,0.862907628,0.4858131807281619,1.0196495766274267,0.005791787436027351
1,0,2,RF-R,4,W2,0.2778750775081575,0.7227441117927279,0.45669916194495624,0.9027769769991634,0.0004557699139697835
1,0,2,RF-R,4,X1,0.02074673,0.981552795,0.6997783500214048,0.9628323541677883,0.001608516258304249
1,0,2,RF-R,4,X2,0.013720483,0.9863100905336218,0.9240565277388846,0.8636675908931135,0.0011912541675046073
1,0,2,XGBoost-R,4,W1,0.1390291167364735,0.8442918132498703,0.5166764579341997,1.061003826223272,0.0005669594579019166
1,0,2,XGBoost-R,4,W2,0.2624040428178614,0.6702868685304264,0.4796103115606626,0.9979030061662284,-0.00295449529834767
1,0,2,XGBoost-R,4,X1,0.003564975,0.9949017188747212,0.7526311494287118,1.0660867568148529,0.0002182829118004159
1,0,2,XGBoost-R,4,X2,0.002889545,0.994553391,1.0031829993819081,0.9400415249262887,-0.00044696225610361127
1,0,2,MLP-R,4,W1,0.1357048204200239,0.8793364239049003,0.5097281309316681,1.084870886899783,-8.723319022352349e-07
1,0,2,MLP-R,4,W2,0.2634835126016429,0.7371036079614016,0.4885052522981709,0.9803460894952633,0.00020150136018626252
1,0,2,MLP-R,4,X1,0.0013065,0.99883831,0.7529480386517687,1.0723319250683503,-3.311360415869657e-08
1,0,2,MLP-R,4,X2,0.001059576,0.9989427850743628,1.0019612408997154,0.9422053158533611,-1.4217364895152683e-06
1,0,2,MLR,5,W1,0.1262729379836196,0.8860475519392336,0.679577296838758,0.9959698167631805,4.521329065590995e-05
1,0,2,MLR,5,W2,0.2697654980173468,0.7203514247050478,0.6063262415734484,0.8227168883294805,0.0001855636345711842
1,0,2,MLR,5,X1,0.001207471,0.9989103419085558,0.9270138827818375,0.9865694280203197,1.9739286738484908e-08
1,0,2,MLR,5,X2,0.001049875,0.9989116618037188,1.1625867949079025,0.813519634231292,0.0
1,0,2,SVR,5,W1,0.1259132917817064,0.8863721073491115,0.6850470738974621,1.0086245934504572,0.0003132416423875961
1,0,2,SVR,5,W2,0.2699151464575949,0.7201962937731159,0.6119137315048743,0.8241097366513437,5.063994916110204e-05
1,0,2,SVR,5,X1,0.002944353,0.9973429281452386,0.9083198610006062,0.9510296262265783,-5.66012042571451e-05
1,0,2,SVR,5,X2,0.001381195,0.9985682033018785,1.1607774981066985,0.8124376219158889,0.00010023653958673995
1,0,2,RF-R,5,W1,0.1469449892285086,0.8673924791785261,0.664720846971347,0.9433370824828524,-0.00032649485132825174
1,0,2,RF-R,5,W2,0.2856463020002669,0.7038888146196156,0.579254956762864,0.7685684812356934,0.0008792204148835303
1,0,2,RF-R,5,X1,0.016636093,0.9849870953641524,0.8650181415325344,0.9217778802080149,0.0004217364660386247
1,0,2,RF-R,5,X2,0.012998094,0.98652571,1.0784840906765356,0.7633357066542164,-0.000759730102709233
1,0,2,XGBoost-R,5,W1,0.1315078953044191,0.8406256340438901,0.6863787437952743,0.9934860056318209,-0.0007978523456983577
1,0,2,XGBoost-R,5,W2,0.2740131634096878,0.6445177808059283,0.5947455451301714,0.804461560772283,-0.0003147696868399441
1,0,2,XGBoost-R,5,X1,0.002857554,0.9957192341772046,0.9223463885030194,0.9873071372991464,-2.744424630016784e-05
1,0,2,XGBoost-R,5,X2,0.002004125,0.9954359000666458,1.1618885158914063,0.8125852316324818,0.00028545716981241974
1,0,2,MLP-R,5,W1,0.1263157514114724,0.8860089158308828,0.6796192348431482,0.9959405029524756,4.5591663085831066e-05
1,0,2,MLP-R,5,W2,0.2676946064990907,0.7224981850095603,0.6037878945013109,0.8224370755874268,-7.370300896113458e-05
1,0,2,MLP-R,5,X1,0.001203522,0.9989139062273488,0.9272072068288674,0.9872530382310153,1.1298064948150888e-06
1,0,2,MLP-R,5,X2,0.001044888,0.998916832,1.1632777245905066,0.8139012190107883,5.675445926114353e-05
1,0,2,MLR,6,W1,0.1512823869029121,0.8565088495210066,0.5415814131393786,1.094202753702865,-0.0006326844679710563
1,0,2,MLR,6,W2,0.2806859605956865,0.7340547551932135,0.40255696499858706,1.0270541288931017,0.0
1,0,2,MLR,6,X1,0.001569262,0.9985115569408703,0.8201833870234914,1.1243387709540755,4.5737888367813893e-07
1,0,2,MLR,6,X2,0.001188496,0.9988739199467748,0.9373291642430541,0.9969459229214838,9.174669673206459e-07
1,0,2,SVR,6,W1,0.1505719737535907,0.8571826754844808,0.5367392579689911,1.0965787041082302,-0.00021128154314438153
1,0,2,SVR,6,W2,0.2804578391156523,0.7342708964733995,0.4044982263542615,1.0440570322368248,-0.000214659388527072
1,0,2,SVR,6,X1,0.001568495,0.9985122845105828,0.8203555466869616,1.123857918961639,-5.98502390691813e-07
1,0,2,SVR,6,X2,0.002810605,0.9973369992081274,0.9055565558711729,0.9664731899991429,-5.356099748899945e-05
1,0,2,RF-R,6,W1,0.165427714,0.843092025,0.5003308380456469,1.0218433427407703,-0.0011581488224642112
1,0,2,RF-R,6,W2,0.3045079817196015,0.7114837893132429,0.3680192199877814,0.9531414121321674,-0.0006042057753783636
1,0,2,RF-R,6,X1,0.01491245,0.9858555603664432,0.7509372045412226,1.0451954941199673,-0.0004773918312159231
1,0,2,RF-R,6,X2,0.02314969,0.9780660563752012,0.859450512659469,0.9041749594902251,0.00033163448497032234
1,0,2,XGBoost-R,6,W1,0.1531324139898872,0.8163946284730136,0.5286744009424631,1.1021426912186272,0.0008033923057575332
1,0,2,XGBoost-R,6,W2,0.2902180896246468,0.6447220089482808,0.3863622006984565,1.0038610240018906,-0.010108239507808914
1,0,2,XGBoost-R,6,X1,0.002932346,0.9949586298853526,0.8139796735518061,1.1183671106657669,-0.00020279416293480512
1,0,2,XGBoost-R,6,X2,0.00423918,0.9935654307732824,0.9219045858845542,0.9804313313554018,0.00010304455963189296
1,0,2,MLP-R,6,W1,0.1508509620493938,0.8569180554427528,0.5403461231596225,1.093207357197556,-0.00038932152894161076
1,0,2,MLP-R,6,W2,0.2819787754111026,0.7328298348165547,0.4035719102120801,1.0281336824789786,-0.0007208303829832729
1,0,2,MLP-R,6,X1,0.001568912,0.9985118885699916,0.8201358060004799,1.1242677120087512,4.5720736218113346e-07
1,0,2,MLP-R,6,X2,0.001188306,0.9988741,0.9372673331391572,0.996946295743799,7.120335294374946e-07
1,0,2,MLR,7,W1,0.096991073,0.8982136156429313,1.203911584170216,0.6951800979753349,0.0
1,0,2,MLR,7,W2,0.1832466248019685,0.8285734171639637,0.9911623138436749,0.5662105697666473,0.00034272039955026703
1,0,2,MLR,7,X1,0.001014787,0.998935041,1.4564363983070558,0.6883530654661548,1.4733321558435542e-06
1,0,2,MLR,7,X2,0.000857713,0.9991976128480432,1.3620842673262374,0.5788098504961718,1.3553933133514384e-06
1,0,2,SVR,7,W1,0.096967018,0.8982388607853236,1.2072271566768014,0.6932104235316086,-0.00012231001188567348
1,0,2,SVR,7,W2,0.1830560810235706,0.8287516702087154,1.0042532753543614,0.5761813702003795,0.0006919941605437518
1,0,2,SVR,7,X1,0.001015246,0.9989345597797916,1.456415146307981,0.6883492582174469,8.454402393165417e-07
1,0,2,SVR,7,X2,0.00130027,0.9987836018403912,1.3307930748741394,0.57806081581289,1.2644050954424558e-05
1,0,2,RF-R,7,W1,0.1026916111930769,0.8922312389279601,1.1534742023549927,0.6633830452259789,0.0025488719076879663
1,0,2,RF-R,7,W2,0.2011437339763051,0.8118307335171813,0.9359421796810473,0.528706080500476,-0.002917111751135448
1,0,2,RF-R,7,X1,0.009928603,0.9895805194364092,1.3583230408600122,0.6313827739872366,0.0006260828616295843
1,0,2,RF-R,7,X2,0.018050793,0.983113546,1.2504794692239174,0.5134345174970492,0.0015224064734287945
1,0,2,XGBoost-R,7,W1,0.099487092,0.8776519123180849,1.195772885089481,0.7128301784928881,0.005053671640131541
1,0,2,XGBoost-R,7,W2,0.1881201722986831,0.7832134285836881,0.9750406311588605,0.5669844583482669,0.004943002718968114
1,0,2,XGBoost-R,7,X1,0.002404125,0.9956683964913848,1.4430218150542031,0.6802607447635874,-4.0363093638107196e-05
1,0,2,XGBoost-R,7,X2,0.003353276,0.9957801495957967,1.3466945398472772,0.5727785137345456,0.0007842445982931933
1,0,2,MLP-R,7,W1,0.096125921,0.8991215419819758,1.2054044597653164,0.6965545891495923,-0.0001581910554889765
1,0,2,MLP-R,7,W2,0.1832894650968152,0.8285333402165099,0.9911976494929426,0.5662357034533428,0.0003438513873229687
1,0,2,MLP-R,7,X1,0.001010116,0.9989399426821736,1.4535436661825885,0.6873293405082097,2.1934116792854397e-06
1,0,2,MLP-R,7,X2,0.000857176,0.9991981152149966,1.3621688921055333,0.5788208995926298,1.6718426917972096e-06
1,0,2,MLR,8,W1,0.095337133,0.907737302,0.9203642758004932,0.7858812010260341,0.00015393228589312137
1,0,2,MLR,8,W2,0.2184826312883616,0.7781619853013757,0.8820863822562955,0.6499091463171276,0.0
1,0,2,MLR,8,X1,0.000867582,0.9991603962178838,1.1011497259255911,0.7818274363603253,-1.0814939965797521e-08
1,0,2,MLR,8,X2,0.000864294,0.9991224321261234,1.3424373786113377,0.692528306258565,4.629385977783507e-07
1,0,2,SVR,8,W1,0.095238904,0.9078323639802962,0.9238550666605259,0.7893740230585958,0.00030384078502155855
1,0,2,SVR,8,W2,0.2186549154551071,0.7779870552518361,0.8756367674774745,0.6488359005268194,-4.45824047086596e-05
1,0,2,SVR,8,X1,0.001176416,0.9988615206757188,1.096806839719123,0.7794141077284886,0.00032048523517276274
1,0,2,SVR,8,X2,0.000865833,0.9991208702992112,1.3419635093719593,0.6926510878611014,7.431212895259165e-07
1,0,2,RF-R,8,W1,0.1077831502257294,0.8956926446808178,0.8841574052250254,0.7596511120735128,0.0024018286729037717
1,0,2,RF-R,8,W2,0.2329580935440807,0.7634642137223832,0.828077712980116,0.6132842760393091,-0.00043920253435346667
1,0,2,RF-R,8,X1,0.013706856,0.9867351628722976,1.0342638056401858,0.7217296283664846,0.00038089369566801645
1,0,2,RF-R,8,X2,0.016648802,0.9830955111011432,1.2434629007648177,0.6198380800721195,0.0005969621419405713
1,0,2,XGBoost-R,8,W1,0.1008014799777851,0.881468162,0.9280385118523944,0.7965899120592795,0.0011983748710045817
1,0,2,XGBoost-R,8,W2,0.2208798744786931,0.7230926706477623,0.8756935212861027,0.655491776891955,0.0059382175258924415
1,0,2,XGBoost-R,8,X1,0.002151755,0.9961013613980696,1.0944397248093167,0.7779839360678752,0.0002217325843772322
1,0,2,XGBoost-R,8,X2,0.002653895,0.9959874030909224,1.3390204100710026,0.6817920671587466,8.427180896881658e-05
1,0,2,MLP-R,8,W1,0.094913123,0.9081476388654284,0.9167807406571292,0.7803347712188531,0.0013562954632382995
1,0,2,MLP-R,8,W2,0.2151286258498456,0.7815675004372071,0.8884188194587802,0.6472346167315954,0.0026596393987241007
1,0,2,MLP-R,8,X1,0.000866189,0.9991617438099852,1.1009685783910872,0.7819302835953905,-1.9970090692211784e-08
1,0,2,MLP-R,8,X2,0.00086328,0.9991234620342389,1.3428631226296681,0.6920822169660092,-2.863049203272183e-07
1,0,2,MLR,9,W1,0.1312064026895896,0.8700293118411533,0.7452986496309595,0.9186930566015953,0.0
1,0,2,MLR,9,W2,0.2426893639080385,0.7466009206492512,0.6905495163386677,0.8492164976118834,0.0
1,0,2,MLR,9,X1,0.001229335,0.998782243,1.0191230489653373,0.9482683071055286,0.0
1,0,2,MLR,9,X2,0.001086953,0.9988650808965064,1.1654038601193695,0.963024770275036,-3.2075922695717906e-09
1,0,2,SVR,9,W1,0.1311265536982947,0.8701084088069618,0.7602389002724431,0.9152129432835775,0.0004180508682412931
1,0,2,SVR,9,W2,0.2424257953626461,0.7468761202940677,0.6846969980656723,0.8413477768876165,-0.00029670063450581985
1,0,2,SVR,9,X1,0.001286674,0.9987254439716984,1.028494997100313,0.946232502514724,6.62990988731238e-07
1,0,2,SVR,9,X2,0.001750036,0.9981727363796856,1.1613205289892925,0.959739660238362,0.0002880659296214727
1,0,2,RF-R,9,W1,0.1476714404937401,0.8537193433480026,0.7216517274930753,0.8620567152930498,-0.002108269220682324
1,0,2,RF-R,9,W2,0.2548619173214367,0.733891201,0.6593515085511884,0.7641021564877186,0.00029793819047913006
1,0,2,RF-R,9,X1,0.01508559,0.9850564872775038,0.9628078072241644,0.8593217469590411,0.0002063654400375259
1,0,2,RF-R,9,X2,0.021745182,0.9772952179171798,1.0629230653392536,0.8584338510238168,0.0001103304186650389
1,0,2,XGBoost-R,9,W1,0.1347032159227129,0.8231562991718189,0.7262718770676356,0.9047408411759381,-0.005239532946092584
1,0,2,XGBoost-R,9,W2,0.2435857069916517,0.6730887072636746,0.6859131551982406,0.8519771758966928,-0.001983963549783829
1,0,2,XGBoost-R,9,X1,0.003026931,0.9950330492501644,1.0195899929816905,0.9390806843688324,-0.00012877096799960298
1,0,2,XGBoost-R,9,X2,0.002523601,0.9942743,1.1640497985287532,0.9611647145476464,0.0005427815493015076
1,0,2,MLP-R,9,W1,0.1311888911166969,0.8700466584883668,0.7369032754567739,0.9240458640654557,0.00016324868100240364
1,0,2,MLP-R,9,W2,0.2412186609522729,0.7481365247193605,0.6690036887799795,0.8156749942517514,-0.0002443840336890712
1,0,2,MLP-R,9,X1,0.001230539,0.9987810507730894,1.019083107161218,0.9480354856221819,-1.0110664234175282e-06
1,0,2,MLP-R,9,X2,0.001086769,0.9988652725347617,1.1654169500282698,0.9622238233032704,2.390834108023654e-07
1,0,2,MLR,10,W1,0.116613285,0.8886720221151952,0.7750576225700836,0.9873098116808865,0.00014261798871684217
1,0,2,MLR,10,W2,0.2557695086147288,0.7397646834128111,0.6771138971432836,0.7751515936294553,0.0
1,0,2,MLR,10,X1,0.001215349,0.9988397347964544,0.9826792897237253,0.9889124952221371,-4.3080409161122547e-07
1,0,2,MLR,10,X2,0.001089236,0.9988917460624784,1.2072201056205456,0.7615361255802394,8.603556380881727e-07
1,0,2,SVR,10,W1,0.1165736632952744,0.8887098478952352,0.7738211600318425,0.9842370830773142,0.00016007882400607132
1,0,2,SVR,10,W2,0.2558520042324178,0.7396807473983009,0.6803118099829484,0.784202683356279,-3.937545303113188e-05
1,0,2,SVR,10,X1,0.001978218,0.9981114416616312,0.9799639218108547,0.9830991252640958,0.0005586800627605637
1,0,2,SVR,10,X2,0.001452265,0.998522378,1.2060314509300831,0.7602338876174469,0.00028135732062981587
1,0,2,RF-R,10,W1,0.1287340563924387,0.877100605,0.7424565031823238,0.9185622374617111,-0.000166641176442639
1,0,2,RF-R,10,W2,0.2721314785788558,0.7231170288246385,0.6405315692775948,0.7510066015293653,0.0015489936753647847
1,0,2,RF-R,10,X1,0.018586231,0.9822561592116232,0.9183934462108032,0.9043172845211288,-0.0002617716528762304
1,0,2,RF-R,10,X2,0.013509993,0.9862541188580042,1.134068509126125,0.7054355598468024,-0.00030299987830579856
1,0,2,XGBoost-R,10,W1,0.1183648600703762,0.8568935740624875,0.7699146922515211,0.9826762288667096,7.693818122472829e-05
1,0,2,XGBoost-R,10,W2,0.2602793392574913,0.6814482510649701,0.6641595148605031,0.8093131702856822,0.004116104578820001
1,0,2,XGBoost-R,10,X1,0.002872389,0.9946001181364722,0.9718757515183117,0.9778773404509898,0.0001603616367861882
1,0,2,XGBoost-R,10,X2,0.002606709,0.9951224213792634,1.2036901957115098,0.7565546600555295,-3.867147871806642e-05
1,0,2,MLP-R,10,W1,0.1166400607125663,0.8886464598326068,0.7644470010220134,0.9834348401082729,2.5347432117184265e-05
1,0,2,MLP-R,10,W2,0.255757053,0.7397773560883111,0.6807003695649776,0.7719962267164446,-1.3440358338923098e-05
1,0,2,MLP-R,10,X1,0.001215099,0.9988399736471496,0.9827612586316732,0.9888479030449325,-2.2428251619244222e-07
1,0,2,MLP-R,10,X2,0.001090696,0.9988902606228398,1.2073217284208806,0.7614982884041293,7.154120884256265e-07
1,1,0,MLR,1,W1,0.2744206471036361,0.7147864769543084,1.016658732756647,0.5583410913321865,-0.00035147331847641406
1,1,0,MLR,1,W2,0.4223913291172961,0.5708740375073325,0.7455476810088887,0.390659214214143,0.0
1,1,0,MLR,1,X1,0.002841466,0.99704678,1.569839045103931,0.6325421599935023,3.3807619689407707e-06
1,1,0,MLR,1,X2,0.002050931,0.9979163691852166,1.6327070528707381,0.4138973714399497,-9.279269317818972e-07
1,1,0,SVR,1,W1,0.2737603984107479,0.7154726930163012,1.0012895884921753,0.5342902177890423,-0.000503015346616198
1,1,0,SVR,1,W2,0.4222890859227815,0.5709779108736396,0.7441778131155977,0.3960562064119893,2.1404604176855634e-05
1,1,0,SVR,1,X1,0.002842999,0.997045187,1.5684822152336813,0.6322696585297313,-2.769897493593021e-08
1,1,0,SVR,1,X2,0.010528346,0.9893037893870728,1.587299408541768,0.4022811085487589,-0.0017522366266058743
1,1,0,RF-R,1,W1,0.30280062,0.6852903292252455,0.9276481446518667,0.5010518712041214,-0.0006547006272221379
1,1,0,RF-R,1,W2,0.4392198800467922,0.5537771711249937,0.6382268692039693,0.34737319182459625,0.005273373450943697
1,1,0,RF-R,1,X1,0.01922767,0.9800161118540552,1.4393321936311885,0.5543489961742589,0.00021896273360328956
1,1,0,RF-R,1,X2,0.019850743,0.9798327555131172,1.4977725638207233,0.37334048448358337,-0.0009533298651879906
1,1,0,XGBoost-R,1,W1,0.2831914446268375,0.6198576970624088,0.9791103308144521,0.5415997671261082,-0.0061891583739737575
1,1,0,XGBoost-R,1,W2,0.4269789483399667,0.4743476366220754,0.7480873349210204,0.41156932892738973,0.03190579550889465
1,1,0,XGBoost-R,1,X1,0.004871868,0.992130072,1.5596650756328152,0.6239241023942304,7.066430146229763e-06
1,1,0,XGBoost-R,1,X2,0.004883639,0.993538248,1.6151418390677246,0.40822002746793756,7.664643110839586e-05
1,1,0,MLP-R,1,W1,0.2747729749513874,0.7144202921654274,1.0163120589927284,0.5575796835175592,-0.00022050396500455927
1,1,0,MLP-R,1,W2,0.4214149382531935,0.5718659960075285,0.751543902106424,0.39434222283637166,0.003396006770657367
1,1,0,MLP-R,1,X1,0.00283215,0.9970564624072484,1.570623716624294,0.631040615086966,-3.4247776252716023e-07
1,1,0,MLP-R,1,X2,0.002049411,0.9979179126327844,1.6333987887231949,0.41391912726648233,-7.583237234931595e-07
1,1,0,MLR,2,W1,0.1596320197246217,0.836528457,1.2445092875816044,0.34227090344860217,0.0
1,1,0,MLR,2,W2,0.3147323516544409,0.690202324,1.1116678516374978,0.24156951742591776,-0.00045241997421244793
1,1,0,MLR,2,X1,0.001480429,0.9984839628567254,1.5357511092999927,0.335014521278593,0.0
1,1,0,MLR,2,X2,0.001381362,0.9986402960932133,1.7252832586852573,0.23022147328298792,0.0
1,1,0,SVR,2,W1,0.1595067424134452,0.8366567472622142,1.2299817707621241,0.34765747478422926,-0.00021001445806264618
1,1,0,SVR,2,W2,0.3150937831172661,0.6898465589648327,1.1029182071281751,0.2475981986844431,-3.2713921207583316e-05
1,1,0,SVR,2,X1,0.001544718,0.9984181279947496,1.5242702834940052,0.33899796526077014,2.4963862697435778e-05
1,1,0,SVR,2,X2,0.001381619,0.998640043,1.7246980402911152,0.23022497703475392,1.2575157168903672e-07
1,1,0,RF-R,2,W1,0.1702078160074308,0.825698288,1.192963989614427,0.3188792905003476,-0.0006160363514665201
1,1,0,RF-R,2,W2,0.3389853686376223,0.666329569,1.0355350327694475,0.2231433633418461,-0.00798206339858809
1,1,0,RF-R,2,X1,0.010491738,0.9892559113350392,1.4669061211092562,0.302820990655017,0.0002785955011003427
1,1,0,RF-R,2,X2,0.016431731,0.983825901,1.6141510212836607,0.2142691822363117,-0.001031487275063614
1,1,0,XGBoost-R,2,W1,0.1641795907154362,0.7750229378989897,1.245831940294879,0.3292555111286738,-0.015908536403009477
1,1,0,XGBoost-R,2,W2,0.3180755478972593,0.6121028772208279,1.1451782873166612,0.23203755707551904,-0.006280038131859811
1,1,0,XGBoost-R,2,X1,0.002505655,0.9964843672330638,1.5375589499340827,0.3301775181508337,-8.73874008272324e-05
1,1,0,XGBoost-R,2,X2,0.002591053,0.9953382427668755,1.7237853795916096,0.22487677124488786,-8.078967911910873e-05
1,1,0,MLP-R,2,W1,0.1598661425904156,0.8362887026701635,1.2444934790208175,0.34218859798388523,-0.0001601474164814265
1,1,0,MLP-R,2,W2,0.3141348331729274,0.6907904735736031,1.1113253119133746,0.2438971925822659,0.00017970261491306871
1,1,0,MLP-R,2,X1,0.001478823,0.9984856083379304,1.5353737831316818,0.3348248759327247,-2.4816777157710133e-07
1,1,0,MLP-R,2,X2,0.00138083,0.99864082,1.7249599640205058,0.23002313871990326,-4.226254442518673e-07
1,1,0,MLR,3,W1,0.082931926,0.9164342843221092,1.6492583835845083,0.19317868686124418,0.0
1,1,0,MLR,3,W2,0.1661009088756528,0.8300672301136653,1.526868452755501,0.1226431444731619,0.00014006937419464016
1,1,0,MLR,3,X1,0.000828791,0.999164875,1.7854714609780327,0.18552106020741138,1.757726301510054e-07
1,1,0,MLR,3,X2,0.000822561,0.999158463,1.838184063918371,0.1535901235524501,7.358921970790356e-07
1,1,0,SVR,3,W1,0.082614508,0.9167541281154986,1.64811070347833,0.19692698536730235,0.0003167128293855348
1,1,0,SVR,3,W2,0.1660994587364511,0.8300687137068192,1.523217029708865,0.12181358345970765,0.0003578647399018808
1,1,0,SVR,3,X1,0.001000825,0.9989915261313472,1.7828487959015629,0.1852509500782573,0.00014276967718804823
1,1,0,SVR,3,X2,0.000824845,0.9991561261681576,1.8383124900440926,0.153622038060692,1.1653354030527474e-06
1,1,0,RF-R,3,W1,0.095936353,0.903330474,1.5815612727612884,0.1844121604421216,0.0020167345001667726
1,1,0,RF-R,3,W2,0.1792116108371612,0.8166540711216143,1.362460996674822,0.11406742441140949,0.0006960862440007376
1,1,0,RF-R,3,X1,0.010367585,0.9895531833092444,1.6989009349797926,0.1640859636025373,0.000739155904742761
1,1,0,RF-R,3,X2,0.009841884,0.9899310689052192,1.737242808677556,0.13572687159093955,0.0008045290043813935
1,1,0,XGBoost-R,3,W1,0.086292066,0.8967500395158512,1.6458968490476114,0.1947773740319882,0.005110854167946799
1,1,0,XGBoost-R,3,W2,0.1713031332114265,0.7801487697967426,1.5024230815585486,0.11542599104019362,0.0024778488683742882
1,1,0,XGBoost-R,3,X1,0.001707641,0.9977001731320464,1.7828364361114872,0.18386424380566016,7.873725926856867e-05
1,1,0,XGBoost-R,3,X2,0.001737185,0.9973246397446364,1.830837714595739,0.15079249354184285,5.683950108760216e-05
1,1,0,MLP-R,3,W1,0.08301777,0.9163477837662812,1.634564116559806,0.1944740123988682,0.0004016849011762691
1,1,0,MLP-R,3,W2,0.1657787547236956,0.8303968161932542,1.5185890400520636,0.11883672200470889,0.0002833856022554593
1,1,0,MLP-R,3,X1,0.000828066,0.9991656054559612,1.7855721315430664,0.1856090783726995,1.4332553810447735e-07
1,1,0,MLP-R,3,X2,0.000823763,0.9991572331386808,1.838154558652714,0.15356288468536855,6.633761615915113e-07
1,1,0,MLR,4,W1,0.1824478314626531,0.8186425552234039,1.250339666004695,0.36940277821605794,0.00018096892116384878
1,1,0,MLR,4,W2,0.3917469149028452,0.6241283782000482,0.9581268851035455,0.2963195115006932,0.0
1,1,0,MLR,4,X1,0.001832296,0.9981786550560368,1.5973613744987314,0.37704293451295456,0.0
1,1,0,MLR,4,X2,0.001593203,0.9984713607840948,1.7440106832498166,0.31931573361412063,1.7276143329802984e-06
1,1,0,SVR,4,W1,0.1811962112916138,0.8198866951741546,1.2446378587052036,0.37042508726707263,0.0014242345834791005
1,1,0,SVR,4,W2,0.3927325998224251,0.6231826375312336,0.9793488484541923,0.2999339361399091,-0.0016866769654296121
1,1,0,SVR,4,X1,0.001829724,0.9981812108665898,1.598734521061861,0.37750329200947874,-5.7380797668926675e-08
1,1,0,SVR,4,X2,0.001783713,0.9982885705625648,1.719174467907687,0.31928096754009583,2.6110408818758034e-05
1,1,0,RF-R,4,W1,0.18818883,0.812935867,1.1955677590320724,0.3612641442764541,0.007624598084779566
1,1,0,RF-R,4,W2,0.413884159,0.6028882321419922,0.8949489887632207,0.2769062113313655,0.00298075788094313
1,1,0,RF-R,4,X1,0.01399705,0.9860866021164996,1.5036524145442656,0.34572829749284517,0.00021483492677497605
1,1,0,RF-R,4,X2,0.01924559,0.981534325,1.6057406680904207,0.2917974148250168,0.00046265904787744504
1,1,0,XGBoost-R,4,W1,0.1823458470318735,0.7688866105600175,1.264839716408638,0.37575098526347506,-0.001409910175649154
1,1,0,XGBoost-R,4,W2,0.404549527,0.524435829,0.9334665377509603,0.303679227788176,0.00971309188511893
1,1,0,XGBoost-R,4,X1,0.003430829,0.9952418986382988,1.5888210505689173,0.36882382830352534,-0.00019994201402748769
1,1,0,XGBoost-R,4,X2,0.002771341,0.9943762368441782,1.7237748319758315,0.3153989703071545,-7.833680159726741e-05
1,1,0,MLP-R,4,W1,0.1823875566607798,0.8187024697971454,1.2472108828126773,0.3677207706324858,0.0004584976640365057
1,1,0,MLP-R,4,W2,0.3952708305097747,0.6207472670186334,0.9587009251541124,0.2959070000168281,-0.002621194605795718
1,1,0,MLP-R,4,X1,0.001833421,0.998177537,1.5973780575259533,0.3770240796775976,-1.4649357549245679e-08
1,1,0,MLP-R,4,X2,0.001592528,0.9984720080905188,1.7438281297065115,0.3192698576599753,1.2814114956682942e-06
1,1,0,MLR,5,W1,0.2353816906280976,0.7629747756880464,1.1562625051168334,0.40778623213484283,-0.00043223665760699914
1,1,0,MLR,5,W2,0.4007903719040339,0.5750492202652577,0.8326165748201337,0.34247690623542737,0.0
1,1,0,MLR,5,X1,0.002280742,0.9977033325368996,1.6657487884794793,0.4190603201497769,4.134337108441244e-06
1,1,0,MLR,5,X2,0.001821568,0.9980686245973628,1.6862879457948026,0.3565736437121128,-7.798921496382505e-08
1,1,0,SVR,5,W1,0.2350810837971913,0.7632774814819215,1.155074359494501,0.41297394322728964,-0.0001375767141953088
1,1,0,SVR,5,W2,0.3994820609957009,0.5764363986497841,0.8408311352367512,0.32753094618159556,0.00027404451298851384
1,1,0,SVR,5,X1,0.002293269,0.9976907183885102,1.665655653089449,0.4189150377827329,2.5501331417987493e-06
1,1,0,SVR,5,X2,0.001822507,0.9980676283121056,1.6868254238500113,0.35683443636969764,-9.076678257891046e-08
1,1,0,RF-R,5,W1,0.2458824210679834,0.7524007247441868,1.094376369355885,0.3867944851173136,0.004077187103164704
1,1,0,RF-R,5,W2,0.4022633195592284,0.5734874805168457,0.7567365553457426,0.3171773722269416,0.0063914547523011515
1,1,0,RF-R,5,X1,0.01408787,0.9858137630027802,1.547851934295609,0.38192766460425787,0.0008849414948928547
1,1,0,RF-R,5,X2,0.014545697,0.9845774603892544,1.5763013904997014,0.32465395641293815,-0.00012626987314876548
1,1,0,XGBoost-R,5,W1,0.2426454812949421,0.6991537263681096,1.1488067312342545,0.39457681968982194,-0.004896728513106974
1,1,0,XGBoost-R,5,W2,0.394095936,0.4708244779292531,0.8344388704037822,0.3699481125780496,0.0028186165215853933
1,1,0,XGBoost-R,5,X1,0.004206049,0.9936134274008914,1.649736250508525,0.41519557915264926,6.338513925977507e-05
1,1,0,XGBoost-R,5,X2,0.003513859,0.9937437655277918,1.6715198146226267,0.3533841984594733,-0.00016288870254453912
1,1,0,MLP-R,5,W1,0.2344210530225672,0.7639421208682333,1.1420005961827164,0.41159229554771193,0.0007847838694740817
1,1,0,MLP-R,5,W2,0.3978531555701261,0.5781634976003495,0.8286462776840644,0.3411656547124291,0.002409847971483281
1,1,0,MLP-R,5,X1,0.002281439,0.9977026312341672,1.6661653624934125,0.4191048557376025,3.6986865131982683e-06
1,1,0,MLP-R,5,X2,0.001822164,0.9980679929884472,1.6862831084157137,0.35657050785025535,-7.540174515874298e-08
1,1,0,MLR,6,W1,0.358993812,0.6290968077925854,0.5560920439468252,0.7124613187758776,0.0
1,1,0,MLR,6,W2,0.5769929093464232,0.4141476513782826,0.3410649987671603,0.5075315846118644,-0.0008968061257759175
1,1,0,MLR,6,X1,0.003574175,0.996307254,1.2943445219627983,0.7283676988641593,-7.408454790747144e-08
1,1,0,MLR,6,X2,0.002856011,0.9971001361330736,1.4894189061375904,0.518691469295361,0.0
1,1,0,SVR,6,W1,0.3587175921948207,0.6293821911537698,0.5398739248463517,0.730580098923407,8.568123088610324e-05
1,1,0,SVR,6,W2,0.5766067242677648,0.4145397661368348,0.3323703399880319,0.5100541510380822,-0.000773157473323427
1,1,0,SVR,6,X1,0.003559559,0.9963223546001008,1.2934659079388164,0.7291507986303474,1.6193702095623765e-05
1,1,0,SVR,6,X2,0.002864871,0.997091141,1.4909814820591554,0.5183709580215846,-7.5720977081195075e-06
1,1,0,RF-R,6,W1,0.3803966519249503,0.6069839430894165,0.490214360489452,0.6510017966392085,0.004744980658637099
1,1,0,RF-R,6,W2,0.598190259,0.3926248270361002,0.3412809735267001,0.48793370525325575,0.005499875699261014
1,1,0,RF-R,6,X1,0.017581094,0.981835665,1.2024965064254807,0.6621678460394462,0.0014502654462985377
1,1,0,RF-R,6,X2,0.014573613,0.9852026164749982,1.397320468975121,0.48340494236957265,-0.0007540366158869993
1,1,0,XGBoost-R,6,W1,0.3585908850083483,0.5330895769847579,0.5528843411688074,0.6949605428800465,0.02233336794693531
1,1,0,XGBoost-R,6,W2,0.5917340388302068,0.2604924086650929,0.3598111416719494,0.5341972619976297,-0.007631529419324978
1,1,0,XGBoost-R,6,X1,0.005358115,0.9919415297166292,1.281208828366874,0.7220182774011537,0.0003684253624455236
1,1,0,XGBoost-R,6,X2,0.004549263,0.9930043669850784,1.494087268852635,0.5093826464648646,-0.00023488635851570683
1,1,0,MLP-R,6,W1,0.3589019839153433,0.6291916823610137,0.5560614166212356,0.719645890220764,5.894458975108652e-05
1,1,0,MLP-R,6,W2,0.573396763,0.4177990144206051,0.340650519476581,0.5015927226783985,0.0006281553464055234
1,1,0,MLP-R,6,X1,0.003574108,0.996307324,1.294320580777283,0.7283726084360646,5.914929449568618e-08
1,1,0,MLP-R,6,X2,0.002869732,0.9970862047034182,1.489168837962372,0.5190706339005835,-6.813327524546331e-06
1,1,0,MLR,7,W1,0.097962585,0.8995955648110403,1.687694213879583,0.22427553703849235,-2.129217042114995e-05
1,1,0,MLR,7,W2,0.2057834601096256,0.7936885568052865,1.361719047596751,0.21070422911457642,-0.00019656088844520746
1,1,0,MLR,7,X1,0.000999713,0.9989753682708628,1.9028696449460643,0.23129474842593506,2.9755136608189404e-06
1,1,0,MLR,7,X2,0.000932434,0.9990651739477886,1.837958808304966,0.2108576388466259,0.0
1,1,0,SVR,7,W1,0.097737569,0.8998261890013096,1.7095527512118451,0.22308991858517063,-1.8739703117975902e-05
1,1,0,SVR,7,W2,0.2054757426147921,0.793997064,1.3679038116976416,0.21217004117256874,-0.0004594540157868643
1,1,0,SVR,7,X1,0.000998589,0.9989765202392988,1.901388333942157,0.23104108982911226,3.424542618446491e-06
1,1,0,SVR,7,X2,0.000944218,0.99905336,1.8379382666008006,0.2093083878836174,7.414090329227463e-07
1,1,0,RF-R,7,W1,0.10999789,0.8872602628546106,1.637732719477463,0.21369045908019896,-0.002541088199416752
1,1,0,RF-R,7,W2,0.2255414,0.7738799234649711,1.2859054207861456,0.19070842149673112,0.000850323281095744
1,1,0,RF-R,7,X1,0.008382837,0.99140821,1.829071521645376,0.21198167131973245,0.00013333978966193483
1,1,0,RF-R,7,X2,0.013124128,0.9868421994991944,1.7207728196669776,0.18980439966843904,7.04067613385484e-05
1,1,0,XGBoost-R,7,W1,0.101024286,0.8613388038440044,1.7048112388237406,0.22182324119722047,-0.005288082942674655
1,1,0,XGBoost-R,7,W2,0.2133317243977946,0.7296684383047474,1.3755815812965992,0.19192660546250476,0.0016976338560106053
1,1,0,XGBoost-R,7,X1,0.001742469,0.9972728527191196,1.9045352346624909,0.22770741975262068,5.7077470232480554e-05
1,1,0,XGBoost-R,7,X2,0.002559743,0.9956475449512276,1.8312933080743075,0.20614884348626758,-0.00019045232806340627
1,1,0,MLP-R,7,W1,0.097903624,0.8996559948551962,1.6918760666314097,0.2250547816882127,-4.0823087532215754e-05
1,1,0,MLP-R,7,W2,0.2050009395337031,0.7944730851112161,1.3610914571631372,0.21015750636240432,0.0007225743531531937
1,1,0,MLP-R,7,X1,0.000994006,0.9989812166909487,1.9009350905615132,0.2306784268316444,4.266341028302811e-06
1,1,0,MLP-R,7,X2,0.000927577,0.9990700435475636,1.8380020931634498,0.21093595141043453,1.6811683910045172e-05
1,1,0,MLR,8,W1,0.2543638000228511,0.7397823209142889,0.9210146523826369,0.551669128439489,0.00020596926288378724
1,1,0,MLR,8,W2,0.4438670434716087,0.5634736217551846,0.6622086106581775,0.4170049254203178,-0.0003838110282776919
1,1,0,MLR,8,X1,0.00280834,0.9971270292822012,1.4309563045643956,0.5165298479754457,1.955242161177928e-07
1,1,0,MLR,8,X2,0.002075583,0.997958743,1.5854179130176027,0.4207769141376083,-2.3792896614027725e-07
1,1,0,SVR,8,W1,0.254506788,0.7396360422783808,0.92225382336776,0.5551656561387361,-6.373584007414168e-05
1,1,0,SVR,8,W2,0.4409381085421036,0.5663541180112068,0.6954894630067207,0.4122785202518863,-1.5925219206802677e-05
1,1,0,SVR,8,X1,0.002805748,0.9971296812972846,1.4308388083214452,0.5170163217938257,2.0353151193752696e-06
1,1,0,SVR,8,X2,0.003257455,0.9967964171494692,1.577208878122687,0.4153048889791486,0.0014930002696134427
1,1,0,RF-R,8,W1,0.2772514970299477,0.7163678908960684,0.8846894215345348,0.5128508227364775,0.003599187488279809
1,1,0,RF-R,8,W2,0.4684114598153782,0.5393351205299548,0.6180482153718695,0.377030388021015,-0.005151624376699093
1,1,0,RF-R,8,X1,0.017308116,0.982293558,1.3253551150305778,0.4783132914469312,0.0015910082612750286
1,1,0,RF-R,8,X2,0.019190565,0.9811268081479262,1.4751288802581237,0.372420623249634,0.0012536161243222432
1,1,0,XGBoost-R,8,W1,0.2659705770745308,0.6414400491564944,0.926322631269428,0.5685659026899689,-0.012811942832617907
1,1,0,XGBoost-R,8,W2,0.4550319563956558,0.4245564952200696,0.6537741439312602,0.4136277540989798,-0.005406681806639913
1,1,0,XGBoost-R,8,X1,0.005260331,0.9918867634994056,1.428752014228509,0.5067855918388261,0.0001910689731751569
1,1,0,XGBoost-R,8,X2,0.004154502,0.993495895,1.5847191855432985,0.4174220053637877,-0.00014270796790685213
1,1,0,MLP-R,8,W1,0.2541409734517108,0.7400102755728353,0.9227282588369121,0.551503332348764,0.0007155005738704757
1,1,0,MLP-R,8,W2,0.4435756520359419,0.5637601941644996,0.6704812901165798,0.40403302604514835,-0.0003632498322515665
1,1,0,MLP-R,8,X1,0.002808755,0.9971266048623968,1.4309364030454983,0.516515612866032,1.3264995015749293e-07
1,1,0,MLP-R,8,X2,0.002075049,0.9979592677182152,1.5857185795237694,0.42062018343933544,-2.9783550999917805e-07
1,1,0,MLR,9,W1,0.1351270328679193,0.8632242374754828,1.3846609400212897,0.3179241233002685,-0.00012081732719104732
1,1,0,MLR,9,W2,0.2570990030081324,0.760081924,1.1911636087195732,0.2241717574491225,0.00017821347465615255
1,1,0,MLR,9,X1,0.001446951,0.998535394,1.666993386880479,0.30348780518531376,2.0293713821617487e-06
1,1,0,MLR,9,X2,0.001234964,0.9988475640427046,1.7760449100622833,0.21412466663098995,1.2563919308150595e-06
1,1,0,SVR,9,W1,0.1350393650102883,0.8633129749976638,1.3753725446652028,0.32167520080752376,-0.00011765852262716204
1,1,0,SVR,9,W2,0.2563213373052612,0.7608076208837049,1.2224100645059217,0.22399383468262984,-0.0005553786809919581
1,1,0,SVR,9,X1,0.001451013,0.9985312827965088,1.6680607077061986,0.3038712844924668,2.390322599377104e-06
1,1,0,SVR,9,X2,0.001234657,0.9988478502216032,1.7765227291496644,0.21420834578330963,8.565624248446646e-07
1,1,0,RF-R,9,W1,0.1453995362429451,0.8528263958864636,1.3324691886014228,0.3051813164756777,0.002405019938037989
1,1,0,RF-R,9,W2,0.2715238189336941,0.7466210619830465,1.1374514670155382,0.2189388020898352,0.003419842418220098
1,1,0,RF-R,9,X1,0.011010092,0.9888555699746896,1.5837826878387722,0.2754949303640369,0.000257896329582874
1,1,0,RF-R,9,X2,0.014061796,0.9868778995179032,1.656706758573525,0.19307741143718718,-0.00032676260304531635
1,1,0,XGBoost-R,9,W1,0.1402059744203393,0.8265579958345719,1.393228387557846,0.3185940241728721,0.004289735943734963
1,1,0,XGBoost-R,9,W2,0.2626744091562603,0.6993930160010069,1.1750082807807014,0.24446554915465457,0.015970294344428416
1,1,0,XGBoost-R,9,X1,0.002485201,0.9962083168249762,1.6633820643757358,0.2965997898666929,-4.140971181232356e-06
1,1,0,XGBoost-R,9,X2,0.002574465,0.9957608773692342,1.7737521669283978,0.2104318567741416,0.00023284570670850657
1,1,0,MLP-R,9,W1,0.1345255069441735,0.8638331028161361,1.4191252454894137,0.33665955760975874,-6.692472990814658e-05
1,1,0,MLP-R,9,W2,0.2571565805621429,0.7600281936855842,1.1910681347252985,0.22429444140094495,0.00018332901445530236
1,1,0,MLP-R,9,X1,0.001448714,0.99853361,1.6670241352240347,0.30344558317699977,2.0982341830899643e-06
1,1,0,MLP-R,9,X2,0.001234042,0.998848424,1.776555649987325,0.21442525463730738,2.8573203177950644e-07
1,1,0,MLR,10,W1,0.1889956203671943,0.8156314568555909,1.243687955543083,0.43665183023266313,0.0002724534044723281
1,1,0,MLR,10,W2,0.3218177787068024,0.6694826198753743,1.1420125738317324,0.3261230398946943,6.682188861680815e-05
1,1,0,MLR,10,X1,0.0018158,0.9982286551023928,1.5776358289720047,0.4243864136315546,1.4675142911868555e-06
1,1,0,MLR,10,X2,0.001415356,0.9985463833419852,1.766857866995967,0.33746049547012424,-1.7772019151540698e-06
1,1,0,SVR,10,W1,0.1894055672079997,0.8152315465208483,1.2593100478599628,0.44489776277388354,5.582683931181221e-05
1,1,0,SVR,10,W2,0.3212338723268292,0.6700823108176284,1.1399735937867899,0.31268545712655466,-0.00010055358258185266
1,1,0,SVR,10,X1,0.003035544,0.9970387739219068,1.5690738699704185,0.4187709793166604,0.0006021635292370542
1,1,0,SVR,10,X2,0.002087969,0.9978555871715912,1.7579704058109642,0.33563052472184457,0.00016157982490745405
1,1,0,RF-R,10,W1,0.2062595578226884,0.7987901830132573,1.172358189075015,0.38827452465203943,0.00226656495538452
1,1,0,RF-R,10,W2,0.331350987,0.6596917033536862,1.0550188708469013,0.2890091854407597,0.009062000376158497
1,1,0,RF-R,10,X1,0.015411347,0.9849659604422722,1.470158885432999,0.37417642992209776,0.0025685985599411707
1,1,0,RF-R,10,X2,0.011418066,0.9882732730395196,1.6654364048940835,0.29709522439464464,0.0011169984272599298
1,1,0,XGBoost-R,10,W1,0.193521499,0.7576994576746745,1.2425993913214328,0.41132240636603046,-0.009455900566499698
1,1,0,XGBoost-R,10,W2,0.3242378545869449,0.5674038738179128,1.1039271705724032,0.3256050939367342,0.01616128702112668
1,1,0,XGBoost-R,10,X1,0.003958332,0.9942280917377913,1.57910347482051,0.4178943948293769,2.2684239415116104e-05
1,1,0,XGBoost-R,10,X2,0.002399993,0.9957424064181596,1.763682513657955,0.3303449566113985,-0.0002468459065160911
1,1,0,MLP-R,10,W1,0.1886264138473981,0.8159916242924976,1.2355136279910652,0.4446181171387281,-0.00014304655246852871
1,1,0,MLP-R,10,W2,0.3213761588103572,0.669936178,1.1434188223318664,0.3240323368900743,7.954828089201671e-05
1,1,0,MLP-R,10,X1,0.001821918,0.9982226873878692,1.5775638732307986,0.42441062644777017,1.6052759804208172e-06
1,1,0,MLP-R,10,X2,0.001415422,0.9985463149227816,1.7669947951626832,0.3374723644404597,-1.7716253322253018e-06
1,1,1,MLR,1,W1,0.05150976,0.9481309027079912,0.2641172436013142,1.5998229074975494,-2.1324115562326716e-06
1,1,1,MLR,1,W2,0.1069574063884557,0.9000799032214517,0.19114955237180944,1.5583119126374536,-0.00016727092485365746
1,1,1,MLR,1,X1,0.002276407,0.9977077121765808,0.3647527308841906,1.6163453716651452,1.0459664611883746e-06
1,1,1,MLR,1,X2,0.001976192,0.9981538325629302,0.3719333370180882,1.5584438578283515,0.0
1,1,1,SVR,1,W1,0.051471909,0.9481690172101336,0.2664379314468782,1.5983740814694514,-2.3630662470242035e-06
1,1,1,SVR,1,W2,0.1065451573566913,0.9004650281467995,0.18247992937428387,1.6038620708823406,-0.00013667256755570679
1,1,1,SVR,1,X1,0.002273884,0.9977102532806424,0.36485488182873127,1.6168042242962486,1.1440230039294618e-06
1,1,1,SVR,1,X2,0.001989336,0.9981415529969122,0.37226447666217527,1.556406704470004,-2.7585318268519288e-06
1,1,1,RF-R,1,W1,0.063883896,0.9356704428055022,0.25740856869383216,1.5312703507214362,-0.00210071929755673
1,1,1,RF-R,1,W2,0.1341920948338825,0.874637133,0.18304296365409836,1.4674671369629144,-0.002211847312081028
1,1,1,RF-R,1,X1,0.017115985,0.9827646115504634,0.34642355247151874,1.4982040651238342,-0.0017486019097142425
1,1,1,RF-R,1,X2,0.019889535,0.981419106,0.3507114810614509,1.4378894723366487,-0.0013949898828552354
1,1,1,XGBoost-R,1,W1,0.053612224,0.9318489671962916,0.2642409914013798,1.6031337165804664,6.07812342304781e-05
1,1,1,XGBoost-R,1,W2,0.1099734232710242,0.8723236483545841,0.18804362858444823,1.555254495769962,0.003115740170686665
1,1,1,XGBoost-R,1,X1,0.003749781,0.9952352648935258,0.3584181551439351,1.607368407455787,0.00010919058685825434
1,1,1,XGBoost-R,1,X2,0.003602803,0.9942047337617326,0.3686188476001301,1.5460383373935649,-3.7950116656815244e-05
1,1,1,MLP-R,1,W1,0.051441295,0.9481998445524792,0.2639644064791105,1.5980890813079855,3.4440622956799503e-05
1,1,1,MLP-R,1,W2,0.106763835,0.9002607388354185,0.19098078663730256,1.5653584423934024,-3.626424481572022e-05
1,1,1,MLP-R,1,X1,0.002273207,0.9977109346548918,0.36504331159178366,1.6175904871140259,1.4812087866800105e-06
1,1,1,MLP-R,1,X2,0.001982783,0.9981476754438356,0.3719299782464386,1.558351068037949,-2.8216171246819853e-06
1,1,1,MLR,2,W1,0.048575371,0.951063718,0.20094353101551982,1.6900881671089671,4.086117132151568e-06
1,1,1,MLR,2,W2,0.1202054941310905,0.8745842290776134,0.19948123837442372,1.5447887746418432,0.0
1,1,1,MLR,2,X1,0.002185934,0.9977978250241498,0.30342623947958713,1.699712845649718,0.0
1,1,1,MLR,2,X2,0.001798148,0.9981239112829516,0.4396151037236108,1.5453597628674771,9.967442563985073e-07
1,1,1,SVR,2,W1,0.048444573,0.9511954884856372,0.2022558031967132,1.6825211163022846,-7.551447773579412e-06
1,1,1,SVR,2,W2,0.1200010821961583,0.8747975011962513,0.19975464482241923,1.5021849972539112,-1.104252226066249e-05
1,1,1,SVR,2,X1,0.00218813,0.9977956128330244,0.30345860641624367,1.699185100787211,4.33728787108123e-08
1,1,1,SVR,2,X2,0.00179597,0.9981261838296408,0.43923135714227374,1.5459549586730408,1.3527580807415341e-06
1,1,1,RF-R,2,W1,0.060316784,0.9392350671218128,0.1953626849116426,1.6081487940718884,0.0020859636324158546
1,1,1,RF-R,2,W2,0.1327051533341368,0.8615427753025676,0.2015394715896192,1.4507081680934772,0.0021781823313552053
1,1,1,RF-R,2,X1,0.015966932,0.9839144348052796,0.2857225086418762,1.5794356896493114,0.0008665504727602524
1,1,1,RF-R,2,X2,0.016181296,0.98311733,0.4045652431510378,1.423649269793867,8.768789906483665e-05
1,1,1,XGBoost-R,2,W1,0.05063157,0.9346492976548576,0.2006439642264854,1.6850145336744426,0.0005808206762555335
1,1,1,XGBoost-R,2,W2,0.1253171560757718,0.8347434210327047,0.19791937820991579,1.5485762632327646,-0.0006783538342016282
1,1,1,XGBoost-R,2,X1,0.003662227,0.9942049959236634,0.30206723115334605,1.6952536450680882,-5.978526637209214e-05
1,1,1,XGBoost-R,2,X2,0.002966001,0.9951208264834532,0.43754732631576176,1.5428880905801003,0.00021312519473778435
1,1,1,MLP-R,2,W1,0.048276362,0.9513649485883288,0.20164372048043838,1.6896455975867557,0.0002715856443498366
1,1,1,MLP-R,2,W2,0.1203771010777641,0.874405184,0.1992409674695847,1.538112281676149,-0.00020420204954447742
1,1,1,MLP-R,2,X1,0.002185905,0.9977978539663266,0.30351552689138145,1.6996084327821463,3.731121714922736e-08
1,1,1,MLP-R,2,X2,0.001797012,0.9981250965562676,0.4395061151202152,1.5451831737645387,9.592867947549876e-07
1,1,1,MLR,3,W1,0.064468669,0.9336851731441992,0.19405032977320727,1.8207444017949168,-1.5754996833394765e-05
1,1,1,MLR,3,W2,0.1097323928499323,0.8885047158234668,0.18733136691833469,1.6037130356430374,9.450050048095404e-05
1,1,1,MLR,3,X1,0.00235323,0.9975793820810884,0.3188259939560144,1.7984430556070259,4.658351460218313e-06
1,1,1,MLR,3,X2,0.00199608,0.9979718517393604,0.40642914905932714,1.5828097490843986,9.97210514053215e-08
1,1,1,SVR,3,W1,0.064484109,0.933669292,0.19533210800704479,1.818826118034271,4.903341127461269e-05
1,1,1,SVR,3,W2,0.1095003127688571,0.8887405243565639,0.18477297836570475,1.604424531483955,0.00036815944814910795
1,1,1,SVR,3,X1,0.002354081,0.9975785062672888,0.31871163510937334,1.7988850091000628,3.5211297289006183e-06
1,1,1,SVR,3,X2,0.002816203,0.9971385541050062,0.4046934841955757,1.5186521059494502,-1.2465221598645382e-05
1,1,1,RF-R,3,W1,0.080877883,0.9168060570581196,0.18284041779036206,1.7216183635668973,-0.0013528817581274998
1,1,1,RF-R,3,W2,0.1301774496974878,0.8677312016038232,0.17682958834024165,1.4999373475940232,-0.0010729283763179053
1,1,1,RF-R,3,X1,0.018457443,0.9810139998326258,0.29671616002007034,1.648607194926671,0.0004312768048025828
1,1,1,RF-R,3,X2,0.017544487,0.9821736542250205,0.37534055809570177,1.476049398980592,-0.0009205943159936947
1,1,1,XGBoost-R,3,W1,0.06865767,0.918934777,0.1863095399160902,1.8151160716650054,0.0020231683307840196
1,1,1,XGBoost-R,3,W2,0.1131627200382456,0.8596580552772234,0.18644409842403167,1.594497302130542,0.005741684138012126
1,1,1,XGBoost-R,3,X1,0.004136449,0.993566772,0.3154082930072678,1.787595323801059,-0.00039838557566886925
1,1,1,XGBoost-R,3,X2,0.003180174,0.9953295476439872,0.40236179123947363,1.5729655325031873,0.00013078428889705672
1,1,1,MLP-R,3,W1,0.064221899,0.9339390100693454,0.19408630831305115,1.8181391306083374,6.356636875261001e-05
1,1,1,MLP-R,3,W2,0.1090800539819261,0.8891675347557688,0.18729993900324154,1.6050667195801467,0.00020452668110987338
1,1,1,MLP-R,3,X1,0.002346077,0.9975867391996356,0.31948575932128576,1.796876766254939,2.030933514600708e-05
1,1,1,MLP-R,3,X2,0.001991281,0.9979767282898024,0.4063423052054705,1.5823047138067325,5.334812923640797e-08
1,1,1,MLR,4,W1,0.055797404,0.947006353,0.16711745052456958,1.6798853137521246,1.7889124129799593e-05
1,1,1,MLR,4,W2,0.1246542732959301,0.8686265675435164,0.16498928899718296,1.613518908581284,-4.31357417394862e-05
1,1,1,MLR,4,X1,0.002081515,0.9980230784706332,0.2610674482418287,1.6670341756137763,0.0
1,1,1,MLR,4,X2,0.00199369,0.9978988449564058,0.4314595167388541,1.6525625863075561,-9.906713399421285e-06
1,1,1,SVR,4,W1,0.055460677,0.9473261603647004,0.16340617287058198,1.689249597148742,0.00014320343866105478
1,1,1,SVR,4,W2,0.1243897925965075,0.8689053043760608,0.16971591676382455,1.5937813456742989,-0.00029715996884123187
1,1,1,SVR,4,X1,0.002083413,0.998021276,0.2611834474644458,1.6685083214798098,4.4945779191229995e-06
1,1,1,SVR,4,X2,0.002280585,0.9975964863757992,0.4304120212244058,1.646586746391932,0.0005587287229140925
1,1,1,RF-R,4,W1,0.064013429,0.9392031740314872,0.16126028968798295,1.6305235947409262,0.00102973734773234
1,1,1,RF-R,4,W2,0.1318239289338339,0.8610704505667136,0.15324939723495476,1.519859428814574,0.0032986652707660325
1,1,1,RF-R,4,X1,0.014608205,0.9861258413179884,0.23985037403921705,1.5677646070346813,-0.0004256800678876238
1,1,1,RF-R,4,X2,0.015422747,0.9837459306667504,0.39165493728254247,1.5256998103023227,0.0009620263435191733
1,1,1,XGBoost-R,4,W1,0.056604914,0.934032401,0.1719788118370233,1.6934516102891337,0.001479526232305939
1,1,1,XGBoost-R,4,W2,0.1255804671392551,0.8326053613800324,0.159527843578917,1.6104140302365788,-0.0008275300855631995
1,1,1,XGBoost-R,4,X1,0.003106441,0.9953172744143048,0.25639000686254115,1.6776366145469794,0.00012156737934496676
1,1,1,XGBoost-R,4,X2,0.003504866,0.994851139,0.42380718871594797,1.6414268888333605,1.2898207789391326e-05
1,1,1,MLP-R,4,W1,0.055430624,0.9473547033635664,0.16662880466277388,1.6808460765391449,0.00011654135134039345
1,1,1,MLP-R,4,W2,0.1241882293805077,0.8691177323245196,0.16413171458512354,1.603239578944557,-0.00023783724440167297
1,1,1,MLP-R,4,X1,0.002082154,0.9980224716990812,0.26087820992098215,1.667548134764009,3.1700308454563065e-06
1,1,1,MLP-R,4,X2,0.001979956,0.9979133192756704,0.4323597418970902,1.6530296336728287,2.7316733339000087e-06
1,1,1,MLR,5,W1,0.055152033,0.9450815371150034,0.2553394538900202,1.6287236362890956,2.4328359712666447e-05
1,1,1,MLR,5,W2,0.1128155954950686,0.8852047940339621,0.2341024185100209,1.454030280235515,0.0
1,1,1,MLR,5,X1,0.002235096,0.99777437,0.36650382711803775,1.645872802175094,0.0
1,1,1,MLR,5,X2,0.002001436,0.9979634439778374,0.46591764564872695,1.4328970874832576,0.0
1,1,1,SVR,5,W1,0.055157581,0.945076013,0.2552622794160072,1.623139318603478,2.088994104230135e-05
1,1,1,SVR,5,W2,0.1129270622236943,0.8850913713638535,0.23688789923616,1.4421503403391185,-1.2473572042370762e-05
1,1,1,SVR,5,X1,0.002308554,0.9977012223596252,0.3674927748522941,1.6407058037444338,2.2550133073417912e-05
1,1,1,SVR,5,X2,0.002002942,0.997961912,0.46561020098275796,1.433349428443726,-1.129178842962375e-06
1,1,1,RF-R,5,W1,0.069658046,0.9306369570830278,0.2465788950430861,1.5378702715687567,4.226223005319163e-05
1,1,1,RF-R,5,W2,0.1291097846334159,0.8686246856723667,0.22500906055704642,1.3729487510392615,0.0024898547884268153
1,1,1,RF-R,5,X1,0.018444088,0.9816340229884196,0.3334934518125997,1.5285562745523595,0.000678085646145854
1,1,1,RF-R,5,X2,0.013915077,0.9858407509623972,0.42976345336119637,1.3350896245334762,0.0011397546786691582
1,1,1,XGBoost-R,5,W1,0.059467286,0.9266440326509224,0.25038179353810897,1.6594694808172583,-0.001525573536887892
1,1,1,XGBoost-R,5,W2,0.1190349508199737,0.8478885776334012,0.23294361952563386,1.448505644346922,-0.0008712006651488191
1,1,1,XGBoost-R,5,X1,0.004190695,0.9930832017690896,0.36189487737853887,1.662276231979354,0.0002660062871684854
1,1,1,XGBoost-R,5,X2,0.003230054,0.995271603,0.4617121533874785,1.4279160600253786,0.0009088114698556527
1,1,1,MLP-R,5,W1,0.055120113,0.9451133219736588,0.25956341674891326,1.625347136104511,1.8206414042931662e-05
1,1,1,MLP-R,5,W2,0.112499819,0.885526112,0.23700104944635664,1.468253466297956,7.491533405095119e-05
1,1,1,MLP-R,5,X1,0.002232971,0.9977764858417912,0.3658897361456981,1.6453369500314996,-1.7546930861533915e-06
1,1,1,MLP-R,5,X2,0.002001712,0.9979631636311248,0.4659548657780867,1.4325714699683325,-7.695144925157216e-07
1,1,1,MLR,6,W1,0.047712401,0.952883707,0.35923235568593553,1.5326913593483547,9.644229334093702e-06
1,1,1,MLR,6,W2,0.104121019,0.8832260520121717,0.38565392670901477,1.5300441401237563,2.4020041692596194e-05
1,1,1,MLR,6,X1,0.002021078,0.9980041729357793,0.45391506390894987,1.5298007954902166,1.3699805120015452e-05
1,1,1,MLR,6,X2,0.001733589,0.9980557425439106,0.6140564717514578,1.5703585475098476,-3.3012360163175993e-06
1,1,1,SVR,6,W1,0.04790031,0.952698145,0.3650442865138999,1.553658718329036,1.4028487205608453e-05
1,1,1,SVR,6,W2,0.1036545126487526,0.8837492488558918,0.3854873666249629,1.5181022778134217,5.619961531821982e-06
1,1,1,SVR,6,X1,0.002020185,0.9980050549838744,0.453796738873349,1.5294865216876485,1.0752793640023129e-05
1,1,1,SVR,6,X2,0.001733781,0.998055527,0.6149540570629388,1.571438164157795,-1.690976224655305e-06
1,1,1,RF-R,6,W1,0.060845704,0.9399144878912994,0.3508003105294997,1.465404427065687,0.0006707307845977839
1,1,1,RF-R,6,W2,0.1180825749660758,0.8675678686237885,0.36519349122951233,1.4362095702841071,-0.0006121075201616644
1,1,1,RF-R,6,X1,0.019310778,0.980930487,0.4252625680229089,1.4261994098123172,-0.0001932036106858659
1,1,1,RF-R,6,X2,0.014875298,0.9833170350236468,0.5637262661922959,1.4459012620499627,1.0655046946383972e-05
1,1,1,XGBoost-R,6,W1,0.049887882,0.9390187611876388,0.3535382191322956,1.5283012271921612,0.002896706186561604
1,1,1,XGBoost-R,6,W2,0.1080828760884763,0.8477261050781142,0.39249922138847504,1.519155789378294,0.0009059935626962057
1,1,1,XGBoost-R,6,X1,0.004168699,0.9928658927897832,0.44857399095574435,1.5215267758649262,-0.00016567032243396395
1,1,1,XGBoost-R,6,X2,0.003452955,0.9933885452663312,0.6066840384645309,1.5640620381951829,0.0001578016784123726
1,1,1,MLP-R,6,W1,0.047721135,0.952875082,0.3617337766685901,1.532450098111785,1.0457336734948087e-05
1,1,1,MLP-R,6,W2,0.1039402983532454,0.883428734,0.3855020157188325,1.525605766317138,3.866801025503852e-05
1,1,1,MLP-R,6,X1,0.002016473,0.9980087205844894,0.45367903868161796,1.5310123955548705,2.0427147655588395e-05
1,1,1,MLP-R,6,X2,0.001734971,0.998054192,0.6142091230948935,1.570045646480177,-4.174855992833404e-06
1,1,1,MLR,7,W1,0.046495154,0.9533792953109722,0.4384528824581778,1.4813618779835676,-5.1528087306962345e-05
1,1,1,MLR,7,W2,0.1037572278561902,0.8971676324731961,0.4411710549271636,1.3193891038813004,0.0
1,1,1,MLR,7,X1,0.002031363,0.9979631516536136,0.5302785130864882,1.5008803549146328,0.0
1,1,1,MLR,7,X2,0.001508172,0.9985052713858684,0.6640814902637091,1.3032240899963528,-2.30652700675682e-06
1,1,1,SVR,7,W1,0.046578677,0.9532955467911788,0.45250125691283805,1.4747963053864184,4.1250603158149436e-05
1,1,1,SVR,7,W2,0.1033336923942292,0.8975873926690389,0.4420786076507319,1.3110389264069724,0.00019389027179624873
1,1,1,SVR,7,X1,0.002557456,0.997435638,0.5293384721646041,1.4935213230640039,-6.569391296484817e-06
1,1,1,SVR,7,X2,0.001507563,0.9985058754154528,0.6641702296053081,1.3032247394057694,-1.779416939517997e-06
1,1,1,RF-R,7,W1,0.059521615,0.9403176582120816,0.4182613879860164,1.4073554546135578,0.0013854896497911718
1,1,1,RF-R,7,W2,0.1186869600548128,0.8823709793604759,0.3984679071301205,1.2399256480024425,0.0026748258877939747
1,1,1,RF-R,7,X1,0.017029321,0.9829246942425238,0.4885592395759762,1.3784442167086748,-0.0005757696933886725
1,1,1,RF-R,7,X2,0.016635037,0.9835132430280736,0.5957691526332475,1.2198104312612597,-0.00017163724310196305
1,1,1,XGBoost-R,7,W1,0.049638991,0.9391058148272144,0.42922260526108086,1.4652282200764926,0.003957107189699538
1,1,1,XGBoost-R,7,W2,0.1078758115511719,0.8700165725994424,0.43240887355036983,1.2906028189451182,0.004387834198148743
1,1,1,XGBoost-R,7,X1,0.004316278,0.9934871764067544,0.5251365671312189,1.4934822157871792,-5.242727606680208e-06
1,1,1,XGBoost-R,7,X2,0.003400581,0.9944622074243198,0.6510954621218475,1.2946909488078524,0.0002377598846930784
1,1,1,MLP-R,7,W1,0.046580408,0.9532938105280144,0.4384833695011596,1.4812299608177215,-5.180811600199453e-05
1,1,1,MLP-R,7,W2,0.1036805734821202,0.8972436035735211,0.4474648097815047,1.3197363118267416,-0.0002049933238473578
1,1,1,MLP-R,7,X1,0.002030449,0.997964069,0.5303529641124439,1.5014360542364549,-1.6675862846593503e-06
1,1,1,MLP-R,7,X2,0.001503535,0.9985098669267136,0.663528053882098,1.3023157190341408,-1.4290565437113933e-06
1,1,1,MLR,8,W1,0.042199669,0.9542141187404608,0.590137918679452,1.408339376544829,0.0
1,1,1,MLR,8,W2,0.096837414,0.904123864,0.5202722264804568,1.356790562781219,1.4880980809961475e-05
1,1,1,MLR,8,X1,0.001489825,0.998383567,0.6702415429841826,1.4017600586596104,0.0
1,1,1,MLR,8,X2,0.001631427,0.998384768,0.7078213459803581,1.3624728547870153,-1.6500128868668362e-06
1,1,1,SVR,8,W1,0.041904018,0.9545348945839456,0.5745650217055989,1.4113522472654283,0.0002713717136374139
1,1,1,SVR,8,W2,0.096820154,0.9041409520625864,0.5229156919124336,1.3551465477845988,-7.609088331195224e-07
1,1,1,SVR,8,X1,0.001509701,0.9983620019900452,0.6698891554504643,1.4017480211879783,-1.829374797319705e-05
1,1,1,SVR,8,X2,0.001624787,0.9983913416799588,0.7081024588777387,1.3637930833094054,4.793704096006657e-07
1,1,1,RF-R,8,W1,0.052235284,0.9433256566966703,0.5709391169912539,1.3406193490879061,0.00033094089030537565
1,1,1,RF-R,8,W2,0.1112323927786576,0.8898717795720494,0.5020481913991358,1.252339653109976,0.0011176783875336826
1,1,1,RF-R,8,X1,0.011725871,0.987277641,0.6386329546650209,1.3056177148432604,-0.00043631887177257854
1,1,1,RF-R,8,X2,0.015498627,0.9846552230331396,0.6651824900127372,1.246691724098691,5.2648330593707545e-06
1,1,1,XGBoost-R,8,W1,0.045803545,0.9402415130607358,0.5879902565134905,1.4055902193213081,0.0007135430176074097
1,1,1,XGBoost-R,8,W2,0.1013214948627001,0.8812454688955934,0.5174226636012713,1.3315230933839965,0.006063338164474063
1,1,1,XGBoost-R,8,X1,0.002601171,0.9952268766565624,0.6656951226913782,1.3994406740918746,0.00016400325519254632
1,1,1,XGBoost-R,8,X2,0.003608104,0.994540128,0.7002896388721573,1.3452496865589907,-2.530022299228607e-05
1,1,1,MLP-R,8,W1,0.042209111,0.954203874,0.5891746817906848,1.4085912561148195,-2.1195323462630534e-05
1,1,1,MLP-R,8,W2,0.09683745,0.9041238279176852,0.5203400113160894,1.3566411624638097,1.5022989806079412e-05
1,1,1,MLP-R,8,X1,0.001500486,0.998372,0.6703804911368147,1.4017657824874754,-8.750381330069334e-06
1,1,1,MLP-R,8,X2,0.001627281,0.9983888724232804,0.7081980728072426,1.3631665517189269,-1.216261070768887e-06
1,1,1,MLR,9,W1,0.058877366,0.9426426912052832,0.20455768613305336,1.7123249794631459,2.2176626960168643e-05
1,1,1,MLR,9,W2,0.11605795,0.8853508517367044,0.20596887463855876,1.6255267192467429,8.588988645247264e-05
1,1,1,MLR,9,X1,0.002051007,0.9980019443644368,0.3224993597983069,1.7154897648930298,-1.0513875087658775e-06
1,1,1,MLR,9,X2,0.002105736,0.9979198254855084,0.42889045405246495,1.6418845631627383,-3.773535669049366e-07
1,1,1,SVR,9,W1,0.058883924,0.9426363027649703,0.21039804691498856,1.7059176846375745,-1.596587627228363e-05
1,1,1,SVR,9,W2,0.1163535410669602,0.8850588490988283,0.2078044955593769,1.6065804507000023,2.9799533282903744e-05
1,1,1,SVR,9,X1,0.002056629,0.997996468,0.32216748369687676,1.714690372800014,-1.2761134333572066e-06
1,1,1,SVR,9,X2,0.002301749,0.9977261913048427,0.4270400677751338,1.635759474742154,0.00030589662607041215
1,1,1,RF-R,9,W1,0.076118689,0.9258464940753318,0.19129699280357185,1.6171921034063055,-0.001677731577887831
1,1,1,RF-R,9,W2,0.1241153064710111,0.8773913020660045,0.19206059310499624,1.532598700772521,0.004373527915484565
1,1,1,RF-R,9,X1,0.019732793,0.9807766557411716,0.293533030220182,1.5834151290427392,-0.00030774945577990433
1,1,1,RF-R,9,X2,0.014253779,0.9859192448299648,0.3918426187193883,1.5173526443884024,0.0010228094418567092
1,1,1,XGBoost-R,9,W1,0.060980292,0.9290939122202274,0.1992564996095001,1.7125152478331962,0.0044740908144791924
1,1,1,XGBoost-R,9,W2,0.1162625286979632,0.8575979346913479,0.19879753670789996,1.6388885724201103,0.008768385712088333
1,1,1,XGBoost-R,9,X1,0.003489221,0.9942817203923447,0.3153773900460923,1.699770867440236,0.00046173411514408567
1,1,1,XGBoost-R,9,X2,0.0037045,0.9944489895202946,0.4178402159886693,1.628442608410816,-0.00021250116972639787
1,1,1,MLP-R,9,W1,0.058886671,0.9426336264640334,0.20473603976958682,1.704515720466663,2.9323819110849136e-05
1,1,1,MLP-R,9,W2,0.1146007344777804,0.8867903787525028,0.20954875408281662,1.6567733687387503,0.002932027912805646
1,1,1,MLP-R,9,X1,0.002048715,0.998004177,0.32237818561928216,1.7160113396409742,-1.118618229045687e-06
1,1,1,MLP-R,9,X2,0.002102157,0.9979233609839202,0.4287389039310293,1.6448138603088556,-7.199688411452243e-07
1,1,1,MLR,10,W1,0.049780813,0.952987328,0.28746820129386014,1.498500301313133,2.6348294439793028e-05
1,1,1,MLR,10,W2,0.1037268883856775,0.8964765408859879,0.2951374806352799,1.3915629744745854,3.174781098701507e-05
1,1,1,MLR,10,X1,0.001932323,0.9981751271232794,0.3827465041031973,1.4580908186396562,0.0
1,1,1,MLR,10,X2,0.001913919,0.9980898341164536,0.5144486156208046,1.3998622917059644,0.0
1,1,1,SVR,10,W1,0.04979391,0.9529749597250032,0.2874407267112621,1.5016105285097452,1.5591664849423647e-05
1,1,1,SVR,10,W2,0.1035104715585014,0.8966925332762777,0.3056351513035896,1.4045896488946759,-1.9941188443173274e-05
1,1,1,SVR,10,X1,0.001926277,0.998180837,0.38124766578836544,1.459939691775736,-3.226629796049263e-06
1,1,1,SVR,10,X2,0.00191774,0.9980860214118932,0.5165866429894241,1.3995836026999435,9.815738726304258e-06
1,1,1,RF-R,10,W1,0.067442678,0.9363075790088196,0.27209915733989637,1.4131208394908241,0.0013697807002557739
1,1,1,RF-R,10,W2,0.1236405380595449,0.8766019458807065,0.28261449550868956,1.3162485041426635,-0.0027542725415356075
1,1,1,RF-R,10,X1,0.020318246,0.9808115826836904,0.35724718733694194,1.3444794625235683,0.0019642863947425316
1,1,1,RF-R,10,X2,0.019818482,0.9802203862905896,0.4744346938625375,1.2868688508842028,0.00033445708744923587
1,1,1,XGBoost-R,10,W1,0.050683173,0.9350373011759984,0.2816678271404355,1.4919466487970932,-0.000990349008679703
1,1,1,XGBoost-R,10,W2,0.1093055779441653,0.8635736265949203,0.2951310165221703,1.386435814493762,-0.0008782073689688419
1,1,1,XGBoost-R,10,X1,0.00341791,0.9932428036555064,0.3754512924175156,1.4529278891487079,0.0010257527154732716
1,1,1,XGBoost-R,10,X2,0.003488548,0.9937022405452078,0.5061823546213309,1.4030454654218558,-0.00020615477273141502
1,1,1,MLP-R,10,W1,0.049780694,0.9529874404806232,0.28744339091878657,1.4985288549926559,2.6231181639957412e-05
1,1,1,MLP-R,10,W2,0.1037310312715701,0.896472406,0.2951697923644908,1.3915878530952148,3.134004156911674e-05
1,1,1,MLP-R,10,X1,0.001949918,0.9981585107184042,0.38275601027129597,1.4593110308086128,-8.646438272996715e-06
1,1,1,MLP-R,10,X2,0.001918218,0.998085544,0.5144793747360157,1.399565441452,-3.5429966543154555e-06
1,1,2,MLR,1,W1,0.1519306978590278,0.8544948331091573,0.519632674617287,1.1726562814948451,0.00018779774959070127
1,1,2,MLR,1,W2,0.2939389782074762,0.6930552782085044,0.46533180740971164,1.014753530488123,0.0
1,1,2,MLR,1,X1,0.001452394,0.9986090312583504,0.846317049716068,1.1553961786557085,-2.2276601817416974e-06
1,1,2,MLR,1,X2,0.001237393,0.9987078566430924,1.0521489196846225,0.9711787131622046,0.0
1,1,2,SVR,1,W1,0.1516639660385408,0.8547502841707398,0.527451354503083,1.187833772096398,0.000267166661298246
1,1,2,SVR,1,W2,0.2934320018336742,0.6935846864651449,0.4525925590936376,1.040069236762942,-6.210007429482411e-05
1,1,2,SVR,1,X1,0.004287897,0.9958934491825648,0.8379913348287733,1.1458856145723726,-0.0010059022647544436
1,1,2,SVR,1,X2,0.001503534,0.99842994,1.0529794500508387,0.9720503527172127,0.0001577524374976269
1,1,2,RF-R,1,W1,0.1752396603780563,0.8321716651834061,0.5101687037349281,1.1181756074682467,0.0037728896165874935
1,1,2,RF-R,1,W2,0.3062770133303253,0.6801713293653417,0.4324579240217366,0.959390598225666,0.004736049246898755
1,1,2,RF-R,1,X1,0.024480012,0.9765553088881258,0.7751342384376236,1.047477007363001,-8.490778171212909e-05
1,1,2,RF-R,1,X2,0.01401625,0.9853635809643996,0.9792288466622464,0.9078624813750353,0.0011450197663638417
1,1,2,XGBoost-R,1,W1,0.1594649570204235,0.8162800554248677,0.5186641840593049,1.1705374175483958,0.002985437346264097
1,1,2,XGBoost-R,1,W2,0.3005856440213302,0.6050456108344844,0.4763192226094555,0.9889189980303641,-0.006417726872639173
1,1,2,XGBoost-R,1,X1,0.003634911,0.9936985665791934,0.8354928107010899,1.1440813263831724,-0.0003991725292739168
1,1,2,XGBoost-R,1,X2,0.002358724,0.9951025036532044,1.0522413712041156,0.9719765386193482,-0.00015371147174756406
1,1,2,MLP-R,1,W1,0.1518559703853548,0.8545664001702012,0.5242891653623238,1.1688820344361486,0.0002768000032408513
1,1,2,MLP-R,1,W2,0.293826839,0.6931723794092656,0.46292980294105596,1.0142166245580013,-0.0001425701411135294
1,1,2,MLP-R,1,X1,0.001410595,0.9986490623324512,0.8377859919677197,1.1634719147583632,6.290122304319911e-06
1,1,2,MLP-R,1,X2,0.001237474,0.9987077720696698,1.0521094384234204,0.9712838649667555,-8.208190498404377e-07
1,1,2,MLR,2,W1,0.1723901739087508,0.8212002225879472,0.257726304565635,1.491201432588501,-3.0247892045998094e-05
1,1,2,MLR,2,W2,0.3262055631882262,0.6724257500439041,0.22735722271891912,1.1516932156615458,0.0
1,1,2,MLR,2,X1,0.00162466,0.9983149342178944,0.5756007637135802,1.4796509400971565,-4.893845732101277e-07
1,1,2,MLR,2,X2,0.001382192,0.9986120082311124,0.8596855371235993,1.1658949003609664,6.725381540229058e-07
1,1,2,SVR,2,W1,0.1714010580769591,0.822226115,0.2540821637682486,1.4950775114218717,0.000314039705499003
1,1,2,SVR,2,W2,0.3262163003485607,0.6724149678328074,0.2181348014558669,1.1532319396515536,-0.0009485233998758225
1,1,2,SVR,2,X1,0.001642999,0.9982959134788788,0.5765548535301197,1.4810838617964484,-3.025496188191479e-06
1,1,2,SVR,2,X2,0.001377542,0.9986166779261484,0.8598443284435666,1.1663301671839204,2.31705876568844e-06
1,1,2,RF-R,2,W1,0.1865438138113259,0.8065203391191231,0.2395699009510436,1.3865029437478984,0.00310461390361656
1,1,2,RF-R,2,W2,0.3446984135883922,0.6538553077124556,0.2160887607362827,1.053046681682892,0.002239810055282476
1,1,2,RF-R,2,X1,0.016893181,0.9824787166808198,0.5373893513447361,1.3622778949135603,-0.00036728638433582985
1,1,2,RF-R,2,X2,0.01605062,0.983882035,0.8038388229645266,1.0713683751888354,0.000657755097521473
1,1,2,XGBoost-R,2,W1,0.1709163184181761,0.7767793974095589,0.26743910254409153,1.5086145284942922,0.004112527529725507
1,1,2,XGBoost-R,2,W2,0.3342717420614878,0.5792715737593896,0.2170460481764783,1.1225547754960183,-0.0014746272313778009
1,1,2,XGBoost-R,2,X1,0.002909245,0.9950910027243124,0.5796383207006418,1.4782721136375923,0.00022279654020357365
1,1,2,XGBoost-R,2,X2,0.002633642,0.995332157,0.8540552583982359,1.1584045967318932,0.00033235793429745584
1,1,2,MLP-R,2,W1,0.1723290247785167,0.8212636452913815,0.25683050764369486,1.484199929949579,1.9943126980981328e-05
1,1,2,MLP-R,2,W2,0.3261916365280873,0.6724397351372446,0.22465013595112632,1.1587822254464997,-4.8928387461144586e-05
1,1,2,MLP-R,2,X1,0.001627436,0.9983120547868156,0.5757483488347943,1.4800393280863355,-3.956611119293463e-07
1,1,2,MLP-R,2,X2,0.001385336,0.9986088514760322,0.8596646626002002,1.1659061869945353,6.894936096957238e-07
1,1,2,MLR,3,W1,0.12682248,0.8780811653230753,0.6901278545133069,0.9249991264038192,0.00017689147642401258
1,1,2,MLR,3,W2,0.2521073410827697,0.7560452729500117,0.531066336733869,0.8842674869676443,0.00012805147463724743
1,1,2,MLR,3,X1,0.001202803,0.9988437043538648,0.9388851102340905,0.9399367157794952,0.0
1,1,2,MLR,3,X2,0.001037561,0.9989959910726998,0.987087338982325,0.876987935780836,-1.6992635801793554e-07
1,1,2,SVR,3,W1,0.126700115,0.8781987990994802,0.7008728660343632,0.9125230469946752,9.955379287692744e-05
1,1,2,SVR,3,W2,0.2518772111399968,0.7562679609809673,0.5281612500920245,0.8867502718869877,-2.929065556646071e-05
1,1,2,SVR,3,X1,0.001208065,0.9988386450548024,0.9392901122012518,0.9401417258331397,-1.7829431130489404e-06
1,1,2,SVR,3,X2,0.00138171,0.9986629717989866,0.983190604047271,0.8748925865367037,9.633192360619658e-05
1,1,2,RF-R,3,W1,0.1413156860957424,0.8641483457368417,0.6566504628130064,0.893136717817064,0.0004135722876396519
1,1,2,RF-R,3,W2,0.2705348936471328,0.7382136281564449,0.49211308229014444,0.8209269709356738,0.0009694067187573485
1,1,2,RF-R,3,X1,0.019466233,0.9812864376553584,0.8675412063965263,0.8713671806426438,0.0001054839354114212
1,1,2,RF-R,3,X2,0.014896314,0.985585401,0.912897065691465,0.8061762813532907,0.001157864103553319
1,1,2,XGBoost-R,3,W1,0.1293153112276039,0.8356582024196885,0.6843442504223983,0.9313837133989059,-0.0006736061478077593
1,1,2,XGBoost-R,3,W2,0.263780485,0.676975992,0.541012484060785,0.866253596699177,0.0016340418120828538
1,1,2,XGBoost-R,3,X1,0.003242146,0.9949689963343088,0.9271297653201209,0.9440882043758698,0.0003463913436510313
1,1,2,XGBoost-R,3,X2,0.003746184,0.994443863,0.9837508318882888,0.8750859784470079,0.000348249896133801
1,1,2,MLP-R,3,W1,0.1267933159268328,0.8781092022119797,0.6904189457994708,0.9254472592300755,0.00014248014158025902
1,1,2,MLP-R,3,W2,0.2500304741447067,0.7580549784382306,0.5038285342925788,0.8598212677247797,0.0018430625303807013
1,1,2,MLP-R,3,X1,0.001196443,0.998849818,0.9375010402409524,0.9394764579639323,1.2705517064892645e-06
1,1,2,MLP-R,3,X2,0.001039444,0.998994169,0.9871561759859032,0.8768717748270337,-1.93171091822375e-07
1,1,2,MLR,4,W1,0.1138033128617737,0.8833460865062469,0.873446904806805,0.8681863120951334,0.0
1,1,2,MLR,4,W2,0.2248543352788128,0.755548583,0.7381910134050975,0.8253898513581094,4.0358595330280965e-05
1,1,2,MLR,4,X1,0.001309566,0.9986576313342476,1.1216665068054361,0.895165142978796,-3.0069033162272164e-07
1,1,2,MLR,4,X2,0.001004666,0.9989077728334272,1.1955620870811583,0.8199275706640814,-7.461072522585432e-07
1,1,2,SVR,4,W1,0.1137106919978034,0.8834410273825852,0.8672589514917348,0.8562755319700275,2.870339574845282e-06
1,1,2,SVR,4,W2,0.2237433276162401,0.7567564197134407,0.6960451779012631,0.8181965373425768,-0.00036961236183463697
1,1,2,SVR,4,X1,0.001368581,0.9985971382099108,1.1161845086161943,0.8917546089423244,1.3634275471074987e-06
1,1,2,SVR,4,X2,0.00256591,0.9972104597456148,1.1940711752183637,0.8120568753913926,-0.0007844944343303406
1,1,2,RF-R,4,W1,0.1288204059666573,0.8679528379624855,0.8312032957581568,0.8102657228689631,0.0004516697224227539
1,1,2,RF-R,4,W2,0.23424457,0.7453399463812649,0.6932139130511756,0.7533731561331359,0.004495319157707911
1,1,2,RF-R,4,X1,0.016492922,0.983093955,1.0583112257021587,0.817114004416444,0.0005948822081999428
1,1,2,RF-R,4,X2,0.013374078,0.9854603105218148,1.1339612688976086,0.7599731570967361,-0.0003506986828399894
1,1,2,XGBoost-R,4,W1,0.1163995818745196,0.8445828277194031,0.8488408970322151,0.8537735932329891,-0.0021138662915226925
1,1,2,XGBoost-R,4,W2,0.2245692924696119,0.7052317788005846,0.7326976077449942,0.8005811134285497,0.016790235953743092
1,1,2,XGBoost-R,4,X1,0.003600947,0.9944305987654832,1.1162739266404165,0.8993964859466453,0.00014923587419535256
1,1,2,XGBoost-R,4,X2,0.002721391,0.9951829784053452,1.1978802003219662,0.8097499358215146,-8.440123744465344e-05
1,1,2,MLP-R,4,W1,0.1137701977486125,0.8833800311028399,0.8772140019245505,0.8601870993085245,1.993088292916445e-05
1,1,2,MLP-R,4,W2,0.2242684344530829,0.7561855474179965,0.7433623195331288,0.8297308134135186,0.0008212390299220274
1,1,2,MLP-R,4,X1,0.001309244,0.9986579611524132,1.1215515390906976,0.8952540150657893,-2.1768713227565683e-07
1,1,2,MLP-R,4,X2,0.001005864,0.9989064701818268,1.1956540728347118,0.8199619405581926,-7.306263192896623e-07
1,1,2,MLR,5,W1,0.1182123710212766,0.878405198,0.7952214835693407,1.0052589878305163,1.4140692996289505e-05
1,1,2,MLR,5,W2,0.2141700134006374,0.7707439370875697,0.7862702102345074,0.9135694283287776,2.03800891444228e-05
1,1,2,MLR,5,X1,0.001230555,0.9987342345699788,1.01661670800802,0.9979037925645338,0.0
1,1,2,MLR,5,X2,0.00110975,0.9988120801013384,1.2728584743141578,0.9466060059098569,0.0
1,1,2,SVR,5,W1,0.117561904,0.879074277,0.7910281634720484,1.0056111575760804,0.000908116940193493
1,1,2,SVR,5,W2,0.2135437510717457,0.7714143130827539,0.7904484393272633,0.900411922673144,3.2293227630431074e-06
1,1,2,SVR,5,X1,0.001544709,0.9984110915224024,1.0118464317479412,0.9916388546028033,0.000165300638190502
1,1,2,SVR,5,X2,0.001109277,0.9988125865056786,1.272179696828525,0.9462057273070901,-3.5362192041255014e-07
1,1,2,RF-R,5,W1,0.1349916106600923,0.8611458505321123,0.7298609412846214,0.9328883527881267,-0.00660733658142354
1,1,2,RF-R,5,W2,0.2277942794897486,0.7561599831807354,0.7215030164322022,0.8486795502348278,0.0026476909363320035
1,1,2,RF-R,5,X1,0.016075054,0.9834649876938012,0.9422339516024378,0.9181363944486252,-0.0008526114976439181
1,1,2,RF-R,5,X2,0.01277114,0.9863292655702368,1.169343254752343,0.8709982305898581,0.00117871625738446
1,1,2,XGBoost-R,5,W1,0.1216118568909679,0.8314255961588818,0.7826108168415744,1.0168888030785657,-0.009187428863572721
1,1,2,XGBoost-R,5,W2,0.2194344667360714,0.7260502739988124,0.7880340343366589,0.9459671592073449,0.022876150618370172
1,1,2,XGBoost-R,5,X1,0.002897817,0.9943426661675528,1.0100179515874854,0.9874143290540754,-0.0001892172776143397
1,1,2,XGBoost-R,5,X2,0.002688048,0.994944356,1.2640060026556905,0.9419792460714117,-0.0003302334530124407
1,1,2,MLP-R,5,W1,0.1164787652754626,0.8801884072328097,0.7952650520879747,1.0074937239601909,0.0009062451055263931
1,1,2,MLP-R,5,W2,0.2138182671892722,0.7711204601604384,0.7894781607622601,0.9088104172659243,6.4307339701641375e-06
1,1,2,MLP-R,5,X1,0.001227869,0.9987369982764648,1.0179146228030571,0.9971000296539149,-1.0636792259877126e-06
1,1,2,MLP-R,5,X2,0.001110581,0.9988111898807231,1.27247143248042,0.9465317289529575,-1.7786729069713126e-06
1,1,2,MLR,6,W1,0.11769119,0.8796830695306782,0.8992085329953643,0.9872257575674681,0.0
1,1,2,MLR,6,W2,0.2115663745982761,0.7740651398990985,0.8106781474947375,0.7973898201117755,0.0011082224773627859
1,1,2,MLR,6,X1,0.001142104,0.998832415,1.1273905876860701,0.9920724926095537,2.852584506163325e-07
1,1,2,MLR,6,X2,0.000992593,0.9989399952696024,1.2537912896476482,0.8287604268370197,5.124534914613399e-06
1,1,2,SVR,6,W1,0.1178912325702657,0.8794785635268806,0.9107060471961959,0.990773645805687,-3.365712150825706e-05
1,1,2,SVR,6,W2,0.2097465350607267,0.7760085734532399,0.7955180976482377,0.7843626130992642,0.003010029921647628
1,1,2,SVR,6,X1,0.005944328,0.9939230519472778,1.1183797287896091,0.9796129127290998,0.0019283694887633706
1,1,2,SVR,6,X2,0.000992349,0.9989402556248976,1.2530750122541972,0.829141445614888,4.0989839490745975e-06
1,1,2,RF-R,6,W1,0.1391387546685254,0.8577570001082411,0.8327906157373255,0.8993629560871066,-0.0010242900130611244
1,1,2,RF-R,6,W2,0.2268748350039367,0.757717009,0.743499130075091,0.7395722869500171,-0.0004485861993511309
1,1,2,RF-R,6,X1,0.01887558,0.9807032982238788,1.0396924812636124,0.8813519446519814,0.0010300843855068798
1,1,2,RF-R,6,X2,0.020635932,0.9779625827031044,1.1489893638067397,0.7474651757346218,-0.0013795337728330082
1,1,2,XGBoost-R,6,W1,0.1210718975019163,0.836557979,0.8947571182123205,0.9823955348331687,-0.004891714333059805
1,1,2,XGBoost-R,6,W2,0.2164635682533653,0.7237878891328284,0.799850090811407,0.806035254674428,0.015544223286371828
1,1,2,XGBoost-R,6,X1,0.00346574,0.9934156735282708,1.1231722430515452,0.975110858688498,0.00012824078970766762
1,1,2,XGBoost-R,6,X2,0.003390264,0.994130607,1.2375537464104682,0.8183494889529644,-5.1669954217159474e-05
1,1,2,MLP-R,6,W1,0.1179838018527787,0.8793839289840183,0.8905830746823057,0.983701041504556,-0.00018996588348255684
1,1,2,MLP-R,6,W2,0.2106581603347019,0.7750350353419444,0.8026935166192933,0.8014136320444087,0.002156958134255127
1,1,2,MLP-R,6,X1,0.001141377,0.9988331586872268,1.126855980362898,0.9925903796682498,8.252844605372011e-07
1,1,2,MLP-R,6,X2,0.000992116,0.9989405048165128,1.2539757642517348,0.8287087229538713,6.683895780867921e-06
1,1,2,MLR,7,W1,0.112411317,0.8916234677225292,0.7335654738179505,1.009591712676994,-0.0001555906751379621
1,1,2,MLR,7,W2,0.2559709977022386,0.7249165099164875,0.6415920700906351,0.9612749715216801,-8.32779139326445e-05
1,1,2,MLR,7,X1,0.001167448,0.9988744552399718,0.9490702822337997,1.0374128819742374,-1.2778817667258302e-06
1,1,2,MLR,7,X2,0.001170236,0.998742387,1.1472403666290067,0.9550740817445357,-3.414883539720748e-07
1,1,2,SVR,7,W1,0.1122594351675316,0.8917698977966461,0.7316068046819708,1.0132473454406683,1.207817735511263e-05
1,1,2,SVR,7,W2,0.2567431157390378,0.72408674,0.6471099913982729,0.966835269970978,-9.528884204803578e-05
1,1,2,SVR,7,X1,0.001166148,0.998875708,0.9489982547333679,1.0376380678691015,-7.872758803317837e-07
1,1,2,SVR,7,X2,0.001170611,0.9987419829566424,1.1473466639093195,0.955836437051109,-5.994020984778636e-07
1,1,2,RF-R,7,W1,0.1304452370551767,0.8742368397154929,0.7015233005855521,0.9173359080972077,-0.0027667974888616388
1,1,2,RF-R,7,W2,0.2688035941553103,0.711125747,0.6175654387199228,0.8796996583146897,0.0008480015863481238
1,1,2,RF-R,7,X1,0.018826512,0.9818492287164052,0.8896556400717939,0.9347753540184375,-0.0004492477447248677
1,1,2,RF-R,7,X2,0.023710917,0.9745186690661812,1.0483713847422693,0.8427487773064402,-0.0003261043924100759
1,1,2,XGBoost-R,7,W1,0.1129545311479694,0.8664015734078021,0.7205967285320638,1.0176945661433248,0.004494118193963714
1,1,2,XGBoost-R,7,W2,0.2585774411616456,0.6571199552552414,0.668328880013697,0.9216791618850622,-0.0017469080965964111
1,1,2,XGBoost-R,7,X1,0.002876899,0.995232295,0.9468297739033847,1.0239110032681171,-0.0001005803376254888
1,1,2,XGBoost-R,7,X2,0.003543087,0.992561293,1.1324888722128563,0.9366060557754826,-3.4440914707967175e-05
1,1,2,MLP-R,7,W1,0.1121292527770181,0.8918954075447516,0.7444057047143013,1.0094929549277518,0.00020836333448845946
1,1,2,MLP-R,7,W2,0.257122713,0.7236788001152776,0.64164364284419,0.9612115635710051,-8.458130747549531e-05
1,1,2,MLP-R,7,X1,0.001167464,0.9988744398745312,0.9490684107295297,1.0374718433538503,-1.2593875978628155e-06
1,1,2,MLP-R,7,X2,0.001170251,0.9987423705448042,1.1471080936103455,0.954812451309295,-4.8151663079032404e-08
1,1,2,MLR,8,W1,0.1175036005696141,0.8823121815250548,0.7097322565999157,0.947733642381778,0.0
1,1,2,MLR,8,W2,0.2029309945786981,0.8151011958276939,0.6313571243862436,0.8402538415818814,0.00044887724186635223
1,1,2,MLR,8,X1,0.001037095,0.9989612788115104,0.9420870138656605,0.9728920915152569,8.43987317411532e-07
1,1,2,MLR,8,X2,0.000991623,0.9990964917586342,1.0097567755049872,0.776556825583182,3.225974075649063e-07
1,1,2,SVR,8,W1,0.1173438238662104,0.8824722087206093,0.7107032906485395,0.9419861002443601,8.147175414803254e-05
1,1,2,SVR,8,W2,0.2025638509785267,0.815435716,0.632427361525388,0.8458977847988566,0.0006508815303127857
1,1,2,SVR,8,X1,0.001037982,0.9989603902605432,0.9422109742884397,0.9727845705565036,1.925832608928868e-06
1,1,2,SVR,8,X2,0.000992022,0.9990961277338338,1.0100764784343372,0.7765492713134936,-1.7357050704491784e-07
1,1,2,RF-R,8,W1,0.1310427961067671,0.8687517597256458,0.6814581931412517,0.8737115041975961,-0.0028265318156114327
1,1,2,RF-R,8,W2,0.2266423996393359,0.7934967561014752,0.5862156377042902,0.7803269982981025,0.0016788342322091366
1,1,2,RF-R,8,X1,0.015351233,0.9846246997650172,0.8815738511277507,0.8845013646987644,3.436666059963844e-06
1,1,2,RF-R,8,X2,0.015694514,0.9857000810232244,0.9455300227905088,0.7137787130077612,0.0006670524340815609
1,1,2,XGBoost-R,8,W1,0.118243055,0.841065177,0.7009629876493798,0.9473333725252256,-0.01080052768602625
1,1,2,XGBoost-R,8,W2,0.2121505047293285,0.7606129719641764,0.626109469395215,0.8429061334743435,0.0037991835348257564
1,1,2,XGBoost-R,8,X1,0.0024059,0.9955933308155966,0.9319388494520027,0.9698806826074255,3.4325087321218636e-05
1,1,2,XGBoost-R,8,X2,0.002193421,0.9961185837143596,1.0035161485155768,0.7715859132122442,-9.898480443649715e-05
1,1,2,MLP-R,8,W1,0.1176766241917302,0.8821388866427468,0.7096445802143994,0.9477797721757891,-8.831224157619388e-05
1,1,2,MLP-R,8,W2,0.2030576756831226,0.8149857714452926,0.6313599786159683,0.84030887773084,0.00044687730140273717
1,1,2,MLP-R,8,X1,0.001036721,0.9989616540563838,0.941725017381923,0.9723729688712034,1.4005092030866527e-06
1,1,2,MLP-R,8,X2,0.000991324,0.999096764,1.0099411661448792,0.7766133257152916,3.40609186000318e-07
1,1,2,MLR,9,W1,0.1468046189137473,0.8505566154001136,0.6453340633402961,1.1426831585680535,-0.0002286943178049894
1,1,2,MLR,9,W2,0.240601707,0.7767624544474347,0.5887752413206441,0.9245762485848429,0.0
1,1,2,MLR,9,X1,0.00136523,0.9986102308060802,0.9156070607961297,1.1629174815308585,-2.4932022883561443e-06
1,1,2,MLR,9,X2,0.001213743,0.9988738521784918,1.0548839205295524,0.9293697394108659,-2.1560917773388866e-08
1,1,2,SVR,9,W1,0.1461844613145789,0.8511879201321502,0.6353693788883343,1.1363213136027441,-9.160950168496385e-05
1,1,2,SVR,9,W2,0.2409301795750229,0.7764576878954349,0.5967517590221161,0.9261981024000276,-0.00030882322481735615
1,1,2,SVR,9,X1,0.001502067,0.9984709336449158,0.9148828293829482,1.1620781423341158,0.00024119451997159925
1,1,2,SVR,9,X2,0.001213271,0.99887429,1.0544691427392103,0.9295463469052644,-5.813343322280673e-08
1,1,2,RF-R,9,W1,0.1532800619157814,0.843964778,0.5944760663815083,1.0780953749294762,0.0026175776325575552
1,1,2,RF-R,9,W2,0.2667185698115111,0.752530439,0.5394350073103543,0.8483467509547736,-0.003766553254085747
1,1,2,RF-R,9,X1,0.015368567,0.9843551884326134,0.8364343590371085,1.0669357122272831,0.003236503638330135
1,1,2,RF-R,9,X2,0.018612062,0.9827311659521396,0.9682746972005253,0.855708849128589,0.000676584348631315
1,1,2,XGBoost-R,9,W1,0.1477254285753382,0.8092089668921265,0.6275411575022105,1.1438095378175719,-0.0020812038325477957
1,1,2,XGBoost-R,9,W2,0.2511334550686826,0.6951162357388596,0.5842021203912092,0.9149539691811361,-0.017477401314808093
1,1,2,XGBoost-R,9,X1,0.002606729,0.9952699746173346,0.9115341329205823,1.1557001946681713,9.334489037556847e-05
1,1,2,XGBoost-R,9,X2,0.003577134,0.9952820324354495,1.0528969774523809,0.9146054116301012,-6.578291987751062e-05
1,1,2,MLP-R,9,W1,0.1464501881655666,0.8509174169267026,0.6460305357007359,1.1438804653865613,-0.00019598230750421662
1,1,2,MLP-R,9,W2,0.2411191914252716,0.7762823169805322,0.652051106306426,0.8962520970161153,0.00024367084616679912
1,1,2,MLP-R,9,X1,0.001365417,0.9986100401890567,0.9155517286630628,1.1628698936727566,-2.356262815383925e-06
1,1,2,MLP-R,9,X2,0.001209958,0.9988773642236878,1.052804122633687,0.9294653188672164,7.452738171043194e-08
1,1,2,MLR,10,W1,0.142878287,0.8449912763748703,0.7596547043696333,1.0297981126146771,0.0001637508732057258
1,1,2,MLR,10,W2,0.2793325155564403,0.7425713790976949,0.5485547039574533,0.9125790927738586,4.908925508297912e-05
1,1,2,MLR,10,X1,0.001483696,0.9983903372317252,1.067043717686622,1.0533990887553555,2.777768538386738e-06
1,1,2,MLR,10,X2,0.0012282,0.998868109,1.0736629173288452,0.9053517106168517,2.048687123534787e-06
1,1,2,SVR,10,W1,0.1426833990102418,0.845202711,0.748550629917536,1.019373415731612,3.0008188725871852e-05
1,1,2,SVR,10,W2,0.2787133869867917,0.7431419586219883,0.5501775154563742,0.9235645878730242,5.362885290267627e-05
1,1,2,SVR,10,X1,0.001481545,0.9983926712918342,1.0677166205627349,1.0542716478245606,5.2630596721781055e-06
1,1,2,SVR,10,X2,0.001227344,0.9988688981898384,1.0735951132616335,0.9042283846681963,1.7630388018163855e-06
1,1,2,RF-R,10,W1,0.1520310756934792,0.8350614119595982,0.6814238289733036,0.9390650542237566,0.001266611874228829
1,1,2,RF-R,10,W2,0.3071939981901742,0.7168946581602555,0.5055015839680039,0.8507532981674151,0.003509535376620909
1,1,2,RF-R,10,X1,0.012751809,0.9861655560233894,0.979669638528355,0.9785632906270763,0.00010531705378998834
1,1,2,RF-R,10,X2,0.020837173,0.9807967761082412,0.9829457736198629,0.8180622034583832,0.0005359568169914231
1,1,2,XGBoost-R,10,W1,0.1435851944378571,0.790103244,0.7478388603688411,0.9955820730170106,-0.007778132232137391
1,1,2,XGBoost-R,10,W2,0.2762008977271638,0.6814884687843892,0.5345892616758665,0.88100504038074,0.00848940811959964
1,1,2,XGBoost-R,10,X1,0.00284438,0.9955754914731296,1.0535750354961202,1.0455249189653926,-7.245284760609705e-05
1,1,2,XGBoost-R,10,X2,0.00374772,0.994714045,1.0605979592010673,0.8942529662789795,2.3555186897683545e-05
1,1,2,MLP-R,10,W1,0.1428613206123241,0.8450096837116929,0.7578802818547086,1.030249773648317,0.0001635153707408743
1,1,2,MLP-R,10,W2,0.2784136579330158,0.7434181843839771,0.5503581414609708,0.9290684245115699,0.00010485134215405534
1,1,2,MLP-R,10,X1,0.001474453,0.9984003649185436,1.0668856465121397,1.0535826223929632,1.83230455097938e-05
1,1,2,MLP-R,10,X2,0.001229447,0.9988669606702072,1.0736430669688617,0.9052155481276113,1.8540523284871213e-06
2,0,0,MLR,1,W1,0.2399836533733761,0.74431124,0.9969155990321255,0.5134419323621302,0.0
2,0,0,MLR,1,W2,0.4542760616551595,0.5380233021662695,0.7310164619683077,0.3923361708571325,0.0
2,0,0,MLR,1,X1,0.002387401,0.997456362,1.4627333681761485,0.5371125922026105,0.0
2,0,0,MLR,1,X2,0.002032936,0.9979326027376958,1.6579645572621058,0.38638927996874406,-1.2638613512971908e-06
2,0,0,SVR,1,W1,0.2399636339186406,0.7443325692039455,0.9907970383485634,0.5032665484096549,0.0005718675670271511
2,0,0,SVR,1,W2,0.45382103,0.5384860471652222,0.7205590028060433,0.38523325131888114,0.0002980917725889043
2,0,0,SVR,1,X1,0.002649876,0.9971767095879812,1.4593391946076277,0.5372137459313359,1.098826539025488e-06
2,0,0,SVR,1,X2,0.002030739,0.9979348369996984,1.6582525041250573,0.3860598348785177,-2.129922245108773e-06
2,0,0,RF-R,1,W1,0.2489163478251363,0.7347939681845015,0.9423071278206827,0.4859395296985203,0.005114143014068384
2,0,0,RF-R,1,W2,0.4668353130372168,0.5252511533112174,0.6680230206807494,0.35371279888551926,0.004704920488150688
2,0,0,RF-R,1,X1,0.011366012,0.9878901686710142,1.396206038991045,0.5027383735704405,0.000722914511656847
2,0,0,RF-R,1,X2,0.018187171,0.9815045301494554,1.535525399535898,0.35024549311364367,0.00033520850260018167
2,0,0,XGBoost-R,1,W1,0.2399434522910032,0.6819593632466896,0.986593242110203,0.5195481283559302,0.00014936721148214315
2,0,0,XGBoost-R,1,W2,0.4578892827721197,0.4155639319990281,0.6827608216511732,0.4013557316576146,-0.004309530820306695
2,0,0,XGBoost-R,1,X1,0.003371212,0.9944891988424028,1.4598218682227626,0.537104515578137,-8.128765601321808e-05
2,0,0,XGBoost-R,1,X2,0.004219196,0.9923031221268724,1.6341664371681346,0.38115022745112725,-0.00023631711993536974
2,0,0,MLP-R,1,W1,0.2385776885407999,0.7458092141779766,0.9757259109115566,0.5092789116317783,0.00012083756068682616
2,0,0,MLP-R,1,W2,0.4536377,0.5386724853988887,0.6907427328791649,0.3782223389762181,0.0003946121892438592
2,0,0,MLP-R,1,X1,0.002390781,0.99745276,1.4626438612100663,0.5370951577435592,1.171612203143546e-07
2,0,0,MLP-R,1,X2,0.002035379,0.9979301186376256,1.657971394019586,0.3864033668325987,-1.3035622460688678e-06
2,0,0,MLR,2,W1,0.1043599796820766,0.9000292289576816,1.5914701346085713,0.17545140203845627,6.942485610228477e-05
2,0,0,MLR,2,W2,0.2163000669021811,0.7763368405749906,1.4124965748355351,0.1633416024900686,0.00012156982718549702
2,0,0,MLR,2,X1,0.000983299,0.9990580570689028,1.7957358898056217,0.18320873679998978,1.9231822354637273e-07
2,0,0,MLR,2,X2,0.000899275,0.9990701127702748,1.8441343812927833,0.18426189303269092,0.0
2,0,0,SVR,2,W1,0.1040351398694713,0.9003404065434796,1.5868378368664209,0.16990791928941834,0.000344440120352385
2,0,0,SVR,2,W2,0.2161452920696471,0.776496884,1.4042583256349612,0.16172589616493743,-0.00013333345226039793
2,0,0,SVR,2,X1,0.00118981,0.9988602310420078,1.7940778917929894,0.1824649634939657,0.0001348195458183876
2,0,0,SVR,2,X2,0.002955148,0.9969442554572489,1.8291340794419546,0.18268869278474367,0.00027160887403541165
2,0,0,RF-R,2,W1,0.1135159181673572,0.8912583741455401,1.5293193380804184,0.16849434956555154,0.0006267674649026667
2,0,0,RF-R,2,W2,0.2278787038449156,0.7643640540773409,1.3669600312492312,0.15559556393413299,0.007754140632871764
2,0,0,RF-R,2,X1,0.008674313,0.9916905140513196,1.7222941905038773,0.1679199532350209,-0.00023609509708119036
2,0,0,RF-R,2,X2,0.010667845,0.9889690102630035,1.7555413114589231,0.16046236032582192,-6.181738323907115e-06
2,0,0,XGBoost-R,2,W1,0.1061169402547135,0.8815982938649506,1.5795924373470047,0.17525261064374859,0.005145184932195779
2,0,0,XGBoost-R,2,W2,0.2157499583907831,0.7351645721473978,1.4171332399562773,0.1702673007896264,0.011894770057473369
2,0,0,XGBoost-R,2,X1,0.001691943,0.9973071042946654,1.7942952653221678,0.18102477253093419,8.426750523615744e-06
2,0,0,XGBoost-R,2,X2,0.002119928,0.9963774297915284,1.8376666037871132,0.17961928995374862,-0.00023646978372953152
2,0,0,MLP-R,2,W1,0.1038993692177947,0.9004704669054534,1.6166142825921632,0.17133419642783765,0.0005552163068179517
2,0,0,MLP-R,2,W2,0.2163073251636424,0.7763293352343145,1.4123809504593705,0.163306045917795,0.00012188690595760221
2,0,0,MLP-R,2,X1,0.000983128,0.9990582210205854,1.7956422601183781,0.18324053579497454,1.352380829544586e-07
2,0,0,MLP-R,2,X2,0.000900078,0.9990692823104244,1.8442165620530493,0.18432688580650664,-2.893481776733431e-07
2,0,0,MLR,3,W1,0.1292850304237443,0.8767227831974065,1.484973468042627,0.2548173180775824,4.756575762011605e-05
2,0,0,MLR,3,W2,0.2470926042150752,0.7519965382924468,1.266307091012568,0.23728802568797275,-0.0006621362634486427
2,0,0,MLR,3,X1,0.001414412,0.998651315,1.7181768226012728,0.26024061955719896,2.6506134463311072e-06
2,0,0,MLR,3,X2,0.001180508,0.9988151402812748,1.7295432906889705,0.24530424473068102,7.172405336319798e-08
2,0,0,SVR,3,W1,0.1288358498079064,0.8771510906045416,1.4823055323462537,0.25967835813210216,0.00017575288899513987
2,0,0,SVR,3,W2,0.2466087625969415,0.7524821634959875,1.2675750809372723,0.23731628862891663,-0.00024191990682352892
2,0,0,SVR,3,X1,0.001412835,0.9986528189187288,1.718552192059191,0.2600128736873615,1.7014342044374687e-06
2,0,0,SVR,3,X2,0.002508713,0.997482039,1.7240990089583055,0.24364539164559668,-0.0006746963560050001
2,0,0,RF-R,3,W1,0.14521038,0.8615374767934127,1.4312838480737238,0.24044938897058002,-0.0028540806529669728
2,0,0,RF-R,3,W2,0.2631572036620047,0.7358727199109144,1.187493701864972,0.21731775593903277,-0.004399449867649096
2,0,0,RF-R,3,X1,0.013483605,0.9871429714024734,1.632887832885952,0.23609776040858158,-0.00030692167754544644
2,0,0,RF-R,3,X2,0.010345596,0.9896162667189614,1.6415537633730746,0.22469121249049734,-0.0003879562042775397
2,0,0,XGBoost-R,3,W1,0.1327692952493201,0.8441267463653017,1.496333601647596,0.2599748971049681,-0.005272591471816068
2,0,0,XGBoost-R,3,W2,0.2535622299993587,0.6893143837109414,1.2860916170056513,0.23979496542405224,-0.006036348213295417
2,0,0,XGBoost-R,3,X1,0.002195922,0.9961389524555816,1.7184521379019153,0.25560953620893934,-0.00017556421306161863
2,0,0,XGBoost-R,3,X2,0.001995784,0.9968960333038998,1.7297076097443373,0.24417290105097514,2.028103480582466e-05
2,0,0,MLP-R,3,W1,0.1285006234635776,0.8774707391407435,1.4945127654989583,0.2622014808307138,0.0001991564199686602
2,0,0,MLP-R,3,W2,0.2468228544884179,0.7522672823975494,1.2364787833496844,0.2397567450705455,-0.00010781319428657677
2,0,0,MLP-R,3,X1,0.001414204,0.9986515135790625,1.7182368087752224,0.2602124483506812,2.625986114712653e-06
2,0,0,MLP-R,3,X2,0.001181159,0.9988144865762764,1.7307288409897517,0.2442479513581834,-4.111536405559946e-07
2,0,0,MLR,4,W1,0.2584109204865498,0.7455465491601987,1.0240482176812669,0.4777306788933958,0.0
2,0,0,MLR,4,W2,0.392386998,0.5843315949575963,0.8428244983166815,0.3812452545118943,0.0
2,0,0,MLR,4,X1,0.002376868,0.9976595330163396,1.5254524755276049,0.4922752224822743,5.5751274271154115e-06
2,0,0,MLR,4,X2,0.001861837,0.9980276949174712,1.6575752793064773,0.37220355575188446,2.367954566417918e-06
2,0,0,SVR,4,W1,0.2583003292241063,0.7456554467575158,1.028325486193014,0.47027007527157005,-0.0002577925565792727
2,0,0,SVR,4,W2,0.3924073304211222,0.5843100558263774,0.831440616339456,0.36798908373624123,9.742263831229448e-05
2,0,0,SVR,4,X1,0.002797775,0.9972450722926224,1.521402523569957,0.49029445961138196,0.00019255579234241926
2,0,0,SVR,4,X2,0.001862621,0.9980268640966315,1.656973832557766,0.37242900600373463,2.7553487934262045e-06
2,0,0,RF-R,4,W1,0.2719000042692885,0.7322640458096341,0.9576699731683096,0.4427143615828656,0.0027713314771881325
2,0,0,RF-R,4,W2,0.4035232433151293,0.572534605,0.7879776525616418,0.34719599076008634,0.006006020755269259
2,0,0,RF-R,4,X1,0.013417843,0.9867876460612272,1.435394515397397,0.45152125848616437,0.00048812435454892444
2,0,0,RF-R,4,X2,0.011450939,0.987869645,1.571967428046838,0.3348260320194871,0.0004405216345671481
2,0,0,XGBoost-R,4,W1,0.2592434055038816,0.6964880658388255,1.0363434581586897,0.4950019136398492,0.01222831523903407
2,0,0,XGBoost-R,4,W2,0.3957578006203323,0.4834338211315649,0.839380325247572,0.3769485541332052,0.0042620211364304385
2,0,0,XGBoost-R,4,X1,0.003430982,0.995099095,1.5268483442091694,0.49313719841458636,0.00039351535893840107
2,0,0,XGBoost-R,4,X2,0.003106895,0.9942792150581562,1.656224591785805,0.3637168012939656,-0.00043878386605112897
2,0,0,MLP-R,4,W1,0.2580312340737716,0.7459204208130937,1.0210071979230793,0.47527668416716234,-0.00010067992855101737
2,0,0,MLP-R,4,W2,0.3925540579913648,0.5841546225030054,0.8431713352260258,0.38093955950218994,-8.688306586233097e-05
2,0,0,MLP-R,4,X1,0.002377614,0.9976587983008712,1.5264537497277837,0.4931176910235363,2.4004886523432136e-06
2,0,0,MLP-R,4,X2,0.001861785,0.9980277498261164,1.6575813758644096,0.3721590546081305,2.5518376660094155e-06
2,0,0,MLR,5,W1,0.261617896,0.7334828593800491,0.9294361744165667,0.572350593883281,0.00033255348295175847
2,0,0,MLR,5,W2,0.3715030920162783,0.6222693671775086,0.7189720354297335,0.47119267228223005,8.176151809331511e-05
2,0,0,MLR,5,X1,0.002766176,0.9971820226590729,1.4152908173155154,0.5609855152898721,3.125002110782038e-06
2,0,0,MLR,5,X2,0.001847169,0.9981218666690164,1.4924858539022001,0.4288741289689059,1.7238281213916017e-06
2,0,0,SVR,5,W1,0.2608299080301736,0.7342856037995824,0.9116132062887434,0.5687737801444226,0.000639332201110443
2,0,0,SVR,5,W2,0.3714520826560374,0.6223212316123886,0.7157695001334041,0.4710426053142694,-4.2948334350911835e-05
2,0,0,SVR,5,X1,0.003034425,0.9969087502998286,1.416248859402528,0.5570199306979153,0.00032955633242134354
2,0,0,SVR,5,X2,0.001845846,0.998123212,1.489649949839078,0.4285081845324178,-6.816573671075687e-07
2,0,0,RF-R,5,W1,0.2773059864892043,0.7175009824631917,0.8468591875466748,0.5246782334601374,-0.0035764233146158507
2,0,0,RF-R,5,W2,0.3838382982967004,0.6097273846895253,0.6845363892584881,0.4500810480673875,0.0031162595459417798
2,0,0,RF-R,5,X1,0.013220031,0.9865324014016266,1.335265245197815,0.512545127574336,-0.0007049825638966612
2,0,0,RF-R,5,X2,0.010817193,0.9890014778227236,1.419006648448041,0.39396548773575385,0.00040578407287654715
2,0,0,XGBoost-R,5,W1,0.2651447617442152,0.6532984704484543,0.9204409672030698,0.5505564597261039,-0.012863283823572758
2,0,0,XGBoost-R,5,W2,0.3775096653876292,0.5140844070809285,0.7142533578855451,0.48359811826161403,-0.0047950766115660735
2,0,0,XGBoost-R,5,X1,0.003926093,0.9940864424039448,1.4185436448197564,0.5536711729203897,0.00027959473618408557
2,0,0,XGBoost-R,5,X2,0.002698391,0.9955463448570284,1.4882675628861661,0.422214391074454,-6.717848651863756e-05
2,0,0,MLP-R,5,W1,0.2616340655402649,0.733466387,0.9293004294229208,0.5722684451774167,0.00033150055389798985
2,0,0,MLP-R,5,W2,0.3706563669455309,0.6231302859791912,0.7187522905465465,0.46886785179304863,-8.064208709270825e-05
2,0,0,MLP-R,5,X1,0.002761642,0.9971866413518876,1.414386134216284,0.5605465418858593,2.995381916581774e-06
2,0,0,MLP-R,5,X2,0.001847152,0.9981218844169416,1.4924299876246045,0.428882771902214,1.586371718709234e-06
2,0,0,MLR,6,W1,0.263632799,0.7183055060886689,0.9229556141891866,0.5871764197448691,0.0008923193459412393
2,0,0,MLR,6,W2,0.4604391579170153,0.506411055,0.6796067092443984,0.437524309656783,0.00014980709839137462
2,0,0,MLR,6,X1,0.002677754,0.997138791,1.4367891456791113,0.5594829601500145,2.2196793454165586e-06
2,0,0,MLR,6,X2,0.00200624,0.997849319,1.6019703960594776,0.4495536140521647,-1.2013235384245035e-08
2,0,0,SVR,6,W1,0.2633089581991312,0.718651533,0.9163352196956416,0.583615382084545,0.001262300065898525
2,0,0,SVR,6,W2,0.4590628856454017,0.5078864132666248,0.6646888328814589,0.4314331817744922,0.00012368596009226795
2,0,0,SVR,6,X1,0.002937817,0.9968609104536986,1.4319585311017446,0.5598623664369519,0.0003567574049758937
2,0,0,SVR,6,X2,0.002000447,0.9978555291215132,1.6024364990912354,0.4483470401009438,1.0241349519546361e-07
2,0,0,RF-R,6,W1,0.2789294896626664,0.7019608265668255,0.8637625668723079,0.558619268180192,0.003003181340183414
2,0,0,RF-R,6,W2,0.4604989444896159,0.5063469638999156,0.616052061676813,0.3963970449212094,-0.00024265450630774898
2,0,0,RF-R,6,X1,0.013316727,0.9857709331274506,1.3534566635022405,0.5229158966105066,0.0009298012364230557
2,0,0,RF-R,6,X2,0.015577106,0.9833014044394937,1.4993484696744113,0.4127650832645912,-0.0012873923501947715
2,0,0,XGBoost-R,6,W1,0.2663319125623389,0.6600466816075732,0.907666048094038,0.6178039469504844,0.008610337235704835
2,0,0,XGBoost-R,6,W2,0.4577415816098436,0.4147926693935635,0.7090497789658567,0.44832709930827175,0.0038795060030023198
2,0,0,XGBoost-R,6,X1,0.004324051,0.993263801,1.4302637703607142,0.5602347905760412,-6.0596909302768065e-05
2,0,0,XGBoost-R,6,X2,0.003569843,0.9944332515264148,1.5876138166953342,0.44540929388327494,0.0001050661860896529
2,0,0,MLP-R,6,W1,0.2631544281178685,0.7188166502710707,0.9220712138234237,0.5870203550759974,0.0016603150671862243
2,0,0,MLP-R,6,W2,0.4604272563590806,0.5064238132905919,0.6770295621027985,0.4400780222117021,0.00015306075300116628
2,0,0,MLP-R,6,X1,0.002675929,0.9971407407022465,1.437088234716804,0.5607290370861329,-1.8824438129394495e-07
2,0,0,MLP-R,6,X2,0.002005488,0.9978501251357242,1.6020482755994099,0.44945771483882996,1.794996362658452e-09
2,0,0,MLR,7,W1,0.2405625467441995,0.7634595446329938,1.071527910323616,0.45182367186224903,0.0
2,0,0,MLR,7,W2,0.3995618780209147,0.5907110275191705,0.8764180913601347,0.34549879583438425,0.0
2,0,0,MLR,7,X1,0.002466197,0.9975750364185164,1.5410686873570614,0.44746970609517883,5.958750093681964e-07
2,0,0,MLR,7,X2,0.00175296,0.9982043655782784,1.6826147731244543,0.33906666376129635,1.4030441186974051e-06
2,0,0,SVR,7,W1,0.2404518956146101,0.7635683457283189,1.0705079652513205,0.4446059865504376,6.95674529622492e-05
2,0,0,SVR,7,W2,0.3999664594786678,0.5902965967682972,0.8753153326659826,0.3508261072457616,-0.0001702334002259609
2,0,0,SVR,7,X1,0.002607856,0.997435746,1.5232535840630432,0.44716342700849,4.6006604365156354e-06
2,0,0,SVR,7,X2,0.001750384,0.9982070036955898,1.6798100444712714,0.3391815177904406,3.520971005199769e-07
2,0,0,RF-R,7,W1,0.2586101172801532,0.7457137208935152,0.9977729205687471,0.40819688016028294,-0.00046046342165849684
2,0,0,RF-R,7,W2,0.4121964101948267,0.5777689152314569,0.7891684386884007,0.31359802039515866,-0.0008741184537600644
2,0,0,RF-R,7,X1,0.015838839,0.9844259792763562,1.4540832798505154,0.41338408367771995,-0.0023707029218490105
2,0,0,RF-R,7,X2,0.010472127,0.9892729348367636,1.603284827470744,0.3183233202922695,-0.00019709771129585718
2,0,0,XGBoost-R,7,W1,0.2472452703289173,0.6919696213486695,1.0450357734989981,0.42819251119215795,-0.007169171520185225
2,0,0,XGBoost-R,7,W2,0.4069377165792522,0.4877205095470309,0.8479687673083788,0.3534131231489751,0.01474138861844495
2,0,0,XGBoost-R,7,X1,0.003598147,0.994316637,1.5317603137308637,0.4437191108752728,0.0001348631048736615
2,0,0,XGBoost-R,7,X2,0.002773991,0.9954488542530148,1.6804329610258901,0.3347177784424217,-0.00019954046529330194
2,0,0,MLP-R,7,W1,0.2405307703851127,0.7634907897064686,1.082004658839751,0.44425158374873075,6.628428145205589e-06
2,0,0,MLP-R,7,W2,0.399676661,0.5905934506338034,0.8827696620710908,0.3372091489277156,-0.00017465052118850188
2,0,0,MLP-R,7,X1,0.002465968,0.9975752619039328,1.5411109600084356,0.44741192442413114,6.390837891667722e-07
2,0,0,MLP-R,7,X2,0.001757436,0.99819978,1.682622730602614,0.3390636618948538,1.3963276169537408e-06
2,0,0,MLR,8,W1,0.2798091924219816,0.7076959096471347,0.8815569191223137,0.6139979027176615,0.0
2,0,0,MLR,8,W2,0.4762727183017674,0.5202204324260317,0.6663639333016972,0.38251587723773606,0.0005697980533010738
2,0,0,MLR,8,X1,0.002686749,0.997193274,1.4304775093984607,0.6187514048627815,2.4072800899443967e-06
2,0,0,MLR,8,X2,0.002107681,0.9978767999829856,1.6469082732921554,0.3907592938366403,-1.1100982336254007e-06
2,0,0,SVR,8,W1,0.2798598380162169,0.7076430024705506,0.8809377201219817,0.5951948570842188,-0.00016123176835750597
2,0,0,SVR,8,W2,0.4759751926056221,0.5205201488371412,0.672518269075438,0.3852552806903048,0.0008639186260070208
2,0,0,SVR,8,X1,0.002764369,0.9971121879110456,1.4283118177136398,0.6253213366234286,1.0354045101113041e-05
2,0,0,SVR,8,X2,0.002107311,0.997877172,1.646654766087087,0.39080611666628023,-1.803712435799465e-06
2,0,0,RF-R,8,W1,0.2942068887269561,0.692655283,0.8251762181913458,0.5570001150012727,-0.0014400452326005953
2,0,0,RF-R,8,W2,0.4981332359879205,0.498198953,0.6144782554107197,0.3365378373244631,-0.0019304027705171034
2,0,0,RF-R,8,X1,0.015543373,0.9837625364688248,1.345772733859175,0.5616770933983903,-0.0016497396404202003
2,0,0,RF-R,8,X2,0.014554457,0.9853383765617078,1.544359893176094,0.3598881184966522,0.0004281314283773541
2,0,0,XGBoost-R,8,W1,0.2844992496792095,0.6247581841074858,0.8941055746773667,0.6039424332547634,-0.013204900905414619
2,0,0,XGBoost-R,8,W2,0.4857596106969569,0.4252816356252464,0.6795923451213287,0.38310066554277944,0.016236264291818382
2,0,0,XGBoost-R,8,X1,0.004055439,0.993006171,1.4225732519743046,0.6150939635385722,0.00028019507288246093
2,0,0,XGBoost-R,8,X2,0.003216642,0.994182672,1.6373637702384483,0.3847710252235583,-0.00022742731010630957
2,0,0,MLP-R,8,W1,0.2803029162417678,0.7071801385576326,0.8820025845820023,0.612508213524959,-0.0003275681415657483
2,0,0,MLP-R,8,W2,0.4766864059880851,0.5198036987110293,0.6664134341661041,0.38252900588390565,0.0005685362868827592
2,0,0,MLP-R,8,X1,0.002686354,0.9971936862036738,1.4303337605412163,0.6188035323078604,2.3550468565503025e-06
2,0,0,MLP-R,8,X2,0.00210025,0.997884286,1.64488805648183,0.3900650051857086,-1.8696160514863891e-06
2,0,0,MLR,9,W1,0.1787297488470999,0.8129409152596123,1.2639891214048489,0.360950382713925,0.0002195616971517156
2,0,0,MLR,9,W2,0.3416554329514447,0.6851446048520975,0.9697524704898841,0.3259158583531042,0.0
2,0,0,MLR,9,X1,0.001912973,0.997997877,1.6331806685901877,0.3347713373278413,5.226208619091288e-07
2,0,0,MLR,9,X2,0.001457549,0.9986567837610372,1.6146590007291988,0.31386205431608405,0.0
2,0,0,SVR,9,W1,0.1786682367247371,0.8130052940291448,1.2621876451755825,0.3647942904836762,0.00013656972689942703
2,0,0,SVR,9,W2,0.3418448247793874,0.6849700692437815,0.9767053668644305,0.33327862731304786,-0.0006341414257054811
2,0,0,SVR,9,X1,0.002119332,0.997781901,1.6301102156974483,0.3351480700315684,5.6272942529200784e-05
2,0,0,SVR,9,X2,0.001476916,0.9986389358808676,1.6135515444688049,0.3150083512815179,-3.783704340565297e-06
2,0,0,RF-R,9,W1,0.1871971329413949,0.8040789259766802,1.2042218789865535,0.34083675728591334,0.0003447989596146006
2,0,0,RF-R,9,W2,0.3590377897274202,0.6691257499372999,0.9431944717037547,0.3102453902923742,0.00293818345688196
2,0,0,RF-R,9,X1,0.008166185,0.991453246,1.5665809697386597,0.31310863430437197,0.0007827733954971494
2,0,0,RF-R,9,X2,0.013304559,0.987739073,1.5312974092633695,0.2884001460357343,0.0010052662835821958
2,0,0,XGBoost-R,9,W1,0.1814072773028338,0.7678496315374718,1.239207397137254,0.3577244881031882,-0.0025911224818354174
2,0,0,XGBoost-R,9,W2,0.3488356033194765,0.5967316723997999,0.986101430699198,0.32339819040445494,-0.010392780089537012
2,0,0,XGBoost-R,9,X1,0.002976088,0.995600025,1.6280242078706675,0.33156729531611545,-2.4659649847313946e-05
2,0,0,XGBoost-R,9,X2,0.002450287,0.996425847,1.610008130960841,0.310993134397497,0.0002691865557807316
2,0,0,MLP-R,9,W1,0.1787340837362242,0.812936378,1.26395087435438,0.36095702842454874,0.00021884240300406032
2,0,0,MLP-R,9,W2,0.3413648953212307,0.6854123522125775,0.9848372862795614,0.32883690355054007,-6.876913217823688e-05
2,0,0,MLP-R,9,X1,0.001913184,0.9979976561598412,1.633176646055097,0.3347719302791592,5.260315486754763e-07
2,0,0,MLP-R,9,X2,0.001457269,0.9986570414339392,1.6145828012119785,0.3143507736011218,4.1211000642027427e-07
2,0,0,MLR,10,W1,0.310835409,0.6873514068839108,0.7708882382527815,0.5700336899201737,0.0
2,0,0,MLR,10,W2,0.4914725359574197,0.5009681069489464,0.5818831230774177,0.4843751802148065,-1.325789194617233e-06
2,0,0,MLR,10,X1,0.002967949,0.997014738,1.4256595185516043,0.5853850565494785,0.0
2,0,0,MLR,10,X2,0.002208633,0.9977573955154442,1.5705485580915608,0.46178889310098503,2.5318698877452305e-07
2,0,0,SVR,10,W1,0.3104238147721159,0.6877654022846285,0.7886042698937891,0.5871167614394075,0.0002505879009470746
2,0,0,SVR,10,W2,0.4913983716257186,0.5010434120049524,0.5871931017501901,0.4791403626512339,-0.0001957642382848901
2,0,0,SVR,10,X1,0.002997443,0.9969850721234916,1.421496037199693,0.5902286530737092,-1.5361038605488097e-05
2,0,0,SVR,10,X2,0.002205461,0.997760617,1.5753042641938464,0.46153594246248214,5.343582246575273e-07
2,0,0,RF-R,10,W1,0.3257912671565921,0.6723083075488413,0.7316793311716542,0.5375435216381905,0.0027459897395941566
2,0,0,RF-R,10,W2,0.5094653090191749,0.4826985863850881,0.5302126730047583,0.42977380753506367,-0.002327182325660382
2,0,0,RF-R,10,X1,0.014776166,0.9851376410633068,1.3457298887657998,0.5425006144110219,-7.29269735203264e-05
2,0,0,RF-R,10,X2,0.016939065,0.9828003941944164,1.4531008864237926,0.43432691994786576,3.5767250112572754e-05
2,0,0,XGBoost-R,10,W1,0.3106734363297075,0.6239512845390129,0.7562132413552487,0.5963503265784948,-0.0007455665878366325
2,0,0,XGBoost-R,10,W2,0.4981972487062447,0.3937220834334706,0.5816225066656067,0.4846902492040658,0.01897566741177754
2,0,0,XGBoost-R,10,X1,0.004284656,0.9940189815299184,1.4189685255705973,0.5797801563040125,6.683661625447312e-05
2,0,0,XGBoost-R,10,X2,0.005549069,0.9931192856266386,1.556537529803089,0.4593643458546734,9.484266913556416e-05
2,0,0,MLP-R,10,W1,0.3103613850670512,0.687828196,0.7821484030307285,0.584220280077417,0.00039789700395723713
2,0,0,MLP-R,10,W2,0.4911763081903592,0.5012688910061522,0.5844345606769075,0.4800012550141573,0.0002364452954507601
2,0,0,MLP-R,10,X1,0.002971751,0.9970109136760829,1.4260300923746616,0.5860672309601742,-4.406457138661502e-06
2,0,0,MLP-R,10,X2,0.002204614,0.997761477,1.5725121269990774,0.4624920948932728,2.3856494122398433e-07
2,0,1,MLR,1,W1,0.054528155,0.9472527899672732,0.31082418815978236,1.5254378878626655,-7.3929771898018085e-06
2,0,1,MLR,1,W2,0.1066274187884362,0.8922929564977927,0.318009741839084,1.5075693999538406,5.6646075318167453e-05
2,0,1,MLR,1,X1,0.001872237,0.9981889122698004,0.4055812548548796,1.5365767782155868,-4.964780556893089e-07
2,0,1,MLR,1,X2,0.001926237,0.9980542589770984,0.5393003292156809,1.5532075925062105,1.2782424994917107e-06
2,0,1,SVR,1,W1,0.054392752,0.9473837707397688,0.31088624752296856,1.5267815326767888,2.6026748282670376e-06
2,0,1,SVR,1,W2,0.106532901,0.8923884316523987,0.31504972369966594,1.497324076062237,9.160334094117095e-05
2,0,1,SVR,1,X1,0.001871764,0.9981893700877704,0.4051145639936563,1.5371264522917003,-2.054382557181711e-07
2,0,1,SVR,1,X2,0.003070896,0.996898011,0.5252671663504922,1.5035563100737088,-7.18897324604173e-06
2,0,1,RF-R,1,W1,0.060949677,0.941041002,0.3003934386865144,1.4790440352465404,0.001063434522508222
2,0,1,RF-R,1,W2,0.1209722390746936,0.8778028919331722,0.30999891169456406,1.4361060288168095,0.002553907374918041
2,0,1,RF-R,1,X1,0.01323877,0.9871936215305576,0.3771214058842475,1.4550662146591882,0.00048132379722135574
2,0,1,RF-R,1,X2,0.013337412,0.986527544,0.5002215729812562,1.4547888472451234,0.0016638120471927254
2,0,1,XGBoost-R,1,W1,0.056215477,0.9354310760406682,0.3114778603909144,1.5229827399941858,0.0004809474570818373
2,0,1,XGBoost-R,1,W2,0.113106353,0.8580985531765081,0.3224408407165645,1.5034235234861058,0.0005935382522290533
2,0,1,XGBoost-R,1,X1,0.003140553,0.9951136584028046,0.39798924769004257,1.5399504132603812,-0.00022505763189234473
2,0,1,XGBoost-R,1,X2,0.003914486,0.9940026114065964,0.5373473947860581,1.5545016106845475,0.000551649583893421
2,0,1,MLP-R,1,W1,0.054554668,0.9472271429649164,0.31112973767727686,1.5292697450268136,-5.027754639075343e-06
2,0,1,MLP-R,1,W2,0.1066601855801272,0.892259858,0.32439760072177476,1.5131636717470112,0.00023451304917879723
2,0,1,MLP-R,1,X1,0.001871891,0.9981892471973308,0.40539706598126585,1.5368797474579725,-6.268626858929593e-07
2,0,1,MLP-R,1,X2,0.001923371,0.998057154,0.5393481008672623,1.554524558692374,3.2454235186940574e-06
2,0,1,MLR,2,W1,0.055543752,0.9432706535581667,0.3014664505095311,1.5876086693739224,0.0
2,0,1,MLR,2,W2,0.098819298,0.9000112650908435,0.30019264629394077,1.5117812679896208,2.4624551755048073e-05
2,0,1,MLR,2,X1,0.001804152,0.9981573382139703,0.4216852015564575,1.5848271926656443,0.0
2,0,1,MLR,2,X2,0.001903047,0.9980744322432866,0.4969461018214136,1.511891210514832,-1.056461908621742e-07
2,0,1,SVR,2,W1,0.055740963,0.9430692328322096,0.3000277686487463,1.5870243487582005,-3.194379660499402e-05
2,0,1,SVR,2,W2,0.098742475,0.9000889969303285,0.29779128152339324,1.50781814890316,0.00010618874605488049
2,0,1,SVR,2,X1,0.001804684,0.9981567943544424,0.4214937798928329,1.5838274099678666,-6.757460149886541e-07
2,0,1,SVR,2,X2,0.002186424,0.9977877013381458,0.49194164405772456,1.4832024886512882,-4.438917811100396e-09
2,0,1,RF-R,2,W1,0.069583647,0.9289310728441862,0.2792662380461791,1.5238977712644626,-0.00045123634350020537
2,0,1,RF-R,2,W2,0.1125147996130253,0.88615369,0.28127823202451097,1.4163344500481423,0.0028272251567074357
2,0,1,RF-R,2,X1,0.017448407,0.9821791525871064,0.38067085240556364,1.455165884302252,0.0002069129829211036
2,0,1,RF-R,2,X2,0.015902498,0.9839093105792066,0.463753276134394,1.3958641046116207,0.0006689008573224964
2,0,1,XGBoost-R,2,W1,0.059337028,0.924678597,0.29603635974244097,1.5893677782083688,-0.002680396139069585
2,0,1,XGBoost-R,2,W2,0.1021497483240418,0.8775713491201466,0.2954099777815222,1.5034054777749992,0.002751662924794074
2,0,1,XGBoost-R,2,X1,0.002991942,0.995393173,0.41545686595998293,1.5761250202310242,-6.135278397177979e-05
2,0,1,XGBoost-R,2,X2,0.004514043,0.9927297849095148,0.4927546107335686,1.4883617142439387,-0.0005644706017288281
2,0,1,MLP-R,2,W1,0.055557858,0.9432562460267302,0.2990433744513047,1.5847592678363518,-3.046882184343236e-05
2,0,1,MLP-R,2,W2,0.098810719,0.9000199453793296,0.29880608098205624,1.509207635256026,1.2034171528318982e-05
2,0,1,MLP-R,2,X1,0.001806862,0.9981545704479962,0.42171350161163834,1.5848969754918227,-7.721461420584497e-07
2,0,1,MLP-R,2,X2,0.001902592,0.9980748930185064,0.4968109251156738,1.512022755655688,-6.975263707742486e-08
2,0,1,MLR,3,W1,0.052062072,0.9514217343730548,0.15324838111551697,1.6476537862693277,1.6482359490899155e-05
2,0,1,MLR,3,W2,0.1012796250612293,0.892795681,0.18185914951573307,1.6016365167444722,0.0
2,0,1,MLR,3,X1,0.002023238,0.9981121497535484,0.24785692986459346,1.6120489903527577,1.7519616928973747e-06
2,0,1,MLR,3,X2,0.001872597,0.998017859,0.38350884957452386,1.6302555171596977,2.1014774431726835e-07
2,0,1,SVR,3,W1,0.052006121,0.951473942,0.15348004350075092,1.6501200772006168,7.3560853125931304e-06
2,0,1,SVR,3,W2,0.1009752991722042,0.893117809,0.17790433587093082,1.5895079648068342,-5.736624649481659e-05
2,0,1,SVR,3,X1,0.004642794,0.9956678855131964,0.24515451831020302,1.5928013121863842,0.0002322105471820435
2,0,1,SVR,3,X2,0.001886144,0.9980035194670068,0.3838211310698236,1.6303994605151928,3.450160806828251e-07
2,0,1,RF-R,3,W1,0.066371876,0.9380694909693752,0.15457271276468884,1.578479610311953,0.001290137965137972
2,0,1,RF-R,3,W2,0.1178462038016093,0.8752599842407186,0.1718532382505642,1.5247627833189104,-0.0032806752859201203
2,0,1,RF-R,3,X1,0.015720197,0.9853317422578384,0.2391910613141862,1.5053248711695264,0.0002822930845843508
2,0,1,RF-R,3,X2,0.01312118,0.9861112520060712,0.35956017476665214,1.527111359953903,-0.001030408515215253
2,0,1,XGBoost-R,3,W1,0.056116443,0.9356638236909312,0.15079875946134283,1.6522125549211406,6.408538918756257e-07
2,0,1,XGBoost-R,3,W2,0.1042054268810472,0.8536491055551299,0.17282321412692137,1.6046638001847016,-0.013274678713305932
2,0,1,XGBoost-R,3,X1,0.003688837,0.9948550328513842,0.24553565930584842,1.60858719700974,0.0001590000973815897
2,0,1,XGBoost-R,3,X2,0.003624531,0.9945484519696124,0.3822353716128318,1.6207777979102649,-0.0002097132179771366
2,0,1,MLP-R,3,W1,0.051988523,0.951490362,0.1536120103910657,1.6502550762058097,2.5856414949110284e-05
2,0,1,MLP-R,3,W2,0.1015087187429832,0.892553186,0.1815277556753529,1.601311089728776,-0.00017700747671131056
2,0,1,MLP-R,3,X1,0.002022757,0.9981125986829656,0.24784797014580834,1.6116760712352658,2.0702047632936703e-06
2,0,1,MLP-R,3,X2,0.001881222,0.9980087292742444,0.3835540660544121,1.630273712854833,2.2094285636597988e-07
2,0,1,MLR,4,W1,0.050425393,0.9478542675725884,0.3270382903906038,1.624540117374199,-6.47900325007611e-05
2,0,1,MLR,4,W2,0.1056060277393646,0.9036675259706418,0.28057278461952245,1.3818806925432725,4.668078370311246e-05
2,0,1,MLR,4,X1,0.001894452,0.9980409162611524,0.4154751812475558,1.607025756236166,-2.070078004701159e-06
2,0,1,MLR,4,X2,0.001898372,0.9982683288362884,0.46986882794657286,1.3864858598937826,2.363083264378396e-06
2,0,1,SVR,4,W1,0.050412759,0.9478673328433298,0.3293458595272635,1.6265840198322639,-0.00014820454092018265
2,0,1,SVR,4,W2,0.1056405924724009,0.9036359964612112,0.2803194277360654,1.3753421322289057,4.1468566455771236e-05
2,0,1,SVR,4,X1,0.002263836,0.99765893,0.4146381028804146,1.6002826433807182,0.00036606679102325624
2,0,1,SVR,4,X2,0.001897065,0.9982695211416818,0.4697118826933523,1.3873211684238496,1.93125933269922e-06
2,0,1,RF-R,4,W1,0.05912046,0.9388625550272184,0.3134603427549784,1.5690097861915269,0.0028090268674077603
2,0,1,RF-R,4,W2,0.1235444005014627,0.8873043707111846,0.26603907087705686,1.3244265138270412,0.0005332193416552223
2,0,1,RF-R,4,X1,0.012638128,0.9869307033905792,0.39410490574622287,1.5082291438398994,0.0010046644424216654
2,0,1,RF-R,4,X2,0.018595941,0.9830370194972612,0.4338936880308545,1.2927568794172997,-0.0005812868215737011
2,0,1,XGBoost-R,4,W1,0.052867628,0.9344177503282964,0.3296045802056251,1.6253894118951422,0.0027801560849856745
2,0,1,XGBoost-R,4,W2,0.1096627922296709,0.8749575816443298,0.2834993194061135,1.3822012992174393,-0.003246952249159851
2,0,1,XGBoost-R,4,X1,0.003138303,0.9952455155523682,0.41377415813409735,1.601187973719289,2.1013989479912177e-05
2,0,1,XGBoost-R,4,X2,0.004137443,0.9944873870539488,0.4657482561790734,1.3873494403683653,-7.435727562579152e-05
2,0,1,MLP-R,4,W1,0.050554461,0.9477207963031644,0.32700864067727603,1.6245102846546302,-6.399314775453746e-05
2,0,1,MLP-R,4,W2,0.105594293,0.9036782300787872,0.2805323676722719,1.3829016487416095,7.067146367134569e-05
2,0,1,MLP-R,4,X1,0.001891842,0.9980436151011964,0.41562357470608546,1.6077378434999587,-8.562355734098581e-07
2,0,1,MLP-R,4,X2,0.001896631,0.9982699174204188,0.46970226343938365,1.3877069068759886,2.324010368448537e-06
2,0,1,MLR,5,W1,0.047757781,0.9523094833172304,0.35623110245966416,1.5503478362019867,-1.0405803279678327e-05
2,0,1,MLR,5,W2,0.087408434,0.9140805536273824,0.3208906764201343,1.4497541152083748,-3.090972327911557e-05
2,0,1,MLR,5,X1,0.001811494,0.998191057,0.43736363328058925,1.545196507640766,3.3275354804906954e-08
2,0,1,MLR,5,X2,0.001796099,0.9982344975936156,0.48981245843339877,1.474198058381094,1.4564974515351991e-08
2,0,1,SVR,5,W1,0.047636939,0.9524301551577324,0.3559301655283452,1.5574309484338735,0.0003541227782646428
2,0,1,SVR,5,W2,0.087256626,0.9142297758068534,0.32138756987614636,1.4367630347611584,-6.60098886662297e-06
2,0,1,SVR,5,X1,0.00181232,0.998190233,0.43757445825206825,1.5449128607938285,1.6663360680180262e-08
2,0,1,SVR,5,X2,0.00179692,0.9982336899746672,0.48948504111897045,1.4742681038358743,-3.775832931318668e-07
2,0,1,RF-R,5,W1,0.056103155,0.9439758636306468,0.34526988739812176,1.4705834986550326,0.001485115783523039
2,0,1,RF-R,5,W2,0.1052473662251648,0.8965455046412568,0.29979094129753237,1.3484565768220254,-0.0017062350651417368
2,0,1,RF-R,5,X1,0.014245283,0.9857747804431544,0.40996905976006026,1.4355800548028186,0.00041820760287654136
2,0,1,RF-R,5,X2,0.018468367,0.9818462385381486,0.4528036922182374,1.3560561470696655,-0.00022103325796811734
2,0,1,XGBoost-R,5,W1,0.050009484,0.94322131,0.35055780667787695,1.5537951362141456,0.001271661015281711
2,0,1,XGBoost-R,5,W2,0.091727075,0.8850925016958291,0.3140369294590083,1.4334018240237607,-0.0030368755951646897
2,0,1,XGBoost-R,5,X1,0.003316265,0.9948985515842558,0.4351737869256208,1.534465092621379,-0.00018111129381760406
2,0,1,XGBoost-R,5,X2,0.003487898,0.9951986815539684,0.4857007626588423,1.4618900424368753,-0.0002010122690848548
2,0,1,MLP-R,5,W1,0.047730583,0.952336642,0.3561751961828005,1.5502269774640396,3.765236384235537e-05
2,0,1,MLP-R,5,W2,0.087211247,0.914274382,0.3209533746907044,1.451397132909445,0.0002271801589718625
2,0,1,MLP-R,5,X1,0.001810399,0.9981921511275402,0.4370964097136197,1.5458081025213237,3.218367688795354e-07
2,0,1,MLP-R,5,X2,0.001796036,0.9982345593221362,0.4897390797019046,1.4742787005472,1.1689461620889574e-07
2,0,1,MLR,6,W1,0.047418862,0.9534278213601844,0.4027640433206505,1.4886378675205652,6.126045737750996e-05
2,0,1,MLR,6,W2,0.096049695,0.9011845890143576,0.3976863887922501,1.4305275986642276,-1.6386999988271532e-05
2,0,1,MLR,6,X1,0.00194139,0.998093274,0.49245531483038096,1.489019821041611,2.5471860360948283e-07
2,0,1,MLR,6,X2,0.00176458,0.9981846099007844,0.5922557613492756,1.4112813326944254,-1.099856179409553e-06
2,0,1,SVR,6,W1,0.047468718,0.9533788551645532,0.3988761090689737,1.4869410800929908,4.2901969506059515e-05
2,0,1,SVR,6,W2,0.096065811,0.9011680092007416,0.3972866581776175,1.4270697552554379,-1.0203939967468045e-05
2,0,1,SVR,6,X1,0.001947618,0.9980871579380924,0.4936937892898382,1.490719501049629,1.8657269252875252e-07
2,0,1,SVR,6,X2,0.001762104,0.9981871565225482,0.5924848683339048,1.4114844726308398,1.98070511919779e-06
2,0,1,RF-R,6,W1,0.055794878,0.945201362,0.3960113805486572,1.4309543909820575,0.0021594215124026706
2,0,1,RF-R,6,W2,0.1041132924667145,0.8928888034592876,0.3865318193896134,1.3647302037559859,0.003407751665984571
2,0,1,RF-R,6,X1,0.015795878,0.9844861636331174,0.46166942356406215,1.386441598321748,-0.00046683743591662273
2,0,1,RF-R,6,X2,0.011418212,0.9882530051537886,0.5599607494809644,1.317461163824428,0.0015803972866758498
2,0,1,XGBoost-R,6,W1,0.049510521,0.9397132970800312,0.40410491795717396,1.4820973978440812,-0.0014146117848088057
2,0,1,XGBoost-R,6,W2,0.096966394,0.8811377187073536,0.3963133639311822,1.4426334572917408,0.002708080284505354
2,0,1,XGBoost-R,6,X1,0.00326092,0.995075838,0.48854163714964577,1.4829519502111796,-9.337948419640973e-05
2,0,1,XGBoost-R,6,X2,0.00281879,0.995050403,0.5892465315263128,1.4127591116853202,5.10979338590456e-06
2,0,1,MLP-R,6,W1,0.047291372,0.9535530349003816,0.4032269099317743,1.4856914762089857,-4.137411233320343e-05
2,0,1,MLP-R,6,W2,0.095768695,0.9014736802022504,0.39809192833250473,1.4297189768752636,0.000617047970608986
2,0,1,MLP-R,6,X1,0.001942417,0.9980922660787444,0.49248830259884074,1.489056170237128,2.5633083855503003e-07
2,0,1,MLP-R,6,X2,0.001764955,0.9981842238701604,0.5923105527418315,1.4112397318256327,-1.2147735429568484e-06
2,0,1,MLR,7,W1,0.04974358,0.9511633388027598,0.22176516502171634,1.6344164189857182,3.812795556027426e-05
2,0,1,MLR,7,W2,0.1244351209507067,0.8901440193692933,0.19490861667416914,1.5435365848217713,0.0
2,0,1,MLR,7,X1,0.002017967,0.9980188244996934,0.32044641099822835,1.6235759908764849,2.939938570367673e-09
2,0,1,MLR,7,X2,0.001880619,0.9983397192311568,0.4136846519303129,1.512997082831348,0.0
2,0,1,SVR,7,W1,0.049700584,0.9512055510987478,0.22203424091083254,1.629091840848572,4.823142407884839e-05
2,0,1,SVR,7,W2,0.1241540240185061,0.8903921822585422,0.19356497586903734,1.554664640844758,-5.316219240030229e-05
2,0,1,SVR,7,X1,0.002015205,0.9980215361170608,0.3209869379590242,1.6227138175803346,1.1521700697292303e-06
2,0,1,SVR,7,X2,0.001881232,0.9983391776570704,0.41375193380774195,1.5138572204003282,-1.4008735591208855e-06
2,0,1,RF-R,7,W1,0.069952026,0.9313233311801128,0.2109625146308484,1.5323727847839157,-0.002383797811055244
2,0,1,RF-R,7,W2,0.1517587133776307,0.8660217296372605,0.17916584029597568,1.4599264688609177,-0.002311310096432839
2,0,1,RF-R,7,X1,0.020687617,0.9796895573544178,0.2994800810203012,1.4954534270014561,0.00010428228841393716
2,0,1,RF-R,7,X2,0.028783501,0.9745888484460687,0.37857623597637774,1.3751392276823968,-0.0003731205482365718
2,0,1,XGBoost-R,7,W1,0.05723297,0.93289001,0.22380891422749905,1.5968775307405,-0.0015854453310948035
2,0,1,XGBoost-R,7,W2,0.1287544954385929,0.8599563384340314,0.19106738236812532,1.5467691727814343,-0.0029628196645960503
2,0,1,XGBoost-R,7,X1,0.005509672,0.9935040530167362,0.3181646498721432,1.6038031125035193,0.00023472748741463212
2,0,1,XGBoost-R,7,X2,0.003509557,0.99440709,0.4086175543721854,1.5073780362526317,2.086120696350724e-05
2,0,1,MLP-R,7,W1,0.049714461,0.9511919269538852,0.22198937889097933,1.6343543248801047,6.475353966511888e-05
2,0,1,MLP-R,7,W2,0.1245715362107217,0.8900235868736486,0.19481961745580328,1.5435336131152062,-9.470859725874137e-05
2,0,1,MLP-R,7,X1,0.002017348,0.9980194317968166,0.32092880345890307,1.6237888795812594,-4.778001245320241e-07
2,0,1,MLP-R,7,X2,0.001886124,0.9983348590269489,0.41365410463715035,1.5129791618890231,-3.4166083037967533e-06
2,0,1,MLR,8,W1,0.056029931,0.9476281271305976,0.14297570668591852,1.668955701244024,4.837794118628391e-05
2,0,1,MLR,8,W2,0.1100323952163927,0.8874228641763151,0.13889275369225415,1.5970729193745883,0.0
2,0,1,MLR,8,X1,0.002297438,0.997852556,0.24514268071488296,1.687371338602358,-8.777506205426277e-07
2,0,1,MLR,8,X2,0.0021122,0.9978389504209596,0.3576851577405395,1.5783049876161084,-2.2885249457371693e-06
2,0,1,SVR,8,W1,0.056004487,0.9476519099302556,0.14232177587746606,1.669021864117859,0.00010124736488933416
2,0,1,SVR,8,W2,0.1101939949505722,0.8872575270936494,0.13900036701933244,1.5926094625485394,-0.00017342904588915075
2,0,1,SVR,8,X1,0.002939524,0.9972523900477834,0.24425771085660206,1.6765107825804069,0.0002678304094597017
2,0,1,SVR,8,X2,0.002120383,0.997830579,0.3530621765723182,1.576748526804437,1.7708555150153238e-06
2,0,1,RF-R,8,W1,0.071300962,0.9333541038944596,0.1334437677369042,1.5707914435175154,-0.00101070154438605
2,0,1,RF-R,8,W2,0.1270194956871114,0.8700428997287379,0.13405268932371378,1.537841135621691,-0.0005362226282451977
2,0,1,RF-R,8,X1,0.018049991,0.9831284491306368,0.2242579845395626,1.5677898271669488,-0.0021344731709251443
2,0,1,RF-R,8,X2,0.013200406,0.9864943053733356,0.3322497461727199,1.4906209859793056,6.788175081825498e-05
2,0,1,XGBoost-R,8,W1,0.058409507,0.9310187375392758,0.1377710761704624,1.6584313550146301,-0.0014534195149147999
2,0,1,XGBoost-R,8,W2,0.1157544991014036,0.8542142153732059,0.13135643120705826,1.6046229858911185,-0.0019291962847648558
2,0,1,XGBoost-R,8,X1,0.004246749,0.9940872439199524,0.24273354570132422,1.6733642591321451,-6.174031512887757e-05
2,0,1,XGBoost-R,8,X2,0.003505228,0.994210885,0.3517446647620854,1.5803453940215653,-3.339462299174478e-05
2,0,1,MLP-R,8,W1,0.056011404,0.9476454446270312,0.14307725644674885,1.6638193788761075,9.955568413941852e-05
2,0,1,MLP-R,8,W2,0.1102911522984985,0.8871581227688389,0.13871506704510886,1.5978478798804663,-0.00022252938448102944
2,0,1,MLP-R,8,X1,0.002299646,0.9978504921171988,0.24513073447256054,1.6873112074964465,-7.733126738962426e-07
2,0,1,MLP-R,8,X2,0.002104816,0.9978465055863794,0.3567793746944875,1.578465034462368,2.380822285541484e-06
2,0,1,MLR,9,W1,0.048692778,0.948849562,0.5770332351047114,1.4603820371379739,-1.1529293306711263e-05
2,0,1,MLR,9,W2,0.098605804,0.9004594578550336,0.4779124770114155,1.3800974644166633,-1.5144357613405823e-06
2,0,1,MLR,9,X1,0.001806898,0.998101903,0.6837079652102562,1.4671366151129142,0.0
2,0,1,MLR,9,X2,0.001740507,0.9982429933325118,0.6746403713977852,1.3415099767405017,0.0
2,0,1,SVR,9,W1,0.048671318,0.9488721056885584,0.5845538639755683,1.4658052745946928,-8.605376183989932e-06
2,0,1,SVR,9,W2,0.098407917,0.9006592204390216,0.48606034553809013,1.3933992850057912,6.226758940405252e-05
2,0,1,SVR,9,X1,0.001808232,0.998100502,0.683857114693032,1.4668726143755575,-8.771483570590987e-08
2,0,1,SVR,9,X2,0.001742701,0.998240779,0.6749168941502948,1.3421245566456246,-2.238232852336264e-06
2,0,1,RF-R,9,W1,0.063603694,0.9331860507364128,0.5525607093163982,1.3927582098864686,-0.002361902276124428
2,0,1,RF-R,9,W2,0.1129140488481225,0.8860155771465876,0.45165281634353444,1.3094921319683344,-0.0022262873264608405
2,0,1,RF-R,9,X1,0.015265774,0.9839637194903016,0.6464425450816248,1.3593095571388267,-0.0012008686658975143
2,0,1,RF-R,9,X2,0.013136969,0.9867384985244084,0.6361926582630334,1.26661138146742,-0.00017926314657443765
2,0,1,XGBoost-R,9,W1,0.052554948,0.932145367,0.5712875938263091,1.4514813516604135,-0.0002864081584060596
2,0,1,XGBoost-R,9,W2,0.1017318796468786,0.8700770657563056,0.47069573353620775,1.369059326495739,-0.00084765066569652
2,0,1,XGBoost-R,9,X1,0.00307394,0.9952180439974048,0.6796324157411497,1.4651084374760162,-0.00013489253845492267
2,0,1,XGBoost-R,9,X2,0.00290525,0.994739623,0.6693701169416277,1.3368120607772076,-0.0003363386885445574
2,0,1,MLP-R,9,W1,0.048603211,0.9489436499858716,0.584352410821699,1.4476822735923873,-1.7437115343521548e-06
2,0,1,MLP-R,9,W2,0.098540841,0.9005250366592822,0.4785520839511895,1.385272248658465,-1.5313290815521798e-05
2,0,1,MLP-R,9,X1,0.001802719,0.9981062930063004,0.6859394723034357,1.4715956422739074,5.506166930180356e-08
2,0,1,MLP-R,9,X2,0.001741304,0.9982421887824094,0.674572376489013,1.3416188790247445,-2.8710263079156916e-07
2,0,1,MLR,10,W1,0.050778916,0.9537852652663752,0.24687327652626925,1.6412497546668952,6.860070340246605e-05
2,0,1,MLR,10,W2,0.1081600085881937,0.8943593855531465,0.24033893639322104,1.5846826783293817,0.0
2,0,1,MLR,10,X1,0.001963257,0.9982132068273928,0.3318374037454664,1.6398571342030077,-1.185588718866093e-07
2,0,1,MLR,10,X2,0.002016152,0.9980308111328676,0.4590524374098949,1.5662972347275632,3.2352880117936245e-06
2,0,1,SVR,10,W1,0.05074295,0.9538179987456668,0.24456773084998176,1.6421088286898662,9.180916764411906e-05
2,0,1,SVR,10,W2,0.1081426196153837,0.8943763694809053,0.23953388130709669,1.5803908603680454,-1.2564432960715521e-07
2,0,1,SVR,10,X1,0.001962879,0.9982135515899212,0.33142692566249465,1.6391115609816087,-3.340249383754213e-08
2,0,1,SVR,10,X2,0.002016018,0.9980309419296788,0.45914358328600635,1.564804157634774,4.310606406721096e-06
2,0,1,RF-R,10,W1,0.065158636,0.9406980432820768,0.23901927527372008,1.5611861898997377,0.0025203259872521367
2,0,1,RF-R,10,W2,0.1247724616920965,0.8781338898614109,0.22601194685366433,1.509958339776079,-0.0027297485999357553
2,0,1,RF-R,10,X1,0.017687706,0.9839021248877796,0.31168309188074794,1.5257253583097914,0.00029098747370108756
2,0,1,RF-R,10,X2,0.016049757,0.9843240934725148,0.4219101733730504,1.4701343809968948,-0.0005875166022918377
2,0,1,XGBoost-R,10,W1,0.052835864,0.9385611963320218,0.24330645449613647,1.634645669751011,0.00045546565457065257
2,0,1,XGBoost-R,10,W2,0.11146254,0.8643386901626403,0.2381721812656093,1.572631644700041,-0.004903387504721235
2,0,1,XGBoost-R,10,X1,0.003815473,0.993702524,0.32693872794972106,1.6279734833257344,-9.063593861292629e-05
2,0,1,XGBoost-R,10,X2,0.003720911,0.9949266810221788,0.4513014999276871,1.5659281804888514,0.00029417696730862366
2,0,1,MLP-R,10,W1,0.050758336,0.9538039957916992,0.2455750327621969,1.6393919556677172,9.633671546245281e-05
2,0,1,MLP-R,10,W2,0.1081217952427941,0.8943967087869441,0.24014675505718838,1.5839894372618089,-5.986505728636793e-05
2,0,1,MLP-R,10,X1,0.00196345,0.9982130318726652,0.3318760623615521,1.639840244927035,-1.2306605950973548e-07
2,0,1,MLP-R,10,X2,0.002016127,0.998030835,0.4591468793550842,1.5662470531288055,3.228850540648587e-06
2,0,2,MLR,1,W1,0.1524799450097146,0.8443308071645683,0.5195144306419157,1.110746269075678,0.00014966999610317445
2,0,2,MLR,1,W2,0.297744977,0.7161747695544837,0.4051456718728804,0.8963060229576751,4.865051144337107e-05
2,0,2,MLR,1,X1,0.001399217,0.9985715176228428,0.8320447203420441,1.091536103498568,0.0
2,0,2,MLR,1,X2,0.001281828,0.9987780981497364,0.9238747071383552,0.886223270174687,7.957389754897903e-07
2,0,2,SVR,1,W1,0.152509103,0.8443010388477584,0.517209239976968,1.1154425561341226,0.00029892470140442385
2,0,2,SVR,1,W2,0.2975764230858009,0.7163354436820214,0.3983982668113807,0.8910737226914914,1.2228110243384106e-05
2,0,2,SVR,1,X1,0.00139852,0.9985722284725744,0.8319533261565961,1.0911969468952043,2.5093505008344507e-07
2,0,2,SVR,1,X2,0.001281963,0.9987779692185672,0.9239781333820437,0.8856714320780421,1.1736020913533097e-06
2,0,2,RF-R,1,W1,0.1678995566042796,0.8285886812698555,0.4969726156503505,1.0447866132352057,-0.002625830907335558
2,0,2,RF-R,1,W2,0.3332629940252575,0.6823172401997777,0.3763685377686475,0.8223268707991671,-0.007424188012202159
2,0,2,RF-R,1,X1,0.01199567,0.9877534304767652,0.7832597904471639,1.0246233422623063,-8.9381279399392e-06
2,0,2,RF-R,1,X2,0.019069201,0.9818222953078378,0.8672240113136229,0.811031163303034,-0.0005176122872485367
2,0,2,XGBoost-R,1,W1,0.1556843493252224,0.788958182,0.5098783304065014,1.0997412705873884,-0.01659380460057456
2,0,2,XGBoost-R,1,W2,0.309957331,0.6371768819495398,0.39750095477854597,0.8578684516058462,-0.005580700721999565
2,0,2,XGBoost-R,1,X1,0.003104562,0.9950494568912236,0.8277538748319287,1.0828431001505465,-0.00015817262377176844
2,0,2,XGBoost-R,1,X2,0.003088184,0.9946142143030012,0.918274769063393,0.8748960641020608,-8.72302707425332e-05
2,0,2,MLP-R,1,W1,0.1523352086171624,0.844478571,0.5197360437105744,1.1107774098929244,0.00025428614302573925
2,0,2,MLP-R,1,W2,0.2971864845309137,0.7167071523880282,0.39861800278120085,0.8992631926572612,0.0001164195638620802
2,0,2,MLP-R,1,X1,0.001398819,0.9985719230566408,0.8318262719849429,1.0913366454451354,1.2565139436038208e-06
2,0,2,MLP-R,1,X2,0.001281006,0.9987788821720828,0.9241177683047983,0.8857236463327256,1.6204090339200229e-06
2,0,2,MLR,2,W1,0.1079814003241689,0.8844104431127857,0.9005227398842741,0.9361008462600177,2.294994820635221e-05
2,0,2,MLR,2,W2,0.218827685,0.7619336685939508,0.8748146801254437,0.7501496278569215,-5.254643971736028e-05
2,0,2,MLR,2,X1,0.001106514,0.9988155229567012,1.119338746872837,0.9561709427391939,0.0
2,0,2,MLR,2,X2,0.001020466,0.9988898176593408,1.2962345824352535,0.7872559670435126,3.817945314787963e-07
2,0,2,SVR,2,W1,0.1079238674545542,0.8844720296349575,0.8963020557096643,0.9340197274558966,2.507465581829127e-05
2,0,2,SVR,2,W2,0.218684022,0.7620899617195029,0.873327380495664,0.7488801503451727,2.125590840625913e-05
2,0,2,SVR,2,X1,0.005095583,0.9945453917647704,1.1184632938602563,0.9450122347777258,0.00016284026993419466
2,0,2,SVR,2,X2,0.00126933,0.9986190739988796,1.2951175676580542,0.7843916565814161,0.00016602766551421233
2,0,2,RF-R,2,W1,0.1200368182595687,0.8715056241989756,0.8590179656267107,0.881032506938908,0.0012461748886619106
2,0,2,RF-R,2,W2,0.2258989000505738,0.7542407742378615,0.8332780102277957,0.7219607042361283,0.003944113441001718
2,0,2,RF-R,2,X1,0.01232842,0.9868029436732224,1.0666128799630867,0.8814983349334599,0.0006162393912473418
2,0,2,RF-R,2,X2,0.012436521,0.9864700988265372,1.2152478404048497,0.7309782620266739,-0.0007555648110701418
2,0,2,XGBoost-R,2,W1,0.1102003649180598,0.856384145,0.8943291746298201,0.9420608995131581,0.0021371940807501265
2,0,2,XGBoost-R,2,W2,0.2189582570668931,0.7115326738708376,0.8642252755649448,0.7474577388752225,0.007243435502346374
2,0,2,XGBoost-R,2,X1,0.002960954,0.9951985455309148,1.1234659243027387,0.9471602720888997,-0.00012197597498249113
2,0,2,XGBoost-R,2,X2,0.002179183,0.9959025397600088,1.295823324404497,0.7839793875437417,2.320052775331982e-05
2,0,2,MLP-R,2,W1,0.1078396467549444,0.8845621843590064,0.8910968798584168,0.9299489451794848,6.456594660764203e-06
2,0,2,MLP-R,2,W2,0.2188281674452493,0.7619331435688614,0.8748147511749718,0.7501497166115126,-5.2469442695279864e-05
2,0,2,MLP-R,2,X1,0.001106739,0.9988152820111544,1.1192835285407268,0.9561563633748744,-3.032620224829863e-07
2,0,2,MLP-R,2,X2,0.001020498,0.9988897824610314,1.2961750755215364,0.7872499277749754,6.187180564221073e-07
2,0,2,MLR,3,W1,0.086809613,0.9132414891974978,1.0803422312595525,0.7606877719276074,0.0
2,0,2,MLR,3,W2,0.1857686910686675,0.8118509250886918,0.8965296424857018,0.7266378923771398,3.14780630606637e-05
2,0,2,MLR,3,X1,0.000931426,0.9990691219844644,1.2477436369172572,0.7626314633098558,-4.311809820300994e-09
2,0,2,MLR,3,X2,0.000826708,0.9991626983874188,1.2288624919699602,0.6936324528521822,1.1717098141295069e-06
2,0,2,SVR,3,W1,0.086713309,0.913337736,1.0750878774302766,0.7649860082642725,1.0977956560498381e-05
2,0,2,SVR,3,W2,0.1854179710755737,0.8122061391017417,0.8882029154744732,0.7333478206702599,6.46274260915014e-05
2,0,2,SVR,3,X1,0.000932034,0.9990685141922252,1.2479241706604558,0.7617523634604826,-8.783943572510112e-11
2,0,2,SVR,3,X2,0.000825264,0.9991641614217543,1.2291646921659962,0.6922910767146341,9.515338317611644e-07
2,0,2,RF-R,3,W1,0.095447051,0.9046091354393104,1.031649583307668,0.7181143834689977,0.002069814683940252
2,0,2,RF-R,3,W2,0.2005897239326584,0.7968399799905256,0.8268261281060012,0.6710027974348742,-0.001993505095081305
2,0,2,RF-R,3,X1,0.011164733,0.9888418396071712,1.1735989415329358,0.6935193634601525,0.0013066366341849323
2,0,2,RF-R,3,X2,0.013435243,0.9863926023356238,1.1611696458875689,0.630899874945544,0.0004115781895103199
2,0,2,XGBoost-R,3,W1,0.088214388,0.8910442313962377,1.075781533615244,0.7628178828549654,0.0007171079109633216
2,0,2,XGBoost-R,3,W2,0.1881104772443664,0.7509686003016252,0.8960315166188076,0.7083845702498703,-0.010772704317198145
2,0,2,XGBoost-R,3,X1,0.001919278,0.9963296004651316,1.2410868551520178,0.7592328276858701,-9.226319039448149e-05
2,0,2,XGBoost-R,3,X2,0.001953851,0.9962293189624736,1.2237374526706515,0.6841047236731541,2.2554334667201915e-05
2,0,2,MLP-R,3,W1,0.086509358,0.913541567,1.0804641182423051,0.7597655580670296,0.00010399028468232041
2,0,2,MLP-R,3,W2,0.1858220369626984,0.8117968956365034,0.8964800022695611,0.726686155918388,3.1686674178665884e-05
2,0,2,MLP-R,3,X1,0.000925121,0.9990754238408446,1.245890299411747,0.76234300542312,-7.049267281011851e-09
2,0,2,MLP-R,3,X2,0.000826691,0.999162716,1.2289543475276834,0.6937289942673717,1.9886950483050114e-06
2,0,2,MLR,4,W1,0.1153236635298133,0.8844092388818078,0.846845859821574,0.915201226900787,0.00014411166708843125
2,0,2,MLR,4,W2,0.2339952035685408,0.7547437584668947,0.727873946932898,0.8601646667684173,0.0
2,0,2,MLR,4,X1,0.001132711,0.9988646657942816,1.0824057388939805,0.8977437686684882,2.076951088891832e-09
2,0,2,MLR,4,X2,0.000986872,0.9989656349504212,1.1488248078081527,0.8929659901783467,0.0
2,0,2,SVR,4,W1,0.1152157432455018,0.8845174091169689,0.8504923266766327,0.916726427367075,0.00025749513557552504
2,0,2,SVR,4,W2,0.2334961652172882,0.7552668130788804,0.7217174882177476,0.8619878846848069,0.0002465162876843285
2,0,2,SVR,4,X1,0.001695042,0.9983010321828012,1.0773149471035248,0.8962010678961096,0.0002337404644222385
2,0,2,SVR,4,X2,0.000991594,0.9989606856467814,1.1497077841744756,0.8933078012770694,-1.1438245826833616e-06
2,0,2,RF-R,4,W1,0.1261344379132853,0.8735734259964538,0.812551329788038,0.8926238212190206,0.0039998030872399285
2,0,2,RF-R,4,W2,0.2400618764852581,0.7483851264288284,0.6784789310753124,0.7926979898041713,0.001688134647207007
2,0,2,RF-R,4,X1,0.014763552,0.9852022547792608,1.0071423320012722,0.8322885817957468,0.0006424478373088349
2,0,2,RF-R,4,X2,0.012836781,0.9865454474601631,1.0760847827869784,0.8161008620637414,1.4883670358878387e-05
2,0,2,XGBoost-R,4,W1,0.1177481033605849,0.8526822083041059,0.8351365743476539,0.9062661513779331,0.00038344711158802005
2,0,2,XGBoost-R,4,W2,0.2311828673917642,0.6991617752361454,0.7323514296512009,0.8219813086669203,-0.00379954401915551
2,0,2,XGBoost-R,4,X1,0.00246961,0.9955446033328668,1.075697522238346,0.8974301580061932,0.0001367184069697047
2,0,2,XGBoost-R,4,X2,0.002258646,0.995731198,1.144339731797458,0.8915289954408697,-4.6450249565732626e-05
2,0,2,MLP-R,4,W1,0.1152094747860644,0.8845236920945923,0.8624456670363218,0.9214246092684732,9.164311636865597e-05
2,0,2,MLP-R,4,W2,0.2335302944948538,0.7552310413270911,0.7371571673183756,0.8384865492283883,-0.0006415371717965135
2,0,2,MLP-R,4,X1,0.001131278,0.9988661020020756,1.0808069267444673,0.8982931998825237,-7.185336627024696e-07
2,0,2,MLP-R,4,X2,0.000985998,0.9989665502929426,1.1484969306788468,0.8924066512534706,-6.120715486224171e-07
2,0,2,MLR,5,W1,0.1131185028957887,0.8828437635166037,0.9368214526642206,0.8502478060329974,0.0
2,0,2,MLR,5,W2,0.2085508467561141,0.7899467715764897,0.7780497008956534,0.7940398198400253,0.00019008979391227365
2,0,2,MLR,5,X1,0.000977164,0.998987957,1.196886775643975,0.8411448860642109,-6.513231276539244e-09
2,0,2,MLR,5,X2,0.000982319,0.9990106042088414,1.1841351412943546,0.7642402725833144,-1.094041949478708e-07
2,0,2,SVR,5,W1,0.1130097752820719,0.8829563721323367,0.9412001623452783,0.8476029259781142,3.803074988782962e-05
2,0,2,SVR,5,W2,0.208230574,0.7902693515441203,0.7748483516298952,0.7941850782850096,0.0003372075984632072
2,0,2,SVR,5,X1,0.001293004,0.9986608422402272,1.1961190103278025,0.8386885726371298,1.4587667268983751e-05
2,0,2,SVR,5,X2,0.000984583,0.9990083244700269,1.1849900310699064,0.7647916384123331,-2.4816889350187664e-07
2,0,2,RF-R,5,W1,0.1260756708252093,0.8694240930715949,0.9060850778304552,0.8188255448952109,-0.00023284163205617993
2,0,2,RF-R,5,W2,0.2259578861712651,0.7724143334045955,0.7344921469714564,0.7183752848954876,-0.0035871801410762073
2,0,2,RF-R,5,X1,0.010547712,0.9890757906576602,1.144694654574257,0.7775496041634327,0.00016534197962100316
2,0,2,RF-R,5,X2,0.013498756,0.986404,1.1333381695280773,0.6979854284562338,-8.169043007827392e-05
2,0,2,XGBoost-R,5,W1,0.1187019681777241,0.8528072123358033,0.9334520334030529,0.8657199840833165,0.0033205295277002334
2,0,2,XGBoost-R,5,W2,0.2178711969938473,0.7354058862026195,0.7834210585915508,0.7887885135015671,0.00405741207460073
2,0,2,XGBoost-R,5,X1,0.002914385,0.9958247158251228,1.198494812088966,0.8372601847606331,0.00013672437019832673
2,0,2,XGBoost-R,5,X2,0.002702348,0.9953191611070052,1.1790474911021647,0.7500238438938522,-6.903879617259356e-05
2,0,2,MLP-R,5,W1,0.1128627634788762,0.8831086314810739,0.9375968433495562,0.850381971643657,0.00013059632587040238
2,0,2,MLP-R,5,W2,0.2087039641184004,0.7897925511704056,0.7781281627961703,0.7938635705605439,0.0001923722320213539
2,0,2,MLP-R,5,X1,0.000978801,0.9989862610785312,1.1969428140062575,0.8411384497516099,-1.276287860951797e-08
2,0,2,MLP-R,5,X2,0.000979473,0.9990134706645684,1.1844321455970466,0.7642806906307655,-3.283494225403416e-08
2,0,2,MLR,6,W1,0.1519306255134596,0.8546159075688017,0.5621518250838371,1.0805728341781793,0.0001331494900881358
2,0,2,MLR,6,W2,0.3042840157601436,0.6872130134812839,0.43368904695315996,0.9401028517827186,1.8417416027771694e-05
2,0,2,MLR,6,X1,0.001390211,0.9986696916930604,0.8697470977019661,1.0601499527132603,5.386981709931682e-07
2,0,2,MLR,6,X2,0.001118346,0.9988504028044076,0.9872231283848466,0.9210136164062203,-7.47313084936696e-07
2,0,2,SVR,6,W1,0.1519424729935605,0.8546045705843309,0.5646722588913138,1.0757979262747086,0.00023550118592042814
2,0,2,SVR,6,W2,0.3029609759439977,0.6885730245752046,0.4234318407576686,0.9365619151278957,4.555649502224757e-06
2,0,2,SVR,6,X1,0.001777644,0.9982989530894828,0.8666848426086318,1.054173452123481,0.000773910305579839
2,0,2,SVR,6,X2,0.001117468,0.9988513048457704,0.9878258590717239,0.9213796377653114,1.9661692079897543e-06
2,0,2,RF-R,6,W1,0.1710588998511642,0.8363118507338893,0.5467302842912909,1.0045902195852545,-0.00017018415944496378
2,0,2,RF-R,6,W2,0.3158740552176898,0.6752990997434802,0.40767547345263233,0.8705040933135594,-0.001076737526581295
2,0,2,RF-R,6,X1,0.017059593,0.983675488,0.8076846193898628,0.9726926843171686,0.0005733662396522066
2,0,2,RF-R,6,X2,0.012739729,0.9869042691231552,0.9293326923144342,0.8637484565859845,-0.0005185600284761005
2,0,2,XGBoost-R,6,W1,0.1550938995086857,0.8236480632592675,0.5687094605787963,1.0819167508934378,0.0017758876609631046
2,0,2,XGBoost-R,6,W2,0.3070913601487041,0.6191277798619583,0.43952127485494386,0.917005711923035,-0.01176757325980573
2,0,2,XGBoost-R,6,X1,0.002766638,0.9957287764898284,0.8623166122023014,1.0541082659626708,-0.00011623304239751774
2,0,2,XGBoost-R,6,X2,0.002130159,0.9953189526640784,0.9827348069944508,0.9143538532890718,0.00013359149436887875
2,0,2,MLP-R,6,W1,0.1509775196962507,0.8555279450448373,0.5791380385950405,1.1346487439538406,0.0005350513543913138
2,0,2,MLP-R,6,W2,0.3043528046223682,0.6871423023699312,0.4346736002095824,0.935991545376932,-7.155539541687794e-05
2,0,2,MLP-R,6,X1,0.001382808,0.9986767756509056,0.8695427298096907,1.0602097818844851,1.8202285695267939e-06
2,0,2,MLP-R,6,X2,0.001118419,0.9988503277263712,0.9871947595471433,0.9210903004979448,-7.221561395098775e-07
2,0,2,MLR,7,W1,0.1777140158088183,0.810534309,0.4345486526740566,1.2292125441439077,0.0
2,0,2,MLR,7,W2,0.3190062177949478,0.6763264983674981,0.3489510438416424,1.0166474784596904,0.0
2,0,2,MLR,7,X1,0.001706615,0.998180531,0.7813800269796768,1.2997082615563895,0.0
2,0,2,MLR,7,X2,0.001467334,0.9985111974823044,0.9753249089951567,1.0472674895421599,2.2098690874994275e-07
2,0,2,SVR,7,W1,0.176640095,0.8116792447382819,0.43639035558182765,1.198190558902592,-6.0489285584830466e-05
2,0,2,SVR,7,W2,0.3190277609117558,0.6763046400598403,0.33696799549981205,1.0399090187555664,1.0811934094878683e-05
2,0,2,SVR,7,X1,0.001707379,0.9981797171999796,0.7811349019960809,1.2994059493390588,-7.500864015685948e-07
2,0,2,SVR,7,X2,0.002592639,0.9973694287746544,0.9713568096717445,1.035879144432328,0.00018046911899777252
2,0,2,RF-R,7,W1,0.1962244503259358,0.7907998369542574,0.39862347343638965,1.1342395890261698,-0.002781445064890464
2,0,2,RF-R,7,W2,0.3440949214306857,0.6508707294695415,0.307941751632783,0.9094519485460466,-0.0027661109033987664
2,0,2,RF-R,7,X1,0.013761748,0.9853282299768648,0.7294835376155382,1.2017434834202667,0.0015828814334790443
2,0,2,RF-R,7,X2,0.019922976,0.9797855366942164,0.8993376109679561,0.9536503090835765,-4.7101203508148615e-05
2,0,2,XGBoost-R,7,W1,0.183647854,0.7475157030354171,0.4265703019598428,1.2149764817674118,-0.01014490832559133
2,0,2,XGBoost-R,7,W2,0.3246306829482501,0.5905626457913373,0.33477680091180556,0.9859980946058393,-0.0014600607287356571
2,0,2,XGBoost-R,7,X1,0.003108512,0.9948365623193628,0.770957493124938,1.2872985988398395,1.3380248841543541e-05
2,0,2,XGBoost-R,7,X2,0.003677345,0.9947833488057556,0.9659409614695902,1.031774321174541,6.440362623978401e-05
2,0,2,MLP-R,7,W1,0.176217289,0.8121300091135001,0.43280523144990923,1.19613845699201,-4.3643265720705315e-05
2,0,2,MLP-R,7,W2,0.3189099014936917,0.6764242238435322,0.34629974460307766,1.0191388880531274,4.826324137752191e-06
2,0,2,MLP-R,7,X1,0.001708126,0.9981789212044412,0.7816613774309238,1.2998247305070314,-1.726562793213926e-06
2,0,2,MLP-R,7,X2,0.001466757,0.9985117834918018,0.9757362648437514,1.0476337573961796,4.999824027462906e-07
2,0,2,MLR,8,W1,0.1468706989861549,0.8535266681145617,0.5062056962626345,1.1772006640151857,-0.00034896945868948535
2,0,2,MLR,8,W2,0.2648821448457779,0.7413676262854858,0.41739840452074545,1.027981960503134,0.0
2,0,2,MLR,8,X1,0.001428833,0.998575033,0.7885826550651756,1.177595641131242,4.2751177999900134e-07
2,0,2,MLR,8,X2,0.001319032,0.9987120896871976,0.9253344777539942,1.00551065025136,2.268390215953708e-06
2,0,2,SVR,8,W1,0.1469014368179866,0.8534960134456971,0.5112328476395509,1.168557912085881,-0.0002967934112105941
2,0,2,SVR,8,W2,0.2646327000921449,0.7416111855060603,0.42403135473068454,1.0431587223032093,4.968602842706504e-05
2,0,2,SVR,8,X1,0.001429803,0.9985740650629028,0.7884061047848854,1.1780738767231724,-7.325940543090326e-09
2,0,2,SVR,8,X2,0.001500411,0.9985349901578924,0.9218565692324546,0.9865445325079824,1.342216935059648e-05
2,0,2,RF-R,8,W1,0.1603817223687636,0.8400521995807166,0.4771666077363276,1.1110363572437074,0.00028572465469904883
2,0,2,RF-R,8,W2,0.2837060426451002,0.7229878696082938,0.3980373676277407,0.9778319286165582,0.005183677091455197
2,0,2,RF-R,8,X1,0.015433889,0.9846078687033096,0.7302030754719638,1.0929371065618967,0.0002979407804710732
2,0,2,RF-R,8,X2,0.016441,0.9839469178781995,0.8651406037154714,0.914744751034221,0.0008086753158351723
2,0,2,XGBoost-R,8,W1,0.1487526923231569,0.8199873778750479,0.4935777022764295,1.1671998440054594,0.004947992499193377
2,0,2,XGBoost-R,8,W2,0.2717245297653982,0.687565707,0.4296977078757174,1.0418852211188745,0.01936084780520727
2,0,2,XGBoost-R,8,X1,0.002952333,0.9948582531099792,0.7837437875988866,1.1705289391722251,7.652559588553487e-05
2,0,2,XGBoost-R,8,X2,0.003749517,0.994496972,0.9212107723681026,0.9959417515702442,0.000177447259075858
2,0,2,MLP-R,8,W1,0.1464602601398579,0.853935996,0.5005228969664586,1.1699142377666456,0.000169369327643909
2,0,2,MLP-R,8,W2,0.2649387467286075,0.7413123598977818,0.4173778926141546,1.0279873232486652,-3.391871931068824e-06
2,0,2,MLP-R,8,X1,0.001431117,0.9985727546305072,0.7885261313496124,1.1775317663816676,4.22557638424248e-07
2,0,2,MLP-R,8,X2,0.001318065,0.9987130336954922,0.924480665056231,1.0049064705030153,4.906917404523536e-06
2,0,2,MLR,9,W1,0.1335216406982591,0.8691019214655765,0.6796530895002764,1.006655200576425,-0.00013240279393925692
2,0,2,MLR,9,W2,0.2856418652402161,0.707687785,0.5966435930909582,0.9190351810773454,0.0006820916122925458
2,0,2,MLR,9,X1,0.001327128,0.9986989487393524,0.946913082283551,1.0081453680488524,-3.4647072680860094e-07
2,0,2,MLR,9,X2,0.001180282,0.9987921561778909,1.210960223550792,0.94277322839196,0.0
2,0,2,SVR,9,W1,0.1334094760376543,0.8692118822065908,0.6834022934227979,1.0085351570452454,-0.00010611093977489495
2,0,2,SVR,9,W2,0.2847809394926134,0.7085688154708205,0.6083016726351955,0.9016019702647325,0.00014768564649474402
2,0,2,SVR,9,X1,0.001325765,0.9987002852268112,0.946577598449057,1.0095435139277178,9.83607873572545e-07
2,0,2,SVR,9,X2,0.001179198,0.9987932649236136,1.210259172303515,0.9423590063710939,-1.309003739069503e-07
2,0,2,RF-R,9,W1,0.144852738,0.8579934681987988,0.6523775616882437,0.973720590933063,0.0009179642557151979
2,0,2,RF-R,9,W2,0.3025801024934236,0.690354004,0.5353097092786493,0.826649818866105,0.0031419392178051566
2,0,2,RF-R,9,X1,0.011676684,0.988552751,0.8967874669356984,0.9555240265734325,0.0010806586828391751
2,0,2,RF-R,9,X2,0.015217276,0.9844273676981424,1.1218106303109574,0.8682760058964923,0.0005304990592662984
2,0,2,XGBoost-R,9,W1,0.1360783615300447,0.8392813006858311,0.6826606550380167,1.0193507149238836,-0.0013175638193748894
2,0,2,XGBoost-R,9,W2,0.2896664265932759,0.6417047629416022,0.5925424059411457,0.9203060239513512,-0.0010563915573520099
2,0,2,XGBoost-R,9,X1,0.002908058,0.9952898301672226,0.9422456718206925,1.0017395415722463,-0.000289891979291157
2,0,2,XGBoost-R,9,X2,0.003580869,0.9940442650439956,1.2006598914810749,0.9283449595184123,-9.493004480691792e-05
2,0,2,MLP-R,9,W1,0.1334487049349852,0.8691734241165257,0.6782455529125783,1.0075968619253255,-9.49274812569012e-05
2,0,2,MLP-R,9,W2,0.2857628053862265,0.7075640209050946,0.599562344590725,0.9202558128457874,0.00046366860484398087
2,0,2,MLP-R,9,X1,0.00132805,0.9986980445101542,0.9469429363572676,1.0081139431308996,-1.8938267711821056e-07
2,0,2,MLP-R,9,X2,0.001180106,0.9987923358444136,1.210824651862503,0.9426942517606106,-7.262482951686521e-08
2,0,2,MLR,10,W1,0.1239429968146646,0.8767492979823052,0.6834360085085179,0.9946893289970775,-3.2817179385946636e-05
2,0,2,MLR,10,W2,0.23763785,0.7479160009208663,0.6297066089987899,0.9400220190784818,-1.0339935947401013e-05
2,0,2,MLR,10,X1,0.001265314,0.9987417535826754,0.9007541802430865,0.9715847367680122,3.804087052028393e-07
2,0,2,MLR,10,X2,0.001169158,0.998759768,1.1364365567691546,0.920851689044748,3.861169481222948e-06
2,0,2,SVR,10,W1,0.1235928614946188,0.8770974775899143,0.6741186985350224,1.0072911004424672,5.481759524328389e-05
2,0,2,SVR,10,W2,0.2374120029515976,0.7481555773509765,0.6273443039381287,0.9399478755831632,0.00014231657319940805
2,0,2,SVR,10,X1,0.001266756,0.998740319,0.9003943726422005,0.9717162699621038,-4.748152179212539e-08
2,0,2,SVR,10,X2,0.001169012,0.9987599233786886,1.1370016951312858,0.9209934278979205,3.69952655114858e-06
2,0,2,RF-R,10,W1,0.1382168487681467,0.8625551739174016,0.6292004165696204,0.952260361948839,-0.00036423601184566446
2,0,2,RF-R,10,W2,0.2600113879273742,0.7241823620514625,0.5895747637272467,0.8831872560478551,0.006962145712312695
2,0,2,RF-R,10,X1,0.011493389,0.9885708084545264,0.8485115084833419,0.9190366885402484,-9.425726463119233e-05
2,0,2,RF-R,10,X2,0.015216405,0.9838585807575412,1.0636640225891454,0.8587574966305258,-0.0008606509605001645
2,0,2,XGBoost-R,10,W1,0.126635973,0.8415766309187744,0.6706473676327733,0.9876376400526767,-0.0015441250593957734
2,0,2,XGBoost-R,10,W2,0.2506351752469914,0.6621358916976119,0.6343645156721104,0.9301602419444267,-0.0042361768601179685
2,0,2,XGBoost-R,10,X1,0.002829331,0.9948424548925736,0.8967616976367185,0.9699089564832157,7.881878569887535e-05
2,0,2,XGBoost-R,10,X2,0.002804768,0.995355825,1.127128237635619,0.9199723148763654,2.9081468503611152e-05
2,0,2,MLP-R,10,W1,0.1239363373432765,0.8767559202566146,0.6765364249185705,0.9886598783617988,-3.8528629292555736e-05
2,0,2,MLP-R,10,W2,0.2379047287623597,0.7476328984392411,0.6317204918773321,0.9408000674909696,-8.089826115087462e-06
2,0,2,MLP-R,10,X1,0.001268529,0.9987385566705678,0.9009022961990061,0.9713890824252613,3.115303083722765e-07
2,0,2,MLP-R,10,X2,0.001164093,0.998765141,1.1379012952922594,0.9204612867294548,4.413467543828986e-06
2,1,0,MLR,1,W1,0.1420034114966251,0.8492445333351901,1.4064655972993065,0.34363051570300157,-7.684402448338013e-06
2,1,0,MLR,1,W2,0.3098576268540713,0.6961269368868847,1.2066742490549234,0.22932999639239574,-0.0005726874674231608
2,1,0,MLR,1,X1,0.001542396,0.998362542,1.7105794804289052,0.3337925014014559,0.0
2,1,0,MLR,1,X2,0.001397323,0.9986296647663432,1.8262365458286887,0.2738565955003112,4.79081253940139e-06
2,1,0,SVR,1,W1,0.1419180132314608,0.849335195,1.4092756966311875,0.34452290450674117,1.0571408909920699e-06
2,1,0,SVR,1,W2,0.3094549531489098,0.696521833,1.2094569689239458,0.22749744329899765,-0.0003909699513512388
2,1,0,SVR,1,X1,0.001543137,0.998361755,1.7104787357589093,0.3335677099090809,-1.1068704463990108e-06
2,1,0,SVR,1,X2,0.003839236,0.9962349146418624,1.8198756620013228,0.2716191767615915,-0.0007364093136534189
2,1,0,RF-R,1,W1,0.1590188409522603,0.8311803968397975,1.338383699290379,0.31454659601586343,-0.0002857356813095735
2,1,0,RF-R,1,W2,0.325414455,0.6808705715279344,1.1109690536069428,0.2070132437095514,-0.0003335911977783712
2,1,0,RF-R,1,X1,0.010035305,0.9893461914271476,1.63300889587611,0.30660285721011593,-0.00017227652875282385
2,1,0,RF-R,1,X2,0.012399009,0.9878404647437314,1.7293143092942593,0.24626099073142754,-0.0010810724983059904
2,1,0,XGBoost-R,1,W1,0.1482799638206079,0.8003497908982793,1.3902172071497874,0.3370811052110775,-0.0017938324667251316
2,1,0,XGBoost-R,1,W2,0.3181471104911837,0.6395261284993132,1.2121386774845722,0.23210190642388664,0.01644947442863611
2,1,0,XGBoost-R,1,X1,0.002762436,0.9957438089463156,1.707875502916491,0.3302923847328909,6.753966746591012e-05
2,1,0,XGBoost-R,1,X2,0.002609782,0.9963579648163632,1.827649454377939,0.2709810694357414,6.764082930617032e-05
2,1,0,MLP-R,1,W1,0.1417136203903027,0.8495521850529094,1.3994384737854504,0.341135904168146,-6.635308061996304e-05
2,1,0,MLP-R,1,W2,0.3077931156112543,0.6981515743358824,1.2067380659741374,0.21823905772345356,0.0012197983877823338
2,1,0,MLP-R,1,X1,0.001545534,0.99835921,1.7103198479980577,0.33378348409013175,-2.7892374740989823e-06
2,1,0,MLP-R,1,X2,0.00139611,0.9986308547723096,1.8256351593883953,0.2737386700334682,5.29635984468646e-06
2,1,0,MLR,2,W1,0.3605291449194914,0.6267866195613973,0.5215331102462073,0.7322153151447376,0.0
2,1,0,MLR,2,W2,0.5968257530482749,0.3804055333437525,0.3445780127087343,0.4794121469206158,-0.0019090239262570807
2,1,0,MLR,2,X1,0.003620139,0.9962524963852886,1.2394447776784436,0.730281380064009,3.411289425148123e-06
2,1,0,MLR,2,X2,0.002571282,0.9973306245576566,1.5334800110397055,0.5293311830011557,0.0
2,1,0,SVR,2,W1,0.3602383546867489,0.62708764,0.5146071832699113,0.7335780849231425,-1.0016399907286645e-05
2,1,0,SVR,2,W2,0.5934279289840245,0.3839329833207824,0.34031272060546874,0.47660985455214355,0.0005422232978337549
2,1,0,SVR,2,X1,0.003627648,0.9962447229197882,1.2399585150358903,0.7302853221553882,4.445173772738009e-06
2,1,0,SVR,2,X2,0.002572365,0.9973295000437068,1.5350217830978798,0.5296094145271195,8.666317802275003e-07
2,1,0,RF-R,2,W1,0.3764162096247507,0.6103406117768652,0.48455955123863664,0.6721734046339336,-0.00019368638163069773
2,1,0,RF-R,2,W2,0.6185456626582747,0.3578570160555898,0.3020921899047753,0.3870834664393731,0.0003007980675950872
2,1,0,RF-R,2,X1,0.018053652,0.9813111790997676,1.161082898671925,0.6732005763535188,0.00010070682615653803
2,1,0,RF-R,2,X2,0.021586889,0.9775895780338638,1.4170426606762228,0.4739344921255183,-0.0020293647581832498
2,1,0,XGBoost-R,2,W1,0.3667140218957723,0.5142948318199616,0.5346950110390083,0.7132609298758913,-0.0034207730310923945
2,1,0,XGBoost-R,2,W2,0.6096368184541469,0.2097837000527531,0.3335355230850377,0.4669815655596355,-0.0036958449999882404
2,1,0,XGBoost-R,2,X1,0.005306405,0.9895854205144587,1.2289655963472703,0.7237671241692145,-0.00027838911652098284
2,1,0,XGBoost-R,2,X2,0.004106761,0.9934372835488404,1.5253636586998447,0.5245396881335446,4.56581155262592e-06
2,1,0,MLP-R,2,W1,0.360977285,0.626322713,0.5183536319793532,0.7365945065888994,-1.534857993462646e-05
2,1,0,MLP-R,2,W2,0.5897711988923673,0.3877292165082315,0.344209197335907,0.47980422246803267,-0.0008128713545942801
2,1,0,MLP-R,2,X1,0.003618044,0.9962546652460624,1.2370133806964174,0.7320279515896871,2.1153115146221868e-05
2,1,0,MLP-R,2,X2,0.002575138,0.997326621,1.5334024641426331,0.5293312542871522,-2.0706109306378727e-06
2,1,0,MLR,3,W1,0.2091771847859136,0.7826500527418001,1.152607193512889,0.4743957863861768,-0.00010248399578135503
2,1,0,MLR,3,W2,0.3708959703762861,0.6197087179526253,0.8486673156785649,0.34361036346950075,0.0
2,1,0,MLR,3,X1,0.002128671,0.997788159,1.5394471736303397,0.4708466008992277,2.767549790194668e-06
2,1,0,MLR,3,X2,0.001667937,0.9982898116494364,1.6435787725104158,0.3576182513449214,6.047240288520329e-08
2,1,0,SVR,3,W1,0.2091263531469113,0.7827028704239365,1.1429971028214083,0.47564645417775553,-9.835058049874057e-05
2,1,0,SVR,3,W2,0.3715314638698745,0.6190571265234589,0.8446801620250988,0.3426459719006847,-0.00020760685259465505
2,1,0,SVR,3,X1,0.002141216,0.9977751240361392,1.5352773487119151,0.47091242278937184,-9.022574713157816e-06
2,1,0,SVR,3,X2,0.005559289,0.9942998860101566,1.6261121449368445,0.3569894639698311,-0.0026304227533648695
2,1,0,RF-R,3,W1,0.2163109271709037,0.7752375878847074,1.0926487577062378,0.4446861056462367,0.004950136208049771
2,1,0,RF-R,3,W2,0.3825240815874543,0.6077860504839054,0.7661759377279599,0.30446561036932995,7.632064617734136e-05
2,1,0,RF-R,3,X1,0.01081213,0.9887654295892676,1.4777529634613196,0.43783016877447156,-0.00030249629318697125
2,1,0,RF-R,3,X2,0.014483321,0.985149796,1.5380241264987415,0.3374111916656314,-0.0009244883837033147
2,1,0,XGBoost-R,3,W1,0.2116812815616568,0.7379721200012244,1.1529837773997695,0.4869026624096072,0.011642571119547284
2,1,0,XGBoost-R,3,W2,0.3753555251497527,0.5362973750972063,0.8566216582303328,0.363008800909616,0.01288922379808104
2,1,0,XGBoost-R,3,X1,0.003259287,0.9948559933750172,1.5352731715899597,0.46895615239403526,-6.777071657606548e-05
2,1,0,XGBoost-R,3,X2,0.002966543,0.9953435452623202,1.624884567141475,0.3563168136506075,0.0002631052341958262
2,1,0,MLP-R,3,W1,0.2081659900433582,0.7837007558774558,1.1230061674589042,0.47283430095370027,-4.9236169933919435e-05
2,1,0,MLP-R,3,W2,0.3702010586830186,0.6204212327272514,0.8419370089005437,0.319985972549075,3.741333952456127e-05
2,1,0,MLP-R,3,X1,0.002122544,0.9977945263638603,1.5372966954340435,0.46897337197052796,-2.8137417442897218e-06
2,1,0,MLP-R,3,X2,0.001667241,0.9982905256636344,1.6437579450515654,0.3575159881294225,5.660675999052955e-08
2,1,0,MLR,4,W1,0.182054001,0.8293848320217172,1.2495847950649286,0.3359696327617386,-0.0005212886531378968
2,1,0,MLR,4,W2,0.3177117460874794,0.679518384,1.0472234631030974,0.2800438720798222,0.0
2,1,0,MLR,4,X1,0.001846563,0.9982694605814928,1.6147573511491022,0.34373038909562803,-4.745473332035121e-06
2,1,0,MLR,4,X2,0.001538578,0.9984480080302398,1.7317715240329528,0.2767305439312227,0.0
2,1,0,SVR,4,W1,0.180549949,0.8307943814392355,1.2692511272577034,0.3330520976108332,0.0007655999122728185
2,1,0,SVR,4,W2,0.3177554763455671,0.6794742723822496,1.0584418496739247,0.27932766862834024,-8.936514288737651e-06
2,1,0,SVR,4,X1,0.002078888,0.9980517329548614,1.6118178318452177,0.34172914772805857,8.470324707163802e-05
2,1,0,SVR,4,X2,0.001598428,0.9983876366798506,1.7380574478811006,0.27911958988837127,1.3483808361325344e-05
2,1,0,RF-R,4,W1,0.1983118515294047,0.8141484965973882,1.1810287025942874,0.31454288695997334,0.002319484273197614
2,1,0,RF-R,4,W2,0.3361135000470479,0.6609562000197711,0.9790867466921312,0.26892911350630333,-0.0006077548933572929
2,1,0,RF-R,4,X1,0.011904704,0.9888432936689816,1.5407942988040915,0.3130106772992537,0.0002646692670693729
2,1,0,RF-R,4,X2,0.014408729,0.9854656529150168,1.631632850549431,0.25631711565057025,-0.0007486986529157691
2,1,0,XGBoost-R,4,W1,0.1885074141006284,0.7728286875778936,1.2582998478736407,0.3320027442847885,-0.005733579985564041
2,1,0,XGBoost-R,4,W2,0.3215233213535356,0.6120860428953594,1.0451356599004236,0.28745999875322986,0.00745437341244184
2,1,0,XGBoost-R,4,X1,0.003349443,0.9954525479765424,1.616819008732524,0.33861318384499933,-4.670859853792564e-05
2,1,0,XGBoost-R,4,X2,0.003550175,0.9945099142569104,1.7118191342523672,0.275566646340669,-0.000618594435227482
2,1,0,MLP-R,4,W1,0.1817876635683388,0.8296344352913552,1.2499538604242653,0.3351363481460217,-0.0005553248615166595
2,1,0,MLP-R,4,W2,0.3177932963079464,0.6794361226984124,1.0474416146614864,0.28011431729998015,-5.203771669262114e-05
2,1,0,MLP-R,4,X1,0.001835112,0.9982801919855396,1.6164364769239932,0.34308284281069124,5.333791769679408e-06
2,1,0,MLP-R,4,X2,0.001539981,0.9984465930669364,1.7317976432463666,0.2767285497415449,-1.0043063909059847e-06
2,1,0,MLR,5,W1,0.2462663818478096,0.7478882919726699,1.0802131153046397,0.449948640571458,0.0005301332771504242
2,1,0,MLR,5,W2,0.4097228536012113,0.5748406556863221,0.7801354855615046,0.3563772059579386,0.0
2,1,0,MLR,5,X1,0.002374199,0.9975694475785444,1.5822355574939677,0.45996159292864336,4.020082658828805e-06
2,1,0,MLR,5,X2,0.00172488,0.998210135,1.6578591238879976,0.367407462977747,5.007436132387078e-06
2,1,0,SVR,5,W1,0.2462016567319355,0.747954553,1.080928609376317,0.4488739840450716,0.000793871677105884
2,1,0,SVR,5,W2,0.4100716935740269,0.5744786730124023,0.7707087139892583,0.35388731387855005,0.0003532079985527403
2,1,0,SVR,5,X1,0.002373374,0.9975702922176364,1.5801967946543936,0.45911778468955566,2.5054976355964875e-05
2,1,0,SVR,5,X2,0.001729959,0.998204864,1.659207855366935,0.367641744818199,4.4208331738571084e-06
2,1,0,RF-R,5,W1,0.2573777951012952,0.7365131405901927,1.021629060860167,0.41210680095543994,0.0010602066051232152
2,1,0,RF-R,5,W2,0.4201690726683316,0.5640008706704326,0.7606503511696039,0.3335322104810733,0.011501804528104087
2,1,0,RF-R,5,X1,0.013440096,0.986240892,1.4894683277803167,0.4238573761922587,0.0007325488393972179
2,1,0,RF-R,5,X2,0.012964674,0.9865468764990152,1.5558452982305901,0.33100123840262485,0.0005229198714351124
2,1,0,XGBoost-R,5,W1,0.2513751113856054,0.6816733428097763,1.0678302135555557,0.4414510973337659,0.0007975339758157895
2,1,0,XGBoost-R,5,W2,0.4168092034979098,0.4877410001578277,0.7792021971539932,0.35371624972033555,0.024779542411171928
2,1,0,XGBoost-R,5,X1,0.003604054,0.994186718,1.585611331926911,0.4559140772285402,7.771743861452185e-05
2,1,0,XGBoost-R,5,X2,0.002840472,0.9951375513983308,1.649598866464061,0.3617033377575892,3.726052198729235e-05
2,1,0,MLP-R,5,W1,0.2462170294781336,0.7479388157596394,1.081284070148713,0.45388511489441685,0.0006672694189418071
2,1,0,MLP-R,5,W2,0.4074347700683692,0.5772149437837708,0.782181727132526,0.35764962441852877,0.00033975585806295117
2,1,0,MLP-R,5,X1,0.002366838,0.9975769831222748,1.5822788859725108,0.4600962908840599,9.599365643075953e-06
2,1,0,MLP-R,5,X2,0.001727695,0.9982072133557768,1.6578857880228874,0.3673852293824781,4.995821317277383e-06
2,1,0,MLR,6,W1,0.3344838402143671,0.6702956309056399,0.7420831857171908,0.630319281552688,0.0002525457499260697
2,1,0,MLR,6,W2,0.5414336102869687,0.4912263641802923,0.525284841884179,0.4678486342677151,0.0
2,1,0,MLR,6,X1,0.003110667,0.9969337820881792,1.3834885771495002,0.6150604320434481,1.1286293170309491e-05
2,1,0,MLR,6,X2,0.002218406,0.9979154111044948,1.563059366735637,0.4256255854646513,-2.55569562890301e-07
2,1,0,SVR,6,W1,0.3343486539650078,0.6704288854659399,0.727812631521463,0.6353265274768743,0.00025895608426490524
2,1,0,SVR,6,W2,0.5408690284893215,0.4917568896749219,0.5325683997878503,0.4752778475545343,0.0002990555885994839
2,1,0,SVR,6,X1,0.003107851,0.9969365576585392,1.381258196663264,0.6164112693912146,7.65105924700471e-06
2,1,0,SVR,6,X2,0.005836825,0.9945152600670624,1.5486245268022942,0.4163614282023779,-0.0006751131252920817
2,1,0,RF-R,6,W1,0.3453777735568134,0.6595573620035449,0.7032747553735081,0.5940969961048691,0.003964520640441627
2,1,0,RF-R,6,W2,0.5549213342232581,0.4785522371670814,0.49585920493879526,0.422254771997174,0.0027306415800664174
2,1,0,RF-R,6,X1,0.016628433,0.9836091723548912,1.2855174357438364,0.5791088003193874,0.0009886231523319245
2,1,0,RF-R,6,X2,0.016675347,0.984330532,1.4632402008682204,0.3935224104766082,-0.0010647064278967555
2,1,0,XGBoost-R,6,W1,0.3388852899496302,0.6081184013675062,0.7465525146427868,0.6469711224930947,0.007068660222403755
2,1,0,XGBoost-R,6,W2,0.5461935948306893,0.3645318368416879,0.5086316593134965,0.4370969808648136,-0.005146437655361114
2,1,0,XGBoost-R,6,X1,0.004665464,0.9934615301151872,1.3812594381406886,0.6124986998152859,8.596972319573349e-05
2,1,0,XGBoost-R,6,X2,0.004128349,0.9942237445415968,1.5663012705705053,0.4187782073011131,-4.1240275464771156e-05
2,1,0,MLP-R,6,W1,0.3319472203487157,0.6727960047709387,0.7446312868834026,0.6364871683986961,0.003608416556844829
2,1,0,MLP-R,6,W2,0.538269484,0.4941996261138723,0.5289040573233965,0.46816290814877226,0.0014621224922263365
2,1,0,MLP-R,6,X1,0.003114707,0.9969297994553992,1.38347022605213,0.6150196873654136,1.1296363479751382e-05
2,1,0,MLP-R,6,X2,0.002214468,0.9979191111938084,1.5663658943043146,0.42485905005357294,2.9538383646943165e-06
2,1,0,MLR,7,W1,0.2910593753075662,0.6861132609702634,0.9046682473613809,0.6268362475993481,0.0
2,1,0,MLR,7,W2,0.443797878,0.550060275,0.6044123075417543,0.4562948737867732,0.00045779569617091507
2,1,0,MLR,7,X1,0.002989859,0.9967756509943424,1.492433175684742,0.6433193541377425,4.5345271898478146e-07
2,1,0,MLR,7,X2,0.002053573,0.9979180066069402,1.5039141920426433,0.45064825786443075,0.0
2,1,0,SVR,7,W1,0.2908895079215599,0.6862964508084355,0.8995441756557512,0.6110945698380281,-5.189921072730197e-05
2,1,0,SVR,7,W2,0.443792883,0.5500653394027814,0.6135279243490943,0.45928950160339443,0.0008544385375659491
2,1,0,SVR,7,X1,0.003227194,0.9965197017853532,1.4896035613310685,0.6412029107018757,0.0004706603955937472
2,1,0,SVR,7,X2,0.002059068,0.997912436,1.5043111932288276,0.45074130638476173,-5.452903836999923e-06
2,1,0,RF-R,7,W1,0.3058813290352372,0.6701288429568872,0.8254868499793748,0.5906678012896482,0.00270326645812029
2,1,0,RF-R,7,W2,0.4577823479658924,0.5358822697402402,0.5390403990509625,0.42552524172075695,0.00037469052829033347
2,1,0,RF-R,7,X1,0.01727631,0.9813687337827354,1.383486314420756,0.5864165799089675,0.00013595802645552935
2,1,0,RF-R,7,X2,0.011438377,0.9884033238716676,1.4323006447269744,0.4104713407016688,-0.00018317097102418244
2,1,0,XGBoost-R,7,W1,0.297360158,0.6198526436775231,0.9049404422921157,0.631793962511342,0.0075235368510534915
2,1,0,XGBoost-R,7,W2,0.4467663156572316,0.4380793056530508,0.5895659067954468,0.46924690359116833,0.009640899116391521
2,1,0,XGBoost-R,7,X1,0.004317373,0.9922109494324516,1.4841681511373324,0.640109680732131,5.6093413798752325e-06
2,1,0,XGBoost-R,7,X2,0.003368507,0.9945827494005556,1.4995458392027134,0.44478465093451874,-0.0002107527587633218
2,1,0,MLP-R,7,W1,0.2908610986576342,0.6863270881696353,0.8990605117136792,0.6273915331057354,3.1660887448725636e-05
2,1,0,MLP-R,7,W2,0.4423244081938348,0.5515541364108921,0.6044488681902378,0.45787128769858904,0.0018634778714542223
2,1,0,MLP-R,7,X1,0.002989684,0.9967758389164196,1.4922921129458089,0.643367489931663,3.609520868752547e-07
2,1,0,MLP-R,7,X2,0.002058682,0.997912827,1.504038039215157,0.45060740364821655,-6.153142152287572e-06
2,1,0,MLR,8,W1,0.36488322,0.635033062,0.560156283796477,0.696807206331888,-0.00011101320611239807
2,1,0,MLR,8,W2,0.5230408983300215,0.4561468730689162,0.4023439839696715,0.5195299421163306,0.0
2,1,0,MLR,8,X1,0.003162952,0.9968363218444534,1.2824026565593976,0.6473751994244525,1.8385940702803083e-06
2,1,0,MLR,8,X2,0.002309687,0.997598408,1.441973990407544,0.5304647248481588,-2.5991495096189254e-06
2,1,0,SVR,8,W1,0.3645256736311927,0.6353906903936066,0.5450633925207355,0.7000179563046343,-0.00011519940015918273
2,1,0,SVR,8,W2,0.5227674878507103,0.4564311627766312,0.38233447125761094,0.5298576167458069,-0.0001761859857623782
2,1,0,SVR,8,X1,0.00389935,0.9960997557056496,1.2817240047034815,0.6432609854598892,-0.00023696063812314038
2,1,0,SVR,8,X2,0.002311415,0.9975966118065596,1.4411133703501355,0.5305678912421776,-3.383557236202872e-06
2,1,0,RF-R,8,W1,0.377791978,0.6221213419017666,0.5121174407861784,0.6302054922875522,0.002655476732226547
2,1,0,RF-R,8,W2,0.5445801388306754,0.4337505684292551,0.3581952513190845,0.44767181281828916,-0.0011617565641126927
2,1,0,RF-R,8,X1,0.012982256,0.9870147655391164,1.216306958579774,0.6089070226162522,-0.00032726450281405083
2,1,0,RF-R,8,X2,0.015333744,0.9840561133790116,1.3391479215286137,0.48244772516580436,0.00017400548918653503
2,1,0,XGBoost-R,8,W1,0.367801572,0.5514443998002299,0.5529733696948507,0.6970293447345928,-0.0028992399529712554
2,1,0,XGBoost-R,8,W2,0.5377484542105535,0.2986300736696804,0.39363549950872545,0.5282891477032572,0.02283205196441155
2,1,0,XGBoost-R,8,X1,0.004337768,0.993145967,1.2786478153147847,0.6417381464272026,-2.1401117570285512e-05
2,1,0,XGBoost-R,8,X2,0.003448697,0.9948961911851364,1.4357786703583786,0.5239387645161431,0.000230428161298879
2,1,0,MLP-R,8,W1,0.3647614210512228,0.6351548888842028,0.5566317440792232,0.6987337205691058,0.0024956958722708532
2,1,0,MLP-R,8,W2,0.5218928983935192,0.4573405528694384,0.37017157104081216,0.5217040112746241,-1.7900974096074494e-05
2,1,0,MLP-R,8,X1,0.00315226,0.996847017,1.2832700029447381,0.6480744139843687,1.1049989823230799e-05
2,1,0,MLP-R,8,X2,0.002309568,0.9975985321307576,1.4415823875495355,0.5302185853131172,-3.3895554108043234e-06
2,1,0,MLR,9,W1,0.1797865192323746,0.8079861524670064,1.3071375400883067,0.3949748608356039,2.0551168220683812e-05
2,1,0,MLR,9,W2,0.321583699,0.6611421580374413,1.0581961340190262,0.33441942310798267,0.0003433796748190665
2,1,0,MLR,9,X1,0.001718172,0.9981649744626028,1.6632226064816518,0.3847330448395398,1.798574121714136e-06
2,1,0,MLR,9,X2,0.0014759,0.9984448207829444,1.685278223216897,0.31977196969427046,-1.1795497410593825e-06
2,1,0,SVR,9,W1,0.1791948984566995,0.8086180095267174,1.3086795493202634,0.38973569268406927,9.064228701616273e-06
2,1,0,SVR,9,W2,0.3213198696798763,0.6614201590813977,1.0668009918535748,0.3150762243733395,5.152559354737463e-06
2,1,0,SVR,9,X1,0.001719761,0.9981632776263925,1.6634779872383205,0.3848347690597807,1.8628981569679404e-06
2,1,0,SVR,9,X2,0.001475615,0.998445121,1.6848820076080622,0.3197770068771467,-9.852643760299706e-07
2,1,0,RF-R,9,W1,0.1915176421139598,0.7954571928431533,1.2288838811554368,0.3658559228619122,0.002716538663524992
2,1,0,RF-R,9,W2,0.3294396864363033,0.6528641794327747,0.9938280635228411,0.3200735337222683,-0.0009502968607032591
2,1,0,RF-R,9,X1,0.012727766,0.9864066148391902,1.5927556666313893,0.3508125796179673,-0.0004994207912516702
2,1,0,RF-R,9,X2,0.010187556,0.9892652111627354,1.6051051919145878,0.2912248901531946,0.0004124756775523819
2,1,0,XGBoost-R,9,W1,0.1832232985801002,0.7653646972038444,1.2907756998107165,0.4035565728054621,0.007352094941972143
2,1,0,XGBoost-R,9,W2,0.3192686370697779,0.5805011920534272,1.0359208923126837,0.33316610561352317,-0.013318410147873683
2,1,0,XGBoost-R,9,X1,0.003027112,0.9954159664556136,1.6660031403618807,0.3806580074920021,-0.00010015670731504667
2,1,0,XGBoost-R,9,X2,0.00225131,0.9959200365995484,1.68024155836674,0.3172994050172969,0.00010209857487643026
2,1,0,MLP-R,9,W1,0.1788060736158762,0.809033278,1.3236703455654628,0.37092884798894055,1.7178430357356333e-05
2,1,0,MLP-R,9,W2,0.3211783022664612,0.661569331,1.0551587346428737,0.3278400334591399,0.00036242868830760333
2,1,0,MLP-R,9,X1,0.001718413,0.9981647169674036,1.6638605344175712,0.3846517532730382,7.521579345692863e-07
2,1,0,MLP-R,9,X2,0.001475692,0.9984450399489896,1.6854885139728488,0.31971332937247066,-1.1550839621898845e-06
2,1,0,MLR,10,W1,0.1674476727595896,0.8267395043584925,1.296095827313946,0.32025021759429995,0.0
2,1,0,MLR,10,W2,0.3378666942108574,0.6531958680500158,1.0002627500861836,0.31815549458670606,0.0003778442691638073
2,1,0,MLR,10,X1,0.001703314,0.9982375570430088,1.6428116106832509,0.31577521395625596,1.307390586569035e-07
2,1,0,MLR,10,X2,0.001347863,0.9986164824347236,1.685978136879492,0.2862785206609108,3.1929768607996677e-07
2,1,0,SVR,10,W1,0.1676481901454996,0.8265320261589155,1.2946093678429862,0.320394999404042,-0.000102148388143386
2,1,0,SVR,10,W2,0.3376187575430343,0.653450363,1.0055347540055388,0.3252384342712261,0.00019993377667045786
2,1,0,SVR,10,X1,0.001706109,0.9982346648924424,1.6436768353263527,0.3160106625208893,5.8105166023114665e-08
2,1,0,SVR,10,X2,0.001349346,0.9986149601359184,1.6850255594519195,0.2863639845089249,7.348810037943742e-07
2,1,0,RF-R,10,W1,0.1766268179018335,0.8172417119395207,1.2727621359494647,0.300601950687823,0.0019985895883037454
2,1,0,RF-R,10,W2,0.3472547879567997,0.6435594352260257,0.9490588583852458,0.2943029046766171,0.0024013109053114047
2,1,0,RF-R,10,X1,0.008956698,0.9907323770660202,1.5771522182198772,0.2992492020690655,0.0002960701561365964
2,1,0,RF-R,10,X2,0.014333125,0.9852877272969288,1.5746959907883245,0.2657474480060581,0.0005158700084724188
2,1,0,XGBoost-R,10,W1,0.1710653379460109,0.7849455032809899,1.283153965407499,0.3211801066132643,0.003529100000094476
2,1,0,XGBoost-R,10,W2,0.3365869934615428,0.59700639,0.9676611035262287,0.3292012616536032,0.003911024258175744
2,1,0,XGBoost-R,10,X1,0.00274977,0.9958860591584492,1.6374329072487726,0.314524340838347,3.90563285126877e-05
2,1,0,XGBoost-R,10,X2,0.002454438,0.9957402499941173,1.6770329327637274,0.2792354457544957,0.00010506248477208935
2,1,0,MLP-R,10,W1,0.167874452,0.8262979101627196,1.296480142183677,0.32078586169235307,-0.0001950937188157531
2,1,0,MLP-R,10,W2,0.3375355472444872,0.6535357747001465,1.0007988865158888,0.31965573022101956,0.002190771639132294
2,1,0,MLP-R,10,X1,0.00169928,0.9982417309549756,1.644124270371283,0.31555532835393424,-2.11680516448709e-09
2,1,0,MLP-R,10,X2,0.001347969,0.9986163737778424,1.6861668359935642,0.28626871423680933,3.861797601256711e-07
2,1,1,MLR,1,W1,0.052457736,0.9478054412897244,0.2681776381429113,1.6586944265183488,-1.9025928655047597e-05
2,1,1,MLR,1,W2,0.1076218486973018,0.8907971065484412,0.28197065230633056,1.5418209792150406,0.00010101878935616648
2,1,1,MLR,1,X1,0.002172776,0.9978381249037984,0.37420229001508354,1.6609340980980776,2.448209369254606e-06
2,1,1,MLR,1,X2,0.001840012,0.9981329572191602,0.5097609128719343,1.5441256067984601,0.0
2,1,1,SVR,1,W1,0.05245279,0.9478103629075132,0.26842758815385215,1.654124187391241,-2.0034121231315983e-05
2,1,1,SVR,1,W2,0.1074259960187736,0.8909958364480333,0.2830515084773257,1.5410600642329588,8.157116306155565e-05
2,1,1,SVR,1,X1,0.002173829,0.9978370765983428,0.37413849848740294,1.6605052675792398,3.0339005247514983e-06
2,1,1,SVR,1,X2,0.001847565,0.9981252930173988,0.5096876368700473,1.544501541398829,-3.6194696593550012e-06
2,1,1,RF-R,1,W1,0.062127089,0.9381845988821638,0.25144408697867027,1.5704359766396552,-0.0016952103292272147
2,1,1,RF-R,1,W2,0.1176734887599164,0.8805978004404554,0.26987301199474745,1.4930853352621902,0.0025774113202005956
2,1,1,RF-R,1,X1,0.01341712,0.9866501927768374,0.34514970259789557,1.5564406821313896,-0.0008414194063251946
2,1,1,RF-R,1,X2,0.015896485,0.9838699840550608,0.4608065050574567,1.446485484704747,0.00029491012130580254
2,1,1,XGBoost-R,1,W1,0.054023855,0.9366777935024968,0.272014810782866,1.6566172485198833,0.0013323401154323844
2,1,1,XGBoost-R,1,W2,0.1093003295225448,0.8657854982112146,0.28021586727442416,1.555819317431326,0.0010527532578085918
2,1,1,XGBoost-R,1,X1,0.003158001,0.9955185620693392,0.37213266946009294,1.6562908661474154,0.00013641644865665105
2,1,1,XGBoost-R,1,X2,0.003726651,0.9939343725828098,0.5046204996790398,1.535867088220099,-0.00010858899057961669
2,1,1,MLP-R,1,W1,0.052431029,0.9478320139717132,0.26799006749347976,1.656366701599838,-5.056168860749777e-05
2,1,1,MLP-R,1,W2,0.1073289227701214,0.8910943357746837,0.28478403652217826,1.5399100590827826,0.00010357675451843074
2,1,1,MLP-R,1,X1,0.002172935,0.9978379663855256,0.37415619289104796,1.6609234790069671,2.4132205553084595e-06
2,1,1,MLP-R,1,X2,0.001840181,0.9981327849268856,0.5092812671582294,1.5437470714929082,-1.6918490005624066e-07
2,1,1,MLR,2,W1,0.064821993,0.933390532,0.03923157592511863,1.8566438113312356,0.0
2,1,1,MLR,2,W2,0.130117581,0.8816652165890577,0.031634403834467736,1.6444449087617588,0.0
2,1,1,MLR,2,X1,0.002446442,0.997486097,0.16970843237673283,1.8941046290239236,0.0
2,1,1,MLR,2,X2,0.002273042,0.9979327929989624,0.2690187940049819,1.6662220390330145,-7.435593919435934e-06
2,1,1,SVR,2,W1,0.064929836,0.933279716,0.03871755152245998,1.854639675240826,-9.483928749061121e-05
2,1,1,SVR,2,W2,0.129917899,0.8818468161878343,0.029517263670676096,1.6537806589950743,0.0002546404240968081
2,1,1,SVR,2,X1,0.003216939,0.996694354,0.1607526754971657,1.8507979145706326,-1.1748072838990709e-05
2,1,1,SVR,2,X2,0.006489063,0.9940985544126476,0.26243447535034725,1.564977959944008,-3.426790468565866e-05
2,1,1,RF-R,2,W1,0.079707125,0.9180949415500818,0.035645582603849056,1.7647650606144771,-0.002257513311852899
2,1,1,RF-R,2,W2,0.1584247374151301,0.8559214144397758,0.0339919726764486,1.559331733152387,0.003593472105441797
2,1,1,RF-R,2,X1,0.013354389,0.9862773619400856,0.1528998076111827,1.7960250743240382,0.0017728641550573744
2,1,1,RF-R,2,X2,0.026644896,0.9757679324698316,0.24517048364258093,1.5207490714727325,-0.0004807510294675965
2,1,1,XGBoost-R,2,W1,0.067584348,0.9140027323828794,0.03479715396132769,1.85766129774772,0.0011450932019968162
2,1,1,XGBoost-R,2,W2,0.1379094210290499,0.8464482559670194,0.034108199848618945,1.6180144725025751,0.003528717030660722
2,1,1,XGBoost-R,2,X1,0.004362775,0.993700314,0.16847721558207374,1.8874525099237307,1.1036026732313964e-05
2,1,1,XGBoost-R,2,X2,0.005422299,0.9924555535509332,0.26604870513923706,1.6376863478857202,-6.682161174592638e-05
2,1,1,MLP-R,2,W1,0.064687157,0.933529087,0.039076645952771126,1.8501086758246266,-2.9870632994333236e-05
2,1,1,MLP-R,2,W2,0.1296278319350989,0.8821106161880005,0.032041023278991755,1.6503682364865793,0.0010759051602313053
2,1,1,MLP-R,2,X1,0.002441953,0.9974907098007976,0.16968366032996735,1.8959135216277374,-3.6586389712267575e-07
2,1,1,MLP-R,2,X2,0.002268713,0.9979367307261784,0.26901903493992985,1.6673480423654916,-5.920245841350979e-06
2,1,1,MLR,3,W1,0.062603555,0.9371031043654764,0.11272313774190965,1.7397705888339234,0.0
2,1,1,MLR,3,W2,0.1226171066249021,0.872973306,0.12257335517516235,1.6439982915224924,-0.00011800220865525457
2,1,1,MLR,3,X1,0.002203942,0.997785731,0.22764453634477594,1.6918851000505168,-6.47486024407673e-07
2,1,1,MLR,3,X2,0.002156846,0.9977655891519216,0.37532447611027675,1.6347283521711955,1.4396898744495346e-06
2,1,1,SVR,3,W1,0.062592781,0.9371139284070794,0.11133339865680844,1.7384804562003158,2.7556996629507503e-05
2,1,1,SVR,3,W2,0.122314794,0.8732864911366685,0.12321999804357983,1.650618111758492,0.00021589254900160614
2,1,1,SVR,3,X1,0.00220353,0.9977861447052072,0.2278696456151085,1.692293334431784,3.341441953019775e-07
2,1,1,SVR,3,X2,0.002200849,0.9977200036118375,0.3736460830005484,1.6414122715800423,1.50336635452053e-05
2,1,1,RF-R,3,W1,0.075076119,0.9245720969171312,0.10923901316089712,1.6626809815444463,-0.00025412340945604186
2,1,1,RF-R,3,W2,0.1327110758593467,0.8625163354020713,0.11417220247179764,1.5836310149994095,0.0032189544835661164
2,1,1,RF-R,3,X1,0.013737792,0.986197837,0.21150401805132385,1.5891116833554177,-0.0002337839949247633
2,1,1,RF-R,3,X2,0.012931798,0.986603146,0.3441608170643538,1.5288266393998797,0.0007334464419572528
2,1,1,XGBoost-R,3,W1,0.063934152,0.9227292746950768,0.1127061576502506,1.7629432353646695,-0.0015692929504619202
2,1,1,XGBoost-R,3,W2,0.1263875540894109,0.8452852229855194,0.12098026664407864,1.6511404771564244,0.004504125242597324
2,1,1,XGBoost-R,3,X1,0.003341576,0.9953823321350236,0.22467761778549927,1.703217206852329,0.00020505612835948207
2,1,1,XGBoost-R,3,X2,0.003005281,0.9951696522993374,0.3698987554531118,1.6337336023023934,5.011923675283247e-05
2,1,1,MLP-R,3,W1,0.062050411,0.93765884,0.11273427852114075,1.7801747299388526,-4.754519809995195e-05
2,1,1,MLP-R,3,W2,0.1226571728204057,0.8729317994042682,0.12255476314215438,1.6441125808883992,-0.0001156533675789273
2,1,1,MLP-R,3,X1,0.002209946,0.9977796989724276,0.22763301735433333,1.6918290151088384,-6.747169390308727e-07
2,1,1,MLP-R,3,X2,0.00215493,0.997767574,0.37553726525808606,1.6350623355507907,2.9372042334774306e-06
2,1,1,MLR,4,W1,0.057485169,0.9352155045401842,0.3059334671722909,1.6879283520434327,0.0001175487182884849
2,1,1,MLR,4,W2,0.1058370609875714,0.8937522502786084,0.2660606228907925,1.5419781738590248,4.922450180454563e-05
2,1,1,MLR,4,X1,0.002040161,0.9977007843436424,0.4291569040056268,1.706676037825795,2.780591529372156e-06
2,1,1,MLR,4,X2,0.001860441,0.99813234,0.46010697370798787,1.5340132841254084,1.3021252390665871e-06
2,1,1,SVR,4,W1,0.057323207,0.9353980324382256,0.3055740899544624,1.6813118256350599,0.0002080397392491662
2,1,1,SVR,4,W2,0.1055388953887235,0.8940515728753087,0.2598272636202912,1.5365945210191028,0.0003268915507212311
2,1,1,SVR,4,X1,0.005075285,0.9942802682372546,0.41064099248169195,1.6200272434005218,1.9325678208836904e-07
2,1,1,SVR,4,X2,0.002185869,0.9978056492132538,0.45586218640687043,1.5207754907720816,3.5866477113311036e-05
2,1,1,RF-R,4,W1,0.069202122,0.9220107615776812,0.29103518301602455,1.606820261036352,0.0011877894181949512
2,1,1,RF-R,4,W2,0.1191519908068522,0.8803856533814878,0.26158842789569314,1.4737931249850185,0.003806019321821974
2,1,1,RF-R,4,X1,0.014286567,0.98389936,0.39184490081885903,1.571647895832721,0.001485420824945738
2,1,1,RF-R,4,X2,0.016203853,0.9837332698239628,0.43056605779884183,1.4316440071603196,0.0007784708462814982
2,1,1,XGBoost-R,4,W1,0.060817776,0.91596929,0.30347117446759575,1.6747666449414478,-0.0018734700458330812
2,1,1,XGBoost-R,4,W2,0.1078773387602477,0.8706927715747164,0.26845064046868283,1.5454193846831412,0.002808835687783806
2,1,1,XGBoost-R,4,X1,0.004556901,0.9926994601006044,0.4221196784964702,1.6847846631440824,1.6988612872781415e-05
2,1,1,XGBoost-R,4,X2,0.003523673,0.9939546648547228,0.45543701882168863,1.531754921537913,-0.0003304411267537555
2,1,1,MLP-R,4,W1,0.057491468,0.9352084055761232,0.305934926535199,1.6878279417112072,0.00011866399502001857
2,1,1,MLP-R,4,W2,0.1059199875600655,0.8936690019189375,0.26600538067668206,1.542018148397469,5.3719747815339504e-05
2,1,1,MLP-R,4,X1,0.002039087,0.9977019950803012,0.4285936792500048,1.7066945884545333,4.387138259531742e-06
2,1,1,MLP-R,4,X2,0.001859128,0.998133658,0.4599910136525063,1.5338247232862585,2.7522605643537366e-06
2,1,1,MLR,5,W1,0.053011729,0.948399265,0.16898265736913828,1.7445839068312299,0.0001921696115513516
2,1,1,MLR,5,W2,0.1131766315241719,0.8849248949531029,0.15378166445504476,1.5914225294719735,3.9653404571826643e-05
2,1,1,MLR,5,X1,0.002095753,0.9979600290449772,0.2678740892532677,1.7447781657482686,6.275676010958353e-06
2,1,1,MLR,5,X2,0.002049346,0.9979162771644912,0.3888931017859987,1.590211728651592,-4.444249237811615e-06
2,1,1,SVR,5,W1,0.053016289,0.9483948264953744,0.1712951904695828,1.74009032359213,0.00021907858462067998
2,1,1,SVR,5,W2,0.1131481788783228,0.8849538248758781,0.15484047619670527,1.5963007842341104,4.432154514562025e-05
2,1,1,SVR,5,X1,0.002095965,0.9979598220857828,0.26769889129279323,1.745975675864928,5.09464972285878e-06
2,1,1,SVR,5,X2,0.002045258,0.997920434,0.38790301857855564,1.5903452575144619,-4.19873379474689e-06
2,1,1,RF-R,5,W1,0.061575145,0.9400637783882924,0.16683145013167602,1.6737220078523627,0.0029317602317282974
2,1,1,RF-R,5,W2,0.1269374597082387,0.8709332367151073,0.14694044020108032,1.5250802296496935,-0.0006168652393920393
2,1,1,RF-R,5,X1,0.014093508,0.9862816139052848,0.25138324580299903,1.63942138232292,0.00029807862366912905
2,1,1,RF-R,5,X2,0.013801956,0.985966524,0.361004314053591,1.4901025716575245,-0.0001193011484035611
2,1,1,XGBoost-R,5,W1,0.054624252,0.9362988391694316,0.17463677778745418,1.7467285749016686,0.0026528503097762333
2,1,1,XGBoost-R,5,W2,0.1159454801020074,0.8575918274658989,0.1527449427078973,1.586647077910115,0.0017345243006485545
2,1,1,XGBoost-R,5,X1,0.00354205,0.995039272,0.26438325685478553,1.7476133085034558,0.0006745485610950453
2,1,1,XGBoost-R,5,X2,0.003139343,0.995186795,0.3844707660161233,1.5821874945526868,0.00023538881691288483
2,1,1,MLP-R,5,W1,0.053019772,0.9483914361175176,0.1689856068479302,1.7445651557176851,0.00019275683777500996
2,1,1,MLP-R,5,W2,0.1131766763962665,0.8849248493283045,0.1537821253406355,1.5914380634944585,3.9494155213493085e-05
2,1,1,MLP-R,5,X1,0.002096313,0.9979594837521608,0.2678448342909573,1.744824613576272,6.266111125519114e-06
2,1,1,MLP-R,5,X2,0.002045899,0.9979197824226907,0.38639849163648926,1.5876321371362132,2.0214343686708602e-06
2,1,1,MLR,6,W1,0.05214848,0.95060498,0.3215394230175572,1.6064677485767636,3.363459679481817e-05
2,1,1,MLR,6,W2,0.0969397,0.908481558,0.29286461348856496,1.4987782725901675,0.00013280005791769245
2,1,1,MLR,6,X1,0.002076214,0.9980334110551956,0.41437197718337143,1.6279413010746062,0.0
2,1,1,MLR,6,X2,0.001882347,0.9982229212796332,0.4731517459787534,1.468073867746492,-1.5715993728626642e-09
2,1,1,SVR,6,W1,0.052143338,0.9506098500671692,0.32213818199632843,1.6054261879513745,9.469605495158185e-05
2,1,1,SVR,6,W2,0.096635107,0.908769118,0.29234498208125304,1.5220417524838243,0.0001965621535537254
2,1,1,SVR,6,X1,0.002070369,0.998038947,0.41607803754916556,1.6284072631237803,9.280891396956647e-07
2,1,1,SVR,6,X2,0.002584848,0.9975597071861958,0.4658728543133286,1.439148677588602,1.5300114162541954e-05
2,1,1,RF-R,6,W1,0.062041724,0.9412341030816852,0.310825634272589,1.5299584223774607,0.00011178274850716096
2,1,1,RF-R,6,W2,0.1164765328197491,0.8900373041613108,0.2825100325014358,1.4187566535039926,0.00132134288834026
2,1,1,RF-R,6,X1,0.016892118,0.9839997921341628,0.3821478949427767,1.511860287592197,0.0003813433955352719
2,1,1,RF-R,6,X2,0.02066592,0.980489801,0.4384858311078115,1.3428129405835427,0.0005896159568370973
2,1,1,XGBoost-R,6,W1,0.054294151,0.940395473,0.3178306326061466,1.6095860420818215,0.0014066765306552042
2,1,1,XGBoost-R,6,W2,0.1017160096285515,0.8862307066570887,0.293140841969572,1.4741837970341989,0.003851361675628806
2,1,1,XGBoost-R,6,X1,0.003739324,0.9943706587233548,0.41244011145245746,1.630535753276137,-0.0002837894710094213
2,1,1,XGBoost-R,6,X2,0.003339796,0.9944553486293352,0.4673864430279126,1.461972005818747,3.9348391602933576e-05
2,1,1,MLP-R,6,W1,0.052148258,0.9506051896692174,0.3213902415675419,1.6067049455190072,3.277997985484671e-05
2,1,1,MLP-R,6,W2,0.096940432,0.9084808677582336,0.29283141452736594,1.4988130696023148,0.00013203952595991497
2,1,1,MLP-R,6,X1,0.002078865,0.9980308996701428,0.41460124879279353,1.62732618491112,-1.5891990312155713e-06
2,1,1,MLP-R,6,X2,0.00188253,0.9982227490563864,0.47327596470433414,1.4681975265801288,3.712249729836969e-10
2,1,1,MLR,7,W1,0.035818912,0.9641396535088392,0.7682998572635797,1.1837265439426439,6.152188983138407e-05
2,1,1,MLR,7,W2,0.075844212,0.919665586,0.7471793506224131,1.188724956406124,4.365716332144221e-06
2,1,1,MLR,7,X1,0.001354522,0.9986439110199054,0.8308495362733442,1.176594986236471,1.3643572154053984e-06
2,1,1,MLR,7,X2,0.001330525,0.9985907035095976,0.8997794543974986,1.1587486079762672,0.0
2,1,1,SVR,7,W1,0.035750333,0.9642083119818838,0.768098730662045,1.1821388717883659,0.00016889970177740298
2,1,1,SVR,7,W2,0.075939648,0.9195645000845626,0.7405573645488582,1.2023466999429018,-0.0002097874822200918
2,1,1,SVR,7,X1,0.004184322,0.995810838,0.8373904160133583,1.176445303630977,0.0006106703311269501
2,1,1,SVR,7,X2,0.001331661,0.9985895004681185,0.9002063146522593,1.1594090041377934,2.0311231843206377e-06
2,1,1,RF-R,7,W1,0.042756429,0.9571941115315736,0.7527710937898443,1.1414467977526859,-0.0017229571825736478
2,1,1,RF-R,7,W2,0.086102241,0.9088002511505996,0.7215933120546021,1.1423834602070824,-0.002181684511393156
2,1,1,RF-R,7,X1,0.009168754,0.9908206394221428,0.8017241497335783,1.1137973355297486,-8.974677342215021e-05
2,1,1,RF-R,7,X2,0.009664699,0.989763123,0.857453191712213,1.0878264966132967,6.71784245896978e-05
2,1,1,XGBoost-R,7,W1,0.036667188,0.9553697299077466,0.7772973363849442,1.191900533850062,-0.0007310213617176097
2,1,1,XGBoost-R,7,W2,0.078381996,0.901930363,0.7417221470993913,1.2004528311436449,0.0012892958131644262
2,1,1,XGBoost-R,7,X1,0.002964948,0.994760771,0.8269771533596932,1.1783127440412913,-0.0008741586450098926
2,1,1,XGBoost-R,7,X2,0.002781117,0.995923252,0.8933395662367142,1.1601741501889493,-0.0002316373838520902
2,1,1,MLP-R,7,W1,0.035582474,0.9643763648656088,0.7682424862383764,1.1851827930550498,0.00047673873818202537
2,1,1,MLP-R,7,W2,0.075262973,0.9202812359909336,0.7460497638318742,1.201207321816667,0.00035965733299246904
2,1,1,MLP-R,7,X1,0.001354389,0.9986440445696464,0.8308517913721245,1.1764615859000773,1.5346281475037138e-06
2,1,1,MLP-R,7,X2,0.001334346,0.9985866563518094,0.8997748165987176,1.1587717388702263,2.2614562438683096e-06
2,1,1,MLR,8,W1,0.047741398,0.9539788418321916,0.36296445015489875,1.5240195504960878,0.0
2,1,1,MLR,8,W2,0.1062510454482068,0.8998274011353354,0.33054528783125037,1.3518825705620232,-0.00015170108912706536
2,1,1,MLR,8,X1,0.001897589,0.9981707862529976,0.4664711244870178,1.5331568648520166,0.0
2,1,1,MLR,8,X2,0.001786774,0.9983154446542442,0.5209672882950898,1.3401947171329063,6.88900043421814e-07
2,1,1,SVR,8,W1,0.047707398,0.9540116171346924,0.3707222544643715,1.5253933158817905,-6.365847600136032e-05
2,1,1,SVR,8,W2,0.1061084478275779,0.8999618409819277,0.3270072805334082,1.3623339174070512,-0.00012681352204318985
2,1,1,SVR,8,X1,0.00262641,0.9974682258156128,0.46624987394951195,1.5242693750706107,6.656714447642598e-05
2,1,1,SVR,8,X2,0.004976356,0.9953083330231712,0.5205069622711378,1.3214641061772403,-0.00016467334920551303
2,1,1,RF-R,8,W1,0.060748024,0.9414408766900408,0.3530761605340782,1.443144704569336,-0.0003296344066479384
2,1,1,RF-R,8,W2,0.1214041506098406,0.8855411800585711,0.32199431329001105,1.2718228050350933,-0.0008500506002951491
2,1,1,RF-R,8,X1,0.019109157,0.981579393,0.44333355636161703,1.411934359261181,-0.0010619986801883806
2,1,1,RF-R,8,X2,0.019130685,0.9819637494886052,0.4868655972687401,1.2430133147234943,-0.0004782335487864553
2,1,1,XGBoost-R,8,W1,0.050440977,0.9379835132133146,0.35916532665311574,1.5213104656010938,-0.002398828729240332
2,1,1,XGBoost-R,8,W2,0.1097722556758238,0.8703056407954081,0.31997365915340553,1.3270959050857,-0.007751326545752257
2,1,1,XGBoost-R,8,X1,0.003665801,0.994693453,0.4638936244810745,1.5206394365766198,-0.0004238346400966209
2,1,1,XGBoost-R,8,X2,0.004861954,0.9931869911219476,0.5178416755070193,1.31993443570478,-0.0002696565431048903
2,1,1,MLP-R,8,W1,0.047714894,0.9540043910812898,0.3653850632919212,1.5227848299653566,-0.00010048357128749075
2,1,1,MLP-R,8,W2,0.1058744162926053,0.9001824839598447,0.3337142694672649,1.3593658868154512,-8.237105659747446e-05
2,1,1,MLP-R,8,X1,0.00189888,0.9981695410058496,0.46645881194332955,1.533235152490466,-1.309833642582081e-06
2,1,1,MLP-R,8,X2,0.001785794,0.9983163687267562,0.5209301830352575,1.3396599186255715,8.868928871974547e-07
2,1,1,MLR,9,W1,0.056692144,0.9449111895941192,0.26683775855880765,1.6544678537256459,-2.858265502322377e-05
2,1,1,MLR,9,W2,0.1162526038018476,0.8800001832852243,0.24570789683126973,1.5426733206965189,-4.0450957013782316e-05
2,1,1,MLR,9,X1,0.002047698,0.9980102136096344,0.38831170539564674,1.6418581186868295,1.6276475455989648e-06
2,1,1,MLR,9,X2,0.0019897,0.997946165,0.48510665533653413,1.5440877550584813,7.49667490562711e-07
2,1,1,SVR,9,W1,0.056618114,0.9449831258643332,0.2681554794703939,1.656344097074319,-8.28249134615655e-06
2,1,1,SVR,9,W2,0.1161394893608448,0.8801169437855849,0.24398832175082247,1.556867209706796,1.5847008667735362e-05
2,1,1,SVR,9,X1,0.002044921,0.9980129123528058,0.3872851116871979,1.6419726920824598,3.8997646933602855e-06
2,1,1,SVR,9,X2,0.00201181,0.9979233425035778,0.4850422059072283,1.543268430484535,-9.98747375831055e-06
2,1,1,RF-R,9,W1,0.065474384,0.9363773235311196,0.2539731301258492,1.585522240148929,0.0010043023549295316
2,1,1,RF-R,9,W2,0.12547517,0.8704803431608126,0.23813334072945985,1.4736886614101288,-0.0014626162402709086
2,1,1,RF-R,9,X1,0.012401672,0.9879490646047732,0.3543649357515011,1.537872577723928,0.0011927481500962234
2,1,1,RF-R,9,X2,0.017331437,0.982109912,0.43038456202124403,1.438127417321727,0.0004899777379258841
2,1,1,XGBoost-R,9,W1,0.05912527,0.9319075010425344,0.2682218549559006,1.6657820455650225,0.0005383828866461049
2,1,1,XGBoost-R,9,W2,0.1159790284283649,0.8571556466101908,0.24939715078173647,1.5397454934902082,-0.0031030392330045784
2,1,1,XGBoost-R,9,X1,0.003084651,0.9953941521422764,0.385632667649157,1.642940830149156,-2.1494173600311585e-06
2,1,1,XGBoost-R,9,X2,0.004181904,0.9942264177154038,0.4763729201191588,1.5386506684657817,0.0002689724312927133
2,1,1,MLP-R,9,W1,0.05651497,0.9450833531070302,0.2704851242198155,1.6579983057342513,4.7515313286605745e-05
2,1,1,MLP-R,9,W2,0.1159752184101724,0.8802865097421965,0.24607789652397064,1.5429628931135722,0.0004073367147768181
2,1,1,MLP-R,9,X1,0.002045158,0.9980126824177272,0.38747694614487066,1.64216234571207,4.980633999007722e-07
2,1,1,MLP-R,9,X2,0.001988437,0.997947469,0.48529599167762383,1.5444011775506916,1.4318530741519453e-06
2,1,1,MLR,10,W1,0.049744055,0.9462608832346524,0.5371236703769868,1.4418672064437974,4.184073258078902e-05
2,1,1,MLR,10,W2,0.1006907019031406,0.899222036,0.4867891153775144,1.2671322591091392,4.033117464494751e-05
2,1,1,MLR,10,X1,0.001893751,0.9979541572434748,0.6451914280238576,1.4330113876297286,0.0
2,1,1,MLR,10,X2,0.001735612,0.9982628834741216,0.7033082196454574,1.2918039615341854,0.0
2,1,1,SVR,10,W1,0.049746401,0.946258348,0.5356644801710303,1.438991789877584,4.804612050524071e-06
2,1,1,SVR,10,W2,0.1003453233819257,0.8995677135458342,0.510962281156009,1.254551958277952,-1.825631055041299e-05
2,1,1,SVR,10,X1,0.001969068,0.997872792,0.6438554276510083,1.4226307128276736,-1.964760961691292e-05
2,1,1,SVR,10,X2,0.001735957,0.9982625383784832,0.7032745818349275,1.2912035821208185,-8.919508242888341e-07
2,1,1,RF-R,10,W1,0.05889728,0.9363725410027188,0.5180776911034809,1.3795381060235399,0.0015892911445919422
2,1,1,RF-R,10,W2,0.1093443029819528,0.8905609350879563,0.46641344691785697,1.219347026421388,0.0036336337516774562
2,1,1,RF-R,10,X1,0.014559517,0.9842711743662724,0.601137079093026,1.346745087108862,-0.0006810814753232863
2,1,1,RF-R,10,X2,0.015674173,0.9843122433991895,0.6489792862140369,1.2000631109334665,-9.83568275149116e-06
2,1,1,XGBoost-R,10,W1,0.0522053,0.9322960849202802,0.5379878308576356,1.4375230112898112,0.0018335146827365366
2,1,1,XGBoost-R,10,W2,0.1030046612637582,0.8765110922459411,0.48360766971024205,1.2716996073095264,0.001810465947503137
2,1,1,XGBoost-R,10,X1,0.00319908,0.9944805229467456,0.6422351512332805,1.4302027748636446,-3.464267732222748e-06
2,1,1,XGBoost-R,10,X2,0.003357169,0.9938933319898452,0.6962385015111768,1.2841542176077847,0.00015396011661673593
2,1,1,MLP-R,10,W1,0.049773074,0.9462295331744092,0.537109906048014,1.4418516956610627,4.18301809779531e-05
2,1,1,MLP-R,10,W2,0.1005667345711821,0.8993461104732234,0.49299491870115386,1.2517251909121192,-8.697282570276909e-05
2,1,1,MLP-R,10,X1,0.001893199,0.997954754,0.64450132308727,1.433211121178129,-3.305328053604395e-06
2,1,1,MLP-R,10,X2,0.001733459,0.998265039,0.7025324250780128,1.2909503745827144,-3.802510012418381e-08
2,1,2,MLR,1,W1,0.1390476095491176,0.8686300754707558,0.5895422613252222,1.1812115034236184,0.00010788754970658676
2,1,2,MLR,1,W2,0.2626398996813151,0.7375127615907691,0.5297577528011999,0.9149929948535244,1.9572462698402848e-05
2,1,2,MLR,1,X1,0.001350786,0.998723799,0.817990420382856,1.152652780058365,6.837278810567504e-07
2,1,2,MLR,1,X2,0.001184386,0.9988163021584344,1.0482975115787199,0.905030215836074,4.1304927366203615e-07
2,1,2,SVR,1,W1,0.1391305329468124,0.8685517307905977,0.5930330230329348,1.1876160348415445,0.00010792609242317175
2,1,2,SVR,1,W2,0.2627342634226128,0.7374184526990535,0.5283582392177768,0.9062628590531698,7.231464268775412e-06
2,1,2,SVR,1,X1,0.001350994,0.9987236027694572,0.8181173041450395,1.1526871929766735,7.362514963027422e-07
2,1,2,SVR,1,X2,0.001183968,0.9988167203377768,1.0477920073143878,0.9056732479074906,1.38347382727666e-07
2,1,2,RF-R,1,W1,0.1562143698204392,0.8524111990113333,0.5588119533209012,1.1106864372221315,0.001182956483596631
2,1,2,RF-R,1,W2,0.2767672650752975,0.7233936078263785,0.5097265546935675,0.8845159223061652,0.007711743024804996
2,1,2,RF-R,1,X1,0.017547411,0.9834214909152836,0.770826939869751,1.060018227195846,3.501081949652818e-05
2,1,2,RF-R,1,X2,0.014645607,0.9853629053802564,0.9755562834593791,0.8449645944994719,-0.0004817932799402458
2,1,2,XGBoost-R,1,W1,0.1449719660795018,0.8375306605399371,0.5936280248548241,1.1767675563434326,0.005322840628933489
2,1,2,XGBoost-R,1,W2,0.2647988848463276,0.685132982,0.5308242683964567,0.9264624054345948,0.002906750010986703
2,1,2,XGBoost-R,1,X1,0.003139218,0.9940620719583084,0.8045828571997671,1.1524982614384816,-0.0002847086175225444
2,1,2,XGBoost-R,1,X2,0.002827433,0.995472124,1.0431894468498555,0.9016297941748839,7.40906804491237e-05
2,1,2,MLP-R,1,W1,0.1389181343270775,0.8687524015589422,0.586171442302094,1.1823451874714201,9.963188287740455e-05
2,1,2,MLP-R,1,W2,0.2627341088807549,0.7374186071510829,0.5297828758779659,0.9149795221380499,2.3039350233655663e-05
2,1,2,MLP-R,1,X1,0.001349117,0.9987253764035866,0.818950217392844,1.1555742934581859,9.952503841281769e-07
2,1,2,MLP-R,1,X2,0.001184327,0.9988163614763362,1.048212810544746,0.9050369013614885,4.820680241768294e-07
2,1,2,MLR,2,W1,0.1447118780733071,0.8568112063555575,0.6411408936688401,1.070385256321491,-6.70659972038079e-05
2,1,2,MLR,2,W2,0.2559799760943587,0.7386302608122104,0.5315485483835036,0.9323074211441472,1.1455802644244617e-05
2,1,2,MLR,2,X1,0.001358155,0.998656139,0.9402661488040511,1.04666507526316,-3.8057312096162477e-07
2,1,2,MLR,2,X2,0.001172432,0.9988028817192988,1.0246632485739817,0.9047266762614908,-2.0080388197785125e-07
2,1,2,SVR,2,W1,0.1443018823439398,0.8572168869027876,0.6546254283980749,1.068606381300405,3.140161671226771e-05
2,1,2,SVR,2,W2,0.2555282530097172,0.7390914951111553,0.5261919254855821,0.9481855479530121,-2.564476461536236e-05
2,1,2,SVR,2,X1,0.001942837,0.9980776108363018,0.9500567541739711,1.0159600151188806,-1.2590769563836091e-06
2,1,2,SVR,2,X2,0.002515019,0.9974320267397928,1.0177606562584507,0.8922870208613585,0.0011579797025548233
2,1,2,RF-R,2,W1,0.1589816305893504,0.8426916421872179,0.6302730968368657,1.020459635635611,0.0022224031721838735
2,1,2,RF-R,2,W2,0.266800915,0.7275814826842573,0.5052181376838809,0.8854343751701785,-0.0017152474000811102
2,1,2,RF-R,2,X1,0.01554418,0.9846194215470848,0.8896523672078367,0.9808923994070788,-0.00014680896794827536
2,1,2,RF-R,2,X2,0.011303428,0.9884585732369696,0.9674953306124074,0.848446210726833,0.0008475815304277545
2,1,2,XGBoost-R,2,W1,0.145753039,0.8259760387777905,0.6320738467913511,1.0649991473278653,0.002393706888659175
2,1,2,XGBoost-R,2,W2,0.2563422521756758,0.6829094284614321,0.5479262684589022,0.9342073873561416,0.00411580498023143
2,1,2,XGBoost-R,2,X1,0.002360221,0.9959064378368324,0.9342103230437822,1.0469989729586762,0.00012941470636672613
2,1,2,XGBoost-R,2,X2,0.002349422,0.9961429018804432,1.016995859023544,0.8958383803649923,7.269489952177466e-05
2,1,2,MLP-R,2,W1,0.1447142532645053,0.8568088561631139,0.6411973066873707,1.0703209358215884,-6.568478360298169e-05
2,1,2,MLP-R,2,W2,0.2556615247818402,0.7389554172473618,0.5281877569147377,0.9334839559484681,3.5897961750619436e-05
2,1,2,MLP-R,2,X1,0.00135251,0.9986617247585536,0.9414056718454844,1.0486210259542958,1.6574414792303038e-06
2,1,2,MLP-R,2,X2,0.001174651,0.9988006159730296,1.024709345052601,0.9047829622784226,-2.7508157571798366e-07
2,1,2,MLR,3,W1,0.162731065,0.8435698755199885,0.3494998720853915,1.3236088559505312,0.0
2,1,2,MLR,3,W2,0.312601599,0.6918792331647763,0.2608697006543758,1.0281193534665978,0.0
2,1,2,MLR,3,X1,0.001719427,0.9983471489186024,0.6665034146340945,1.2933738493428262,-1.9036165399555216e-06
2,1,2,MLR,3,X2,0.001328555,0.9986904887697676,0.861830601712084,0.9834469406028916,0.0
2,1,2,SVR,3,W1,0.1620666461569439,0.8442085681808343,0.3581835030719217,1.3374866613437706,-1.5141328421242051e-05
2,1,2,SVR,3,W2,0.3126808889594559,0.6918010795438156,0.25377280568877325,1.0261567784708359,-0.0001656928528673829
2,1,2,SVR,3,X1,0.003460605,0.9966733896481974,0.66225346014754,1.2862755035414444,7.99179093603386e-05
2,1,2,SVR,3,X2,0.00132866,0.998690385,0.8615268738910142,0.9831227524408421,-1.5637824688496948e-07
2,1,2,RF-R,3,W1,0.1874429111513304,0.8198148711960174,0.3411698011468434,1.2489116579836559,0.0007695605936516636
2,1,2,RF-R,3,W2,0.329312689,0.6754076797642599,0.23461873093339083,0.9798585790337935,0.002435332461084827
2,1,2,RF-R,3,X1,0.021206207,0.9796148967344712,0.6180810179901213,1.1873219333331835,-0.0005644502882779734
2,1,2,RF-R,3,X2,0.012992556,0.98719368,0.7994901660145716,0.9264090863985865,-4.166695470803061e-05
2,1,2,XGBoost-R,3,W1,0.1679176217134202,0.8068280076819198,0.34665684484158527,1.3329059010979125,-0.0026604996610526065
2,1,2,XGBoost-R,3,W2,0.3204714498634265,0.5929953733532085,0.2471703062791876,1.0358338227519963,-0.009631391589535587
2,1,2,XGBoost-R,3,X1,0.003396895,0.9945085701041982,0.6601635634830962,1.2840807437504689,4.1001454915501335e-05
2,1,2,XGBoost-R,3,X2,0.002688286,0.995257588,0.8557301176801694,0.982260923599475,-0.00025327747064237684
2,1,2,MLP-R,3,W1,0.1626595188010139,0.8436386515428567,0.34861390997701236,1.3300719763986204,8.861224438116988e-05
2,1,2,MLP-R,3,W2,0.312763751,0.6917194056691884,0.260838264950901,1.0287559922461451,-0.0001944470451541558
2,1,2,MLP-R,3,X1,0.00171827,0.9983482613488796,0.6662178051937749,1.293903143066445,-1.385963507960497e-06
2,1,2,MLP-R,3,X2,0.001328745,0.9986903011072736,0.8619955003647272,0.9831770104609495,-4.4586647930389133e-07
2,1,2,MLR,4,W1,0.1301210758984577,0.8629450449445915,0.7353993770613092,1.0093399743857476,0.0001358412823413424
2,1,2,MLR,4,W2,0.2648546699551806,0.7252890893602401,0.6482889522453437,0.9007093816385833,1.0302106376680609e-05
2,1,2,MLR,4,X1,0.001282415,0.9986492477264206,0.997528891131522,1.0029474459496868,-1.6806981131489707e-06
2,1,2,MLR,4,X2,0.001100027,0.998859036,1.1936546080379749,0.920426146170548,2.8757147124691684e-07
2,1,2,SVR,4,W1,0.1299555635729534,0.8631193770746977,0.7279328792235842,1.0212748673685899,8.256091202636373e-05
2,1,2,SVR,4,W2,0.264852546,0.7252912919972306,0.645674635757194,0.904111590339013,-4.393887201858959e-06
2,1,2,SVR,4,X1,0.001282491,0.9986491672253892,0.9971721782828216,1.0027503492365002,-1.091896907168266e-06
2,1,2,SVR,4,X2,0.002071196,0.9978517269772564,1.1608352830452398,0.8806333485597783,2.665188030626098e-06
2,1,2,RF-R,4,W1,0.1417903049993213,0.8506539871055201,0.6927998109884703,0.9679146239820573,-0.0009846895286587775
2,1,2,RF-R,4,W2,0.2880750543465208,0.7012045869324377,0.603381814965162,0.84687591441834,-0.0030982214506700355
2,1,2,RF-R,4,X1,0.012585584,0.9867437570192508,0.927500805527816,0.9424119799412555,0.0002867616904682735
2,1,2,RF-R,4,X2,0.013300835,0.986204191,1.1144982525271723,0.850736231443596,-0.0001816928568578735
2,1,2,XGBoost-R,4,W1,0.131434997,0.8283901760339244,0.7279506169932114,1.0064795079053277,-0.0034454527926267575
2,1,2,XGBoost-R,4,W2,0.2722905624912203,0.6636352119374372,0.6439409528887365,0.904281486081824,0.009306935390851834
2,1,2,XGBoost-R,4,X1,0.002636959,0.9947908935179212,0.991377512928843,1.00228118419732,-2.6264876290293947e-05
2,1,2,XGBoost-R,4,X2,0.002319517,0.9956783786847744,1.184453463159854,0.9121100945309403,0.0001265542727783231
2,1,2,MLP-R,4,W1,0.1301078725700028,0.8629589518507207,0.7333284687671012,1.0108947843522949,8.038938650799521e-05
2,1,2,MLP-R,4,W2,0.2644056557403987,0.725754813,0.6493380327800495,0.8998200758249579,-0.00011485041067996749
2,1,2,MLP-R,4,X1,0.001276948,0.998655006,0.9971470939827803,1.002462849178954,1.8733424160144451e-06
2,1,2,MLP-R,4,X2,0.001099217,0.9988598766671596,1.192627346756065,0.9202777829588481,5.0970953358042695e-08
2,1,2,MLR,5,W1,0.1928233739371974,0.8034445214793703,0.10292491345583091,1.4933241529934993,0.00042600749665001604
2,1,2,MLR,5,W2,0.3558103600240216,0.6584698232186392,0.07933940195644626,1.22501012706795,0.0
2,1,2,MLR,5,X1,0.001888168,0.998075286,0.4928298721306608,1.4744243709848281,0.0
2,1,2,MLR,5,X2,0.001553702,0.9985086545782792,0.7521156992902284,1.2457012845965667,0.0
2,1,2,SVR,5,W1,0.1926972363012504,0.8035731005146126,0.10465516696089879,1.5040857125706761,0.0002488908066511808
2,1,2,SVR,5,W2,0.3559773033004657,0.6583095800859982,0.07806341629245746,1.2737580331137184,7.664732025145505e-05
2,1,2,SVR,5,X1,0.001895173,0.9980681454266506,0.4930877969290006,1.4754260441005613,-2.039072188797508e-06
2,1,2,SVR,5,X2,0.002137507,0.9979482803898564,0.7486359594456701,1.2387974955240912,0.0004797517715953825
2,1,2,RF-R,5,W1,0.2043657114972033,0.7916787814861861,0.10510134178101235,1.4153274801348836,0.008040497412428705
2,1,2,RF-R,5,W2,0.3792547651420377,0.6359663418024452,0.07060529130260249,1.1190105214032677,-0.001453099474977282
2,1,2,RF-R,5,X1,0.011733104,0.9880398016903508,0.45858737739303834,1.3927607012529082,0.0004450513795284383
2,1,2,RF-R,5,X2,0.016129876,0.9845174844285636,0.6973052302742727,1.1455300767650096,0.0009981240822399373
2,1,2,XGBoost-R,5,W1,0.1972476815686775,0.753648416,0.10129489985088588,1.485264868496656,0.0019886706295712655
2,1,2,XGBoost-R,5,W2,0.3616206731334368,0.5474890020464759,0.06257744281204283,1.2263584862904278,-0.017953067378078856
2,1,2,XGBoost-R,5,X1,0.002967199,0.9950070040669048,0.4871793944437681,1.4709052390680357,2.0465849353112908e-05
2,1,2,XGBoost-R,5,X2,0.003991194,0.994729312,0.7468871840772114,1.2460531688192495,-2.2079213512993245e-05
2,1,2,MLP-R,5,W1,0.1928465448247159,0.8034209021183407,0.10294676430250789,1.4932751953252317,0.0004239287770108735
2,1,2,MLP-R,5,W2,0.3571137043561825,0.6572187876385065,0.07935229202119695,1.2251209921048611,-0.0002126095573662945
2,1,2,MLP-R,5,X1,0.001891931,0.9980714501943526,0.49291021703380633,1.474419611695137,-1.96510804334471e-06
2,1,2,MLP-R,5,X2,0.001550375,0.9985118481927142,0.751570546910114,1.244726737561336,2.6959299661566403e-07
2,1,2,MLR,6,W1,0.1441106213919127,0.8522045069120815,0.39585587283727547,1.3668024873740343,-0.0009224754866848595
2,1,2,MLR,6,W2,0.3095137979400477,0.7017757866876753,0.3376046150282125,1.1036352582030715,8.3041862055655e-07
2,1,2,MLR,6,X1,0.001511214,0.9984501451536784,0.6809526569217013,1.3243309350577968,2.2475840960711755e-06
2,1,2,MLR,6,X2,0.001328486,0.9987199709925548,0.921446193402279,1.1111710004790443,2.9754168806572778e-08
2,1,2,SVR,6,W1,0.143704593,0.8526209176362767,0.3723261344802634,1.3457820692369293,1.818809374398711e-05
2,1,2,SVR,6,W2,0.309360837,0.7019231685938612,0.3406576526791945,1.0929915722961123,5.2487574055504196e-05
2,1,2,SVR,6,X1,0.002435542,0.9975021822299752,0.6809144208667621,1.322271296163019,-0.00013165978562821313
2,1,2,SVR,6,X2,0.001329252,0.9987192324369076,0.9214331780729127,1.1113429574729357,5.011448593217338e-07
2,1,2,RF-R,6,W1,0.161102104,0.8347785567470276,0.37116916253445037,1.2752860666784591,-0.0038128149912818655
2,1,2,RF-R,6,W2,0.3292021920643115,0.6828055311185555,0.3340408533906774,1.0090412201719152,0.0042288847925230355
2,1,2,RF-R,6,X1,0.013168618,0.9864946640992068,0.6358145906803724,1.2363940970178038,-0.0004278637437782007
2,1,2,RF-R,6,X2,0.022441725,0.9783768417691664,0.8514923739076468,0.9969847418021928,-0.00019775066012234221
2,1,2,XGBoost-R,6,W1,0.1473380152592115,0.8064848495237698,0.388998482233221,1.3528815473275286,-0.0021614768070763457
2,1,2,XGBoost-R,6,W2,0.3199929893093441,0.6320740452064801,0.3292641966200014,1.10191785762734,0.00914150162134425
2,1,2,XGBoost-R,6,X1,0.002663734,0.9948671385580714,0.6748982012866565,1.319804033039936,-8.60159326564136e-05
2,1,2,XGBoost-R,6,X2,0.004634272,0.9927028989178972,0.9155068241050033,1.097290340007928,0.0005015252842921036
2,1,2,MLP-R,6,W1,0.1438888145825455,0.8524319852647806,0.38336900946137875,1.3470600437612181,1.3766208253396251e-05
2,1,2,MLP-R,6,W2,0.3091125442284649,0.7021624045808736,0.3413308035108004,1.0877036230076464,0.00017049339887144078
2,1,2,MLP-R,6,X1,0.001510645,0.9984507279088722,0.6808405519361329,1.3244039569445354,2.0526314261526403e-06
2,1,2,MLP-R,6,X2,0.001326486,0.9987218974635396,0.9221608133359682,1.1091756605900749,-1.5988674059164155e-07
2,1,2,MLR,7,W1,0.1258953250438056,0.8611609627290648,0.9447027014523783,1.0695286124038854,0.00010255154280227607
2,1,2,MLR,7,W2,0.2346243097903688,0.7766181898398441,0.7055892291062086,0.8322204094911199,0.00025953485204405213
2,1,2,MLR,7,X1,0.001149946,0.998731824,1.194337649001657,1.078954321941613,-2.1233633785033847e-06
2,1,2,MLR,7,X2,0.000910664,0.9991329725020504,1.1580001514740372,0.7917730876390452,2.968233716038604e-07
2,1,2,SVR,7,W1,0.125739641,0.8613326536261185,0.9296168778412973,1.0646424010415803,0.00012101618547586402
2,1,2,SVR,7,W2,0.2344583050844632,0.7767762400936027,0.6975640342281119,0.8339639812324735,0.0005459404407385682
2,1,2,SVR,7,X1,0.001148389,0.998733541,1.1953734485129073,1.0794514331606206,-2.152182187897811e-06
2,1,2,SVR,7,X2,0.000910843,0.9991328014768708,1.157578853650072,0.7918850422199107,8.619592650749297e-08
2,1,2,RF-R,7,W1,0.1316079987535585,0.8548609502557732,0.8898051796201922,1.0045380218050999,0.0009720144704142064
2,1,2,RF-R,7,W2,0.2491823629247311,0.7627577153456744,0.6800607037450236,0.7984320187514556,-0.0022809036146833606
2,1,2,RF-R,7,X1,0.00999817,0.9889738856181802,1.1273996321613367,1.0137674901346374,0.00038216657690492983
2,1,2,RF-R,7,X2,0.012106477,0.9884736289992144,1.0924831021855925,0.7415787383751524,-4.6308566655528514e-05
2,1,2,XGBoost-R,7,W1,0.127959164,0.8329629979677227,0.9524942601074823,1.0870426031947347,0.0035970394890657786
2,1,2,XGBoost-R,7,W2,0.2393858429914881,0.7143646501469911,0.6984381287316328,0.8455400945791638,-0.015479639370862297
2,1,2,XGBoost-R,7,X1,0.002402349,0.9955944558195232,1.1880558205666858,1.0789783257436927,1.976047154418348e-05
2,1,2,XGBoost-R,7,X2,0.00210244,0.9962274892173876,1.152644165274933,0.7892307231808056,8.632077045693798e-05
2,1,2,MLP-R,7,W1,0.1252832152053073,0.8618360055922657,0.9386019942246777,1.059626999782686,0.0001800263589920803
2,1,2,MLP-R,7,W2,0.2345088732792179,0.7767280949764538,0.7059063098614968,0.8319387223010981,0.00033574011244122957
2,1,2,MLP-R,7,X1,0.001149216,0.9987326292810966,1.1941974768131451,1.079313588742164,-1.9505810243125588e-06
2,1,2,MLP-R,7,X2,0.000911658,0.9991320263373692,1.1580203373233786,0.7917630860421915,3.1415167818238386e-07
2,1,2,MLR,8,W1,0.1361937157446799,0.8592447145339268,0.5094415229156243,1.1945497367327775,0.00010373947337959377
2,1,2,MLR,8,W2,0.2679086381588734,0.7361401571572344,0.4292360957284451,1.0823714040376928,8.891432975235424e-05
2,1,2,MLR,8,X1,0.001450822,0.9985005854195188,0.7871792972482188,1.1935326547680447,4.017673379919096e-06
2,1,2,MLR,8,X2,0.001392277,0.9986287643281164,0.9649598682891041,1.0866936187015208,-1.2882993809415488e-06
2,1,2,SVR,8,W1,0.1363040578527499,0.8591306767104091,0.5126468221107179,1.1998520753293,-5.064478573904019e-05
2,1,2,SVR,8,W2,0.2679785377898939,0.736071314,0.42782927347168426,1.0825875755837857,4.904817351313318e-05
2,1,2,SVR,8,X1,0.001448042,0.9985034579409968,0.7870290361705163,1.1926018254228539,1.0505313525688286e-05
2,1,2,SVR,8,X2,0.001390859,0.9986301606158736,0.9640409847495943,1.0876016548364784,-8.053811760611041e-07
2,1,2,RF-R,8,W1,0.149987331,0.8449891065170887,0.4639348638346198,1.1353246290495584,0.0002696007440447512
2,1,2,RF-R,8,W2,0.2928667683311594,0.7115592091513572,0.3963990617619991,0.9978271841012315,0.0018256620516739707
2,1,2,RF-R,8,X1,0.016460463,0.9829882222303036,0.7230878773077267,1.116938904986287,-0.0002520979992493455
2,1,2,RF-R,8,X2,0.019771894,0.9805269102181692,0.8867785134954269,0.9917868789816839,0.0008273671321616272
2,1,2,XGBoost-R,8,W1,0.1374040195157236,0.828734792,0.5041937280275535,1.2048123571351066,0.0034766259433557712
2,1,2,XGBoost-R,8,W2,0.2787905400518652,0.6552620494992072,0.41006278434212373,1.0541315317262945,-0.005636957827532307
2,1,2,XGBoost-R,8,X1,0.002998645,0.9946066556156096,0.776810936730445,1.187151468635814,-3.279949813944638e-05
2,1,2,XGBoost-R,8,X2,0.003458838,0.993908366,0.9518096004011077,1.0704341213727642,9.171941585904842e-05
2,1,2,MLP-R,8,W1,0.13608697,0.859355036,0.5159667033889501,1.1973816259655712,0.0002252181646079432
2,1,2,MLP-R,8,W2,0.2676864866968294,0.7363589513337307,0.4308155341798886,1.0788987531222616,0.0004161657985924938
2,1,2,MLP-R,8,X1,0.00144539,0.9985061989053866,0.7840052002841407,1.1934349819614478,9.655176274236954e-06
2,1,2,MLP-R,8,X2,0.00139194,0.998629096,0.9646431173620591,1.086664466347569,-1.1952304821871706e-06
2,1,2,MLR,9,W1,0.085920138,0.9134565389677158,1.1007943165169873,0.7270618847397412,-9.926927540996334e-05
2,1,2,MLR,9,W2,0.1812307215357946,0.8149157031635028,1.106223595481703,0.6053283106240768,0.0
2,1,2,MLR,9,X1,0.000837963,0.9991559581900696,1.2788057284478835,0.6982545942886504,-4.087440766520345e-07
2,1,2,MLR,9,X2,0.000735606,0.9992487530242116,1.4194101539637982,0.6282383768347535,0.0
2,1,2,SVR,9,W1,0.085688261,0.9136900989163592,1.1008628094176203,0.7330234663423243,-4.5855120762716695e-05
2,1,2,SVR,9,W2,0.181290577,0.8148545751344107,1.1003302543244486,0.6011762448351792,3.069909738887544e-05
2,1,2,SVR,9,X1,0.000837317,0.9991566083002962,1.279121232241493,0.698242524663036,-4.276568696282013e-07
2,1,2,SVR,9,X2,0.0007368,0.9992475329704112,1.4184944207300993,0.6282658628764388,-9.212873876007777e-08
2,1,2,RF-R,9,W1,0.099066684,0.9002146198874802,1.0597931431735432,0.6877746892515461,-0.0007064240657768895
2,1,2,RF-R,9,W2,0.1987909872102898,0.7969820471195187,1.0410327144442866,0.5530335893808458,-0.00468740777236758
2,1,2,RF-R,9,X1,0.01237046,0.9875397960742858,1.2126053908759258,0.6435081841428458,-0.0003428504239828101
2,1,2,RF-R,9,X2,0.022060514,0.9774704047036784,1.323247942973834,0.5534592081161611,-0.001845410642701073
2,1,2,XGBoost-R,9,W1,0.087142644,0.8906257880870202,1.1078209836765378,0.721221449503669,-0.0009260937133075964
2,1,2,XGBoost-R,9,W2,0.1860485699660403,0.7584403846080693,1.1001304443993216,0.5702247671091325,-0.006862011943048252
2,1,2,XGBoost-R,9,X1,0.002281653,0.9963216009510012,1.2840507864354769,0.6887508163947478,-0.00010529689594159785
2,1,2,XGBoost-R,9,X2,0.003158548,0.9933415591519458,1.410148288998609,0.6138859043613788,-0.0004063198574194682
2,1,2,MLP-R,9,W1,0.085681149,0.913697263,1.103876015333896,0.7298708688689454,-1.7642490373359633e-05
2,1,2,MLP-R,9,W2,0.1808756278869447,0.8152783472988433,1.0947975140574335,0.6004433024285218,1.2240219156467447e-05
2,1,2,MLP-R,9,X1,0.000838242,0.9991556773047408,1.2788116035441923,0.6982626485917528,-2.0348353866328494e-07
2,1,2,MLP-R,9,X2,0.000736377,0.999247965,1.4194540716448771,0.6282364733002755,-3.3719508755192253e-07
2,1,2,MLR,10,W1,0.1425133770349323,0.8568836988675844,0.6642807143482584,1.0959161079171227,0.0
2,1,2,MLR,10,W2,0.2582240322056495,0.7441553623193322,0.49786997403177125,0.9495101175309502,0.00019194767872902086
2,1,2,MLR,10,X1,0.001371223,0.9986229761781316,0.9588028008773968,1.0993186176976366,5.420256264687673e-06
2,1,2,MLR,10,X2,0.001226668,0.9987846355159622,0.9857430906703313,0.9412554752020258,2.2645263137555103e-06
2,1,2,SVR,10,W1,0.1425971663569037,0.8567995550623893,0.6586852556301015,1.0958753646679225,-5.838895426174551e-05
2,1,2,SVR,10,W2,0.2574786566779294,0.7448938696154839,0.48465928990851015,0.9535157222986397,0.0003947552631914597
2,1,2,SVR,10,X1,0.001371595,0.9986226020016274,0.9586544844524804,1.0986210046668,3.961251737771843e-06
2,1,2,SVR,10,X2,0.001221319,0.9987899351520928,0.9862794528671586,0.9409770188431803,4.990679786909258e-06
2,1,2,RF-R,10,W1,0.1626016338367035,0.8367104556992404,0.6326257980866018,1.0234822942075534,0.0008290378761530049
2,1,2,RF-R,10,W2,0.2708441280616199,0.7316515538078354,0.46823881148577684,0.8649813140973828,0.002667593104593258
2,1,2,RF-R,10,X1,0.020726397,0.9791859173254126,0.8941272185752785,0.9907641157067199,0.0004659513008992033
2,1,2,RF-R,10,X2,0.013716949,0.986409446,0.9282939190853918,0.8625984360898615,4.661328490005445e-05
2,1,2,XGBoost-R,10,W1,0.149018555,0.8177617546506235,0.6696020593226213,1.0831484079341642,0.0033433025779272983
2,1,2,XGBoost-R,10,W2,0.2614699210904278,0.6852306433252005,0.5060917351307621,0.9413942603300317,0.0006456460316575207
2,1,2,XGBoost-R,10,X1,0.003451764,0.993119948,0.9526715222508996,1.0828520364910437,-0.0003611731226340287
2,1,2,XGBoost-R,10,X2,0.002643985,0.9961388834357052,0.9832007852715133,0.9365981723266235,9.35407061101734e-05
2,1,2,MLP-R,10,W1,0.1425584943261642,0.8568383907009227,0.6643230178647985,1.096073124944804,2.0039395722382115e-05
2,1,2,MLP-R,10,W2,0.2582764041010641,0.7441034730025534,0.49787840786328275,0.9495210224804662,0.00019825466492454647
2,1,2,MLP-R,10,X1,0.001371524,0.9986226738297792,0.9588680561474003,1.099290227485645,5.376564674419715e-06
2,1,2,MLP-R,10,X2,0.001227401,0.9987839083802754,0.985652539131895,0.9408022969591183,2.658687619927491e-06
