Num_units,Intercept,Influence_level,Model,Replication,Measurement,Loss,R2,Imp_F,Imp_Z1,Imp_Z2
0,0,0,MLR,1,X,0.002084791,0.997819482,1.5903970486068544,0.4597905806263163,7.594738382188382e-07
0,0,0,MLR,1,W1,0.149742287,0.843382016,1.2574616343957052,0.48529807076312326,0.0003561239747782552
0,0,0,MLR,1,W2,0.316232101,0.669247511,0.9694468286317651,0.4251397056613732,0.00045889854729627146
0,0,0,SVR,1,X,0.004797349,0.994982372,1.5696567542262776,0.45849811751398173,0.0015742379202559388
0,0,0,SVR,1,W1,0.149572846,0.843559237,1.267903210247519,0.48853374909069097,0.0006375582330782837
0,0,0,SVR,1,W2,0.315049453,0.670484462,0.9536102007697138,0.41606991207944716,0.0004877476202225672
0,0,0,RF-R,1,X,0.020740392,0.978307274,1.4403129274124336,0.4200176049343437,0.001511823933953993
0,0,0,RF-R,1,W1,0.176239104,0.815668548,1.1414404347920533,0.4396888959400134,0.0018912835255159189
0,0,0,RF-R,1,W2,0.332112728,0.652637695,0.8615180626207708,0.3764176325642647,-0.001056364097407969
0,0,0,XGBoost-R,1,X,0.004910439,0.990511715,1.5712541829552213,0.44734997390007036,-0.00048683189319045363
0,0,0,XGBoost-R,1,W1,0.156515578,0.780374245,1.2178861873935063,0.47950978081616646,-0.004143372147034618
0,0,0,XGBoost-R,1,W2,0.316264903,0.60582666,0.9541443263619621,0.4441912867079984,0.014456671960795208
0,0,0,MLP-R,1,X,0.002078631,0.997825925,1.591642363068638,0.46077534637204354,5.864445359993198e-07
0,0,0,MLP-R,1,W1,0.149713346,0.843412286,1.258209292007987,0.48589770635895213,0.00040621131149908284
0,0,0,MLP-R,1,W2,0.316103301,0.669382225,0.9710360857375008,0.4210361869791194,0.0004012747980292608
0,0,0,MLR,2,X,0.001654039,0.998423137,1.5580428911239337,0.3346487481813879,4.2164962954505114e-07
0,0,0,MLR,2,W1,0.167135321,0.840663032,1.2116308610967284,0.33562173013490837,-0.00015739352420792718
0,0,0,MLR,2,W2,0.295823575,0.717979232,1.0082681383898964,0.367003787805221,0.0
0,0,0,SVR,2,X,0.001653408,0.998423738,1.558792014229166,0.33444050476606013,8.456091386888076e-07
0,0,0,SVR,2,W1,0.166748518,0.841031787,1.230375796674191,0.34156279381354065,-0.00020246111186431604
0,0,0,SVR,2,W2,0.29583116,0.717972001,0.9967407578909763,0.36962534723861573,-0.00010692285209294994
0,0,0,RF-R,2,X,0.028154182,0.973159462,1.3917646095228462,0.3044771896352903,0.0017054359160811772
0,0,0,RF-R,2,W1,0.201960862,0.807462413,1.0682071502886556,0.31425268033216847,0.006257227751382688
0,0,0,RF-R,2,W2,0.325166792,0.690005138,0.8948964969698668,0.34360219020161653,0.004576490923051457
0,0,0,XGBoost-R,2,X,0.00359374,0.993253796,1.5496267378528978,0.32727139588922194,-0.0002471581021248337
0,0,0,XGBoost-R,2,W1,0.176577626,0.792634953,1.1837726164153684,0.3487038820086922,0.004416759024305395
0,0,0,XGBoost-R,2,W2,0.303574198,0.628649115,1.007954127780657,0.3400313761696557,0.011141152669088605
0,0,0,MLP-R,2,X,0.001656309,0.998420972,1.5581805482645537,0.33459443604073474,4.215037271770861e-07
0,0,0,MLP-R,2,W1,0.165941767,0.841800896,1.2067272262786002,0.3352785349301449,-7.956381363649623e-06
0,0,0,MLP-R,2,W2,0.296526857,0.717308764,1.0094897319442167,0.3664980178083092,-0.0005992807987393656
0,0,0,MLR,3,X,0.00196664,0.998190154,1.66734501146689,0.3860287999331413,0.0
0,0,0,MLR,3,W1,0.169329209,0.844170875,1.2999771115156062,0.35159743854355036,0.00026205861858640266
0,0,0,MLR,3,W2,0.307807043,0.716733443,1.0356170941905667,0.36402063743885743,0.0007726083425240282
0,0,0,SVR,3,X,0.003084394,0.997161515,1.6535043384902086,0.3841090674952822,0.0003590599739506484
0,0,0,SVR,3,W1,0.168377025,0.845047145,1.3016374513587334,0.33515427989811053,6.914755754763302e-05
0,0,0,SVR,3,W2,0.306220887,0.71819314,1.0561128098455286,0.3508285589338594,0.000935689038771903
0,0,0,RF-R,3,X,0.025853444,0.97620777,1.5051043948819125,0.33965581160212677,0.001042770228197043
0,0,0,RF-R,3,W1,0.201351032,0.814702052,1.1844610549587395,0.311620540073987,0.0029681629127863095
0,0,0,RF-R,3,W2,0.346140784,0.681455931,0.9311802592393486,0.35168394361333416,0.0031327729800642913
0,0,0,XGBoost-R,3,X,0.005168111,0.993374738,1.6471298373976997,0.37794193731583875,0.00021798600973775838
0,0,0,XGBoost-R,3,W1,0.184155225,0.794023699,1.2905941445527729,0.33553192274152,0.0026003446567538723
0,0,0,XGBoost-R,3,W2,0.322060885,0.615466722,0.9957055464179796,0.36256287797222864,-0.0037576298741215375
0,0,0,MLP-R,3,X,0.001969656,0.998187378,1.667953245901041,0.3859768260076003,3.1264444508849467e-07
0,0,0,MLP-R,3,W1,0.169194182,0.844295137,1.3114120347922242,0.3541576506019143,0.0003786173625871636
0,0,0,MLP-R,3,W2,0.307503839,0.717012474,1.042559891496798,0.36565689513363,0.0006600672071562008
0,0,0,MLR,4,X,0.001662658,0.998450602,1.6604800625740779,0.3534833895017387,-1.3325236352113025e-07
0,0,0,MLR,4,W1,0.146995985,0.863017394,1.4034058907084241,0.36088472793441995,0.0
0,0,0,MLR,4,W2,0.310492629,0.710658155,1.0487738978195067,0.3640061740401196,0.0006445404223319407
0,0,0,SVR,4,X,0.004412021,0.995888527,1.582282092182723,0.33324809259784594,-8.407443103686241e-05
0,0,0,SVR,4,W1,0.147389602,0.86265059,1.4171429677964515,0.35982110756211244,1.6663441593289807e-05
0,0,0,SVR,4,W2,0.309699936,0.71139685,1.056380331363885,0.3610893760545082,0.0012384047246891238
0,0,0,RF-R,4,X,0.027509776,0.974364192,1.4991233192977924,0.3132546291831272,0.00017876483237949659
0,0,0,RF-R,4,W1,0.186095816,0.826581047,1.2558499999528632,0.3223895994040078,0.000684421782280431
0,0,0,RF-R,4,W2,0.357392265,0.666953326,0.9607911140935274,0.3087468951529141,-0.003367887586144769
0,0,0,XGBoost-R,4,X,0.003222076,0.993800225,1.6437927308211875,0.34848718249575655,0.00015312353854086692
0,0,0,XGBoost-R,4,W1,0.155508537,0.813423545,1.3954638014636027,0.34950481331931016,0.002027594259559318
0,0,0,XGBoost-R,4,W2,0.320439011,0.626436872,1.04091540449833,0.3433266736724305,-0.0038749330665831415
0,0,0,MLP-R,4,X,0.001662721,0.998450544,1.6591276586969932,0.3537443945095732,2.3166985524403216e-07
0,0,0,MLP-R,4,W1,0.148006143,0.862076048,1.4047186012067887,0.3609602655214391,-0.00017884839268341723
0,0,0,MLP-R,4,W2,0.30932759,0.711743831,1.0588834632877058,0.37684598724407653,0.002757549512709534
0,0,0,MLR,5,X,0.001953128,0.998169409,1.5588352258705078,0.3579455250959097,0.0
0,0,0,MLR,5,W1,0.166345166,0.844091168,1.2321898900326982,0.3595135859972797,-1.853155005342444e-05
0,0,0,MLR,5,W2,0.289694814,0.728480358,0.9818644311483393,0.37758762549262814,-0.0016460777591775888
0,0,0,SVR,5,X,0.001958675,0.998164211,1.5611913269605207,0.35851359675788813,-3.246040446436282e-08
0,0,0,SVR,5,W1,0.166099978,0.844320974,1.2433195750241426,0.3544700802768633,6.284856942095907e-06
0,0,0,SVR,5,W2,0.289909077,0.728279538,0.9605747026277159,0.3816934318412047,-0.0017307165034019967
0,0,0,RF-R,5,X,0.023949992,0.977552607,1.4125700655961029,0.31694619321984074,0.0011959808591646027
0,0,0,RF-R,5,W1,0.191289303,0.820712003,1.1290034634246187,0.3324450873456912,0.0005743614108079331
0,0,0,RF-R,5,W2,0.328015288,0.692564073,0.8833282542560035,0.3358924248855496,-0.006375397718061682
0,0,0,XGBoost-R,5,X,0.005092936,0.99261935,1.552511331328386,0.3480324118840838,-5.729483865422047e-05
0,0,0,XGBoost-R,5,W1,0.169084556,0.802524066,1.207448378288935,0.3519727040089016,0.003319378318582311
0,0,0,XGBoost-R,5,W2,0.299685352,0.624929292,0.9679931588117983,0.3769003415551169,-0.0265601400290436
0,0,0,MLP-R,5,X,0.001961459,0.998161601,1.5584672471031524,0.357757608945244,6.682368579591369e-08
0,0,0,MLP-R,5,W1,0.166283637,0.844148837,1.2368590776891846,0.36092342813058076,-1.4287062661721973e-05
0,0,0,MLP-R,5,W2,0.289866402,0.728319535,0.9900800583289717,0.3747789807157239,-0.001642799663632466
0,0,0,MLR,6,X,0.002144315,0.997838798,1.5603290908953014,0.4285899311719943,-4.859908489451837e-06
0,0,0,MLR,6,W1,0.162476665,0.836243815,1.1924706043122304,0.40245114092829004,-8.022255605781848e-05
0,0,0,MLR,6,W2,0.263021503,0.734907176,1.0789728925057862,0.4637769383687355,-0.0004641855209951529
0,0,0,SVR,6,X,0.002145879,0.997837221,1.5588495487105387,0.42812771332638383,-6.181128293081262e-06
0,0,0,SVR,6,W1,0.162326218,0.836395446,1.1916764724544933,0.40035503095420255,0.00022010485817320903
0,0,0,SVR,6,W2,0.262053001,0.735883305,1.077158906222926,0.4694103112391437,-0.00013823209088031918
0,0,0,RF-R,6,X,0.026515039,0.973276153,1.427481149377338,0.3569132844607264,0.0002468971395933273
0,0,0,RF-R,6,W1,0.2076147,0.790750313,1.1013859178460135,0.34204630824960575,-0.007894517557211688
0,0,0,RF-R,6,W2,0.290670165,0.707040777,0.9515051332614719,0.37819043675676445,0.001515528739365013
0,0,0,XGBoost-R,6,X,0.00648537,0.99027977,1.5560272234880828,0.40109323189604684,-0.0003165162725313975
0,0,0,XGBoost-R,6,W1,0.182625475,0.764608585,1.178687680059133,0.3722168960818011,-0.0062606614240796835
0,0,0,XGBoost-R,6,W2,0.271113679,0.63904504,1.0588198297275828,0.4252336099904143,0.002915600726275647
0,0,0,MLP-R,6,X,0.002141152,0.997841986,1.5585087858364235,0.42783945549097596,-8.05603401278221e-06
0,0,0,MLP-R,6,W1,0.161175394,0.837555333,1.2360919559636077,0.3955894165337503,0.00013197330438148304
0,0,0,MLP-R,6,W2,0.263092726,0.734835392,1.0787978029159118,0.4638610952252561,-0.00045923475426489223
0,0,0,MLR,7,X,0.001838227,0.998167513,1.6310783366178903,0.37027450167928644,1.5545067765909693e-06
0,0,0,MLR,7,W1,0.186295672,0.81428613,1.2628178152463048,0.3801360501500435,-7.469582375553285e-05
0,0,0,MLR,7,W2,0.268761057,0.732078285,1.0757271509663675,0.3585588153542981,-0.0012719289655957588
0,0,0,SVR,7,X,0.001834843,0.998170887,1.630121988704887,0.3708372040985908,3.5985866531640376e-06
0,0,0,SVR,7,W1,0.186338501,0.814243435,1.280703144216778,0.38312345560517347,-0.00017123584306280026
0,0,0,SVR,7,W2,0.268537589,0.732301055,1.0967516442818759,0.33753020952353807,-0.0006805693642701783
0,0,0,RF-R,7,X,0.025670292,0.974409877,1.4821237918315293,0.34377373880236795,-0.000814647857089934
0,0,0,RF-R,7,W1,0.220980903,0.779709221,1.1625757671048564,0.34602818953628744,-0.003355501328598842
0,0,0,RF-R,7,W2,0.307305298,0.693654417,1.018424176389354,0.33120631663974476,0.003689440326797444
0,0,0,XGBoost-R,7,X,0.004134756,0.989785783,1.6252058554170083,0.3583489669531503,-0.00011939596048775592
0,0,0,XGBoost-R,7,W1,0.200263375,0.767667424,1.250823416943037,0.3852779891947063,0.0016650214312001865
0,0,0,XGBoost-R,7,W2,0.289878612,0.621841724,1.0551299055560701,0.33998176945553726,-0.002334052577751389
0,0,0,MLP-R,7,X,0.001837764,0.998167976,1.630947368627427,0.3703749343522225,1.5908306867706833e-06
0,0,0,MLP-R,7,W1,0.186095474,0.814485703,1.2583320629383863,0.3799499257050599,-9.911809443413633e-05
0,0,0,MLP-R,7,W2,0.269195554,0.731645145,1.076001752886423,0.3563210649889062,-0.001318321894486152
0,0,0,MLR,8,X,0.001756814,0.998366675,1.5989753575828574,0.32136390485840083,5.504291137559125e-06
0,0,0,MLR,8,W1,0.143904418,0.866210824,1.2959943424367488,0.32654474566850455,0.0
0,0,0,MLR,8,W2,0.275100123,0.744237047,1.0847274227131953,0.3340693341821576,0.0002551357179947589
0,0,0,SVR,8,X,0.001755795,0.998367623,1.5988015745002973,0.32076177291700037,5.265432766576872e-06
0,0,0,SVR,8,W1,0.145277025,0.864934699,1.2923389592200352,0.3307516590757906,-0.0006723118551554719
0,0,0,SVR,8,W2,0.274593558,0.744708005,1.0785517289341304,0.3432625522989685,0.0001671076018119777
0,0,0,RF-R,8,X,0.029822699,0.97227358,1.4381001319477984,0.29654004299469794,0.0023287134372104944
0,0,0,RF-R,8,W1,0.179802234,0.832836315,1.1738099818006071,0.2982750420299011,0.004363384583752195
0,0,0,RF-R,8,W2,0.306467186,0.715074818,0.9469870975601404,0.30967312580553613,0.0035673187083159253
0,0,0,XGBoost-R,8,X,0.003939744,0.992770687,1.5987705315623493,0.3163909923872499,-0.00020980938261888626
0,0,0,XGBoost-R,8,W1,0.157529485,0.811801752,1.2737187528606218,0.32316854449015114,0.008753154971510723
0,0,0,XGBoost-R,8,W2,0.285207905,0.636930293,1.06101548142088,0.3206096704860333,-0.019358646877541776
0,0,0,MLP-R,8,X,0.00175477,0.998368576,1.6004922117159057,0.3206679115400049,6.000414528117837e-06
0,0,0,MLP-R,8,W1,0.145004341,0.865188216,1.3058599911677802,0.3289069731029298,-0.00048536822371822994
0,0,0,MLP-R,8,W2,0.274926608,0.744398366,1.0847773932217983,0.3366869447217733,0.00021418880305059673
0,0,0,MLR,9,X,0.002099143,0.997914277,1.4654552653484725,0.4356140526341684,-6.559632959268757e-06
0,0,0,MLR,9,W1,0.171583449,0.829513476,1.1003037768394333,0.43913113163606443,0.0
0,0,0,MLR,9,W2,0.334692373,0.667447299,0.8641334021569751,0.4624175555965528,0.0
0,0,0,SVR,9,X,0.002105708,0.997907754,1.4666306932486521,0.4357359836393281,-1.1021396372290493e-05
0,0,0,SVR,9,W1,0.171662351,0.829435079,1.1115143225856723,0.4533688541172453,-0.0002664846212543259
0,0,0,SVR,9,W2,0.333702376,0.668430967,0.8533079727269479,0.48867035212527615,0.00011232669875388401
0,0,0,RF-R,9,X,0.027294688,0.972879805,1.332648173620444,0.38538187609952856,8.991890122025392e-05
0,0,0,RF-R,9,W1,0.204221215,0.797084361,1.0005939968716653,0.39849591682185836,0.0014683842059775242
0,0,0,RF-R,9,W2,0.359051693,0.643243707,0.7796004558252358,0.42279828128620744,-0.0011927281556484925
0,0,0,XGBoost-R,9,X,0.004648356,0.993018556,1.4741977754645128,0.4289081328715253,-0.0003605633506641559
0,0,0,XGBoost-R,9,W1,0.176828679,0.765732361,1.075443817872349,0.4241483339150898,-0.0016321928932212294
0,0,0,XGBoost-R,9,W2,0.332581859,0.61475124,0.8544834092606756,0.4764559246114478,-0.0037310082358501307
0,0,0,MLP-R,9,X,0.002093298,0.997920085,1.4698774558945913,0.43696732760593104,-1.1679820562560118e-05
0,0,0,MLP-R,9,W1,0.172337713,0.828764033,1.1030762172093649,0.4376768003625725,-0.0004799581097867711
0,0,0,MLP-R,9,W2,0.335114717,0.667027655,0.8640280232397164,0.46292803698451623,-0.0001712767346531585
0,0,0,MLR,10,X,0.002157918,0.997625235,1.714294900660822,0.466303962311685,0.0
0,0,0,MLR,10,W1,0.164682739,0.818768441,1.3976620103845527,0.46632917185608386,-0.00048052519309528253
0,0,0,MLR,10,W2,0.289260931,0.6816715,1.0391923330537678,0.46667474315472246,0.0
0,0,0,SVR,10,X,0.002190786,0.997589064,1.714260051220609,0.4667462729190207,-8.773542897400066e-06
0,0,0,SVR,10,W1,0.164213546,0.819284784,1.3974847336536533,0.4605730378563493,-0.00017247122831739458
0,0,0,SVR,10,W2,0.288692836,0.682296682,1.0771958115013374,0.4707707423250193,0.00011114353378666175
0,0,0,RF-R,10,X,0.019773636,0.978239329,1.573741255053557,0.4035870645598891,-0.0011218492334216235
0,0,0,RF-R,10,W1,0.184140291,0.797355617,1.2739630016039176,0.4261960746661958,0.003568099993748719
0,0,0,RF-R,10,W2,0.330860232,0.635891922,0.921513885929268,0.3865487140646408,-0.009515361806759682
0,0,0,XGBoost-R,10,X,0.00400673,0.992365591,1.7009065090630109,0.44910241322502953,0.00037760170763542213
0,0,0,XGBoost-R,10,W1,0.172749568,0.754797482,1.3675863328905875,0.4779308557335783,-0.006125934418681478
0,0,0,XGBoost-R,10,W2,0.301304949,0.569627989,1.021490559183026,0.44457394850499055,-0.012643968242155301
0,0,0,MLP-R,10,X,0.00218081,0.997600042,1.714443853439052,0.46628692678447176,-6.1708095175916355e-06
0,0,0,MLP-R,10,W1,0.164062597,0.819450902,1.3789125320176072,0.4605117146255832,0.002750833001627773
0,0,0,MLP-R,10,W2,0.28945291,0.681460229,1.038912623227769,0.4643630622573539,-0.0005160460565906133
0,0,1,MLR,1,X,0.001954368,0.998139921,0.3780401108830313,1.4718556752841438,4.643758270206355e-06
0,0,1,MLR,1,W1,0.04085271,0.961118258,0.31028493044028516,1.4810383983124604,9.108185844048932e-05
0,0,1,MLR,1,W2,0.075408042,0.928230073,0.24870188439811503,1.512303284099022,0.0
0,0,1,SVR,1,X,0.002199758,0.997906371,0.37397683664885123,1.4876023814957335,-3.2428000180217964e-05
0,0,1,SVR,1,W1,0.040826279,0.961143414,0.3089525551546971,1.482947472714783,0.00011495004823559584
0,0,1,SVR,1,W2,0.075072342,0.928549577,0.23952173690045564,1.5433075169761572,-2.664923489013038e-05
0,0,1,RF-R,1,X,0.028113751,0.973242617,0.33540067161132636,1.3643658913814565,-0.002153859009194936
0,0,1,RF-R,1,W1,0.070013179,0.933364657,0.2851513776452185,1.3648716939387182,-0.0012982793837290729
0,0,1,RF-R,1,W2,0.107374458,0.897805899,0.22677378582711336,1.3787615324441373,0.000264971808583736
0,0,1,XGBoost-R,1,X,0.003830117,0.994319439,0.3656021892402867,1.4833853559696115,0.00013420007931989054
0,0,1,XGBoost-R,1,W1,0.04707882,0.942013958,0.3006692899413701,1.475881455919914,0.0013968798134728067
0,0,1,XGBoost-R,1,W2,0.08454804,0.901500414,0.2435750144848096,1.5157720097434677,0.0006446833794223061
0,0,1,MLP-R,1,X,0.001951908,0.998142263,0.37786203286343,1.4706957291601082,4.37760834010037e-06
0,0,1,MLP-R,1,W1,0.040852535,0.961118425,0.31023025637518187,1.4809989823294685,8.925592002880788e-05
0,0,1,MLP-R,1,W2,0.07546248,0.928178261,0.24925021098313999,1.5146178897120293,-7.286288889730707e-05
0,0,1,MLR,2,X,0.001877583,0.997945866,0.3799627737281056,1.7211866361943096,-4.748043534852364e-06
0,0,1,MLR,2,W1,0.03933245,0.956969085,0.30885616659870185,1.7569251622533752,-1.9242975046462885e-05
0,0,1,MLR,2,W2,0.061928555,0.932248247,0.2670929551078861,1.7522801266764791,0.00019858405817277936
0,0,1,SVR,2,X,0.001880101,0.997943111,0.3793996041660643,1.7230477261677073,-5.56515026036708e-06
0,0,1,SVR,2,W1,0.039105257,0.95721764,0.3002420157684744,1.7546733539080848,-5.728326029119657e-06
0,0,1,SVR,2,W2,0.061922739,0.93225461,0.2631698413149701,1.73710631158918,0.0004932842275311766
0,0,1,RF-R,2,X,0.026798813,0.970681271,0.34238645793268835,1.5529005341616322,0.0006147273241949858
0,0,1,RF-R,2,W1,0.072633396,0.92053682,0.2664990151484332,1.5797135258513453,0.002854698355868257
0,0,1,RF-R,2,W2,0.093216484,0.898018287,0.23430473470107877,1.5914584234100926,-0.0023564760137030905
0,0,1,XGBoost-R,2,X,0.008639263,0.987775516,0.37526336961602247,1.6760631720739176,-0.0007681944695036247
0,0,1,XGBoost-R,2,W1,0.053009801,0.916826566,0.2986520639979512,1.697507995504165,-0.007498822547603113
0,0,1,XGBoost-R,2,W2,0.076484098,0.890059294,0.25959841564237196,1.6991216702906704,-0.004648038738918436
0,0,1,MLP-R,2,X,0.001874001,0.997949785,0.3801277500387007,1.721533391683814,1.2636979361380086e-06
0,0,1,MLP-R,2,W1,0.039314433,0.956988796,0.3086838808891983,1.7526729125638305,-5.206580934902227e-06
0,0,1,MLP-R,2,W2,0.062230293,0.931918136,0.267112495155038,1.7522441137382803,0.00020045031041430184
0,0,1,MLR,3,X,0.001866706,0.998131816,0.41532459265831195,1.7729563924778522,5.559689406409163e-07
0,0,1,MLR,3,W1,0.038620279,0.961349143,0.3347043307410602,1.769331083040561,-0.0001324790234761508
0,0,1,MLR,3,W2,0.069015342,0.930930014,0.26884392052220957,1.789172803009237,5.346161358954493e-06
0,0,1,SVR,3,X,0.001866995,0.998131526,0.4168521025813073,1.7717070516198887,-1.1905033779235907e-06
0,0,1,SVR,3,W1,0.038563152,0.961406315,0.34019596218852427,1.7733079031994017,-5.4336367682650266e-05
0,0,1,SVR,3,W2,0.0686638,0.931281834,0.26775963184129575,1.7694936175946043,0.00014345907924033784
0,0,1,RF-R,3,X,0.028878462,0.971098673,0.3625503569124036,1.5576356956493231,0.002793313545603582
0,0,1,RF-R,3,W1,0.070957498,0.928986321,0.2938837778567924,1.542007572516689,0.0020293916302892233
0,0,1,RF-R,3,W2,0.104758632,0.895158424,0.23197201819502888,1.58060830809679,0.003858101990508933
0,0,1,XGBoost-R,3,X,0.006384645,0.990776749,0.4059328611876185,1.7296063554398535,-0.0001326654925028592
0,0,1,XGBoost-R,3,W1,0.045158901,0.938960433,0.31982041751335794,1.703598011483883,0.0006453320108022909
0,0,1,XGBoost-R,3,W2,0.078238159,0.897632909,0.26011112604095343,1.752001469915859,0.0002418639156411717
0,0,1,MLP-R,3,X,0.001873863,0.998124654,0.4153545734052348,1.7729680416603073,5.293215847412825e-07
0,0,1,MLP-R,3,W1,0.03856283,0.961406638,0.3367517017219083,1.7604065759805323,-6.627306795286003e-05
0,0,1,MLP-R,3,W2,0.068279637,0.931666301,0.2727618786462715,1.776746885560503,0.0002965380842180787
0,0,1,MLR,4,X,0.001898248,0.997924494,0.39153005646091665,1.5671372777148451,0.0
0,0,1,MLR,4,W1,0.038580707,0.957816638,0.305854610883609,1.5682981398461049,-3.6961242266664304e-05
0,0,1,MLR,4,W2,0.07739708,0.915375604,0.23862056602200496,1.5829332992177878,-0.0003526356519482188
0,0,1,SVR,4,X,0.001889984,0.99793353,0.3882351257636866,1.574817212761952,1.7207317960399315e-06
0,0,1,SVR,4,W1,0.038564494,0.957834365,0.30549342213737296,1.571173302207033,-1.7705091609532264e-05
0,0,1,SVR,4,W2,0.076987273,0.915823678,0.2330765532876649,1.5933400074286137,-0.00014272614784053284
0,0,1,RF-R,4,X,0.019975471,0.978159226,0.3554470192144638,1.4523578733210747,-0.00031900825482811257
0,0,1,RF-R,4,W1,0.057037292,0.937636582,0.2791528282498124,1.460647750351522,-0.0017071777090800545
0,0,1,RF-R,4,W2,0.094237672,0.896962443,0.22325133047394297,1.4749207733017289,-0.0027709847095554684
0,0,1,XGBoost-R,4,X,0.003669411,0.992782892,0.3762505093496532,1.5620258673699823,-7.955435696961332e-05
0,0,1,XGBoost-R,4,W1,0.043839979,0.938884038,0.29014383898060536,1.5742253551011827,-0.0008208472089896946
0,0,1,XGBoost-R,4,W2,0.081395913,0.885861717,0.2366208127390866,1.5976366772771051,-0.003852248793721791
0,0,1,MLP-R,4,X,0.001898411,0.997924316,0.3910539659446036,1.5678062214792485,-2.395516516029428e-06
0,0,1,MLP-R,4,W1,0.038575483,0.95782235,0.3055487121413722,1.5677980961256388,6.030918555012254e-05
0,0,1,MLP-R,4,W2,0.077055063,0.915749559,0.2385587998690864,1.580208620053072,0.00019333106871390892
0,0,1,MLR,5,X,0.001903312,0.99810683,0.38588261656309175,1.5219110117451509,2.4743239479985137e-06
0,0,1,MLR,5,W1,0.041976004,0.958247656,0.31827154118219825,1.5252299468076174,1.2865394024574873e-05
0,0,1,MLR,5,W2,0.077665449,0.922748375,0.22491377722851044,1.5260555911621219,-8.444214319623944e-05
0,0,1,SVR,5,X,0.003254506,0.996762835,0.38810456258803133,1.5117908498301116,-0.0005532581124216618
0,0,1,SVR,5,W1,0.041830883,0.958392004,0.3149433766585524,1.5329967681886028,-5.004872548842742e-05
0,0,1,SVR,5,W2,0.077624022,0.922789581,0.2299807237729107,1.5175924255207816,-0.00010610741995258355
0,0,1,RF-R,5,X,0.023901757,0.976225599,0.35793991442572437,1.3720671495763601,-0.0005223143686814535
0,0,1,RF-R,5,W1,0.065196915,0.935150473,0.2942667586390744,1.3850933527103266,0.0005232012743318192
0,0,1,RF-R,5,W2,0.108029519,0.892546093,0.21014030574016634,1.402149630359482,-0.002515459420616417
0,0,1,XGBoost-R,5,X,0.004028732,0.993499431,0.38250469795579917,1.512746472986725,0.000532512218803316
0,0,1,XGBoost-R,5,W1,0.044549465,0.938548511,0.31344129148915273,1.5319867123961066,-0.0009080659431807914
0,0,1,XGBoost-R,5,W2,0.084772334,0.898044119,0.21895774452258587,1.5249558149029077,0.0057219067099156026
0,0,1,MLP-R,5,X,0.001902776,0.998107362,0.38602735753296913,1.5223279699696382,2.646575366371806e-06
0,0,1,MLP-R,5,W1,0.041902397,0.958320871,0.3125808211962862,1.5265303584354593,-4.7394352412488684e-05
0,0,1,MLP-R,5,W2,0.077552468,0.922860754,0.22623440433506214,1.5244659083277796,-2.6372295122945034e-05
0,0,1,MLR,6,X,0.001931226,0.997988454,0.4370741515021212,1.6249016440034993,-2.3864489438807367e-06
0,0,1,MLR,6,W1,0.042330369,0.955909102,0.35867696627297074,1.616111336194034,-2.313949914004576e-05
0,0,1,MLR,6,W2,0.06579099,0.931472748,0.2810763139814357,1.6384251794166356,0.00013107222672051889
0,0,1,SVR,6,X,0.001928691,0.997991094,0.43685614896550495,1.6250703644260813,-2.4274146631531048e-06
0,0,1,SVR,6,W1,0.043800483,0.954377844,0.34723176937040884,1.6089931811781906,-0.00014287572514344317
0,0,1,SVR,6,W2,0.065761786,0.931503166,0.28555841062065895,1.6393454999761357,0.00020959483623443908
0,0,1,RF-R,6,X,0.021101124,0.978021275,0.3898264302041826,1.4722398696124,0.0029141849986260905
0,0,1,RF-R,6,W1,0.061143991,0.936313016,0.3131094152802944,1.4821326563667265,0.0013600637068417964
0,0,1,RF-R,6,W2,0.092578693,0.903570937,0.2543915428723476,1.478239200933241,0.0049240746746895825
0,0,1,XGBoost-R,6,X,0.005110032,0.990677806,0.43645193475149585,1.588286404289694,0.0002084136058341346
0,0,1,XGBoost-R,6,W1,0.046239396,0.937549071,0.3551158641918073,1.5969351387477404,0.0023792893976057107
0,0,1,XGBoost-R,6,W2,0.078121302,0.892421423,0.2798667361421988,1.6141216966938754,-0.0072252744647113955
0,0,1,MLP-R,6,X,0.001931585,0.997988079,0.43705664270913924,1.6249427500501685,-2.3914649992407e-06
0,0,1,MLP-R,6,W1,0.041920335,0.956336189,0.3552439464310044,1.615347726523828,-0.0002460714648709783
0,0,1,MLP-R,6,W2,0.065769678,0.931494946,0.2811858567941958,1.639199398069766,0.00012926860770441363
0,0,1,MLR,7,X,0.001927987,0.998034147,0.35286168905770704,1.6223230147723062,5.422733022475423e-06
0,0,1,MLR,7,W1,0.043113235,0.956040014,0.2805174055982904,1.670271583501885,-0.0002428520114652666
0,0,1,MLR,7,W2,0.069314744,0.929323902,0.2268494707908733,1.6034416060044758,0.00013544390566219144
0,0,1,SVR,7,X,0.001930972,0.998031103,0.3526579722188249,1.6235791550636525,9.26507131219223e-06
0,0,1,SVR,7,W1,0.042831082,0.956327708,0.2701560496510212,1.6627581337674466,-0.00022516500403816365
0,0,1,SVR,7,W2,0.069177564,0.929463776,0.21933916832054737,1.5939398746466114,0.00021319914726516397
0,0,1,RF-R,7,X,0.022318301,0.977243364,0.3104325677119252,1.4717275534866316,0.0006169496483117376
0,0,1,RF-R,7,W1,0.063909509,0.934835297,0.24675996438077447,1.5225388379289493,0.0010987352050283894
0,0,1,RF-R,7,W2,0.083905341,0.914446744,0.20745103456228575,1.4815669927197548,0.0031957020747329203
0,0,1,XGBoost-R,7,X,0.004310903,0.993833377,0.3487867532098304,1.623375376519741,-5.914801105166845e-05
0,0,1,XGBoost-R,7,W1,0.045472395,0.93962921,0.272288533257351,1.6730754118056086,-0.001196432335631703
0,0,1,XGBoost-R,7,W2,0.075615334,0.905930936,0.21815354219263364,1.6192912913564559,-0.0020385961645923876
0,0,1,MLP-R,7,X,0.001929006,0.998033108,0.3525554464632647,1.6218009113564864,7.6233871747377615e-06
0,0,1,MLP-R,7,W1,0.043291171,0.955858583,0.2799307868736999,1.6687808161261874,-0.0001110762238045182
0,0,1,MLP-R,7,W2,0.068906783,0.929739876,0.22458665721884943,1.5891485106625782,0.0005140449733786912
0,0,1,MLR,8,X,0.002077025,0.997860254,0.4151646999226356,1.4776006593462392,-3.3964202694747314e-07
0,0,1,MLR,8,W1,0.042741339,0.955967992,0.34262922561440956,1.4799984520425988,2.3186773425498685e-06
0,0,1,MLR,8,W2,0.084415955,0.913034919,0.2586843802188065,1.5054065263880676,0.0
0,0,1,SVR,8,X,0.003257932,0.996643687,0.41169736123961,1.4701208794520522,-0.0005104295468730813
0,0,1,SVR,8,W1,0.045263776,0.953369385,0.3392238210537628,1.4703547816180067,0.0002840268766687748
0,0,1,SVR,8,W2,0.083012631,0.91448062,0.25415783554530613,1.5390131494540253,5.406740869795535e-07
0,0,1,RF-R,8,X,0.020154989,0.979236387,0.3778020930263502,1.3674736635995741,-0.0014541365928128157
0,0,1,RF-R,8,W1,0.05941525,0.938790576,0.2969440635988921,1.4240480340868775,-0.00020605414179459826
0,0,1,RF-R,8,W2,0.112191594,0.884420533,0.2327488052970157,1.3888797052079465,-0.00535994668578611
0,0,1,XGBoost-R,8,X,0.004347598,0.994050671,0.40552995167885425,1.4739472631621837,-0.0002796987633157166
0,0,1,XGBoost-R,8,W1,0.045673095,0.944294496,0.3310381322919492,1.4798703412377319,0.003108705802580436
0,0,1,XGBoost-R,8,W2,0.091283084,0.885335198,0.2593463939897499,1.513763967248556,-0.00010451087637740608
0,0,1,MLP-R,8,X,0.00209118,0.997845672,0.4153834578779533,1.477094398258906,-2.2163339896463795e-06
0,0,1,MLP-R,8,W1,0.042737974,0.955971458,0.3425570569574707,1.4800725395453704,2.4582654682525627e-06
0,0,1,MLP-R,8,W2,0.084324632,0.913129,0.2608353375733269,1.5074799617907373,0.00209648731686356
0,0,1,MLR,9,X,0.001864681,0.998016527,0.41112729735010883,1.476709383007629,-1.3319262262900811e-05
0,0,1,MLR,9,W1,0.04077156,0.956631015,0.3291918954162815,1.4547068872569568,0.0
0,0,1,MLR,9,W2,0.072860659,0.922497622,0.26064624739314546,1.5260507527871403,3.549682560599621e-05
0,0,1,SVR,9,X,0.001870695,0.998010129,0.4111035666733408,1.4759476398178317,-1.28956432063565e-05
0,0,1,SVR,9,W1,0.040701963,0.956705045,0.32990749771147165,1.4608964690893071,-2.2526368469155677e-05
0,0,1,SVR,9,W2,0.072469779,0.922913404,0.264272632154284,1.5384925632585003,3.470820499432703e-05
0,0,1,RF-R,9,X,0.019760559,0.978980559,0.3714517885636665,1.3731119333289172,-0.000468715754222937
0,0,1,RF-R,9,W1,0.060922225,0.935196615,0.30070050135891585,1.3552666629891528,-0.0012160882001201467
0,0,1,RF-R,9,W2,0.098600547,0.895117928,0.2380045694688387,1.4297645486545225,-0.003214990404098894
0,0,1,XGBoost-R,9,X,0.003832895,0.993580313,0.4035329046261544,1.4711840256148858,0.00031842696649843073
0,0,1,XGBoost-R,9,W1,0.045849225,0.94189478,0.3311240601008225,1.4536128285199008,0.0025033221983445375
0,0,1,XGBoost-R,9,W2,0.079254968,0.891392958,0.26129733926700566,1.5180097248251294,-0.0057322607946155065
0,0,1,MLP-R,9,X,0.001864777,0.998016424,0.41102814421715933,1.4767736166588534,-1.217315414756559e-05
0,0,1,MLP-R,9,W1,0.040718451,0.956687507,0.3275454352437059,1.4632572540000919,2.0392274625857798e-05
0,0,1,MLP-R,9,W2,0.072488968,0.922892992,0.2619203454338848,1.537114120838741,0.00028545097408430033
0,0,1,MLR,10,X,0.002289279,0.997815383,0.3673240907351334,1.697748664724775,0.0
0,0,1,MLR,10,W1,0.048934688,0.953302518,0.2774817039143981,1.7263385162028069,1.32308122430147e-05
0,0,1,MLR,10,W2,0.084309533,0.919544947,0.21388137165013163,1.7006745327761164,-0.00028570218133845416
0,0,1,SVR,10,X,0.002288544,0.997816084,0.3675611787820421,1.6972600152875643,-1.0133348444796298e-07
0,0,1,SVR,10,W1,0.048880094,0.953354616,0.27559151641569546,1.7272127649535567,6.1760233372532e-05
0,0,1,SVR,10,W2,0.084335839,0.919519844,0.21808154692720588,1.700586954305794,-0.00010848381753642
0,0,1,RF-R,10,X,0.023813662,0.977275055,0.324997851883151,1.5524323048618558,-0.0018825439152377443
0,0,1,RF-R,10,W1,0.075366966,0.928078676,0.24839725700480136,1.5864415734714197,-0.0013241273866272496
0,0,1,RF-R,10,W2,0.108445912,0.89651204,0.1927080064045586,1.578294378676076,-0.001346446823871994
0,0,1,XGBoost-R,10,X,0.004994939,0.990997161,0.3617755667140236,1.680946222319784,-0.00026868770244045106
0,0,1,XGBoost-R,10,W1,0.053476664,0.933977898,0.26709275410220734,1.7174626927793324,-0.005924981723457267
0,0,1,XGBoost-R,10,W2,0.087460077,0.898341596,0.21059963472323115,1.7262862125237075,-0.0005894993802618819
0,0,1,MLP-R,10,X,0.002290389,0.997814323,0.36741457611732137,1.6976386098228495,1.1805374315887462e-07
0,0,1,MLP-R,10,W1,0.048764615,0.953464815,0.27947814399365994,1.7311360323299652,7.918584026698206e-05
0,0,1,MLP-R,10,W2,0.084378159,0.919479459,0.21764180855835896,1.710199756202488,-0.00026113828896587863
0,0,2,MLR,1,X,0.001077038,0.99893283,0.9394677984879077,0.9678935825901785,5.940253196334844e-06
0,0,2,MLR,1,W1,0.107482701,0.893502046,0.7552560818719768,0.9693711356667878,0.0003800017448103432
0,0,2,MLR,1,W2,0.169181,0.832369022,0.5843029198466818,1.010365676416195,0.0
0,0,2,SVR,1,X,0.002117467,0.997901933,0.9318465816399405,0.957493172768077,-0.00015028293668124527
0,0,2,SVR,1,W1,0.10715524,0.893826508,0.7445455055044026,0.9720702316726634,0.0005680063532249813
0,0,2,SVR,1,W2,0.170158844,0.831400137,0.5810124881145198,0.9994576277461593,0.00042202860911974007
0,0,2,RF-R,1,X,0.022910346,0.977299556,0.851166280230187,0.8680037368908462,-0.0006658539743297331
0,0,2,RF-R,1,W1,0.136748062,0.864504813,0.6818926658618648,0.8845275521812495,0.0013198076984586638
0,0,2,RF-R,1,W2,0.192555435,0.809208742,0.549689763207023,0.9351020387983876,0.0054800103132816025
0,0,2,XGBoost-R,1,X,0.003330055,0.994555698,0.9313577941276738,0.9581450710444223,0.0002159074959023677
0,0,2,XGBoost-R,1,W1,0.113854971,0.848976592,0.7339795499039605,0.9415805103426967,-0.005239000433887498
0,0,2,XGBoost-R,1,W2,0.168481027,0.789656477,0.5980571171373781,0.9988765282784373,0.006524991390102874
0,0,2,MLP-R,1,X,0.001075918,0.998933939,0.9391424877668978,0.9676480190944424,6.336709856347156e-06
0,0,2,MLP-R,1,W1,0.107104881,0.893876405,0.7562692274995524,0.9692860822076037,0.0004809565220948442
0,0,2,MLP-R,1,W2,0.165735707,0.83578275,0.5997730099262972,1.0143486943454039,0.0050071262377561765
0,0,2,MLR,2,X,0.001098159,0.99889862,0.9120898392278731,1.015161559330441,-2.9006961683730736e-06
0,0,2,MLR,2,W1,0.09566242,0.904056946,0.7297876778158549,1.0359444777007056,-0.00016230670575702045
0,0,2,MLR,2,W2,0.162846208,0.836676069,0.5703843989018906,1.0628432405929895,0.0002492067350014504
0,0,2,SVR,2,X,0.001101035,0.998895735,0.9125168092938036,1.0152502295681975,-4.620364908025642e-06
0,0,2,SVR,2,W1,0.095542297,0.904177421,0.7219019520736436,1.0292836481948873,-6.755814846591824e-05
0,0,2,SVR,2,W2,0.16273157,0.836791043,0.5768277471069807,1.0810843152000715,0.00043927600930384616
0,0,2,RF-R,2,X,0.022803877,0.977129226,0.8354559015359471,0.9178566327648202,0.0016942309851375125
0,0,2,RF-R,2,W1,0.122173238,0.877468357,0.6731984493231247,0.9400383456297543,0.001972356338266179
0,0,2,RF-R,2,W2,0.199429673,0.799985283,0.526012405698793,0.9685074604636329,-0.002838930690069896
0,0,2,XGBoost-R,2,X,0.002974057,0.993173914,0.9023261542063434,1.0056147656194,0.00020445685846738338
0,0,2,XGBoost-R,2,W1,0.09952753,0.866108004,0.721294078921777,1.0380577130563062,-0.00047217781327257846
0,0,2,XGBoost-R,2,W2,0.179391824,0.76789686,0.5597246842017515,1.0340644562570982,-0.0021952678696064765
0,0,2,MLP-R,2,X,0.00109786,0.998898919,0.9119681745155731,1.015305938275891,-2.5340185033306818e-06
0,0,2,MLP-R,2,W1,0.095782103,0.903936912,0.7285901054038717,1.0319440554684145,-0.00012072611465060445
0,0,2,MLP-R,2,W2,0.162680327,0.836842436,0.5714200029799616,1.064207055135192,0.0004423467498131495
0,0,2,MLR,3,X,0.001256572,0.998639963,1.1111493863640125,0.9546600771156195,1.0713429385855732e-07
0,0,2,MLR,3,W1,0.098387218,0.89351168,0.880607841215393,0.9615605956003088,-0.00019692302216245405
0,0,2,MLR,3,W2,0.194428208,0.789562774,0.651244817212921,0.956103045465694,3.252624018539319e-05
0,0,2,SVR,3,X,0.017558931,0.980995285,0.985737988080516,0.7981468452965984,0.0009194513349106259
0,0,2,SVR,3,W1,0.098308747,0.893596612,0.8816088346688101,0.9632143133031498,-0.00010828444131993908
0,0,2,SVR,3,W2,0.193925255,0.79010714,0.649103631309781,0.965960150204482,-1.4545153386225085e-05
0,0,2,RF-R,3,X,0.032094919,0.965262419,0.9630750882493844,0.8693135064372696,0.0009018889283490039
0,0,2,RF-R,3,W1,0.132431831,0.856663869,0.7729392673589703,0.8741606181868589,0.0010663235820628115
0,0,2,RF-R,3,W2,0.235959044,0.744612332,0.5710719161336055,0.8627817103841086,-0.005054902952104224
0,0,2,XGBoost-R,3,X,0.003972945,0.990623558,1.088527656391957,0.9460086960689802,-0.00023954168803729247
0,0,2,XGBoost-R,3,W1,0.107995058,0.852056475,0.8479087273477841,0.9741377663839726,-0.0027178304876408154
0,0,2,XGBoost-R,3,W2,0.207163188,0.711263201,0.6227249890125318,0.9592448505437178,-0.007036702823257912
0,0,2,MLP-R,3,X,0.001256775,0.998639743,1.111011034255807,0.9545043001810788,3.001287773862771e-08
0,0,2,MLP-R,3,W1,0.098440618,0.893453883,0.8806580657940414,0.960805686719208,-0.00017701535416759785
0,0,2,MLP-R,3,W2,0.194416957,0.789574952,0.6512490098359397,0.95966157305909,4.2412300826888404e-05
0,0,2,MLR,4,X,0.001301506,0.998764658,1.0116850970138997,0.9941169876872037,4.793791734836184e-06
0,0,2,MLR,4,W1,0.111499505,0.894168726,0.7870696856905335,1.0044403822420056,-1.0660180734101133e-05
0,0,2,MLR,4,W2,0.156365307,0.851583739,0.6856066525764097,0.951791685123229,0.0
0,0,2,SVR,4,X,0.002870552,0.997275376,1.0030530117047456,0.9883540886351214,-0.000544971482787715
0,0,2,SVR,4,W1,0.111386482,0.894276004,0.7916951434629891,1.0075728576505036,2.2070178823518917e-05
0,0,2,SVR,4,W2,0.156272413,0.85167191,0.6889586634081921,0.9545878548377544,-3.0012658828837412e-05
0,0,2,RF-R,4,X,0.021427966,0.979661354,0.9132713876141352,0.9032563515717958,-4.368394412621601e-05
0,0,2,RF-R,4,W1,0.135853868,0.871052451,0.70406136921856,0.9046729863695264,-0.0013742029523033828
0,0,2,RF-R,4,W2,0.189329992,0.820294859,0.6172860167882768,0.8549022766539224,-0.0005632154891840214
0,0,2,XGBoost-R,4,X,0.002946091,0.993551285,0.9958815157189076,0.9791513601789061,0.00027800867549057087
0,0,2,XGBoost-R,4,W1,0.1176531,0.858459115,0.7656210360448934,0.9935676807388653,-0.003652479847695489
0,0,2,XGBoost-R,4,W2,0.164111987,0.801853039,0.6716418060791484,0.9353693171284554,0.0019853846664946604
0,0,2,MLP-R,4,X,0.0012986,0.998767416,1.0128075564184111,0.993916124195678,6.490871888398253e-06
0,0,2,MLP-R,4,W1,0.111307602,0.894350873,0.8091642458199276,1.0009629312234085,4.272401469525011e-05
0,0,2,MLP-R,4,W2,0.155915481,0.852010698,0.6937555579419735,0.9471911504857606,6.185330805190681e-05
0,0,2,MLR,5,X,0.001533993,0.99844986,1.0943079104410713,1.0400521191550456,0.0
0,0,2,MLR,5,W1,0.116841927,0.881928231,0.8152875105481551,1.0001241442590687,0.0
0,0,2,MLR,5,W2,0.181886673,0.816198843,0.7074893585433959,0.9869410357342968,0.0
0,0,2,SVR,5,X,0.001861278,0.998119131,1.116283378966497,1.0425436108903254,-9.278752920449662e-08
0,0,2,SVR,5,W1,0.116609425,0.88216318,0.8212941891495724,0.9934143837213639,-0.000266315169007969
0,0,2,SVR,5,W2,0.183223305,0.814848142,0.7323324411860797,0.9835256525305777,-0.0008143262927961525
0,0,2,RF-R,5,X,0.027842352,0.971864588,0.9552403966863897,0.9274203459147383,0.0004225899578407577
0,0,2,RF-R,5,W1,0.145042275,0.853431054,0.7355472315061004,0.8932862437891158,-0.0017884537947678969
0,0,2,RF-R,5,W2,0.217798191,0.779909331,0.604471619606643,0.8458894601304138,-0.0009399721260846316
0,0,2,XGBoost-R,5,X,0.004729027,0.991995943,1.0681535460423688,1.0138099601532873,0.00010139752444827676
0,0,2,XGBoost-R,5,W1,0.122710855,0.846468231,0.8076878287889858,0.992081932978641,-0.00037935806084524735
0,0,2,XGBoost-R,5,W2,0.197626951,0.722234279,0.6752936148406061,0.9436522810257222,-0.018804250380132437
0,0,2,MLP-R,5,X,0.001522922,0.998461048,1.0938337912333966,1.038281905638081,1.3347984824407799e-05
0,0,2,MLP-R,5,W1,0.117348958,0.881415862,0.8159302040602491,0.9996389068808735,-0.0003792909528368638
0,0,2,MLP-R,5,W2,0.183890653,0.81417377,0.7104362814206094,0.9859986504339219,-0.0008951400807573395
0,0,2,MLR,6,X,0.001181783,0.99882296,1.0236804388517722,0.9675714059408593,0.0
0,0,2,MLR,6,W1,0.096664901,0.903723089,0.82427943914108,0.9721360644974639,-7.970661784917343e-06
0,0,2,MLR,6,W2,0.171271072,0.82941637,0.6624954247251642,0.9218018958907648,-0.0011940511712619228
0,0,2,SVR,6,X,0.001180272,0.998824466,1.0233899263050197,0.9683332804150527,-2.9597352998456115e-07
0,0,2,SVR,6,W1,0.096649841,0.90373809,0.8206905251710787,0.9637469312846653,4.103770032330978e-05
0,0,2,SVR,6,W2,0.16961155,0.831069232,0.6735609193947414,0.9218631284782631,-0.00028223177775572595
0,0,2,RF-R,6,X,0.027663172,0.972447862,0.9147721723579039,0.8708859793496829,0.0014630876262462956
0,0,2,RF-R,6,W1,0.126068182,0.874437827,0.7349742620409175,0.8814761428483152,0.000767855191065514
0,0,2,RF-R,6,W2,0.210654623,0.790190896,0.5986260838145372,0.8131351633497601,0.004072572110786388
0,0,2,XGBoost-R,6,X,0.004977331,0.990433119,0.99653140174849,0.9560283282087576,8.720297632481832e-05
0,0,2,XGBoost-R,6,W1,0.105850361,0.86499361,0.7959671654445482,0.9742089967396483,0.004365018090552763
0,0,2,XGBoost-R,6,W2,0.189658981,0.745939904,0.6516109412061545,0.8883151575621394,-0.0054616283133076095
0,0,2,MLP-R,6,X,0.00118181,0.998822933,1.02328299253993,0.9677980029266182,-1.7209898141024026e-07
0,0,2,MLP-R,6,W1,0.096663718,0.903724268,0.8243943499905779,0.9721646094413163,3.4409067712593e-05
0,0,2,MLP-R,6,W2,0.170272279,0.830411154,0.6609185602008808,0.9119891102520219,0.0016713201416499567
0,0,2,MLR,7,X,0.001199935,0.998909741,1.0337914309369776,0.9088904846817151,4.258421999137063e-07
0,0,2,MLR,7,W1,0.102886368,0.906517596,0.8127579377280278,0.9368841136825093,-5.0698281366412524e-05
0,0,2,MLR,7,W2,0.195691065,0.822195383,0.6150955572025921,0.9151907539071524,-0.0002708513592665551
0,0,2,SVR,7,X,0.001196922,0.998912478,1.0325150981266964,0.908803010780922,1.7372054694320127e-06
0,0,2,SVR,7,W1,0.102846494,0.906553824,0.8101818191020469,0.9444041693364088,-4.637049682613137e-05
0,0,2,SVR,7,W2,0.193606552,0.824089367,0.6527687413392671,0.9188132020153661,0.0004923773280142929
0,0,2,RF-R,7,X,0.02857474,0.974037033,0.9331141501968849,0.8047111678354518,0.001466004629803519
0,0,2,RF-R,7,W1,0.144627364,0.868591787,0.7267714582159581,0.8494119493939778,-0.0002366985097379315
0,0,2,RF-R,7,W2,0.223753976,0.796697462,0.5651642411017328,0.8202204959764327,0.006036753373501136
0,0,2,XGBoost-R,7,X,0.003284645,0.992475477,1.0335807584346404,0.8961053579842881,-0.00022119665078501605
0,0,2,XGBoost-R,7,W1,0.115035027,0.860888843,0.7910335295445479,0.9233920608430752,-0.0002677279980655034
0,0,2,XGBoost-R,7,W2,0.205504126,0.774505705,0.5975072355483737,0.8743879712955127,0.005621273745219768
0,0,2,MLP-R,7,X,0.001196832,0.99891256,1.032037378386678,0.9095907031379532,-5.441825248708731e-06
0,0,2,MLP-R,7,W1,0.103035234,0.906382335,0.8129190958038629,0.9367287601207377,-5.089683712532489e-05
0,0,2,MLP-R,7,W2,0.195685743,0.822200218,0.61515007624408,0.915258771384055,-0.00027089491184821845
0,0,2,MLR,8,X,0.001296201,0.998681051,1.0126745778618882,1.1045180163711747,1.5546109618402859e-06
0,0,2,MLR,8,W1,0.123372864,0.874462007,0.7662084512507727,1.1030851610501693,3.1758105614843046e-05
0,0,2,MLR,8,W2,0.182905167,0.813884943,0.6529340423591474,1.106539748804652,-0.000333435093487644
0,0,2,SVR,8,X,0.002574617,0.9973802,1.0006677033930735,1.0934281206160943,-0.0001248181925450176
0,0,2,SVR,8,W1,0.123228451,0.874608955,0.773658848610336,1.0937383945673047,1.4963469553852527e-05
0,0,2,SVR,8,W2,0.182460917,0.81433699,0.6557612982637936,1.1033402477808578,-2.3502826696408798e-05
0,0,2,RF-R,8,X,0.022878107,0.976720394,0.8951763757130085,0.9842562135002307,0.0003661418901252267
0,0,2,RF-R,8,W1,0.151669,0.845669289,0.683109379146509,0.9846560345202688,-0.0004084078174272698
0,0,2,RF-R,8,W2,0.213992782,0.782251757,0.5701785185224172,0.9986696805547585,-0.005949026467692797
0,0,2,XGBoost-R,8,X,0.003715485,0.993343739,0.9913410047427023,1.0876401198788024,5.37471237872511e-06
0,0,2,XGBoost-R,8,W1,0.132028893,0.838557042,0.7658414393265363,1.0826299570882494,0.0012898773417308828
0,0,2,XGBoost-R,8,W2,0.191807461,0.744879276,0.6359880080988288,1.116532680765545,-0.007984006454172809
0,0,2,MLP-R,8,X,0.001296611,0.998680635,1.012862532614519,1.1044850019111636,1.8438657560904126e-06
0,0,2,MLP-R,8,W1,0.123290878,0.874545432,0.7660010647762934,1.0967335064162376,0.00018686653721428081
0,0,2,MLP-R,8,W2,0.182702724,0.814090939,0.6506993033323278,1.1091199784657553,-0.0002197885965025348
0,0,2,MLR,9,X,0.001219856,0.998707997,1.0793376836614774,0.9814153436053316,4.865814637877719e-08
0,0,2,MLR,9,W1,0.115255974,0.87792733,0.8341361131735716,0.9985892684505849,-0.00034551482392066737
0,0,2,MLR,9,W2,0.168499172,0.821535118,0.6990660081159635,0.9668677922781003,-0.0003032047948442806
0,0,2,SVR,9,X,0.001268489,0.998656488,1.0875951543092683,0.9844106822960772,1.2282272302099884e-06
0,0,2,SVR,9,W1,0.114989883,0.878209158,0.842945736242308,1.001526589334009,-0.00015188663588792118
0,0,2,SVR,9,W2,0.167338894,0.82276402,0.7022950898132666,0.9628931587982021,-8.722509135817846e-05
0,0,2,RF-R,9,X,0.0169386,0.982059584,0.9806381784351306,0.900902620593308,0.00018416273928386628
0,0,2,RF-R,9,W1,0.142534159,0.849035804,0.7455505734412254,0.9073781730871648,-0.002381059274824293
0,0,2,RF-R,9,W2,0.20246653,0.785558795,0.6413362824717705,0.874607362347124,-0.0018951638255702897
0,0,2,XGBoost-R,9,X,0.002882955,0.99382667,1.0757936129030097,0.979093060895152,0.00014550603769022396
0,0,2,XGBoost-R,9,W1,0.125237852,0.834904814,0.8224595371909083,0.9918251926755973,-0.0017016892117341586
0,0,2,XGBoost-R,9,W2,0.183530465,0.741557683,0.6718069894277872,0.9422080420093838,-0.0006491444474287733
0,0,2,MLP-R,9,X,0.001221813,0.998705924,1.0792749229745078,0.9812617888037322,3.3581710623398206e-08
0,0,2,MLP-R,9,W1,0.115249135,0.877934573,0.8341278652008954,0.9986507088633158,-0.00034066354917298145
0,0,2,MLP-R,9,W2,0.168412259,0.821627171,0.698958325789829,0.9479734493696578,0.001493964275025328
0,0,2,MLR,10,X,0.001403636,0.998656605,0.9502988133679008,0.9484618355034808,2.3905380479583017e-07
0,0,2,MLR,10,W1,0.094485792,0.909569317,0.746083431176211,0.9802728705985293,-6.797134278536676e-05
0,0,2,MLR,10,W2,0.185270113,0.822681247,0.6053119952810165,0.9710178486922137,8.953157855235982e-05
0,0,2,SVR,10,X,0.001402441,0.998657748,0.9491350934443237,0.9484890630199111,3.774982011983674e-07
0,0,2,SVR,10,W1,0.094068987,0.909968234,0.751013418437984,0.983609903309709,-4.3008668031196965e-06
0,0,2,SVR,10,W2,0.185325921,0.822627833,0.597959976828929,0.9672130308037807,8.16163339596998e-05
0,0,2,RF-R,10,X,0.025947435,0.975166168,0.8583366815628626,0.8648298863295463,0.0013411526168333522
0,0,2,RF-R,10,W1,0.127759949,0.877723209,0.6793358784445414,0.8982626916587806,0.006752573048333699
0,0,2,RF-R,10,W2,0.215551819,0.793699161,0.5570049412072459,0.8855463842126505,0.008329705225103623
0,0,2,XGBoost-R,10,X,0.003344966,0.992734738,0.937315245682019,0.9472085336246258,6.0467355213778e-05
0,0,2,XGBoost-R,10,W1,0.103488654,0.872772344,0.744010246189212,0.98986216327087,0.007639856061804329
0,0,2,XGBoost-R,10,W2,0.202663822,0.748614436,0.5994624827651119,0.9451230907735072,0.0020112946769689334
0,0,2,MLP-R,10,X,0.001400327,0.998659771,0.9436504272002602,0.9506275993147142,1.5655057167052177e-06
0,0,2,MLP-R,10,W1,0.094566342,0.909492224,0.746024365005341,0.9803404798375421,-6.817775718039875e-05
0,0,2,MLP-R,10,W2,0.185115275,0.822829439,0.6071135142139681,0.9752306952268341,4.229266543205323e-05
0,1,0,MLR,1,X,0.002030699,0.997884661,1.8201779645864964,0.36903327158778876,0.0
0,1,0,MLR,1,W1,0.138870228,0.855341653,1.4727676830134386,0.38854700872195824,0.0002501710388387535
0,1,0,MLR,1,W2,0.268345909,0.720469417,1.2154426279219919,0.37336861872835125,0.0
0,1,0,SVR,1,X,0.002034529,0.997880672,1.8200241313044956,0.37057428582808544,-3.650515547848343e-07
0,1,0,SVR,1,W1,0.138500824,0.855726453,1.4815555438173387,0.3817662202723996,0.0005848870990778244
0,1,0,SVR,1,W2,0.268003734,0.720825854,1.2373556264901644,0.3788031023775868,-0.00015872400805112542
0,1,0,RF-R,1,X,0.023469278,0.975552521,1.6526288280640309,0.3249969051005115,0.0016687113348217487
0,1,0,RF-R,1,W1,0.159320388,0.834039129,1.3417108028555647,0.35092816611943284,0.009795026429386112
0,1,0,RF-R,1,W2,0.30341904,0.683934436,1.0887460007470455,0.3373088255040508,-0.003589079399471806
0,1,0,XGBoost-R,1,X,0.007449604,0.986882385,1.7861039170214241,0.3568905843115171,0.0002512054039305989
0,1,0,XGBoost-R,1,W1,0.14370393,0.806538834,1.4324667294790225,0.38612713715955355,0.01645790625078166
0,1,0,XGBoost-R,1,W2,0.283285813,0.620253074,1.2003491997810911,0.38349626599048703,-0.017809557326438696
0,1,0,MLP-R,1,X,0.002035208,0.997879964,1.8197748590937397,0.36981399920131314,2.093523298497546e-05
0,1,0,MLP-R,1,W1,0.138772211,0.855443755,1.4771989337866105,0.3890270893436525,0.00027302335501145915
0,1,0,MLP-R,1,W2,0.268232724,0.72058732,1.2193499904003686,0.36714083713999585,-0.00028967027264286126
0,1,0,MLR,2,X,0.001829022,0.998111713,1.5933315790462863,0.4230702006972292,0.0
0,1,0,MLR,2,W1,0.167429185,0.827145725,1.2022684802504329,0.42702590932114665,0.0
0,1,0,MLR,2,W2,0.307376962,0.682663318,0.9248892855670421,0.4346193014995567,0.0
0,1,0,SVR,2,X,0.001828995,0.998111741,1.5943125384437224,0.42259734895291856,1.7756890706932539e-06
0,1,0,SVR,2,W1,0.166773097,0.827823071,1.20919665232258,0.4340954765872871,-0.0002405046855222692
0,1,0,SVR,2,W2,0.307013641,0.683038412,0.9338963848987671,0.43203287524107264,0.0002155119824873153
0,1,0,RF-R,2,X,0.021228068,0.978084094,1.4644905355892734,0.38275727391904624,-0.0006070076621772724
0,1,0,RF-R,2,W1,0.196889986,0.796730327,1.1208117454847326,0.3914725245767568,-0.0018061865715986336
0,1,0,RF-R,2,W2,0.35130955,0.637307214,0.8739075793752363,0.3846625248124466,-0.0029393270680174166
0,1,0,XGBoost-R,2,X,0.004479783,0.992194715,1.5737741734601296,0.4228724984282687,7.774415945533963e-05
0,1,0,XGBoost-R,2,W1,0.175418971,0.775513162,1.17871987858876,0.4373578412128253,0.006243061659411753
0,1,0,XGBoost-R,2,W2,0.327312441,0.588638922,0.9581136296956483,0.42418553375304013,0.008187571684123152
0,1,0,MLP-R,2,X,0.00183109,0.998109578,1.593836367278546,0.42278796678390507,-1.4920502705573213e-06
0,1,0,MLP-R,2,W1,0.167909954,0.826649378,1.211068194085781,0.42825435451731664,-0.00039380689203099005
0,1,0,MLP-R,2,W2,0.308565158,0.681436622,0.9335650149478012,0.4329706945478127,-0.000812290630729251
0,1,0,MLR,3,X,0.002097749,0.997757754,1.5412892192946228,0.45747105437446905,1.0119235844818775e-06
0,1,0,MLR,3,W1,0.166984286,0.821513488,1.1849672065383117,0.4555330515195795,0.000465503597622452
0,1,0,MLR,3,W2,0.293223935,0.686578188,0.9415120001710335,0.46636925854078715,7.91382221210668e-05
0,1,0,SVR,3,X,0.002100435,0.997754882,1.5417250431046123,0.45692344472763774,1.3903063501574664e-06
0,1,0,SVR,3,W1,0.166596597,0.821927882,1.1923171425935915,0.45292955584103956,0.0004452697057949817
0,1,0,SVR,3,W2,0.292713698,0.687123572,0.9404051342351574,0.47837345376943174,0.0002426202286338719
0,1,0,RF-R,3,X,0.020335015,0.978264267,1.4122865273683753,0.4110930216937672,-0.0022820763667019016
0,1,0,RF-R,3,W1,0.19766442,0.788720043,1.091191667520105,0.40470938754900165,-0.006782160058763187
0,1,0,RF-R,3,W2,0.326582265,0.650922067,0.8303531322447038,0.40776267440305586,-0.004313931945637473
0,1,0,XGBoost-R,3,X,0.004741353,0.991745445,1.5312666352003859,0.44607477527167977,-0.00018528466976438506
0,1,0,XGBoost-R,3,W1,0.177973406,0.75568312,1.1641393298701135,0.45070060585013605,-0.006845813854437233
0,1,0,XGBoost-R,3,W2,0.303207076,0.548208985,0.895349180041001,0.4360659249331196,-0.012617452834930177
0,1,0,MLP-R,3,X,0.002092949,0.997762885,1.5412036864895724,0.45710465999625666,5.935874202855906e-06
0,1,0,MLP-R,3,W1,0.166770636,0.821741855,1.1881449584420312,0.4547423283129601,0.0007860645533120825
0,1,0,MLP-R,3,W2,0.29268456,0.687154717,0.9449803039288414,0.46958908949393735,-3.171278703338887e-05
0,1,0,MLR,4,X,0.002207973,0.997707294,1.5190500381785488,0.4350517108795155,1.013561468882207e-05
0,1,0,MLR,4,W1,0.157524876,0.836429971,1.2312975192195743,0.4220307931556997,0.00038291478994131325
0,1,0,MLR,4,W2,0.288409939,0.70052208,0.9332733168640459,0.41176214578077525,0.0
0,1,0,SVR,4,X,0.00219746,0.99771821,1.5183982138889551,0.43451406531554193,1.8038049273649826e-05
0,1,0,SVR,4,W1,0.156494977,0.837499393,1.1745761453195194,0.4239255230233641,0.0018596155785668643
0,1,0,SVR,4,W2,0.286007029,0.703017204,0.9299094482439951,0.44526255471135345,0.0009921631321619718
0,1,0,RF-R,4,X,0.027598463,0.971342423,1.3689223543601254,0.38174271050660097,0.0008584010619634541
0,1,0,RF-R,4,W1,0.179932539,0.813162394,1.1074801114543837,0.37553698436905913,0.001638095272255169
0,1,0,RF-R,4,W2,0.325213884,0.662305752,0.8384165237300222,0.362902620996951,0.0009274849370399463
0,1,0,XGBoost-R,4,X,0.008282025,0.989360115,1.4877603735961493,0.4228957462159483,7.677210668591839e-05
0,1,0,XGBoost-R,4,W1,0.168192171,0.766180942,1.1856734302362728,0.40985970737477,-0.0033337593808767663
0,1,0,XGBoost-R,4,W2,0.298319754,0.589501571,0.9115487062134766,0.41290409500637953,-0.016843638000597815
0,1,0,MLP-R,4,X,0.002203674,0.997711758,1.519012850108,0.43400616172447515,5.891593528928318e-06
0,1,0,MLP-R,4,W1,0.157219316,0.836747257,1.2272165880813684,0.42188178807748217,0.0009433686128801022
0,1,0,MLP-R,4,W2,0.287981281,0.700967188,0.9324504129026925,0.4159700734589327,6.045892027675137e-05
0,1,0,MLR,5,X,0.002051639,0.997925979,1.6190881558542802,0.4279881125191019,0.0
0,1,0,MLR,5,W1,0.1699641,0.828181708,1.3028392058282066,0.447542306943464,-0.0002275824316241404
0,1,0,MLR,5,W2,0.28201837,0.714905002,1.1342061052417145,0.4143458473457377,-0.00015167758443234146
0,1,0,SVR,5,X,0.002050187,0.997927447,1.6188992216288844,0.42880445043655807,7.661975529071885e-06
0,1,0,SVR,5,W1,0.168924255,0.829232897,1.3150513977804088,0.4692665108042958,-0.00012661586928301992
0,1,0,SVR,5,W2,0.281539652,0.715388942,1.1283563833799295,0.4191206203327515,-0.00013513196283764238
0,1,0,RF-R,5,X,0.020586866,0.979188545,1.495839872973779,0.37669148352041887,0.0012663335270375886
0,1,0,RF-R,5,W1,0.198649368,0.799183503,1.1908228185612082,0.39757107252118173,-0.0011665087247549554
0,1,0,RF-R,5,W2,0.30534924,0.691319608,0.9974185053391368,0.36478088140061565,0.006383989225835951
0,1,0,XGBoost-R,5,X,0.00512423,0.99343915,1.6230096009010306,0.42137625524609346,0.0003243720437873798
0,1,0,XGBoost-R,5,W1,0.183633033,0.778481862,1.300979116810964,0.44416543990865315,0.0009205183315272425
0,1,0,XGBoost-R,5,W2,0.294679784,0.612333534,1.1247362554716926,0.40793786184349984,0.009865425766429469
0,1,0,MLP-R,5,X,0.002054502,0.997923085,1.619032019722352,0.4276800139512821,7.620693495757891e-06
0,1,0,MLP-R,5,W1,0.169608063,0.828541629,1.2996558135479326,0.4467209648574676,-0.00024189512709430483
0,1,0,MLP-R,5,W2,0.281863476,0.715061586,1.1267956570133122,0.415089237899922,-0.00012635843396076042
0,1,0,MLR,6,X,0.002044726,0.998022282,1.5203788370549698,0.38667776300056744,2.836844146925088e-07
0,1,0,MLR,6,W1,0.169534486,0.836021354,1.164097250528839,0.37238521403599567,4.9261187128446515e-05
0,1,0,MLR,6,W2,0.289881705,0.719618052,0.9552284738334749,0.39908304936210603,-6.963009159718369e-05
0,1,0,SVR,6,X,0.00204267,0.99802427,1.5200626101176495,0.38616333175483486,7.126501613829994e-07
0,1,0,SVR,6,W1,0.169463692,0.836089828,1.1764289983286003,0.3771372062890757,-2.5798233171792085e-05
0,1,0,SVR,6,W2,0.289202624,0.720274879,0.9728242397261798,0.3947537293300598,0.0003190858957279885
0,1,0,RF-R,6,X,0.031871107,0.969173346,1.3745221992029648,0.34353345311412814,-0.003164968269265733
0,1,0,RF-R,6,W1,0.205442926,0.801289675,1.0664732639476049,0.33863696277400235,-0.00657989762191119
0,1,0,RF-R,6,W2,0.317772516,0.692641255,0.8620409015724869,0.35095166496744484,0.003098977884036835
0,1,0,XGBoost-R,6,X,0.004497022,0.993141957,1.524373423635212,0.37990566987876223,-8.468372743475338e-06
0,1,0,XGBoost-R,6,W1,0.179195031,0.783130827,1.1530751622484632,0.3726519844070385,0.0034096512771691566
0,1,0,XGBoost-R,6,W2,0.308375077,0.616203672,0.969971248883321,0.38270878632623273,0.01294537597239619
0,1,0,MLP-R,6,X,0.002044693,0.998022314,1.520410008770369,0.3866566892146818,2.8655645826214384e-07
0,1,0,MLP-R,6,W1,0.169321699,0.836227168,1.1838067436097097,0.3549434524917753,0.00017013746186645974
0,1,0,MLP-R,6,W2,0.29018399,0.719325674,0.9552838288338183,0.3990727635636458,-7.571830468111607e-05
0,1,0,MLR,7,X,0.001977822,0.998104526,1.5829821910832127,0.4148066028274215,-9.345504060576105e-06
0,1,0,MLR,7,W1,0.174127359,0.833122536,1.2147380221200597,0.3752752986265576,0.0023911723385332097
0,1,0,MLR,7,W2,0.282813087,0.728962002,1.0233089465645733,0.4129112215501392,0.0
0,1,0,SVR,7,X,0.001974639,0.998107576,1.5842388975807196,0.4142051453954756,-8.315226078603466e-06
0,1,0,SVR,7,W1,0.173784577,0.833451046,1.227918263984662,0.37797803041835215,0.0017948478431573766
0,1,0,SVR,7,W2,0.282124053,0.729622347,1.0211480185982686,0.41551750751286304,0.0005188314081489232
0,1,0,RF-R,7,X,0.022948858,0.978006631,1.441719115463802,0.3544335263388801,0.0005700669327910135
0,1,0,RF-R,7,W1,0.204760838,0.8037645,1.1152132300017672,0.31737835098969686,0.006548257229855003
0,1,0,RF-R,7,W2,0.32822187,0.68544384,0.9196212020220733,0.34824862251152994,-0.006660406746333847
0,1,0,XGBoost-R,7,X,0.003534316,0.992968496,1.5704494541471885,0.40335294653278825,-0.00019889963660026932
0,1,0,XGBoost-R,7,W1,0.187852633,0.780120772,1.219948555412673,0.37211084679451334,0.009990447277129156
0,1,0,XGBoost-R,7,W2,0.300940726,0.613246796,1.0060038703380314,0.37234276893627644,-0.008240544788478077
0,1,0,MLP-R,7,X,0.001982912,0.998099648,1.5843506198911494,0.4144575114661036,-1.0994871116731809e-05
0,1,0,MLP-R,7,W1,0.1747029,0.832570958,1.2145688904909324,0.37536716784866564,0.002403686860251919
0,1,0,MLP-R,7,W2,0.279625679,0.7320167,1.029804236063256,0.415304915606254,0.003629070042576221
0,1,0,MLR,8,X,0.001777175,0.998153826,1.596780015150463,0.39300548878360575,0.0
0,1,0,MLR,8,W1,0.170920581,0.822443447,1.1861392257727155,0.42933795067398084,-0.00015856031947435455
0,1,0,MLR,8,W2,0.266044444,0.72362641,1.078103871891464,0.4343923818362435,0.0
0,1,0,SVR,8,X,0.001778463,0.998152489,1.5955911319619065,0.3922021970405118,1.247977078233653e-07
0,1,0,SVR,8,W1,0.170544773,0.822833845,1.1959388602431826,0.4161562840221039,0.0006699949346848811
0,1,0,SVR,8,W2,0.265728165,0.723954968,1.077971287310215,0.44131772194853003,-0.0003470625678631767
0,1,0,RF-R,8,X,0.024662102,0.974380395,1.4480900081796633,0.3553044480896727,-0.0003795267562861082
0,1,0,RF-R,8,W1,0.196907289,0.795447808,1.1002367387758265,0.4000070982151149,0.004978202308598567
0,1,0,RF-R,8,W2,0.302586875,0.685665223,0.9389262039660341,0.37877085834721297,0.009351713804157825
0,1,0,XGBoost-R,8,X,0.003544624,0.993044584,1.5930481553766116,0.3862582501109172,-0.00021327660621165423
0,1,0,XGBoost-R,8,W1,0.17933797,0.768554837,1.1378853637094428,0.45177322615476223,0.009646214600574776
0,1,0,XGBoost-R,8,W2,0.286415526,0.629990624,1.0290357816770146,0.42393766564161484,0.01845090496395032
0,1,0,MLP-R,8,X,0.001750508,0.998181528,1.5964713364071788,0.39294830680578496,3.094208093209483e-05
0,1,0,MLP-R,8,W1,0.1702003,0.823191692,1.1940793919081276,0.438949511359407,0.003351266335527359
0,1,0,MLP-R,8,W2,0.264196968,0.725545615,1.0718846718417716,0.4380094959603282,0.006212793550455909
0,1,0,MLR,9,X,0.001808313,0.998162461,1.6920634868730347,0.30078600968808644,0.0
0,1,0,MLR,9,W1,0.158724528,0.838710156,1.3527417583040824,0.31008258278881773,0.000519660275357503
0,1,0,MLR,9,W2,0.279372437,0.716112329,1.1142586847465556,0.3022736732686032,9.794524226411916e-05
0,1,0,SVR,9,X,0.001805295,0.998165528,1.692224487598192,0.301974359516125,-9.500080165869562e-07
0,1,0,SVR,9,W1,0.157896077,0.839551997,1.3646751489327953,0.2984455255222594,0.0008261500104025709
0,1,0,SVR,9,W2,0.278752122,0.71674267,1.1147741383017868,0.29909492777892355,0.0002720511732145381
0,1,0,RF-R,9,X,0.025835951,0.973746487,1.5296278068548355,0.2724704957926559,0.0004232968304494933
0,1,0,RF-R,9,W1,0.191934199,0.804963749,1.2064169033758272,0.2904509600919048,-0.00583429553031044
0,1,0,RF-R,9,W2,0.30350325,0.691591512,1.0178841825775629,0.28817637040277244,0.005749599968594266
0,1,0,XGBoost-R,9,X,0.003862579,0.993383218,1.6806382963574165,0.2963093307604712,-0.00036101449576926293
0,1,0,XGBoost-R,9,W1,0.168024313,0.78407963,1.3255514578969447,0.3088828085858841,-0.002308327941354571
0,1,0,XGBoost-R,9,W2,0.282055696,0.626885086,1.1269419949515938,0.33041085535587716,-0.00015804894389257474
0,1,0,MLP-R,9,X,0.001801995,0.998168881,1.6930947416323234,0.3022491042040591,-4.4805600696529165e-06
0,1,0,MLP-R,9,W1,0.158014235,0.83943193,1.3514075995497996,0.31152794013795826,0.0009137810921756806
0,1,0,MLP-R,9,W2,0.277252166,0.718266868,1.1254448006988933,0.2938835848570135,0.0008717992681173126
0,1,0,MLR,10,X,0.001994348,0.997990773,1.5845647161504848,0.4283619779777167,7.416968668016998e-07
0,1,0,MLR,10,W1,0.145997611,0.852913123,1.3291217043484103,0.4464764322758687,0.00013920435486256544
0,1,0,MLR,10,W2,0.294432525,0.703370758,0.978958244101725,0.45143707884784606,-0.0019057000816923631
0,1,0,SVR,10,X,0.001994743,0.997990374,1.5829851337121617,0.42859119460427475,-9.487589329282287e-07
0,1,0,SVR,10,W1,0.145948808,0.85296229,1.326101975762602,0.44798572092962025,0.00011397618739151793
0,1,0,SVR,10,W2,0.291314994,0.706511549,0.9665386008001523,0.4615938661666146,0.0008333068809845079
0,1,0,RF-R,10,X,0.02906412,0.970719037,1.43293490974466,0.37273593651050757,0.0016210617315096099
0,1,0,RF-R,10,W1,0.171897538,0.82681996,1.2182043933567608,0.3926444688007561,0.0032657451176302697
0,1,0,RF-R,10,W2,0.346976915,0.650434342,0.8802604163821577,0.39107908396126423,0.0014559688154583306
0,1,0,XGBoost-R,10,X,0.005821086,0.99020333,1.5538560668300947,0.4137847001087402,0.0002277678223682411
0,1,0,XGBoost-R,10,W1,0.159884827,0.794406132,1.3178894990236993,0.42372751055992286,-0.00441823199762108
0,1,0,XGBoost-R,10,W2,0.315110558,0.599546814,0.9535917351452176,0.44329312439977253,-0.00013091978333283904
0,1,0,MLP-R,10,X,0.001989973,0.99799518,1.5834764315573406,0.42866840368376274,3.8116122233256e-06
0,1,0,MLP-R,10,W1,0.146142118,0.852767537,1.3240986300362012,0.44703703846171516,0.000257897210987923
0,1,0,MLP-R,10,W2,0.293982249,0.703824394,0.9823889742988126,0.4505302611171693,-0.0012359287017285725
0,1,1,MLR,1,X,0.002099422,0.997945617,0.38966946094920946,1.4687570779448123,-9.431900206524624e-06
0,1,1,MLR,1,W1,0.042471949,0.958439201,0.3099138802229734,1.5025090051681391,-7.057839679036615e-06
0,1,1,MLR,1,W2,0.066437504,0.934987779,0.25878473047610556,1.4900431520424775,0.0001455748395471468
0,1,1,SVR,1,X,0.003262526,0.996807465,0.3872781262225031,1.4560812960756724,0.0010766592030934997
0,1,1,SVR,1,W1,0.042250282,0.958656112,0.3052913693111813,1.5118383370411048,-9.497333839980637e-06
0,1,1,SVR,1,W2,0.066457703,0.934968013,0.25884592716405813,1.4888342347506252,0.00019569355713742188
0,1,1,RF-R,1,X,0.022726326,0.977761221,0.35849675988225016,1.3320563832129184,-0.00028409524035732936
0,1,1,RF-R,1,W1,0.068058527,0.933401532,0.2824652501402495,1.3509761679659438,7.153651455975574e-05
0,1,1,RF-R,1,W2,0.092093332,0.909882345,0.2395519130075281,1.3711756800024244,-0.0002972339114689415
0,1,1,XGBoost-R,1,X,0.004172936,0.993379352,0.38529406632341034,1.458887057559254,-5.071877773339395e-05
0,1,1,XGBoost-R,1,W1,0.048863832,0.940859033,0.30011352121610013,1.483814040401762,0.00306442489137172
0,1,1,XGBoost-R,1,W2,0.072230738,0.906158213,0.2589754436502777,1.5190686011146342,-0.0008849094976449811
0,1,1,MLP-R,1,X,0.002097595,0.997947405,0.38935674496289785,1.4686975767442156,-8.294120477336797e-06
0,1,1,MLP-R,1,W1,0.042381352,0.958527854,0.30990711940288973,1.5007528035506987,0.00022133422234655865
0,1,1,MLP-R,1,W2,0.06644012,0.934985218,0.2597509464635755,1.4909194631023248,0.00014107318913824106
0,1,1,MLR,2,X,0.001899521,0.997995802,0.41040149712458673,1.6241423434977036,1.1292085405290032e-06
0,1,1,MLR,2,W1,0.039103391,0.958741731,0.3355895685697822,1.5938760000962593,-7.596959704303519e-06
0,1,1,MLR,2,W2,0.077371089,0.918365207,0.2562521495254583,1.6161576929859858,1.8868649285652685e-05
0,1,1,SVR,2,X,0.001896172,0.997999335,0.41073700004752467,1.625680310763976,4.224037929323465e-06
0,1,1,SVR,2,W1,0.038899892,0.958956444,0.3344653480445867,1.5884687525929837,4.504385279926471e-05
0,1,1,SVR,2,W2,0.077136641,0.918612574,0.25038283783855925,1.6303085934294774,4.068650891353443e-06
0,1,1,RF-R,2,X,0.020505407,0.978364597,0.3625209835211419,1.4844123824526474,-0.0019262992171661497
0,1,1,RF-R,2,W1,0.057429237,0.939405998,0.3045505679016068,1.4542751935888925,-0.0015645356206380745
0,1,1,RF-R,2,W2,0.097961489,0.896640127,0.2364826673208204,1.4902503776756073,-0.0022504627420348424
0,1,1,XGBoost-R,2,X,0.003776428,0.993232815,0.40271062032874855,1.6262592008508854,-0.00018591297382628547
0,1,1,XGBoost-R,2,W1,0.04054273,0.941869965,0.33339985544902573,1.580364086981022,0.0015345075605951997
0,1,1,XGBoost-R,2,W2,0.082294019,0.890584945,0.2539316281473109,1.6232529292207452,0.001098197353601571
0,1,1,MLP-R,2,X,0.001898659,0.997996711,0.4103885469197947,1.6242760576836992,1.7146764268005655e-06
0,1,1,MLP-R,2,W1,0.039029214,0.958819995,0.3333434963830683,1.5923238598321212,-6.422332073285908e-06
0,1,1,MLP-R,2,W2,0.077362025,0.91837477,0.2561881200777253,1.6135292319658667,1.7882834655735812e-05
0,1,1,MLR,3,X,0.001964669,0.997801853,0.3732802475941618,1.6862605670035662,9.321597965727956e-06
0,1,1,MLR,3,W1,0.040866886,0.954276574,0.2962538241088379,1.671288247008197,4.037001443168986e-05
0,1,1,MLR,3,W2,0.071492126,0.920011891,0.24385988945137776,1.6525480480565484,9.33952962050566e-05
0,1,1,SVR,3,X,0.001964083,0.997802509,0.37284977974865463,1.6872634501567838,1.1179697230612185e-05
0,1,1,SVR,3,W1,0.040910528,0.954227746,0.2908204241926341,1.6771255779137977,4.384639211639785e-05
0,1,1,SVR,3,W2,0.071016602,0.920543926,0.2389204190185013,1.6490016602642434,7.430697494283933e-05
0,1,1,RF-R,3,X,0.017942957,0.979924737,0.3415413848519361,1.570126824163269,-0.00020327840829311716
0,1,1,RF-R,3,W1,0.060225024,0.932617953,0.275961384421364,1.5484389908277245,-0.0017444061291757129
0,1,1,RF-R,3,W2,0.088014567,0.901525956,0.22708098156168993,1.542170975108391,-0.0026134851783647605
0,1,1,XGBoost-R,3,X,0.002921045,0.992354797,0.3643567039371749,1.676365951252438,-0.00034907725109535327
0,1,1,XGBoost-R,3,W1,0.044742602,0.933837023,0.285786331915634,1.6576420475452138,-0.001859842155513458
0,1,1,XGBoost-R,3,W2,0.073601064,0.89229369,0.23530267472348795,1.6375843996284936,-0.0022370778073945385
0,1,1,MLP-R,3,X,0.001967895,0.997798244,0.3733572421331347,1.6866522613995094,9.222448799406368e-06
0,1,1,MLP-R,3,W1,0.040825366,0.954323028,0.2941184272421736,1.6696421260777452,3.849144241133695e-05
0,1,1,MLP-R,3,W2,0.071306814,0.920219226,0.24268458798783638,1.649609164810786,0.00010646423685121143
0,1,1,MLR,4,X,0.002006185,0.997979965,0.44218434228658693,1.7162152023201735,-3.355919501846216e-07
0,1,1,MLR,4,W1,0.043993753,0.955702532,0.3604042157018691,1.6884972927930757,2.2529180423813687e-05
0,1,1,MLR,4,W2,0.078089178,0.921371727,0.2917177344758709,1.6653517019614454,0.0
0,1,1,SVR,4,X,0.002010078,0.997976045,0.4419258337476945,1.7170122606783362,-2.186417779226346e-06
0,1,1,SVR,4,W1,0.043929879,0.955766847,0.35580632003401896,1.6868600169331487,4.943054713830719e-05
0,1,1,SVR,4,W2,0.077832982,0.921629691,0.28672368661717446,1.6462413597817158,-5.867383910926893e-05
0,1,1,RF-R,4,X,0.022428347,0.977416817,0.3797657229605528,1.553108823548777,0.00012375706913351215
0,1,1,RF-R,4,W1,0.06369462,0.935865658,0.3118576592707374,1.546085059414355,0.002458788066004758
0,1,1,RF-R,4,W2,0.096476184,0.902857784,0.25572006702003447,1.5188670860318219,0.0004403621414687753
0,1,1,XGBoost-R,4,X,0.004063127,0.99298582,0.42748355338596805,1.6996617151523954,-0.00035854398494592485
0,1,1,XGBoost-R,4,W1,0.049746947,0.936289128,0.3503695364283773,1.6671457260949165,0.0038127036228652435
0,1,1,XGBoost-R,4,W2,0.082735726,0.881387961,0.2765624824429386,1.647195648664359,-0.009696010450721692
0,1,1,MLP-R,4,X,0.002006097,0.997980054,0.4417438625478714,1.7153802935549674,-4.4729731591974796e-07
0,1,1,MLP-R,4,W1,0.044004912,0.955691296,0.36029912248975493,1.6887362106983381,2.2240188803690496e-05
0,1,1,MLP-R,4,W2,0.078254572,0.92120519,0.29163828308341744,1.6651209351019205,-0.00012489228412451147
0,1,1,MLR,5,X,0.001858451,0.998089136,0.38346672888165456,1.6541890026191015,3.0406728970477915e-06
0,1,1,MLR,5,W1,0.040909479,0.957936773,0.3206591170232048,1.6527259561872167,-0.000421976721720696
0,1,1,MLR,5,W2,0.077531319,0.920282107,0.23646859158330927,1.6620872752091418,-1.1586729709833765e-05
0,1,1,SVR,5,X,0.001854026,0.998093686,0.38389810998059115,1.6549486861840552,3.0799702704142894e-06
0,1,1,SVR,5,W1,0.040899987,0.957946533,0.3240599220391238,1.6499691981971392,-0.0003484613280835158
0,1,1,SVR,5,W2,0.07743101,0.920385245,0.2307399441943688,1.6552959607998343,-8.043193946202231e-05
0,1,1,RF-R,5,X,0.018696971,0.980775728,0.336646256563167,1.5265343810487166,0.00023085510283236133
0,1,1,RF-R,5,W1,0.058419317,0.939933115,0.2801791986403358,1.5196985164261703,0.0008805412465104356
0,1,1,RF-R,5,W2,0.092126441,0.905275367,0.2099879874623321,1.529816222554516,0.0023788033930663864
0,1,1,XGBoost-R,5,X,0.003665199,0.992244219,0.37397127309969314,1.6516549143337447,-0.0001740293867546039
0,1,1,XGBoost-R,5,W1,0.045856004,0.942476274,0.30964485839167494,1.6651767201867014,-0.0006461282704480431
0,1,1,XGBoost-R,5,W2,0.082423226,0.89962737,0.23057156312644142,1.6737407795627597,0.008860413731913064
0,1,1,MLP-R,5,X,0.001855628,0.998092038,0.3838565196358156,1.6536332797544655,4.384066030360678e-06
0,1,1,MLP-R,5,W1,0.04072914,0.958122198,0.3208799925222681,1.6511501433497489,0.0008351319144975112
0,1,1,MLP-R,5,W2,0.076469543,0.921373827,0.23744606109734717,1.6554743404361516,0.00021350819734187177
0,1,1,MLR,6,X,0.001997137,0.998062472,0.3942286498707686,1.5953336911026945,-1.880269019371994e-08
0,1,1,MLR,6,W1,0.042915183,0.958365716,0.2962927065225882,1.6240558229753876,0.00012400164404847703
0,1,1,MLR,6,W2,0.06595653,0.936012089,0.26399004780923363,1.5909692077921458,-2.737966186060481e-05
0,1,1,SVR,6,X,0.001996143,0.998063436,0.39338155592708657,1.589078886147518,-2.9033159464342263e-07
0,1,1,SVR,6,W1,0.042654569,0.958618552,0.30125331055192184,1.6213490594721047,0.0002915109913260272
0,1,1,SVR,6,W2,0.065827796,0.936136981,0.2683840538447594,1.5951396370324646,0.00011307925304294697
0,1,1,RF-R,6,X,0.030710692,0.970205937,0.351724056190032,1.4342853722916205,-0.002027249747751492
0,1,1,RF-R,6,W1,0.073663271,0.928535373,0.2655970636807949,1.4668427925982805,-0.0016603264576174558
0,1,1,RF-R,6,W2,0.093438153,0.909350717,0.24280273895595755,1.4252167846175028,-0.000207362022013291
0,1,1,XGBoost-R,6,X,0.004847824,0.992592303,0.38679999134515963,1.5781836209835087,-0.0004338868541421181
0,1,1,XGBoost-R,6,W1,0.04667313,0.943354968,0.2888652121225415,1.6164441907514457,0.0014381487743580722
0,1,1,XGBoost-R,6,W2,0.070075032,0.911300705,0.25741497536005165,1.5915581966695602,-0.005024454509645204
0,1,1,MLP-R,6,X,0.001995126,0.998064423,0.394147230934117,1.5944875306311475,6.299225963068977e-09
0,1,1,MLP-R,6,W1,0.042940851,0.958340815,0.29631460935459486,1.624020136149813,0.000125816476265872
0,1,1,MLP-R,6,W2,0.065983878,0.935985558,0.2639551270435688,1.59095531490568,-3.395101482615015e-05
0,1,1,MLR,7,X,0.002015225,0.998046298,0.3351730912964367,1.5187614672833607,1.2774668167736535e-08
0,1,1,MLR,7,W1,0.042021486,0.959261391,0.263419864780885,1.5091384252596698,1.5795418387931637e-05
0,1,1,MLR,7,W2,0.071643953,0.930543269,0.21590276804635308,1.5576627873132423,0.0
0,1,1,SVR,7,X,0.002021641,0.998040078,0.33538073626905734,1.5175058166346869,-1.532276585169967e-07
0,1,1,SVR,7,W1,0.042122096,0.959163852,0.264735896472048,1.4981232003662701,-1.4655753821202211e-06
0,1,1,SVR,7,W2,0.071354099,0.930824274,0.21738698840455317,1.5669185442087232,4.755894856822707e-08
0,1,1,RF-R,7,X,0.033299229,0.967717365,0.312539815476346,1.3589345533934576,-0.0028154275527887073
0,1,1,RF-R,7,W1,0.0699803,0.932156133,0.25172629506307825,1.3613989288271322,-0.002267399273598358
0,1,1,RF-R,7,W2,0.113258956,0.890198733,0.19849863539051382,1.4054170773863917,-0.0018384214110403808
0,1,1,XGBoost-R,7,X,0.006454277,0.991071281,0.33020524827109343,1.492432798757056,-0.00014530042665338304
0,1,1,XGBoost-R,7,W1,0.045192164,0.943392545,0.26203474918301056,1.4950141155637309,0.002336073400679839
0,1,1,XGBoost-R,7,W2,0.082183456,0.896954783,0.20227899728119966,1.5222297531907047,-0.0019736126955793186
0,1,1,MLP-R,7,X,0.002019389,0.998042261,0.3351281440177699,1.5186618134248533,2.4685536936797093e-08
0,1,1,MLP-R,7,W1,0.041985958,0.959295834,0.26456158587220335,1.503063189136955,3.350892235914893e-05
0,1,1,MLP-R,7,W2,0.071765595,0.930425341,0.2157132077350689,1.5578658100115679,-2.975484094247527e-06
0,1,1,MLR,8,X,0.00180167,0.998113389,0.42403047039788744,1.6320131182980249,4.417698951764137e-06
0,1,1,MLR,8,W1,0.037901238,0.960311875,0.3463133748680955,1.6270936051961251,1.3083281077408415e-06
0,1,1,MLR,8,W2,0.075435824,0.921007687,0.2726482849226158,1.62845759633041,0.0
0,1,1,SVR,8,X,0.001799872,0.998115271,0.4240814918417879,1.6321635889296182,8.263235870620279e-06
0,1,1,SVR,8,W1,0.037894756,0.960318662,0.3439114223754461,1.6330389061134472,7.981375460763829e-07
0,1,1,SVR,8,W2,0.075470138,0.920971755,0.2748024770243484,1.6427181795869614,-8.634394019324532e-07
0,1,1,RF-R,8,X,0.0258827,0.972897037,0.38293244026559936,1.4581867683967908,-0.0013734995052464005
0,1,1,RF-R,8,W1,0.063606706,0.9333945,0.30386107482914854,1.4586803048734691,-0.0007622949884397712
0,1,1,RF-R,8,W2,0.097595323,0.897803459,0.24409736461028206,1.4864041555184806,0.00021321021736702138
0,1,1,XGBoost-R,8,X,0.00415416,0.991375764,0.42037003514797033,1.6006052248640454,-0.0004807016813761389
0,1,1,XGBoost-R,8,W1,0.043440415,0.943181725,0.33976834217744284,1.6113507191783996,0.003401513552470492
0,1,1,XGBoost-R,8,W2,0.082611045,0.894653937,0.25479979391600516,1.6062609317217107,-0.0011721727676135552
0,1,1,MLP-R,8,X,0.001800627,0.998114481,0.4239287426753501,1.6321950193761268,4.956760316277009e-06
0,1,1,MLP-R,8,W1,0.037911842,0.960300771,0.3463197757001737,1.6270588576618095,1.3036612691585958e-06
0,1,1,MLP-R,8,W2,0.075771937,0.920655728,0.27265850852337004,1.6286221474503777,-1.19553174522391e-06
0,1,1,MLR,9,X,0.001787955,0.998283419,0.33141926479764644,1.5092970096405651,-3.6472797584896632e-06
0,1,1,MLR,9,W1,0.042313507,0.959375631,0.2546589170927852,1.5068498432070654,0.0
0,1,1,MLR,9,W2,0.071960224,0.930912399,0.21438701144786151,1.5215123373494095,3.159785539553761e-05
0,1,1,SVR,9,X,0.001786127,0.998285174,0.331976343458533,1.509070050816661,-2.40169228554743e-06
0,1,1,SVR,9,W1,0.047501007,0.954395214,0.25915156549233337,1.4874381411502005,0.0017929622597860795
0,1,1,SVR,9,W2,0.071910618,0.930960024,0.2144434901115213,1.5185187713411858,0.00012226545359780294
0,1,1,RF-R,9,X,0.023248788,0.977679294,0.2996089200952081,1.3639965207990838,0.0011905720088332462
0,1,1,RF-R,9,W1,0.070393999,0.932416101,0.23510170075153197,1.3613712501815969,-0.0024228788207449337
0,1,1,RF-R,9,W2,0.098907265,0.905041073,0.19864994600224656,1.3973424691562162,-0.0015427711520419995
0,1,1,XGBoost-R,9,X,0.003863743,0.994314386,0.32478917074766134,1.5041725623392934,7.191038307933218e-05
0,1,1,XGBoost-R,9,W1,0.04857495,0.938020418,0.2553188208088709,1.4959277129995185,-0.0037023978410352654
0,1,1,XGBoost-R,9,W2,0.077388592,0.902281943,0.2154685331094167,1.5189563632606866,-0.004700798577530707
0,1,1,MLP-R,9,X,0.00178861,0.99828279,0.3314644659167879,1.5101032391697486,-3.5453108238936436e-06
0,1,1,MLP-R,9,W1,0.042435905,0.959258119,0.2547782288589653,1.5053638104383489,-0.00011846096841598986
0,1,1,MLP-R,9,W2,0.072097532,0.930780573,0.21437195088353206,1.5215498429558458,3.0982747864094494e-05
0,1,1,MLR,10,X,0.001794133,0.998209864,0.42509034449743976,1.6471706004956874,-1.9442309159289906e-06
0,1,1,MLR,10,W1,0.045585399,0.954516153,0.34454967284704424,1.62269077989572,0.0
0,1,1,MLR,10,W2,0.076445753,0.923724547,0.2728020961271211,1.6005083446783772,0.0
0,1,1,SVR,10,X,0.001799333,0.998204675,0.4243431448816434,1.6484047461894225,-1.9484057609098214e-06
0,1,1,SVR,10,W1,0.045721344,0.95438051,0.34558429697119386,1.623425479007708,-0.00010872046211124475
0,1,1,SVR,10,W2,0.076961987,0.923209464,0.2704748043109102,1.5999425534784095,-0.00024778998374314076
0,1,1,RF-R,10,X,0.025861375,0.974196237,0.3680473842567368,1.4725389438898966,0.0015004365915006646
0,1,1,RF-R,10,W1,0.074137756,0.926027403,0.2978906346633091,1.4778984943769902,0.0012246467650722681
0,1,1,RF-R,10,W2,0.109348369,0.890895229,0.24684049553789786,1.440852864926988,0.0012339643189486326
0,1,1,XGBoost-R,10,X,0.006793335,0.990050743,0.40970267452391357,1.6189357413988852,1.3230815889331282e-05
0,1,1,XGBoost-R,10,W1,0.051895291,0.934714854,0.33197157813382916,1.5866901479963742,0.002272282207132492
0,1,1,XGBoost-R,10,W2,0.086740119,0.880429585,0.2605765256701493,1.554836634815534,0.0007149426852299245
0,1,1,MLP-R,10,X,0.001787052,0.998216929,0.4266284130617376,1.6473095355175993,-1.9485636555072184e-06
0,1,1,MLP-R,10,W1,0.045631512,0.954470143,0.3441808006454359,1.6201508746783748,-0.00018085898856066152
0,1,1,MLP-R,10,W2,0.076396974,0.923773217,0.27791705535216704,1.6039637027289995,2.44970621865126e-05
0,1,2,MLR,1,X,0.001295828,0.998867126,0.9440755897368678,0.9845518461734212,-8.166118497965335e-07
0,1,2,MLR,1,W1,0.094403099,0.91746835,0.7758088525451584,0.9897677940717774,1.6532819523784602e-05
0,1,2,MLR,1,W2,0.184892657,0.838358103,0.6446925746361716,1.0036112832512492,0.0005727434568779333
0,1,2,SVR,1,X,0.001294508,0.99886828,0.9439680857075811,0.983445725896809,-1.2188092830878182e-06
0,1,2,SVR,1,W1,0.094341361,0.917522324,0.782665759031259,0.9942009680035213,3.481753184839675e-05
0,1,2,SVR,1,W2,0.184319099,0.838859535,0.642728387292067,1.0164398308090246,0.0006881086035956607
0,1,2,RF-R,1,X,0.028132644,0.975405113,0.8654750287481139,0.8677646319312056,-0.0011335642504788023
0,1,2,RF-R,1,W1,0.121742179,0.893567235,0.7027681429915045,0.8712846124145865,0.0004049726128006026
0,1,2,RF-R,1,W2,0.212346814,0.814356382,0.5914452826313398,0.9001095750665163,0.002454361225547419
0,1,2,XGBoost-R,1,X,0.00359243,0.992778474,0.933674850907142,0.9632991947512084,0.00036868360794896083
0,1,2,XGBoost-R,1,W1,0.10129028,0.883913236,0.7770417768519934,0.9671041941654801,-0.00014309356436875698
0,1,2,XGBoost-R,1,W2,0.193366507,0.791538972,0.653245887344116,1.001491616756832,0.006010704497969333
0,1,2,MLP-R,1,X,0.00129562,0.998867307,0.9440178164647495,0.9844815495549714,-7.587332862324381e-07
0,1,2,MLP-R,1,W1,0.094097671,0.91773537,0.774188874251968,0.9863328934564837,-1.9424520147692802e-06
0,1,2,MLP-R,1,W2,0.184552018,0.838655906,0.6415802176419974,1.0074284091499346,0.0006585830837538831
0,1,2,MLR,2,X,0.001207305,0.998857755,0.9808248664601698,0.958444548277306,8.264997155105202e-06
0,1,2,MLR,2,W1,0.103948674,0.90165298,0.7989316371428961,0.9370825149847912,0.0
0,1,2,MLR,2,W2,0.180605995,0.82912662,0.6626152069347366,0.9836107053097146,7.560878938717153e-06
0,1,2,SVR,2,X,0.001215431,0.998850067,0.9798195818653689,0.9581299665743762,-1.8752640159158674e-06
0,1,2,SVR,2,W1,0.103191426,0.902369421,0.7844345198760289,0.9078091312756312,-1.197907205652271e-06
0,1,2,SVR,2,W2,0.180489837,0.829236518,0.6730044277188749,0.9933168814792941,3.521049747854388e-05
0,1,2,RF-R,2,X,0.036803383,0.965179902,0.899570218009875,0.8375943605186025,-0.001480576853779636
0,1,2,RF-R,2,W1,0.140804703,0.866783074,0.7424878333040604,0.8244939500662033,-0.0009902186565687865
0,1,2,RF-R,2,W2,0.228124525,0.7841688,0.607741309134725,0.8534792692832662,-0.001653878114151497
0,1,2,XGBoost-R,2,X,0.006155096,0.987584971,0.9713629584637294,0.9262989991854018,0.0004587262603327091
0,1,2,XGBoost-R,2,W1,0.116695963,0.857860272,0.8024811653845134,0.8867091169042297,0.0016427980253654218
0,1,2,XGBoost-R,2,W2,0.201107413,0.742487001,0.6667538649102591,0.9181041756336938,-0.006551890271901328
0,1,2,MLP-R,2,X,0.001208517,0.998856609,0.9808748595505408,0.9584255319594721,8.495164567068336e-06
0,1,2,MLP-R,2,W1,0.103333724,0.902234792,0.7981564706237456,0.9193981315068829,-5.4730595187246764e-05
0,1,2,MLP-R,2,W2,0.180616773,0.829116423,0.6624252594221336,0.9794550838141467,-7.240692786986136e-05
0,1,2,MLR,3,X,0.001199745,0.99887691,1.006289097230943,0.9822298366447579,1.6328054435410523e-06
0,1,2,MLR,3,W1,0.102995582,0.903585048,0.8283867492174732,0.9945520079180241,0.00019881928858631604
0,1,2,MLR,3,W2,0.181090226,0.830480054,0.6403378632163871,1.0116859560932088,0.0
0,1,2,SVR,3,X,0.001199944,0.998876723,1.005777481610483,0.9819130853963246,1.8647632219925824e-06
0,1,2,SVR,3,W1,0.102908987,0.90366611,0.8289025225955025,0.9886069031534424,0.0006117464655144622
0,1,2,SVR,3,W2,0.180238923,0.831276965,0.6535713641390024,1.02642171757685,-3.5746329657859734e-06
0,1,2,RF-R,3,X,0.027031326,0.974695769,0.8910194927974429,0.8692942803057088,0.0033441627932947137
0,1,2,RF-R,3,W1,0.134663699,0.873940281,0.7368390964314552,0.8697742266954555,0.006114223045018963
0,1,2,RF-R,3,W2,0.215973979,0.797825106,0.5747430411848204,0.9013876138067707,0.00798767448726916
0,1,2,XGBoost-R,3,X,0.004161646,0.990545723,0.985065235357251,0.9628363404431253,0.00012248592502849264
0,1,2,XGBoost-R,3,W1,0.113020984,0.861768749,0.8140731376818013,0.9641602674771438,0.0027799215462327555
0,1,2,XGBoost-R,3,W2,0.197134113,0.771197242,0.6412769282688204,0.9776472554111765,0.008206654026227144
0,1,2,MLP-R,3,X,0.001199769,0.998876887,1.0062711602612933,0.98221601558745,1.6299816798182044e-06
0,1,2,MLP-R,3,W1,0.102998659,0.903582167,0.8289244978353011,0.9965260983608507,0.00027470923742430877
0,1,2,MLP-R,3,W2,0.180280638,0.831237916,0.6381110522861159,1.0171763430545677,0.0004355429115602827
0,1,2,MLR,4,X,0.001229285,0.998727329,0.9683581298529111,1.104771346094251,-3.9181901756224494e-06
0,1,2,MLR,4,W1,0.101466742,0.894952077,0.7559442440766913,1.0909637226294835,-0.00016230661619985874
0,1,2,MLR,4,W2,0.178779593,0.814910536,0.595367146173658,1.1021083010984167,0.0
0,1,2,SVR,4,X,0.001236218,0.998720151,0.9729912162435843,1.1057411261292842,2.3831385954853347e-06
0,1,2,SVR,4,W1,0.101453075,0.894966226,0.7702754826627027,1.0999370050612158,-0.00016627400250661671
0,1,2,SVR,4,W2,0.178761566,0.814929199,0.5989198656318426,1.110452415147563,-0.00011642289411935014
0,1,2,RF-R,4,X,0.023611784,0.975554858,0.8855402631996313,0.9803017452541388,0.0011529735768016746
0,1,2,RF-R,4,W1,0.125861967,0.869695844,0.6915850001800773,0.9805339456111721,0.0030181060499899328
0,1,2,RF-R,4,W2,0.218589286,0.773695794,0.5317009347665482,0.9755067044227849,-0.0020908278783990375
0,1,2,XGBoost-R,4,X,0.003452948,0.990377632,0.9476548592613557,1.0881155522541923,0.0002812483436362534
0,1,2,XGBoost-R,4,W1,0.108702944,0.851297712,0.7530105155430868,1.074890267824146,-0.003795358029377238
0,1,2,XGBoost-R,4,W2,0.190084044,0.733513186,0.562830717103633,1.0688936719007576,-0.007453259571844251
0,1,2,MLP-R,4,X,0.001234004,0.998722443,0.9683637907683591,1.1045482183632216,-3.560231010868442e-06
0,1,2,MLP-R,4,W1,0.101399174,0.895022029,0.7611366503884527,1.094975531423127,-0.00015816011549217855
0,1,2,MLP-R,4,W2,0.178860211,0.814827072,0.5955870223357917,1.1020933426369965,-3.6563493400310065e-05
0,1,2,MLR,5,X,0.001161605,0.998712071,0.9733666904716423,1.1043582445393398,6.604976268587137e-07
0,1,2,MLR,5,W1,0.107785905,0.880492503,0.7455218074903528,1.114808022878115,0.00019857533103893044
0,1,2,MLR,5,W2,0.189786512,0.789574426,0.5987253090769648,1.1732174576215302,0.002156300676168399
0,1,2,SVR,5,X,0.00170715,0.998107199,0.9678045385708028,1.1032234491211415,0.00038987844251981986
0,1,2,SVR,5,W1,0.107361516,0.880963044,0.7465054844046993,1.1313858435742374,0.0007096701359599833
0,1,2,SVR,5,W2,0.189049971,0.790391065,0.5894837899608893,1.16871488015295,0.0024396260851894946
0,1,2,RF-R,5,X,0.019474817,0.97840732,0.9084708837139432,0.9868456729146443,0.002040599522916109
0,1,2,RF-R,5,W1,0.126976007,0.8592155,0.6948016088962956,0.9917922472089357,0.005808693970493073
0,1,2,RF-R,5,W2,0.225824919,0.749616884,0.5562804248579395,1.0405292033007392,-0.0002901763940237889
0,1,2,XGBoost-R,5,X,0.002684999,0.994171987,0.9646768350079672,1.0963313536720367,0.0001537706287682794
0,1,2,XGBoost-R,5,W1,0.113928847,0.829591589,0.727999694924946,1.0975391930109306,0.0016557440985088933
0,1,2,XGBoost-R,5,W2,0.205071184,0.703132158,0.6096948599326507,1.1043333102262634,0.001615664476546108
0,1,2,MLP-R,5,X,0.001161095,0.998712637,0.9750031159511472,1.1045616659231752,4.1057227999630187e-07
0,1,2,MLP-R,5,W1,0.107568384,0.880733679,0.7471925032191926,1.1127948257564173,0.0008318628161857022
0,1,2,MLP-R,5,W2,0.189733601,0.789633091,0.6071295202585427,1.190239102660573,0.0035670866313707084
0,1,2,MLR,6,X,0.001315032,0.998825558,1.0011773781757043,1.0468079489974706,-3.5191938934420185e-06
0,1,2,MLR,6,W1,0.111174256,0.900711327,0.7874861748785607,1.0538400557047742,0.0
0,1,2,MLR,6,W2,0.201221795,0.820290724,0.5965563896209486,1.007377598818934,0.0
0,1,2,SVR,6,X,0.001316861,0.998823924,1.0027636031418017,1.046548652199575,5.916653306958785e-07
0,1,2,SVR,6,W1,0.111577758,0.900350963,0.7946744675144981,1.0520367810373925,-0.00036800554289728726
0,1,2,SVR,6,W2,0.201398417,0.820132985,0.6008475292601668,1.0135500477085586,-0.000457680552187345
0,1,2,RF-R,6,X,0.029040556,0.974064155,0.8771079990252494,0.9319807260541568,0.0028083292626271406
0,1,2,RF-R,6,W1,0.147715502,0.868076687,0.6995385851026991,0.9486294711603266,-0.0007484442252541412
0,1,2,RF-R,6,W2,0.239336987,0.786250408,0.5492176421417747,0.898762284301112,-0.006177768501480452
0,1,2,XGBoost-R,6,X,0.003822538,0.992914739,0.9843476908676008,1.0390004171375744,-0.0001518936334683807
0,1,2,XGBoost-R,6,W1,0.122753893,0.865953933,0.7681902756523744,1.0504653226211413,-0.0009320388478356034
0,1,2,XGBoost-R,6,W2,0.21665175,0.753552034,0.5892274636543616,0.9566520453260509,-0.007749216497121947
0,1,2,MLP-R,6,X,0.001309478,0.998830517,1.0010229361230059,1.047319959212741,-1.7891879945386435e-06
0,1,2,MLP-R,6,W1,0.111842103,0.900114879,0.7879888609655465,1.0534816620337308,-0.0004703627542130051
0,1,2,MLP-R,6,W2,0.200037014,0.821348841,0.6233203048815169,0.989054131124813,0.0014732602175536846
0,1,2,MLR,7,X,0.001392519,0.998475172,1.1315288085308222,1.1189938810461766,-2.1798402024542086e-07
0,1,2,MLR,7,W1,0.112145369,0.87719922,0.8683202249024184,1.1082019368960914,-0.00012592707224645672
0,1,2,MLR,7,W2,0.189213241,0.792808799,0.6988867901063398,1.0511086888797077,-0.0002506019937365322
0,1,2,SVR,7,X,0.001385943,0.998482372,1.1311044581098493,1.1180908442314272,1.579156205133714e-07
0,1,2,SVR,7,W1,0.11191359,0.877453022,0.8771616640903457,1.1054814702536233,-0.0001561269663573728
0,1,2,SVR,7,W2,0.189248591,0.792770092,0.6977949797635581,1.0451717533743081,-0.00036322156248032035
0,1,2,RF-R,7,X,0.019037502,0.979153664,1.021000592171641,0.9901642888921401,-0.00010626416431551711
0,1,2,RF-R,7,W1,0.130626695,0.856961904,0.7794419710151002,0.9978228997780165,-0.0019933186173881623
0,1,2,RF-R,7,W2,0.199962927,0.78103774,0.6403644015612707,0.9461661539832322,0.0050041162434785735
0,1,2,XGBoost-R,7,X,0.003055131,0.992510613,1.1219859105823669,1.10795417699526,0.0002797638961469229
0,1,2,XGBoost-R,7,W1,0.11562987,0.828534907,0.8398018141020012,1.123399869986574,-0.003898697267556739
0,1,2,XGBoost-R,7,W2,0.18871718,0.749472779,0.6981059706793251,1.0453766249606962,0.005755001052242081
0,1,2,MLP-R,7,X,0.001394389,0.998473124,1.1315062237527982,1.118884044113208,-2.4966038020268755e-07
0,1,2,MLP-R,7,W1,0.111893292,0.877475248,0.8666924258935792,1.1017877895332733,-5.999533656495526e-05
0,1,2,MLP-R,7,W2,0.188836162,0.793221707,0.7018587592689279,1.0341571898641848,4.825651908150208e-05
0,1,2,MLR,8,X,0.000953516,0.998958513,1.001631091388457,0.9330781621115773,-2.921842063041691e-06
0,1,2,MLR,8,W1,0.106966855,0.883164408,0.779359744782785,0.9233859237650851,-0.00023665158352760286
0,1,2,MLR,8,W2,0.177551417,0.80606773,0.6907070581803425,0.9857403994179936,-0.0008816434934627249
0,1,2,SVR,8,X,0.000943961,0.99896895,1.0026279297807332,0.932607291879377,-2.5420453716229473e-06
0,1,2,SVR,8,W1,0.106827646,0.88331646,0.7770065114807422,0.9132328196364915,-3.581059260101549e-05
0,1,2,SVR,8,W2,0.175894597,0.807877408,0.6596695520915252,0.9834274613364492,-0.0012256543234177909
0,1,2,RF-R,8,X,0.020725967,0.977361861,0.9226428287250871,0.8385185334318594,0.0016040495727497883
0,1,2,RF-R,8,W1,0.126904221,0.861387625,0.7150306498538513,0.8362525560846488,0.005228655323916887
0,1,2,RF-R,8,W2,0.213299943,0.767021054,0.5872307602134612,0.8232866365124364,0.0018804789852426063
0,1,2,XGBoost-R,8,X,0.002691473,0.992518809,0.9961139848085552,0.9295582123723989,0.0005356257928288422
0,1,2,XGBoost-R,8,W1,0.117026725,0.836622068,0.7618904198423636,0.930070978207039,0.003297755767515509
0,1,2,XGBoost-R,8,W2,0.19103582,0.730754572,0.6725062766172689,0.9842261572161128,0.003323668265547042
0,1,2,MLP-R,8,X,0.000955246,0.998956623,1.001752239724294,0.9328897942108363,-3.0252363404703607e-06
0,1,2,MLP-R,8,W1,0.10722693,0.882880339,0.779328379311178,0.9233504982229892,-0.0002357865209387855
0,1,2,MLP-R,8,W2,0.177604016,0.806010279,0.6899768030436293,0.9856153321848977,-0.0008534128731381818
0,1,2,MLR,9,X,0.00120992,0.999032948,0.8808765880380918,0.8903469732951222,-2.276592685357404e-06
0,1,2,MLR,9,W1,0.1129959,0.909685785,0.6846346966715456,0.8726797333900185,0.0
0,1,2,MLR,9,W2,0.191330147,0.847075583,0.558249609645787,0.9149579886856645,0.0
0,1,2,SVR,9,X,0.001205567,0.999036426,0.8810297913019827,0.8910558342404293,-3.237774284237105e-06
0,1,2,SVR,9,W1,0.112972285,0.90970466,0.6866187389165227,0.8750735084831464,-0.00013656110171685886
0,1,2,SVR,9,W2,0.191444561,0.846984136,0.5599223835904575,0.9168319341690946,-8.864057997538532e-05
0,1,2,RF-R,9,X,0.037457051,0.970061709,0.7689784870806665,0.796454181221635,-0.001139945137422349
0,1,2,RF-R,9,W1,0.153267656,0.877497785,0.6113280677738737,0.7786903720002462,-0.0018407463725351515
0,1,2,RF-R,9,W2,0.250730085,0.799599005,0.4916151647928129,0.8006459768221241,0.0019258125320585572
0,1,2,XGBoost-R,9,X,0.003792887,0.994285884,0.8731871134823208,0.8787971823396379,-4.9162503969202295e-05
0,1,2,XGBoost-R,9,W1,0.118191106,0.884438014,0.6916430996412932,0.8566875098620459,-0.0009882360935787537
0,1,2,XGBoost-R,9,W2,0.20917556,0.778326983,0.53275707917592,0.896946972937128,-0.003363324867236406
0,1,2,MLP-R,9,X,0.00121325,0.999030286,0.8807860987937774,0.8906134290997247,-1.4001576414401917e-06
0,1,2,MLP-R,9,W1,0.113272385,0.909464799,0.6847544740067498,0.8723678499455361,-0.00015177691121242009
0,1,2,MLP-R,9,W2,0.191408599,0.847012879,0.5550017467115491,0.9236905604552683,-9.404304102816896e-05
0,1,2,MLR,10,X,0.001167016,0.99877977,0.9593054697449357,1.018192306722044,6.648046801616125e-07
0,1,2,MLR,10,W1,0.110543981,0.884415382,0.7935377216513069,1.0353649509049572,0.0
0,1,2,MLR,10,W2,0.149779761,0.843390511,0.6606401334635964,1.0129148463711573,0.0003829292241479099
0,1,2,SVR,10,X,0.001166786,0.99878001,0.9589289956989013,1.0181257573930718,3.5063997547712946e-07
0,1,2,SVR,10,W1,0.109843861,0.885147426,0.7775784953610578,1.0314713297141265,-5.725840222728928e-05
0,1,2,SVR,10,W2,0.149268901,0.843924665,0.6511898883414907,1.0188284201527165,0.0004770573821361479
0,1,2,RF-R,10,X,0.016774036,0.982461094,0.8941806850675293,0.9262958169139536,0.0007953374578606898
0,1,2,RF-R,10,W1,0.135696376,0.858116077,0.724397662235198,0.9380013127277789,-0.0006162679663977877
0,1,2,RF-R,10,W2,0.171597655,0.820577754,0.6246592240242194,0.9203173461694447,0.006697552290844289
0,1,2,XGBoost-R,10,X,0.002859714,0.993822194,0.9451838697138362,1.0159185604772474,-2.263298240565703e-05
0,1,2,XGBoost-R,10,W1,0.114789688,0.838124023,0.7850666164352761,1.0399859500597795,-0.002176893244455891
0,1,2,XGBoost-R,10,W2,0.155758112,0.782917004,0.6649466533607341,0.9954890439071991,0.007247043150915555
0,1,2,MLP-R,10,X,0.001165731,0.998781113,0.9590515791662112,1.0190453667922479,5.216057587964506e-07
0,1,2,MLP-R,10,W1,0.107802856,0.887281499,0.7577905314121275,1.0803454442655418,1.7571255370718574e-07
0,1,2,MLP-R,10,W2,0.149319603,0.843871651,0.6510719609094082,1.0244957512451915,0.0010571529492014453
1,0,0,MLR,1,X,0.002112867,0.997980314,1.5588464795776091,0.37034891451635266,0.0
1,0,0,MLR,1,W1,0.156412299,0.850485736,1.2498392589532532,0.39830070544345525,-0.0001907401104417672
1,0,0,MLR,1,W2,0.26962581,0.742265125,1.0382691078590056,0.3964170000469771,-0.0004558564174552693
1,0,0,SVR,1,X,0.002166583,0.997928967,1.5686787842267533,0.36653815768364584,4.233302698997132e-06
1,0,0,SVR,1,W1,0.156518427,0.850384289,1.26216957758747,0.392227602965249,-0.0001631748013188439
1,0,0,SVR,1,W2,0.268955398,0.74290597,1.0535077464621794,0.394888386949268,0.00112177550200242
1,0,0,RF-R,1,X,0.017162928,0.983593985,1.4416797056265458,0.33390445756468456,0.00030408212057717596
1,0,0,RF-R,1,W1,0.175485164,0.832254015,1.1439095346533983,0.3679868159771355,0.0033456393844856326
1,0,0,RF-R,1,W2,0.298284554,0.714870278,0.9352350652150859,0.3667181650398578,0.0006688352086443028
1,0,0,XGBoost-R,1,X,0.003876133,0.994049659,1.56364617078758,0.362161488299727,-0.0001822298049043214
1,0,0,XGBoost-R,1,W1,0.160996756,0.809036569,1.263224971291492,0.3828961161555636,-4.781451228477174e-05
1,0,0,XGBoost-R,1,W2,0.276393316,0.677516922,1.0071030784078132,0.3924023061773381,0.004662854248592229
1,0,0,MLP-R,1,X,0.002115948,0.997977368,1.5587448942088178,0.3703563958947508,-5.276837835355153e-07
1,0,0,MLP-R,1,W1,0.156262579,0.850628853,1.242439640588139,0.3980764348748945,-4.974690293302331e-05
1,0,0,MLP-R,1,W2,0.269730238,0.742165302,1.029641139099278,0.39728538154592147,-0.0002145612789278384
1,0,0,MLR,2,X,0.002387397,0.997553209,1.621518291661157,0.4156462211429786,0.0
1,0,0,MLR,2,W1,0.188363784,0.806950058,1.2267199748032134,0.4148977115771924,0.00012322708172880504
1,0,0,MLR,2,W2,0.282769242,0.710195959,1.0601955756624004,0.3865500954342174,-0.00036527729122808327
1,0,0,SVR,2,X,0.002385216,0.997555444,1.6206489737060334,0.41429179465854593,1.694337949962321e-05
1,0,0,SVR,2,W1,0.187792496,0.807535559,1.253642227353757,0.41956256095455435,0.0005246754950390842
1,0,0,SVR,2,W2,0.281661082,0.711331688,1.0662102735796777,0.37686956093991275,-0.00030701553709133744
1,0,0,RF-R,2,X,0.018388728,0.981153793,1.4912985611275935,0.3797829082260556,0.0016834379906213615
1,0,0,RF-R,2,W1,0.219381693,0.775160478,1.103964194633437,0.3700212715958148,0.0010926988899657153
1,0,0,RF-R,2,W2,0.303312974,0.689141135,0.9703009744097668,0.35915238255370663,0.004071770587435142
1,0,0,XGBoost-R,2,X,0.005986978,0.990697753,1.6047280457634177,0.4094489826778287,-0.0005628111141569803
1,0,0,XGBoost-R,2,W1,0.199793841,0.746324496,1.1964383839729638,0.39439874323681084,-0.005435902400851423
1,0,0,XGBoost-R,2,W2,0.291734712,0.63326461,1.076614738713845,0.4023647288873353,0.0011055372565163869
1,0,0,MLP-R,2,X,0.002385705,0.997554942,1.6215894090900194,0.4159892487969231,2.581470306295408e-07
1,0,0,MLP-R,2,W1,0.187755247,0.807573735,1.2407252396359194,0.41949391836356026,0.0007478476906635945
1,0,0,MLP-R,2,W2,0.282798541,0.710165931,1.0624742976723573,0.38537960635166213,-0.00043849638225097466
1,0,0,MLR,3,X,0.002023388,0.997943369,1.7782244834806877,0.3958227354939359,-1.2645022001933627e-06
1,0,0,MLR,3,W1,0.157134526,0.84028387,1.3860442851165848,0.3611036601725192,0.0
1,0,0,MLR,3,W2,0.283587563,0.711753304,1.1632816797873229,0.36618762134448024,0.0006189267287553645
1,0,0,SVR,3,X,0.00254317,0.997415047,1.771981293590813,0.3921339051995057,-0.00018302324225355493
1,0,0,SVR,3,W1,0.156997092,0.840423562,1.395816590493797,0.3636244468906934,0.00011864709073989843
1,0,0,SVR,3,W2,0.283472886,0.711869865,1.1425479671441363,0.3590895810642335,0.0007505708287625868
1,0,0,RF-R,3,X,0.014118846,0.985649191,1.6544939147362014,0.34721780670242436,-0.0003139677524526596
1,0,0,RF-R,3,W1,0.176619056,0.820479224,1.2847066845640027,0.3223935023330333,0.0024568804600363257
1,0,0,RF-R,3,W2,0.298411491,0.696685829,1.049615201626813,0.3366552874603149,0.004976381298895227
1,0,0,XGBoost-R,3,X,0.003513326,0.99470875,1.782095597349794,0.38586037380909893,-0.0001395762726589922
1,0,0,XGBoost-R,3,W1,0.165733393,0.79633669,1.3505643748610519,0.353260829195415,0.0030074191467743595
1,0,0,XGBoost-R,3,W2,0.288545877,0.632485126,1.1594971596020136,0.3691397871003754,-0.0019502140717107762
1,0,0,MLP-R,3,X,0.00202117,0.997945623,1.7795274917594548,0.3956052856739505,4.312729640965074e-07
1,0,0,MLP-R,3,W1,0.156274891,0.841157628,1.4091817272623746,0.34067394270953316,-0.0004053742339026778
1,0,0,MLP-R,3,W2,0.283197492,0.712149783,1.166982848423722,0.3635436024029354,0.0005578652462518097
1,0,0,MLR,4,X,0.002089573,0.997695745,1.6381757836145527,0.3995547302126593,4.1912101265140225e-07
1,0,0,MLR,4,W1,0.157118265,0.826739397,1.3391653170310163,0.3455451844159757,0.0
1,0,0,MLR,4,W2,0.288716224,0.681621057,1.0662636265807408,0.3719023119973885,0.0
1,0,0,SVR,4,X,0.002095311,0.997689417,1.6379852192255142,0.3993932795764098,1.5963817365793886e-07
1,0,0,SVR,4,W1,0.156991628,0.826879044,1.3166639247869134,0.33050747310766493,-0.00037147845294979167
1,0,0,SVR,4,W2,0.287626811,0.682822398,1.0605571337638808,0.35903369054320505,0.0005699151236354116
1,0,0,RF-R,4,X,0.016824929,0.981446478,1.5092207138530953,0.3688266209440031,0.0011656127918715288
1,0,0,RF-R,4,W1,0.167935594,0.814810695,1.2639014806932676,0.324970691438661,0.004067595669313817
1,0,0,RF-R,4,W2,0.303590908,0.665218148,0.9786282892249168,0.3438891996391226,-0.002122518118016725
1,0,0,XGBoost-R,4,X,0.003306155,0.993969959,1.6331273305808462,0.3933291369869133,-0.00014198300525181118
1,0,0,XGBoost-R,4,W1,0.161652657,0.782986149,1.3402210993786363,0.3264290855231641,-0.0021901494974953086
1,0,0,XGBoost-R,4,W2,0.294544785,0.627982547,1.1224984720030484,0.39929597928372723,0.012853708838219036
1,0,0,MLP-R,4,X,0.00209405,0.997690807,1.6381873956581614,0.3995625126915095,5.335855523092015e-07
1,0,0,MLP-R,4,W1,0.156952277,0.826922439,1.334819091700885,0.3452882758364148,9.915936819375748e-05
1,0,0,MLP-R,4,W2,0.288613517,0.681734317,1.0687505869391658,0.3632814191834558,0.000688969424605701
1,0,0,MLR,5,X,0.002267594,0.997524091,1.7959656673465816,0.4210948021995927,0.0
1,0,0,MLR,5,W1,0.163469801,0.821512931,1.4194575488971384,0.40061210332287744,0.0
1,0,0,MLR,5,W2,0.265234716,0.710399311,1.1812336236291747,0.364008245235037,0.0
1,0,0,SVR,5,X,0.002260177,0.99753219,1.797228098783598,0.4206640928075716,5.692839342053002e-06
1,0,0,SVR,5,W1,0.163927798,0.82101286,1.4179071009750797,0.40359509426343054,-0.000266168218689411
1,0,0,SVR,5,W2,0.264014368,0.711731766,1.1883607093401243,0.35581412131051887,0.0006655590102186193
1,0,0,RF-R,5,X,0.021073647,0.976990408,1.6396776388725969,0.36440733512515955,0.0016781082989344776
1,0,0,RF-R,5,W1,0.186180883,0.796715479,1.3074973664904435,0.3636391978339893,0.0066515210789829474
1,0,0,RF-R,5,W2,0.291041514,0.682221753,1.0691717586127734,0.3334699837386568,0.006566135645604032
1,0,0,XGBoost-R,5,X,0.005875433,0.990036391,1.7675468656096425,0.4047211683796273,-2.5903180280517635e-05
1,0,0,XGBoost-R,5,W1,0.174263927,0.774149617,1.41586926120155,0.40697724119457285,-0.0038930795148704456
1,0,0,XGBoost-R,5,W2,0.276286057,0.62281475,1.1286450184947796,0.36155919493658645,-0.0036130228188761436
1,0,0,MLP-R,5,X,0.002266524,0.99752526,1.7965566345402433,0.420786428879196,-2.488326584337841e-06
1,0,0,MLP-R,5,W1,0.163823653,0.821126572,1.4232333081017177,0.395938039168551,-0.0003605402141541814
1,0,0,MLP-R,5,W2,0.26582591,0.709753806,1.1878757340191062,0.3656732490484767,-0.0003856991205753335
1,0,0,MLR,6,X,0.001882903,0.998118443,1.6333688616711277,0.36357338590197336,2.5282565431550274e-06
1,0,0,MLR,6,W1,0.138403754,0.861695167,1.3629418702262845,0.3690629948217513,9.831147447966204e-05
1,0,0,MLR,6,W2,0.277563752,0.722634631,1.0756797689505933,0.36059894417655985,0.0
1,0,0,SVR,6,X,0.001903049,0.998098311,1.6331441526137838,0.36258177620991117,-2.725453593643845e-06
1,0,0,SVR,6,W1,0.138382256,0.861716649,1.3621754209206283,0.37183790442586473,0.00011215256027280462
1,0,0,SVR,6,W2,0.279333694,0.720865954,1.0664528420229133,0.3647346816409318,-0.0013870565531658662
1,0,0,RF-R,6,X,0.022471591,0.97754447,1.5040900138419588,0.32763832168569185,0.0006604321298872784
1,0,0,RF-R,6,W1,0.168222366,0.831897868,1.2692351632207628,0.3330159168405521,0.001505752355701273
1,0,0,RF-R,6,W2,0.307890672,0.692329386,0.9482750763504182,0.30700975522858753,0.000879879433554731
1,0,0,XGBoost-R,6,X,0.005184392,0.992314583,1.6219011663126293,0.36089518531459686,0.0007217512824387095
1,0,0,XGBoost-R,6,W1,0.150624977,0.80876141,1.368415181123457,0.35375592243741877,0.0026363032070989335
1,0,0,XGBoost-R,6,W2,0.29319318,0.62952044,1.0641134300720443,0.33248440039382016,-0.007994075071364359
1,0,0,MLP-R,6,X,0.001882412,0.998118933,1.6331758044336062,0.3633647788528467,2.3527018468083583e-06
1,0,0,MLP-R,6,W1,0.138409778,0.861689148,1.3629201842569088,0.3690503526859401,9.823470645490274e-05
1,0,0,MLP-R,6,W2,0.279535286,0.720664505,1.0736790262282958,0.35956501921926964,-0.0016815263069035469
1,0,0,MLR,7,X,0.002130862,0.99794442,1.603757982545865,0.3686677804880539,1.4448881157425041e-06
1,0,0,MLR,7,W1,0.191635838,0.815134534,1.2310830494783014,0.3925999872777835,0.00043511316957889346
1,0,0,MLR,7,W2,0.290980564,0.719299594,1.0177875194147987,0.3666853339907266,0.0008121248644126888
1,0,0,SVR,7,X,0.002123454,0.997951566,1.601765169439533,0.367943849502375,-5.393350391402763e-07
1,0,0,SVR,7,W1,0.191536916,0.815229961,1.2369325353193665,0.3913480660743912,0.0005262634461473015
1,0,0,SVR,7,W2,0.289923811,0.720319013,1.0060176291035974,0.3757242637529896,0.002430330218149479
1,0,0,RF-R,7,X,0.023464506,0.97736448,1.4768637141005034,0.32723318446490807,0.00032501753936612363
1,0,0,RF-R,7,W1,0.217123944,0.790546907,1.1243177396689938,0.3515599481149681,0.0005816645892585016
1,0,0,RF-R,7,W2,0.329374173,0.682262407,0.9086414418707169,0.31692089110034755,-0.0006283715605573837
1,0,0,XGBoost-R,7,X,0.006955274,0.990789962,1.599677916646195,0.3645237814182788,0.0001566225624597739
1,0,0,XGBoost-R,7,W1,0.19962765,0.772543562,1.227425122497899,0.39327009880828795,0.0013260453938247374
1,0,0,XGBoost-R,7,W2,0.306443834,0.646665573,0.9803254035611157,0.3755037083547793,-0.0064329454205018346
1,0,0,MLP-R,7,X,0.002134176,0.997941223,1.6036938560553768,0.36868541141048905,1.3040597524494046e-06
1,0,0,MLP-R,7,W1,0.190823509,0.815918164,1.2261807574334038,0.38868927601593783,0.0006643498764853928
1,0,0,MLP-R,7,W2,0.290972213,0.71930765,1.016843706658036,0.3667702758962242,0.0008306627067185879
1,0,0,MLR,8,X,0.002092019,0.997855385,1.5119421040148655,0.4311144325559586,0.0
1,0,0,MLR,8,W1,0.175192844,0.820402602,1.1461747887345608,0.42896171804472116,0.0
1,0,0,MLR,8,W2,0.28674139,0.706049594,0.9097374104327187,0.4678162118586058,0.0
1,0,0,SVR,8,X,0.002090567,0.997856873,1.5105692884643767,0.4313891861336222,-1.3741955740997902e-06
1,0,0,SVR,8,W1,0.175000172,0.820600117,1.1299634777875927,0.446454006354754,3.816304864777687e-05
1,0,0,SVR,8,W2,0.286547329,0.706248534,0.9124453169443291,0.4780060526013982,-0.00011460414664566931
1,0,0,RF-R,8,X,0.018580077,0.980952798,1.416215070566977,0.3876389627159172,-0.0004602503988388018
1,0,0,RF-R,8,W1,0.205937697,0.788884787,1.043992223333136,0.3879417594344778,-0.004389313980846377
1,0,0,RF-R,8,W2,0.315095166,0.67698297,0.8315305660689262,0.41478192730192864,-0.0004497167879707775
1,0,0,XGBoost-R,8,X,0.004264393,0.991569346,1.5007209562425616,0.4183882052399982,-1.4156754532279603e-05
1,0,0,XGBoost-R,8,W1,0.182653849,0.775275083,1.1123515683774392,0.4051909000996779,-0.0012622260346161983
1,0,0,XGBoost-R,8,W2,0.300039263,0.620403537,0.9305424792258336,0.4510613303463236,0.0025276069674729173
1,0,0,MLP-R,8,X,0.002093825,0.997853534,1.5109397020900197,0.4307954450849921,-2.514052058333327e-06
1,0,0,MLP-R,8,W1,0.175075404,0.820522994,1.1337583638585425,0.4433804474558644,4.0384883045252454e-06
1,0,0,MLP-R,8,W2,0.286775332,0.706014799,0.9140542864903105,0.46910400270044394,-0.00024075931418311437
1,0,0,MLR,9,X,0.002000939,0.997952777,1.6851685705821637,0.4433978663318957,0.0
1,0,0,MLR,9,W1,0.162894475,0.833337542,1.29124334333191,0.4131199322803806,0.0
1,0,0,MLR,9,W2,0.287354305,0.705998777,1.0414072167943118,0.41900300280515906,0.0
1,0,0,SVR,9,X,0.002026471,0.997926654,1.686410934835116,0.4445439988533309,-9.735778491837266e-07
1,0,0,SVR,9,W1,0.163803731,0.832407254,1.2887344524556652,0.4126127021478084,-0.00015529053437018936
1,0,0,SVR,9,W2,0.287210451,0.706145958,1.058850291907896,0.41146829942120594,-0.0002679775061433243
1,0,0,RF-R,9,X,0.021118972,0.978392516,1.5321253496843563,0.3935921028453369,-5.700573322109381e-05
1,0,0,RF-R,9,W1,0.196917352,0.798527667,1.1767208974412067,0.362603112635598,0.00021963122396504443
1,0,0,RF-R,9,W2,0.310948149,0.681859173,0.9112503537714339,0.3690439241112281,0.0032295399713672566
1,0,0,XGBoost-R,9,X,0.004662687,0.992037231,1.6584384244624157,0.4362050309775147,-0.0004943542833100278
1,0,0,XGBoost-R,9,W1,0.172462848,0.763169248,1.2635123329230669,0.38509028072051105,-0.007517112965968209
1,0,0,XGBoost-R,9,W2,0.300290999,0.631669617,1.0270862779065388,0.4002025516414512,0.016439383728780045
1,0,0,MLP-R,9,X,0.002004005,0.99794964,1.6850312764137605,0.4434708056664265,-1.3255043904258912e-06
1,0,0,MLP-R,9,W1,0.162109216,0.834140965,1.320022049355246,0.392216229111113,0.0002032516490405256
1,0,0,MLP-R,9,W2,0.287461579,0.705889021,1.035527272358389,0.4088167900178198,-4.208586431592165e-05
1,0,0,MLR,10,X,0.001803042,0.998134232,1.6055493412134691,0.41630230438233273,0.0
1,0,0,MLR,10,W1,0.164215791,0.830071351,1.2377876516978719,0.4380929608800502,-8.86953474769081e-06
1,0,0,MLR,10,W2,0.320930897,0.667904326,0.9513555498741478,0.4164379820056638,0.0014508400578889802
1,0,0,SVR,10,X,0.001801451,0.998135879,1.6054759811606636,0.4164663971266485,1.1130995858366077e-07
1,0,0,SVR,10,W1,0.163830133,0.830470425,1.2507604272587263,0.44173319267300704,-3.465711367446333e-05
1,0,0,SVR,10,W2,0.320651218,0.668193735,0.9633314426607921,0.4184949835226844,0.0026729673780906517
1,0,0,RF-R,10,X,0.016147185,0.983291075,1.491928214560249,0.3728514568569847,9.879535739998335e-05
1,0,0,RF-R,10,W1,0.186578761,0.806930402,1.136805527372709,0.3919739732900164,0.000596309768528791
1,0,0,RF-R,10,W2,0.337948988,0.650294198,0.8619444704695394,0.37209470134433936,0.006665099180453005
1,0,0,XGBoost-R,10,X,0.003742082,0.993272223,1.6033206923896781,0.4094907225243324,2.5853032102496342e-05
1,0,0,XGBoost-R,10,W1,0.167890239,0.771635436,1.2438787676446597,0.40907795166044697,0.0037005833198095585
1,0,0,XGBoost-R,10,W2,0.32747533,0.594469357,0.9356322767598664,0.40196273119507697,0.014529181307314343
1,0,0,MLP-R,10,X,0.001787067,0.998150763,1.6042532248035524,0.42055917694963396,2.2062466102923395e-06
1,0,0,MLP-R,10,W1,0.163935068,0.83036184,1.2415253290900519,0.4390841126451573,0.0002881039718892309
1,0,0,MLP-R,10,W2,0.321040143,0.667791279,0.9514376558342388,0.416490245859249,0.00146906882437422
1,0,1,MLR,1,X,0.00227806,0.997680014,0.3882516628035873,1.539701862003855,1.282880068087522e-06
1,0,1,MLR,1,W1,0.041909316,0.957319383,0.30578329009145144,1.5579130849351253,9.134604185279116e-06
1,0,1,MLR,1,W2,0.07820731,0.920353359,0.24217085565632823,1.5655822247661955,0.0
1,0,1,SVR,1,X,0.002286215,0.99767171,0.38785748796894126,1.5410857851212265,1.6671967584702684e-06
1,0,1,SVR,1,W1,0.041960491,0.957267266,0.30481853470004433,1.5581880189974984,3.121975683135769e-05
1,0,1,SVR,1,W2,0.078003843,0.920560571,0.23342515703942895,1.5902603465347656,0.00030174979797122916
1,0,1,RF-R,1,X,0.014723739,0.985005285,0.3517658828116681,1.4440906145826795,0.001725402028230716
1,0,1,RF-R,1,W1,0.054311765,0.944688679,0.2820200887462218,1.4651574003239756,0.0017591916724168711
1,0,1,RF-R,1,W2,0.085060804,0.913373733,0.23085326257132027,1.4933589243651688,0.004745072957705143
1,0,1,XGBoost-R,1,X,0.004553338,0.993301481,0.3866923648417689,1.534503437085717,0.000316586004281838
1,0,1,XGBoost-R,1,W1,0.044185919,0.94626146,0.3091133383375376,1.5450419330965421,0.00038533870749610786
1,0,1,XGBoost-R,1,W2,0.079683359,0.904459326,0.24054522099862635,1.5950039324690808,0.004364359348686886
1,0,1,MLP-R,1,X,0.002286443,0.997671477,0.3882234407151341,1.539690956721286,1.3402926795524905e-06
1,0,1,MLP-R,1,W1,0.041947057,0.957280948,0.3057260205561063,1.5557501008757704,5.919396980158531e-06
1,0,1,MLP-R,1,W2,0.077331196,0.921245597,0.24277275149953348,1.566903007713375,0.000778867842531994
1,0,1,MLR,2,X,0.001759114,0.998154319,0.41926496957035264,1.6309847375491118,0.0
1,0,1,MLR,2,W1,0.042076998,0.955852353,0.3350403085367625,1.6123439369424628,9.786494675341206e-05
1,0,1,MLR,2,W2,0.066881694,0.929826995,0.2836122758373759,1.607469657120556,5.6235628410339356e-05
1,0,1,SVR,2,X,0.001758613,0.998154844,0.4189761581099334,1.6303087798773004,1.0391731174563823e-06
1,0,1,SVR,2,W1,0.041835338,0.956105906,0.33231741450373786,1.6010863718659993,0.00045196321628067083
1,0,1,SVR,2,W2,0.066995518,0.929707571,0.2836971553554661,1.6076006918155374,-9.03430091947488e-06
1,0,1,RF-R,2,X,0.026498267,0.972197729,0.38410036198595,1.4618711349399462,-0.0021425474706369798
1,0,1,RF-R,2,W1,0.069715087,0.926854169,0.30092698936578105,1.4480528886234894,-0.0006836037350900437
1,0,1,RF-R,2,W2,0.092317523,0.903139446,0.25643641628480474,1.4590429672189322,-0.0010569244302078618
1,0,1,XGBoost-R,2,X,0.005560356,0.991766565,0.4106823568362195,1.6040225271680444,0.0004194083561327777
1,0,1,XGBoost-R,2,W1,0.048559192,0.934746022,0.3202164825136291,1.5780118683172755,0.002639822381138046
1,0,1,XGBoost-R,2,W2,0.072486097,0.905233946,0.2755309703041015,1.5848395351975277,0.003123478678689273
1,0,1,MLP-R,2,X,0.001756934,0.998156605,0.41921650056742044,1.630124002173725,1.5766954466922555e-06
1,0,1,MLP-R,2,W1,0.042116704,0.955810694,0.33501834868032193,1.61235126990616,9.930200058722027e-05
1,0,1,MLP-R,2,W2,0.066892626,0.929815526,0.2879710948783907,1.5955835039814388,6.534975369798524e-05
1,0,1,MLR,3,X,0.001966146,0.9980206,0.39461785652000325,1.7128545511362954,-9.11545322135332e-07
1,0,1,MLR,3,W1,0.043458845,0.956248179,0.30517197564405346,1.7259325213986947,6.34780585929362e-05
1,0,1,MLR,3,W2,0.078579091,0.920891171,0.2530221055713726,1.7083618894423829,-1.2676579863701854e-06
1,0,1,SVR,3,X,0.007020292,0.992932381,0.393372910558556,1.6939645718690812,-0.002178011612141861
1,0,1,SVR,3,W1,0.043472562,0.956234369,0.30554091403467976,1.7258184337235367,7.257593676509577e-05
1,0,1,SVR,3,W2,0.078443653,0.921027522,0.24563092153734262,1.7102503782012985,-7.733382471036832e-05
1,0,1,RF-R,3,X,0.020224961,0.979638693,0.3499761100679882,1.5998248547782161,-0.0005015766120391896
1,0,1,RF-R,3,W1,0.066877918,0.932671227,0.2730756012341381,1.5931675652656447,-0.0006051630492896143
1,0,1,RF-R,3,W2,0.098150062,0.901188264,0.23304738405256464,1.5889283208159717,-0.0010359198574706908
1,0,1,XGBoost-R,3,X,0.004559821,0.993162936,0.38977926961177367,1.68895325751522,0.00024246427675944648
1,0,1,XGBoost-R,3,W1,0.049290828,0.935561622,0.29394670975545856,1.7073346584483786,-0.00036509502670526437
1,0,1,XGBoost-R,3,W2,0.084491882,0.894051526,0.24866942822741764,1.718378531503944,-0.002998856688001694
1,0,1,MLP-R,3,X,0.001964207,0.998022552,0.3948031837011113,1.7127206987466301,-7.121535333554085e-07
1,0,1,MLP-R,3,W1,0.043255412,0.956452983,0.3115027382872552,1.7472019982878007,1.1439534828217024e-05
1,0,1,MLP-R,3,W2,0.078375419,0.921096217,0.2505255515733985,1.7062095293061503,1.7019105312821027e-07
1,0,1,MLR,4,X,0.001933928,0.998123382,0.37260139043075596,1.5428565517259867,0.0
1,0,1,MLR,4,W1,0.039079808,0.962078283,0.3002856560582853,1.542267968638109,-0.00014193071172825534
1,0,1,MLR,4,W2,0.074098879,0.928096968,0.23173416605489644,1.544288476263896,-0.00013811907580175699
1,0,1,SVR,4,X,0.001933733,0.998123571,0.37238818400352913,1.5420053951725206,-1.1202472031124344e-07
1,0,1,SVR,4,W1,0.038959273,0.962195247,0.3006257932291786,1.5398618001414273,6.589654640354325e-06
1,0,1,SVR,4,W2,0.074187892,0.928010592,0.22757732101690661,1.5516636341577583,-0.00012207115164805104
1,0,1,RF-R,4,X,0.021872105,0.978776053,0.33259105986265974,1.4133368430774595,0.0007443842512957378
1,0,1,RF-R,4,W1,0.053705075,0.947886421,0.2776612795381102,1.4399417921260134,-0.0013155393802921189
1,0,1,RF-R,4,W2,0.096053623,0.906792831,0.2076341802127299,1.4179742146331333,-0.001733880602009108
1,0,1,XGBoost-R,4,X,0.003706991,0.994739973,0.36863943213767375,1.5302978396998341,1.7034741775889817e-05
1,0,1,XGBoost-R,4,W1,0.040638017,0.949495432,0.29009075588066774,1.5391359593700735,-0.0016278481002498957
1,0,1,XGBoost-R,4,W2,0.075147827,0.91333976,0.230528458125317,1.5508592311009133,0.004400232462409404
1,0,1,MLP-R,4,X,0.001933425,0.99812387,0.37260494390922466,1.5415438590591202,-2.6529566409250195e-07
1,0,1,MLP-R,4,W1,0.039074851,0.962083093,0.3003725214770907,1.5421045130885476,-0.00013545368255583057
1,0,1,MLP-R,4,W2,0.073687122,0.928496522,0.23167745973315532,1.5444445702951983,-0.00017759766066564043
1,0,1,MLR,5,X,0.002151382,0.997823489,0.4297454104183345,1.5527191283473667,-1.5452850892327952e-06
1,0,1,MLR,5,W1,0.043135498,0.956360669,0.3321515004442762,1.5352239380637753,-2.516588080239135e-05
1,0,1,MLR,5,W2,0.07200275,0.927156239,0.2705523728117653,1.5342674559119307,0.0
1,0,1,SVR,5,X,0.002149134,0.997825763,0.42990098343139227,1.5527860773834095,-8.022587246747648e-08
1,0,1,SVR,5,W1,0.043021805,0.956475689,0.33349317113273014,1.55077005523871,5.365129696023318e-05
1,0,1,SVR,5,W2,0.071871517,0.927289006,0.2785542124566379,1.5418388540568264,-0.00016231738292566967
1,0,1,RF-R,5,X,0.018171895,0.981615853,0.38800499874131256,1.4360374741849564,0.0014438835280580875
1,0,1,RF-R,5,W1,0.060771168,0.938519009,0.3035986405982291,1.4345173485290732,-0.0005006765379177325
1,0,1,RF-R,5,W2,0.094634126,0.904260523,0.2477792999859501,1.435372629398307,-0.00026851128687316317
1,0,1,XGBoost-R,5,X,0.003526158,0.992862055,0.42960581700107064,1.551586081355869,0.0003198819864272173
1,0,1,XGBoost-R,5,W1,0.044945705,0.942795868,0.3298835579605928,1.507066405254908,0.001031906689066997
1,0,1,XGBoost-R,5,W2,0.077169267,0.910385824,0.2765263331024302,1.5325775585607926,0.0026869285754644754
1,0,1,MLP-R,5,X,0.00214711,0.997827812,0.4272568628965189,1.5598000152533833,-2.9919405158396195e-06
1,0,1,MLP-R,5,W1,0.043134486,0.956361693,0.3321612732649439,1.535299094543615,-2.44902055555829e-05
1,0,1,MLP-R,5,W2,0.072028842,0.927129843,0.27055764054992515,1.5340166873857346,-1.7482986879080453e-05
1,0,1,MLR,6,X,0.001933121,0.997965757,0.3966675496119586,1.6440883562613675,0.0
1,0,1,MLR,6,W1,0.046071093,0.951518926,0.3045252878843418,1.6266146835213486,-4.823723733016205e-06
1,0,1,MLR,6,W2,0.070990492,0.925295993,0.2674653950529001,1.6004507887967834,-8.110237024679944e-05
1,0,1,SVR,6,X,0.001932946,0.997965941,0.396735237933891,1.6443964022342932,-2.2889458871633296e-07
1,0,1,SVR,6,W1,0.04596863,0.951626749,0.30222101460163775,1.6193178525988863,4.135319169453755e-05
1,0,1,SVR,6,W2,0.070571904,0.925736476,0.2581096994809685,1.5787720034600974,-0.0002997904467972656
1,0,1,RF-R,6,X,0.013256502,0.986050049,0.36876303556394985,1.5570127464625247,-0.0005060122176974158
1,0,1,RF-R,6,W1,0.055826953,0.941252737,0.2868551149286625,1.547962389416379,0.0012887594693977045
1,0,1,RF-R,6,W2,0.081416777,0.914324308,0.25318068555486894,1.5178740875954486,0.0007556727902295113
1,0,1,XGBoost-R,6,X,0.002839495,0.994765841,0.3956740298506408,1.6436148334933602,-0.0001075651150957313
1,0,1,XGBoost-R,6,W1,0.04808408,0.937916424,0.30042999736631854,1.6402403211081509,0.00036540478245342676
1,0,1,XGBoost-R,6,W2,0.071257026,0.906957082,0.27231515915426047,1.6025552104802707,-0.00010512004046215883
1,0,1,MLP-R,6,X,0.001932866,0.997966026,0.39660165097616285,1.6441228300629416,-1.6360219223798822e-07
1,0,1,MLP-R,6,W1,0.046071272,0.951518737,0.304499029549136,1.6266012894283097,-4.367059315690813e-06
1,0,1,MLP-R,6,W2,0.070419048,0.925897329,0.2516302943232927,1.5924863615841056,0.0004332576757116735
1,0,1,MLR,7,X,0.002113455,0.997836587,0.4138507645423369,1.5922850981945345,1.9844655498646445e-06
1,0,1,MLR,7,W1,0.042854195,0.956132823,0.32833053839452075,1.5938775941563283,0.0
1,0,1,MLR,7,W2,0.080778415,0.917312157,0.24898234913787434,1.586932252875737,6.0883765122388135e-05
1,0,1,SVR,7,X,0.003383791,0.996536223,0.4144169341159345,1.584104899202747,-0.00020453540414062666
1,0,1,SVR,7,W1,0.043009144,0.955974212,0.3278590495997641,1.6036270887626611,-6.717289753742639e-05
1,0,1,SVR,7,W2,0.080767138,0.9173237,0.2483369674180201,1.5881429325858054,9.596924567316645e-05
1,0,1,RF-R,7,X,0.019648726,0.97988682,0.3763392608419675,1.4779437623896605,-0.0019189236083009154
1,0,1,RF-R,7,W1,0.059837877,0.938747684,0.30127518603761727,1.4843657234994085,-0.0024313267234587267
1,0,1,RF-R,7,W2,0.099550566,0.898096272,0.2317050153578583,1.4717241596178714,-0.0005921475027169887
1,0,1,XGBoost-R,7,X,0.00444092,0.993387982,0.40861362678666335,1.5838290043587246,-0.00027228829142909026
1,0,1,XGBoost-R,7,W1,0.046188717,0.937286256,0.32435515440944634,1.57810043806395,-0.004749934543465506
1,0,1,XGBoost-R,7,W2,0.086029964,0.892050887,0.24123007707026609,1.5662494948181496,-0.0024500261479842855
1,0,1,MLP-R,7,X,0.002112412,0.997837656,0.4142039877203631,1.5920281927779256,2.203623406282773e-06
1,0,1,MLP-R,7,W1,0.042949273,0.956035499,0.3298887895353545,1.6010339024777729,-7.424140118102995e-05
1,0,1,MLP-R,7,W2,0.080374506,0.917725613,0.2502721553567864,1.588954566999897,0.00041978265037980746
1,0,1,MLR,8,X,0.001981905,0.998010228,0.38498171398501746,1.6849989814835808,5.50137750783275e-06
1,0,1,MLR,8,W1,0.044874568,0.954947288,0.3011370002972801,1.6741797392461337,0.0
1,0,1,MLR,8,W2,0.074194967,0.925510493,0.22921498832865392,1.6874979798499705,0.0
1,0,1,SVR,8,X,0.0019747,0.998017461,0.3851370765745471,1.6844544607481755,1.0191207169130134e-05
1,0,1,SVR,8,W1,0.044758698,0.955063618,0.29638107735586516,1.6697960208174698,0.0001153018531506178
1,0,1,SVR,8,W2,0.074372168,0.925332589,0.23122949565797707,1.6764212542538932,-0.00019624588903702778
1,0,1,RF-R,8,X,0.018726909,0.981198749,0.3420475807071871,1.5665476506904041,0.0016178395844924198
1,0,1,RF-R,8,W1,0.060747735,0.939011108,0.2680388140084081,1.5830417283299076,-0.00012801242423717829
1,0,1,RF-R,8,W2,0.098295687,0.901314098,0.20434064609755104,1.5667892458686885,-0.0020762837154014056
1,0,1,XGBoost-R,8,X,0.005256366,0.991658382,0.37316037425021975,1.6752405080959636,2.0229673921767775e-05
1,0,1,XGBoost-R,8,W1,0.047814569,0.941365628,0.29115341561200136,1.665547076105646,0.0007061171086683137
1,0,1,XGBoost-R,8,W2,0.079902818,0.899342132,0.22190735417899804,1.6745871466508906,-0.001788055803296551
1,0,1,MLP-R,8,X,0.001973426,0.998018739,0.3844803128837684,1.6844763356132144,1.9101999736870212e-05
1,0,1,MLP-R,8,W1,0.044907866,0.954913858,0.30168313685077985,1.682123516039881,-2.658149783153485e-05
1,0,1,MLP-R,8,W2,0.07471643,0.92498696,0.22986042339877594,1.6875003773931088,-0.00034765538858023693
1,0,1,MLR,9,X,0.002097851,0.99795086,0.36062392195665577,1.5475931954929336,1.597267605080166e-06
1,0,1,MLR,9,W1,0.037676281,0.963198541,0.2932183216548703,1.561465726035979,1.0193329278251894e-05
1,0,1,MLR,9,W2,0.071455376,0.930203779,0.23509550953004094,1.5859498973352966,5.374188155050641e-05
1,0,1,SVR,9,X,0.002084307,0.997964089,0.36160302100793296,1.5543783853775675,1.6024451128759943e-05
1,0,1,SVR,9,W1,0.037587921,0.96328485,0.29042720554845813,1.5770951626834833,-2.3690250369989842e-05
1,0,1,SVR,9,W2,0.071349512,0.930307185,0.23250712636656767,1.5994390501083147,3.3712119275619565e-05
1,0,1,RF-R,9,X,0.018854816,0.981582983,0.3450334849165837,1.4323056123143953,0.0011354283530552011
1,0,1,RF-R,9,W1,0.055328659,0.945956042,0.27529900214792413,1.4531874483582912,0.0007518308501917592
1,0,1,RF-R,9,W2,0.088354408,0.913697133,0.22961173773703908,1.4728135325024934,-0.0007849670658960472
1,0,1,XGBoost-R,9,X,0.003154234,0.994590824,0.3568223768166206,1.5475357181214766,6.82249040687033e-05
1,0,1,XGBoost-R,9,W1,0.040832668,0.952823377,0.29047643601756673,1.5670759549678468,0.0031072335970950492
1,0,1,XGBoost-R,9,W2,0.073201628,0.91147941,0.23856695086114899,1.6060382210950916,0.0008547638673041091
1,0,1,MLP-R,9,X,0.002097841,0.99795087,0.36059196624734613,1.547625161794277,1.8301696014022538e-06
1,0,1,MLP-R,9,W1,0.037671713,0.963203003,0.29564197542189413,1.5720658752384353,6.005063723136805e-05
1,0,1,MLP-R,9,W2,0.071373426,0.930283826,0.2333837613731781,1.5937061222052802,4.9332956997227837e-05
1,0,1,MLR,10,X,0.00195355,0.998184966,0.3717840575871868,1.5959581706302393,0.0
1,0,1,MLR,10,W1,0.039289743,0.963496085,0.302700249772199,1.6039825432694184,0.0
1,0,1,MLR,10,W2,0.079253259,0.926366171,0.22672754240166096,1.582338307955927,0.00018099645370249772
1,0,1,SVR,10,X,0.001949009,0.998189185,0.37068944975526846,1.5959338355226813,-5.650933684320236e-08
1,0,1,SVR,10,W1,0.039456511,0.963341142,0.3019439739919175,1.5988768593181308,-7.712689327070699e-05
1,0,1,SVR,10,W2,0.079255788,0.926363821,0.22620350309727266,1.5939362450745813,7.321800968708158e-05
1,0,1,RF-R,10,X,0.027317268,0.974619655,0.3368343375535934,1.4579732414624693,-8.05538246308135e-05
1,0,1,RF-R,10,W1,0.06704094,0.937712578,0.2784207012406107,1.4668443460802323,-0.0008357743644892502
1,0,1,RF-R,10,W2,0.111932246,0.896004278,0.20436505984131598,1.4411936644477203,-3.243279292693968e-05
1,0,1,XGBoost-R,10,X,0.00460009,0.992440338,0.3660693927406598,1.582019500339063,-0.00031092037760849234
1,0,1,XGBoost-R,10,W1,0.045954382,0.942458328,0.29584307590092324,1.57390216595824,-0.001128428686880245
1,0,1,XGBoost-R,10,W2,0.086272604,0.905813003,0.22769820672764923,1.561510043461108,0.002174513734476302
1,0,1,MLP-R,10,X,0.001954377,0.998184197,0.3718304391940487,1.595841482341289,4.670723824373724e-08
1,0,1,MLP-R,10,W1,0.039427182,0.963368391,0.3028962682979115,1.6037581659243536,-8.247740757015843e-05
1,0,1,MLP-R,10,W2,0.079227978,0.926389659,0.22610065060203266,1.5819362169227382,0.0002027044878392781
1,0,2,MLR,1,X,0.001217975,0.998775645,1.0725215307029994,0.9158409705040809,0.0
1,0,2,MLR,1,W1,0.091686525,0.907833139,0.8963084018820779,0.940750943545031,0.0
1,0,2,MLR,1,W2,0.180188251,0.818867762,0.690686412350941,0.939289614284907,0.0
1,0,2,SVR,1,X,0.002339887,0.997647855,1.0674004591693564,0.9119518998944403,-0.00015052912283065601
1,0,2,SVR,1,W1,0.091660793,0.907859006,0.8978516777436069,0.9406729101661998,5.1123928398344455e-06
1,0,2,SVR,1,W2,0.179990914,0.819066132,0.6986812091848075,0.9403654370854465,-6.881788813195566e-05
1,0,2,RF-R,1,X,0.016948763,0.982962445,0.9822522850685406,0.8462058563599306,0.0006207612738013734
1,0,2,RF-R,1,W1,0.111523255,0.887892487,0.8097186080575265,0.8557644006704962,0.0012967319500135077
1,0,2,RF-R,1,W2,0.201536374,0.797407799,0.639207069439046,0.8634360588382435,-0.002053321219232784
1,0,2,XGBoost-R,1,X,0.002790435,0.994531657,1.0585545131395038,0.9145022503409008,-0.0002144326663632512
1,0,2,XGBoost-R,1,W1,0.093655822,0.87613444,0.8813325975863041,0.9212699779706227,0.0001358663324506737
1,0,2,XGBoost-R,1,W2,0.188967941,0.760523735,0.6881048549657847,0.9245982891489959,-0.004370181059317579
1,0,2,MLP-R,1,X,0.001219285,0.998774327,1.0719041712235415,0.9153402987089401,-1.5478153457926247e-06
1,0,2,MLP-R,1,W1,0.091666058,0.907853713,0.8927496954407612,0.9387881838429634,-7.877240276532582e-06
1,0,2,MLP-R,1,W2,0.179369548,0.819690754,0.7049513982715777,0.9843091150692025,0.00023460603161453708
1,0,2,MLR,2,X,0.001135861,0.998851881,0.9026031875594521,1.0913150228687347,-4.6734499732359324e-07
1,0,2,MLR,2,W1,0.104598351,0.894272847,0.7050170774217197,1.1073518090167103,2.8440671931784232e-05
1,0,2,MLR,2,W2,0.201245142,0.796583066,0.5366515868383138,1.0671532642086825,0.0
1,0,2,SVR,2,X,0.001135891,0.998851851,0.9025854867149278,1.0915296927855092,-1.1106814574723956e-07
1,0,2,SVR,2,W1,0.104586846,0.894284477,0.7000353163656609,1.1022654963129443,0.00010655717865247772
1,0,2,SVR,2,W2,0.201070626,0.796759466,0.5353469141524181,1.0591921831055122,0.00016952098452186482
1,0,2,RF-R,2,X,0.017666309,0.98214304,0.8249589621417959,1.002777513300186,0.0008066716047894995
1,0,2,RF-R,2,W1,0.119997511,0.878707504,0.6503921900607679,1.017092480710928,0.0022811173179605572
1,0,2,RF-R,2,W2,0.234951582,0.762512874,0.4910213694688398,0.9611624307988244,-0.0029711338793474316
1,0,2,XGBoost-R,2,X,0.003027103,0.995022577,0.8946605167779629,1.0875278560708541,0.0004055355799617466
1,0,2,XGBoost-R,2,W1,0.110169835,0.863802913,0.7003797563047851,1.0968726121715533,-0.0016916026503192127
1,0,2,XGBoost-R,2,W2,0.21005587,0.727658401,0.5257973646270175,1.044762304750582,0.0034248359135810925
1,0,2,MLP-R,2,X,0.001135763,0.99885198,0.9025286578398916,1.0911345484188546,-5.337458342524748e-07
1,0,2,MLP-R,2,W1,0.104074361,0.894802492,0.7042663494430135,1.1091853419546491,8.177050832460785e-05
1,0,2,MLP-R,2,W2,0.201089076,0.796740817,0.5255253123873773,1.0402224439931618,2.251579451845176e-05
1,0,2,MLR,3,X,0.001302661,0.998707583,1.1179210261316328,0.8874991787342683,0.0
1,0,2,MLR,3,W1,0.123027539,0.877939948,0.8767232901703995,0.8708589681881573,0.00022676889147391633
1,0,2,MLR,3,W2,0.198592818,0.802968915,0.7381767260198724,0.8443991105091977,0.0002680115616480738
1,0,2,SVR,3,X,0.001308176,0.998702111,1.1190954303078453,0.888549693940108,-1.3801671322033471e-06
1,0,2,SVR,3,W1,0.122875503,0.878090789,0.8752945439056736,0.8730113741543042,0.00025626901412072466
1,0,2,SVR,3,W2,0.198614341,0.802947561,0.7397240204936589,0.844576563971837,0.0003199099662168914
1,0,2,RF-R,3,X,0.018119894,0.982022601,1.012244455385828,0.8248707154921538,-0.000397246417145658
1,0,2,RF-R,3,W1,0.145117518,0.856023686,0.7946675848274981,0.8057422752729286,0.003925069464143583
1,0,2,RF-R,3,W2,0.226547609,0.77523396,0.6548005814654021,0.7592145522319587,3.921088485437929e-05
1,0,2,XGBoost-R,3,X,0.003406937,0.994195709,1.1142282360311042,0.8905697119939815,-9.85895688031757e-05
1,0,2,XGBoost-R,3,W1,0.126942772,0.852314381,0.863070542661806,0.8652805906107573,0.0040665620930006585
1,0,2,XGBoost-R,3,W2,0.211785634,0.734167154,0.7282973129028248,0.853008177805787,-0.00457252782124018
1,0,2,MLP-R,3,X,0.00130122,0.998709013,1.1194491093081584,0.8870009824829349,2.9427144585536526e-07
1,0,2,MLP-R,3,W1,0.122176578,0.878784218,0.8785723070987155,0.8683141281032452,0.001010142702799377
1,0,2,MLP-R,3,W2,0.198562471,0.802999023,0.7287786445098379,0.8437311045694444,0.00031631632744820725
1,0,2,MLR,4,X,0.001283659,0.998764556,1.047796804734451,0.909947446540684,0.0
1,0,2,MLR,4,W1,0.10697878,0.897039423,0.8421884401415152,0.9284719025158189,-1.414027604895729e-07
1,0,2,MLR,4,W2,0.186365431,0.820634594,0.6780332058250974,0.9197040357913323,0.0
1,0,2,SVR,4,X,0.009719361,0.990645705,1.0401795541113006,0.8927655736492273,-0.003633332278614854
1,0,2,SVR,4,W1,0.106993829,0.897024939,0.847598488280347,0.9334806332352048,-1.0135896074769946e-05
1,0,2,SVR,4,W2,0.186102316,0.820887826,0.6918320705646067,0.9255012168644567,-1.4520071947132785e-06
1,0,2,RF-R,4,X,0.023128568,0.977740158,0.9488140573115025,0.832347324916254,-0.0007939850370699886
1,0,2,RF-R,4,W1,0.1403203,0.864950236,0.7653582756883898,0.8549454896231594,-0.004195569060974469
1,0,2,RF-R,4,W2,0.222947837,0.78542625,0.6124992810252421,0.8419574714361495,-0.003132549031147258
1,0,2,XGBoost-R,4,X,0.003034655,0.994391906,1.0300678544730175,0.904800412472946,-0.0001973680628353458
1,0,2,XGBoost-R,4,W1,0.117199006,0.863784924,0.8262794726317797,0.9200762495358126,-0.0036894108922609914
1,0,2,XGBoost-R,4,W2,0.200818849,0.767238461,0.6538961132805241,0.9436249068958711,-0.00813175873843247
1,0,2,MLP-R,4,X,0.00128491,0.998763352,1.0476973469807542,0.9099815053635545,-7.19719250152906e-07
1,0,2,MLP-R,4,W1,0.106967453,0.897050324,0.8430852112129983,0.9254662910923865,6.1437106330330945e-06
1,0,2,MLP-R,4,W2,0.18641525,0.820586646,0.6779729471631898,0.9199006886848602,-2.4869334408483823e-07
1,0,2,MLR,5,X,0.001177645,0.998751752,0.9826031609900541,1.000709190343044,0.0
1,0,2,MLR,5,W1,0.107630858,0.885916428,0.799095165477939,1.0119797838773856,0.0
1,0,2,MLR,5,W2,0.174698592,0.814827832,0.6365763924695105,1.0420134921063735,0.0
1,0,2,SVR,5,X,0.00184871,0.998040456,0.9775737265008397,0.9932047621518103,0.0006849837713624685
1,0,2,SVR,5,W1,0.107511529,0.886042912,0.7823700399912674,1.020921166387319,-0.0006893182763778149
1,0,2,SVR,5,W2,0.174595463,0.814937144,0.6348490094557958,1.0527774488665071,3.395342313869953e-05
1,0,2,RF-R,5,X,0.014073375,0.985082895,0.9116383053620364,0.9220345405306902,0.0013813699372985377
1,0,2,RF-R,5,W1,0.123844595,0.868730642,0.7313850675527265,0.9334751640416552,0.0018354772802285702
1,0,2,RF-R,5,W2,0.188088107,0.800635585,0.5985170576208628,0.9919491890000277,0.00643648609772145
1,0,2,XGBoost-R,5,X,0.002613103,0.994734452,0.9765413587824187,0.9959825936898536,3.426943980656682e-05
1,0,2,XGBoost-R,5,W1,0.109486173,0.864700557,0.8001630789199933,1.0236519978070178,0.0006737527858514003
1,0,2,XGBoost-R,5,W2,0.176337378,0.763506263,0.6487415381528127,1.0219285805757465,-0.0008464179765126812
1,0,2,MLP-R,5,X,0.001170515,0.99875931,0.9811571859834773,1.0004939469680856,-1.853578992938587e-06
1,0,2,MLP-R,5,W1,0.10775171,0.885788331,0.7972635382767442,1.0116321874877883,-0.00013641247956783787
1,0,2,MLP-R,5,W2,0.174747669,0.814775813,0.6421105829102667,1.0612966924429492,0.0005151863239294841
1,0,2,MLR,6,X,0.001088151,0.998928363,0.9126647983196353,0.9714959558207685,4.623900777878109e-06
1,0,2,MLR,6,W1,0.100583483,0.90094295,0.730436304057286,0.9929057666519853,0.00013961661724211095
1,0,2,MLR,6,W2,0.174239723,0.828404501,0.574531496506873,0.9893244728151226,8.255070269913567e-07
1,0,2,SVR,6,X,0.001826043,0.998201669,0.9099408610747828,0.9640533315080567,-3.1586952678042125e-05
1,0,2,SVR,6,W1,0.10082087,0.900709165,0.7273196492768179,0.9841078894778829,8.312324392533155e-05
1,0,2,SVR,6,W2,0.174186212,0.828457199,0.5763515872194872,1.0080673475469868,8.567898090713343e-05
1,0,2,RF-R,6,X,0.017822244,0.982448223,0.8458737902047752,0.8833317621876038,-0.0010859573623878127
1,0,2,RF-R,6,W1,0.123463812,0.878409848,0.6737708921362761,0.9019116029047669,-0.002410844398800427
1,0,2,RF-R,6,W2,0.202475796,0.800596932,0.5302602399638416,0.8906591836488793,-0.0001434503179575164
1,0,2,XGBoost-R,6,X,0.002605957,0.994788441,0.9148196728476309,0.9629361507727845,7.610402902850089e-05
1,0,2,XGBoost-R,6,W1,0.108652012,0.861844986,0.7172290258181727,0.9705853279419767,-0.0060962104739452514
1,0,2,XGBoost-R,6,W2,0.181260754,0.782306942,0.5857101570427492,0.980467529677048,0.003775140640248442
1,0,2,MLP-R,6,X,0.001088243,0.998928272,0.9126748401543286,0.9714892664016723,5.329889572425195e-06
1,0,2,MLP-R,6,W1,0.100599733,0.900926947,0.7317699212306241,0.9908307864698692,-2.3330188101922112e-05
1,0,2,MLP-R,6,W2,0.174269317,0.828375356,0.5744506735419572,0.9894299488852052,3.05245277036903e-06
1,0,2,MLR,7,X,0.001208392,0.9988268,0.9361528200037774,0.9972248373874801,-1.587649672507574e-07
1,0,2,MLR,7,W1,0.106079401,0.897009964,0.740240524355948,0.9999700045281473,0.0
1,0,2,MLR,7,W2,0.17391988,0.831145213,0.6171908116700019,1.0238142008280389,0.0
1,0,2,SVR,7,X,0.001207076,0.998828078,0.9370187754029764,0.996267645909446,-1.8104940441299178e-07
1,0,2,SVR,7,W1,0.106087123,0.897002467,0.7367069829044736,1.002501601376927,9.26736871672551e-06
1,0,2,SVR,7,W2,0.174093869,0.830976291,0.6094740493345149,1.032295544007495,1.8442261158257977e-05
1,0,2,RF-R,7,X,0.021328938,0.979292228,0.8654045773181007,0.9135457510843427,-0.001114114492638718
1,0,2,RF-R,7,W1,0.125786338,0.877876955,0.6881198093861929,0.9182014833910902,0.001947224474708953
1,0,2,RF-R,7,W2,0.199122943,0.806676142,0.5690597292660653,0.9384788471505334,0.000635398059603376
1,0,2,XGBoost-R,7,X,0.003483281,0.994031512,0.9209236404067755,0.9893758579683303,0.0005248652648540908
1,0,2,XGBoost-R,7,W1,0.113362798,0.869777178,0.7314516996791247,0.9988472651532299,0.0033757471000516515
1,0,2,XGBoost-R,7,W2,0.184894129,0.776079944,0.622427387539425,1.0231323241373327,0.0024087796315864106
1,0,2,MLP-R,7,X,0.001208268,0.998826921,0.9361704853626783,0.9972369823339686,-5.250018698665926e-08
1,0,2,MLP-R,7,W1,0.104976976,0.898080283,0.7401754651984745,0.9962631375215473,0.0014404628767132777
1,0,2,MLP-R,7,W2,0.173939063,0.831126588,0.6161544306308956,1.0283244385504302,-2.30415085846869e-05
1,0,2,MLR,8,X,0.001197934,0.998774387,1.049409958623789,1.0189659685052164,0.0
1,0,2,MLR,8,W1,0.095049956,0.902753879,0.8516341857120834,0.982167332863791,0.0
1,0,2,MLR,8,W2,0.183652655,0.812103982,0.6932891712894543,0.9608200926918562,0.0
1,0,2,SVR,8,X,0.00119808,0.998774238,1.0496053487588533,1.0188253914920224,7.977596099273398e-08
1,0,2,SVR,8,W1,0.094808562,0.903000851,0.8616519984142892,0.9756385446643208,0.00016847702941135133
1,0,2,SVR,8,W2,0.182132287,0.813659478,0.6744877734937114,0.919102549335798,0.0007517124308447753
1,0,2,RF-R,8,X,0.019530396,0.980018347,0.9482639736201156,0.909223087386948,0.0005473337657980082
1,0,2,RF-R,8,W1,0.109469086,0.888001589,0.7883009225581918,0.8941245961387958,0.0012734845121012196
1,0,2,RF-R,8,W2,0.198856987,0.796548347,0.6311418582790667,0.8724783371875352,-0.0009048628272534054
1,0,2,XGBoost-R,8,X,0.003998909,0.992979797,1.0537518631498557,0.9984877237949773,-0.00024648699703669894
1,0,2,XGBoost-R,8,W1,0.097884335,0.876660215,0.8442112053807286,0.9694298374192902,0.0006456804783893988
1,0,2,XGBoost-R,8,W2,0.188720241,0.777739062,0.6838256221235091,0.9494193906170265,0.007103296580800078
1,0,2,MLP-R,8,X,0.001197979,0.998774342,1.0491534336048953,1.018569890058867,-3.828890049462075e-08
1,0,2,MLP-R,8,W1,0.094544136,0.903271386,0.8515858301764441,0.9794816284258573,-0.0003143904718600155
1,0,2,MLP-R,8,W2,0.181469176,0.81433791,0.6719904563460982,0.937240148663801,0.000571726012935192
1,0,2,MLR,9,X,0.00112307,0.998904189,0.9807047759815039,0.9863675149935208,6.144531417762167e-06
1,0,2,MLR,9,W1,0.089675026,0.912501532,0.7783007212516877,1.019443024275588,6.212702130652392e-05
1,0,2,MLR,9,W2,0.16788257,0.836192212,0.6183175178412426,1.0416748672073812,0.0
1,0,2,SVR,9,X,0.00136449,0.998668628,0.9803359616672159,0.9820669657929756,0.00023411335169649662
1,0,2,SVR,9,W1,0.089958102,0.912225327,0.7779079598406462,1.0145895275478118,8.922425673537626e-05
1,0,2,SVR,9,W2,0.166788009,0.837260206,0.6218072558411925,1.0620049216715723,0.000372243971361097
1,0,2,RF-R,9,X,0.015742163,0.984639925,0.9113334485070539,0.9091628260574162,0.00023363204764512702
1,0,2,RF-R,9,W1,0.113868349,0.88889542,0.7271054512469597,0.9455798357121095,-1.7459755858872938e-06
1,0,2,RF-R,9,W2,0.19461393,0.810109665,0.5704296520626689,0.9625918599238587,0.002508580117274395
1,0,2,XGBoost-R,9,X,0.003155025,0.993760828,0.9788761760729423,0.9816591439646946,-0.00029219803738548265
1,0,2,XGBoost-R,9,W1,0.09814187,0.878730782,0.776620860038176,1.007384601771003,-0.004305587077152906
1,0,2,XGBoost-R,9,W2,0.172796991,0.790048509,0.6220722798676475,1.0224874711553924,0.001585628601982647
1,0,2,MLP-R,9,X,0.001120527,0.99890667,0.9800363992685508,0.9862719374782563,7.136540897012544e-06
1,0,2,MLP-R,9,W1,0.089315817,0.912852022,0.7805525409898226,1.0196779556954652,0.0008035900063434687
1,0,2,MLP-R,9,W2,0.167734778,0.836336417,0.6446605689681661,1.0608717365776337,0.0003052092814772256
1,0,2,MLR,10,X,0.001241811,0.99875747,1.0480925089101434,0.9404125951129727,0.0
1,0,2,MLR,10,W1,0.095289732,0.904655143,0.8623588408074433,0.9195873450324955,6.288770754449002e-05
1,0,2,MLR,10,W2,0.191779592,0.808109463,0.6366178528526019,0.9520088824420488,0.0
1,0,2,SVR,10,X,0.002863286,0.997135058,1.04001702794237,0.9365155617323462,-0.0004697520771009711
1,0,2,SVR,10,W1,0.09518036,0.904764578,0.8530798115548605,0.9128442046019227,5.281439176533231e-05
1,0,2,SVR,10,W2,0.191728133,0.808160951,0.6448524476802099,0.9575546654103521,-0.00013041376534874693
1,0,2,RF-R,10,X,0.021155454,0.978832307,0.9508610971670531,0.8683765116318567,-0.0004403813124677303
1,0,2,RF-R,10,W1,0.12446297,0.875465028,0.7705812605092253,0.8323329010723555,-0.0037899123863235793
1,0,2,RF-R,10,W2,0.231608671,0.768257342,0.5698648254844955,0.8432495330034795,-0.004977893950046386
1,0,2,XGBoost-R,10,X,0.003241977,0.994739103,1.0364644336436695,0.9439581123317113,-0.0002344818994506892
1,0,2,XGBoost-R,10,W1,0.101427708,0.859645069,0.8341398287502569,0.9078527359862802,-0.006868317705644278
1,0,2,XGBoost-R,10,W2,0.203084672,0.739251557,0.6263095848317394,0.9247570371983539,-0.007417493093601846
1,0,2,MLP-R,10,X,0.001239869,0.998759414,1.0477680728147645,0.9407776881095609,5.040378301279791e-06
1,0,2,MLP-R,10,W1,0.095289315,0.90465556,0.8622880610539067,0.9195206181754972,6.349743185180001e-05
1,0,2,MLP-R,10,W2,0.191188124,0.808701273,0.6484964584259714,0.9441022036131246,0.0005555539364112572
1,1,0,MLR,1,X,0.002080139,0.998049905,1.6129805352002655,0.35313052019886265,0.0
1,1,0,MLR,1,W1,0.160938112,0.849123269,1.3397012200202554,0.35306340183423013,0.0
1,1,0,MLR,1,W2,0.344480446,0.677055464,0.9748524840034362,0.34256828793680694,0.00010038356204520316
1,1,0,SVR,1,X,0.003934335,0.996311628,1.597048562768238,0.35030715766262716,0.00032210781010019176
1,1,0,SVR,1,W1,0.1607352,0.849313494,1.3342045686186024,0.3569002487606966,0.00043615652999584587
1,1,0,SVR,1,W2,0.343174517,0.67827975,0.9747042066303238,0.34881316216025926,0.00025481839089187553
1,1,0,RF-R,1,X,0.02321503,0.978236306,1.4816952812210684,0.31971155138581775,-0.0011244677497330268
1,1,0,RF-R,1,W1,0.196963483,0.815350098,1.2249855056291938,0.3209909140547508,-0.005569589677473241
1,1,0,RF-R,1,W2,0.373844364,0.649527292,0.8977390156606775,0.3113360447217356,0.0008321753470728277
1,1,0,XGBoost-R,1,X,0.004048642,0.994595926,1.6060522947988471,0.3480374933914199,0.0002406566287820877
1,1,0,XGBoost-R,1,W1,0.172549933,0.794721551,1.3159691894835255,0.3391858798064226,-0.004897826676331962
1,1,0,XGBoost-R,1,W2,0.350329808,0.591555258,0.9419679170209909,0.3211132858948312,-0.002913555385118993
1,1,0,MLP-R,1,X,0.002084318,0.998045987,1.6128980390915342,0.3530678684259569,-1.4104852222751596e-06
1,1,0,MLP-R,1,W1,0.161180889,0.848895669,1.337802377010425,0.35643854003579084,-0.0002862509281455483
1,1,0,MLP-R,1,W2,0.341937393,0.679439533,0.9503935939452062,0.35866621738532245,0.0010796789606146496
1,1,0,MLR,2,X,0.001905571,0.99808808,1.5336522702394624,0.4129176959000719,0.0
1,1,0,MLR,2,W1,0.156549689,0.84292871,1.2393924106063765,0.4198988347990985,-2.8098585973734824e-05
1,1,0,MLR,2,W2,0.264778041,0.734339757,1.032819376415801,0.4260360643190205,0.00010325487038905789
1,1,0,SVR,2,X,0.001911665,0.998081965,1.53133001134375,0.41240886459142445,-1.8208276563624892e-06
1,1,0,SVR,2,W1,0.156265007,0.843214341,1.2330727633363616,0.410703123741367,6.476577604096479e-05
1,1,0,SVR,2,W2,0.264719053,0.734398941,1.0219537151222513,0.41163655482533823,0.00039317661951894235
1,1,0,RF-R,2,X,0.016507826,0.983437172,1.4149153701750898,0.3689421357640037,-0.00017838356212778183
1,1,0,RF-R,2,W1,0.177893204,0.821514082,1.1439669998809718,0.3762145417535443,0.004806434540528715
1,1,0,RF-R,2,W2,0.291253187,0.7077764,0.921523803493911,0.38166050949797714,0.0020476456329817094
1,1,0,XGBoost-R,2,X,0.003799342,0.992861282,1.5302520337125807,0.4036602139766955,-0.0005145695907329051
1,1,0,XGBoost-R,2,W1,0.164264357,0.808649556,1.1991186371814326,0.4175855402238189,0.010362222155429002
1,1,0,XGBoost-R,2,W2,0.276009549,0.645191648,1.0034980672937739,0.42845769905651093,-0.0036120835950844477
1,1,0,MLP-R,2,X,0.001897736,0.998095941,1.5349451553193136,0.4127440677513438,3.159444465239414e-05
1,1,0,MLP-R,2,W1,0.156595586,0.84288266,1.2398938150501304,0.4206979498677164,9.526100183343544e-07
1,1,0,MLP-R,2,W2,0.261054319,0.738075887,1.024041641117838,0.42910277534233987,3.0305205341807362e-05
1,1,0,MLR,3,X,0.002038086,0.9978679,1.6628499311045428,0.44493342481474496,9.657590514411396e-07
1,1,0,MLR,3,W1,0.156159829,0.836636772,1.3295455193723593,0.42977063768985485,0.0
1,1,0,MLR,3,W2,0.300584226,0.685550312,1.0314658564387424,0.42281953257939336,0.0
1,1,0,SVR,3,X,0.002034322,0.997871838,1.6613576883688204,0.44499008051044686,9.945582130410634e-07
1,1,0,SVR,3,W1,0.156438298,0.836345458,1.3228539663305954,0.4328561233165793,-0.0001755950774961934
1,1,0,SVR,3,W2,0.300319426,0.685827326,1.0240792374298553,0.41917620070662454,0.0003886897484769225
1,1,0,RF-R,3,X,0.018907438,0.980220392,1.5296617739762124,0.3949724988324117,0.0020638675829801724
1,1,0,RF-R,3,W1,0.184058659,0.807451014,1.2413824172123529,0.39272924590278924,0.0008287536678376339
1,1,0,RF-R,3,W2,0.321052917,0.664137433,0.9127906905088562,0.3743038178357346,0.007327569185044069
1,1,0,XGBoost-R,3,X,0.004627151,0.992849967,1.658000420478309,0.43950676138947886,5.102467744713124e-05
1,1,0,XGBoost-R,3,W1,0.166737378,0.766995916,1.324315280722058,0.4221110267114982,-0.009047074077083717
1,1,0,XGBoost-R,3,W2,0.308825061,0.62384238,1.0472117341467395,0.41429625089699085,0.006005716667126326
1,1,0,MLP-R,3,X,0.002037507,0.997868506,1.6621902985601664,0.44506199844208166,1.3645716021581933e-06
1,1,0,MLP-R,3,W1,0.156484079,0.836297565,1.3291710372178425,0.42936237656120035,-0.00022193284439551154
1,1,0,MLP-R,3,W2,0.300658817,0.68547228,1.0395205050059668,0.41655861414094497,-0.00012056685139653079
1,1,0,MLR,4,X,0.001889022,0.998109307,1.604361672963344,0.4322498293390951,8.575467934868186e-07
1,1,0,MLR,4,W1,0.156685297,0.843176075,1.3040789216660393,0.4116966406330992,-6.530473661168213e-05
1,1,0,MLR,4,W2,0.300766413,0.698967483,0.9788032631392033,0.39522568387074153,-0.0008727737102728784
1,1,0,SVR,4,X,0.002632145,0.997365526,1.598636374391607,0.429030886219368,0.0002969283293114966
1,1,0,SVR,4,W1,0.156605463,0.84325598,1.3109829206488786,0.4194428142567489,-7.55889980434854e-05
1,1,0,SVR,4,W2,0.300120643,0.699613824,0.9820980075917796,0.3896433639056565,-0.0005601835379627107
1,1,0,RF-R,4,X,0.0206507,0.979331029,1.4737023961168647,0.37369546072425414,0.0001514952282560378
1,1,0,RF-R,4,W1,0.185740584,0.814095081,1.2138468312665793,0.3620107892170522,0.0015043661344528504
1,1,0,RF-R,4,W2,0.327956409,0.67175343,0.9125170502744868,0.34979375243036326,-0.006840205779948738
1,1,0,XGBoost-R,4,X,0.003011397,0.994118842,1.6001001502176346,0.4219326116813621,0.00012582766319881866
1,1,0,XGBoost-R,4,W1,0.164325775,0.785707505,1.2715924549844095,0.38333432825879454,-0.00390552066211286
1,1,0,XGBoost-R,4,W2,0.307882442,0.607931596,0.9902470928110876,0.36218140608568,-0.01642469311977559
1,1,0,MLP-R,4,X,0.00188414,0.998114193,1.6032983601976558,0.4330289116050821,3.743091797292486e-07
1,1,0,MLP-R,4,W1,0.156050074,0.84381186,1.304184102213907,0.4114029460913642,-9.150760036997773e-05
1,1,0,MLP-R,4,W2,0.300341764,0.699392507,0.9787844084155415,0.3954806250347661,-0.000581141563477694
1,1,0,MLR,5,X,0.002219443,0.997828719,1.6179149418885104,0.4116916598486474,5.286678472660177e-07
1,1,0,MLR,5,W1,0.152531899,0.850778057,1.3115268406045737,0.4007966023714089,1.8908554125307565e-05
1,1,0,MLR,5,W2,0.302493823,0.704070321,1.006958152986277,0.3974923131491367,0.0
1,1,0,SVR,5,X,0.00222499,0.997823293,1.6165270469197073,0.4106050153770512,-3.3398865395550814e-08
1,1,0,SVR,5,W1,0.152539321,0.850770797,1.3169363730251333,0.39924196839349624,-8.054300856142893e-05
1,1,0,SVR,5,W2,0.302322848,0.704237586,1.0305448065039173,0.40345982152821264,5.011674020072299e-05
1,1,0,RF-R,5,X,0.024678579,0.975856948,1.4905213323541822,0.37074251577694445,-0.0009084361224164561
1,1,0,RF-R,5,W1,0.180566322,0.823351984,1.2054223831173778,0.3709530143087681,0.002290136145810184
1,1,0,RF-R,5,W2,0.331355429,0.675835014,0.9177240652792948,0.3645007945061912,-0.00032308563206074893
1,1,0,XGBoost-R,5,X,0.004790608,0.992825241,1.6094005621021708,0.4028722408585244,-9.156435003281338e-05
1,1,0,XGBoost-R,5,W1,0.162271424,0.817465968,1.301171415018469,0.40398981041705007,0.008848701509219792
1,1,0,XGBoost-R,5,W2,0.313704499,0.621145794,0.9673786780530653,0.395583653492189,-0.002470534754596576
1,1,0,MLP-R,5,X,0.002219663,0.997828504,1.6179983392633006,0.41169714027590787,5.169931015402973e-07
1,1,0,MLP-R,5,W1,0.152539851,0.850770278,1.3122827552266394,0.3982239095146842,-9.32348670102945e-06
1,1,0,MLP-R,5,W2,0.302662184,0.703905613,1.0178211874042347,0.3976374439018727,2.7184794053780603e-05
1,1,0,MLR,6,X,0.001976977,0.998128131,1.6819071413277817,0.36707833623695046,0.0
1,1,0,MLR,6,W1,0.191058604,0.819099224,1.3385340830754484,0.3844201539825476,0.000110866130982612
1,1,0,MLR,6,W2,0.300760159,0.715230066,1.0855530257802877,0.3606269381949544,0.0
1,1,0,SVR,6,X,0.001976523,0.998128561,1.6816033106253925,0.36736929218539127,7.545849650680836e-08
1,1,0,SVR,6,W1,0.190950656,0.819201433,1.3318498182194944,0.37792488838842575,0.0001522947956763554
1,1,0,SVR,6,W2,0.300338859,0.715628967,1.0947000096536101,0.3543149505541858,5.7520664700072556e-05
1,1,0,RF-R,6,X,0.021633136,0.979517012,1.5395871893130477,0.3330167701922039,0.00023647279495759844
1,1,0,RF-R,6,W1,0.218353974,0.793255041,1.2157336223418616,0.34570714123946733,-0.00013552418766848984
1,1,0,RF-R,6,W2,0.327350863,0.690053084,0.9890325686064896,0.3259277297392883,0.0015647761448530305
1,1,0,XGBoost-R,6,X,0.004399878,0.992247574,1.6726619579863382,0.3688388484107062,-0.0005423226828659477
1,1,0,XGBoost-R,6,W1,0.198569312,0.77790284,1.3616420513925225,0.3849004964902493,0.0027877383254608424
1,1,0,XGBoost-R,6,W2,0.315565742,0.654415885,1.0947626042743313,0.3829763061434766,0.017504498444910744
1,1,0,MLP-R,6,X,0.001976669,0.998128422,1.6814952563788617,0.36710505603254023,1.0284960805240217e-07
1,1,0,MLP-R,6,W1,0.189785008,0.820305108,1.3329651353531413,0.3827582646306663,0.0019907518709591397
1,1,0,MLP-R,6,W2,0.300906783,0.715091237,1.0854770638390274,0.3611610547290752,-1.899991268976553e-05
1,1,0,MLR,7,X,0.002051361,0.997959778,1.5642080393112918,0.40230713850915734,1.0069969857973149e-08
1,1,0,MLR,7,W1,0.168957554,0.831959904,1.2293351529215155,0.39624745267700046,0.0
1,1,0,MLR,7,W2,0.29187473,0.709710182,0.9785846207745175,0.3782764878664728,-0.00016615551639532767
1,1,0,SVR,7,X,0.002062583,0.997948617,1.5624672022167507,0.4026753593168252,2.019257234753269e-08
1,1,0,SVR,7,W1,0.169058274,0.831859731,1.236104048767434,0.3951829499749492,-3.007006889627073e-05
1,1,0,SVR,7,W2,0.291510158,0.710072774,1.002047777329441,0.4042270929494216,-4.1172989787285896e-05
1,1,0,RF-R,7,X,0.016926393,0.983165519,1.4585542021456015,0.36559579110560564,-0.000548798734660172
1,1,0,RF-R,7,W1,0.183335176,0.817660354,1.146508644755247,0.37066798531268974,0.0011291634385299453
1,1,0,RF-R,7,W2,0.319553799,0.682181413,0.904965189045253,0.3617751227340696,-0.005172367497452024
1,1,0,XGBoost-R,7,X,0.003872523,0.994887032,1.5608895977467383,0.3973172929883801,0.00012203119780798132
1,1,0,XGBoost-R,7,W1,0.172303782,0.796664977,1.2451915239201612,0.40104600878607355,0.0022053942237379885
1,1,0,XGBoost-R,7,W2,0.302828646,0.628045549,0.975178213996184,0.3898523615732014,-0.007307232346233927
1,1,0,MLP-R,7,X,0.002053045,0.997958104,1.5642185068846914,0.4022884008258085,2.4335078141479725e-08
1,1,0,MLP-R,7,W1,0.169139993,0.831778456,1.2317054296776428,0.39753722384451695,3.4466379531994386e-05
1,1,0,MLP-R,7,W2,0.291139169,0.710441748,0.9812768353679043,0.3807976986551587,-0.0002237751618938355
1,1,0,MLR,8,X,0.002026776,0.998185964,1.5741170691424053,0.3646803811917715,9.897368021150043e-07
1,1,0,MLR,8,W1,0.171884321,0.846157426,1.2471980382543193,0.355846265777108,-0.00026277864243210434
1,1,0,MLR,8,W2,0.288608635,0.741685018,1.0070580196401788,0.35286684800727475,-0.00032929912067893865
1,1,0,SVR,8,X,0.002463579,0.997795009,1.5428526641300289,0.35836017426075545,4.210726621156624e-06
1,1,0,SVR,8,W1,0.171349106,0.846636462,1.2544876858047178,0.3583986586695322,-0.00010793185603357181
1,1,0,SVR,8,W2,0.286917707,0.743198459,1.0362899068254634,0.36060349466117153,-0.00029162239135108734
1,1,0,RF-R,8,X,0.018845874,0.983132273,1.4543334464385622,0.3279139546348361,0.001163363922105909
1,1,0,RF-R,8,W1,0.192304302,0.827880818,1.1649491326663532,0.33215225983405994,0.0040244077698727175
1,1,0,RF-R,8,W2,0.317192413,0.716101522,0.9465066329544098,0.32861064867370493,-0.0017595568047880095
1,1,0,XGBoost-R,8,X,0.004244123,0.993755572,1.5716911356493015,0.35852067302944846,0.00036830841684903914
1,1,0,XGBoost-R,8,W1,0.17520805,0.814457424,1.2703992719002,0.364006377651528,0.007470966539411839
1,1,0,XGBoost-R,8,W2,0.29442378,0.685966211,1.0246050884434268,0.3423859307082379,0.01927213927001704
1,1,0,MLP-R,8,X,0.002022843,0.998189484,1.5748892224940634,0.3640092605873686,-1.3341277977918508e-07
1,1,0,MLP-R,8,W1,0.17028145,0.847592052,1.3066752866609648,0.3653448609848299,0.0007295104326389467
1,1,0,MLP-R,8,W2,0.285427387,0.744532349,1.0379881912888855,0.35882076524906836,0.0002249266738182376
1,1,0,MLR,9,X,0.001850896,0.998032761,1.6305695054725355,0.43115881319782084,1.4275543024577787e-06
1,1,0,MLR,9,W1,0.139481552,0.851750924,1.3466855103100515,0.4404028514074244,0.0
1,1,0,MLR,9,W2,0.276204328,0.706434036,1.0802605594220211,0.40188145354371285,0.00032324152738691934
1,1,0,SVR,9,X,0.002193382,0.997668747,1.6201117907122797,0.4275482316989712,0.0012235788638522926
1,1,0,SVR,9,W1,0.139476776,0.851756001,1.3552058681703398,0.442971508012491,6.077308264340609e-06
1,1,0,SVR,9,W2,0.276150903,0.706490819,1.0734087908254053,0.4005953861290429,0.0003556618610784601
1,1,0,RF-R,9,X,0.013330727,0.985831331,1.51019872936082,0.39451089932077654,0.0020050041236353566
1,1,0,RF-R,9,W1,0.155005644,0.83525102,1.2309374641892237,0.41200115119601455,0.008022267122645765
1,1,0,RF-R,9,W2,0.299563121,0.681606957,0.945333853505217,0.3600210131113923,0.00506290438988094
1,1,0,XGBoost-R,9,X,0.003153415,0.995278423,1.6220304089851272,0.4295220113413721,0.0002732013862279725
1,1,0,XGBoost-R,9,W1,0.144313268,0.806197408,1.3648579100918812,0.4443006265682051,0.004636190718754185
1,1,0,XGBoost-R,9,W2,0.289951429,0.622315673,1.0896838354770826,0.4069062511006539,0.00948937955890664
1,1,0,MLP-R,9,X,0.001852339,0.998031227,1.630693874999881,0.431146375223565,1.3815144984108407e-06
1,1,0,MLP-R,9,W1,0.139438246,0.851796952,1.3438938313012572,0.44146662685652094,-3.2304472676181196e-05
1,1,0,MLP-R,9,W2,0.276122545,0.706520959,1.084105518807238,0.40141194497804167,0.00028212896255350726
1,1,0,MLR,10,X,0.002128201,0.998091103,1.5486527158488888,0.3798429588621786,-1.2748890162339599e-06
1,1,0,MLR,10,W1,0.154827787,0.86112665,1.2364027683074892,0.35913210479069535,3.7167570379836866e-05
1,1,0,MLR,10,W2,0.295301581,0.735128165,0.9994778242106067,0.3815415063551951,0.0
1,1,0,SVR,10,X,0.002128385,0.998090937,1.547757057925483,0.38013081049262487,3.1256986060101964e-06
1,1,0,SVR,10,W1,0.154853557,0.861103535,1.2412630596588656,0.3567334684289568,-8.131129603405896e-06
1,1,0,SVR,10,W2,0.295175968,0.735240835,1.0045579471384805,0.3893355154693218,0.0001569456128091784
1,1,0,RF-R,10,X,0.019724986,0.982307601,1.4386691094160036,0.347808035108687,0.00034096163473923413
1,1,0,RF-R,10,W1,0.182289817,0.836494481,1.1516219324754944,0.3322845975733751,0.002692817559972549
1,1,0,RF-R,10,W2,0.329603281,0.70436113,0.9101703843049547,0.34029583841268496,-0.007345477066093198
1,1,0,XGBoost-R,10,X,0.003889146,0.994429234,1.5490675277154717,0.37430431148810456,-6.71243945829847e-05
1,1,0,XGBoost-R,10,W1,0.164347644,0.816090733,1.236660826391716,0.3574567995974224,0.0010457760344486644
1,1,0,XGBoost-R,10,W2,0.311061772,0.643209041,1.0012955580761937,0.3536960743868015,0.0036631240446223456
1,1,0,MLP-R,10,X,0.002129352,0.99809007,1.5486149531198976,0.3798651529088716,-9.354956191698349e-07
1,1,0,MLP-R,10,W1,0.154281449,0.861616689,1.2577125173643662,0.3578269876877026,-1.699490295636874e-06
1,1,0,MLP-R,10,W2,0.295360329,0.735075471,1.0096188041621112,0.3787046539356867,9.2898650114559e-05
1,1,1,MLR,1,X,0.001792742,0.998115901,0.3623276197308698,1.6783229468605962,0.0
1,1,1,MLR,1,W1,0.038259708,0.959790611,0.2908725927301698,1.6648728570674696,0.0
1,1,1,MLR,1,W2,0.0696234,0.926828653,0.2178505770292869,1.6434200214419104,0.0
1,1,1,SVR,1,X,0.001794555,0.998113996,0.3623891424633704,1.6767780738407452,-2.297332013512232e-09
1,1,1,SVR,1,W1,0.038270071,0.95977972,0.28879311568224575,1.6524141482495154,2.4567942545339338e-05
1,1,1,SVR,1,W2,0.069747887,0.926697822,0.21948808864366948,1.6388723452607779,-9.593320152093688e-05
1,1,1,RF-R,1,X,0.015391765,0.983823884,0.3303157483204636,1.5598841183287793,0.00045482934865040956
1,1,1,RF-R,1,W1,0.056382651,0.940744139,0.26041602021366217,1.5553728665286541,-0.00048446581620182895
1,1,1,RF-R,1,W2,0.088857748,0.90661414,0.19914704958026025,1.5357930201122314,-0.0013693618977376198
1,1,1,XGBoost-R,1,X,0.003073074,0.994565518,0.35576034802151135,1.6735986515678818,2.4511580202746243e-05
1,1,1,XGBoost-R,1,W1,0.040147267,0.948401345,0.28945912797663825,1.6622024035834646,0.0011870739399597375
1,1,1,XGBoost-R,1,W2,0.073555294,0.89601369,0.2103845111177823,1.6483422745111966,-0.005190589018973446
1,1,1,MLP-R,1,X,0.001795414,0.998113094,0.36261324602505673,1.6793087640098456,-1.1502160753851243e-07
1,1,1,MLP-R,1,W1,0.038448951,0.959591725,0.290859002386871,1.6654516845078817,-9.547812158027247e-05
1,1,1,MLP-R,1,W2,0.069712083,0.92673545,0.21917805769977364,1.6450890776881306,-8.247292042615762e-05
1,1,1,MLR,2,X,0.002117867,0.997982983,0.3416792328333813,1.6119811510515951,-1.540683087108974e-07
1,1,1,MLR,2,W1,0.04154148,0.960436678,0.2838354529029693,1.6007974074211564,-3.3232429210605653e-06
1,1,1,MLR,2,W2,0.068945574,0.934337535,0.2297063520188337,1.6195534407529792,2.1803492273564375e-05
1,1,1,SVR,2,X,0.002116336,0.997984441,0.3415724374296696,1.6115192459516448,1.6749794410353402e-07
1,1,1,SVR,2,W1,0.041362619,0.960607022,0.28288711439203773,1.593414557210878,2.3528714293452603e-06
1,1,1,SVR,2,W2,0.068819553,0.934457555,0.2238569788214951,1.6166992660471984,-1.6941080843024813e-05
1,1,1,RF-R,2,X,0.015958496,0.984801429,0.30900982255903287,1.5223260634579863,0.0010752116963064662
1,1,1,RF-R,2,W1,0.05468597,0.947918113,0.2571930130029504,1.5173001068977945,0.0005000203098695866
1,1,1,RF-R,2,W2,0.081761111,0.92213226,0.20953961943041305,1.5208150527429778,0.0009674665336357636
1,1,1,XGBoost-R,2,X,0.003768719,0.994688006,0.33315087541916943,1.6156688591615371,-0.0002500983167258219
1,1,1,XGBoost-R,2,W1,0.043244567,0.947386456,0.2839799066574703,1.6090464919589582,-0.000513789111563856
1,1,1,XGBoost-R,2,W2,0.0717042,0.914967565,0.2219516490707031,1.6233312134112083,0.000518705888099491
1,1,1,MLP-R,2,X,0.002115374,0.997985357,0.3417510135555515,1.6113444163206811,2.56262326914225e-09
1,1,1,MLP-R,2,W1,0.041264417,0.960700547,0.2824264210464612,1.586530376510877,1.4986488425527967e-05
1,1,1,MLP-R,2,W2,0.068764501,0.934509986,0.22676748217459292,1.616535625356116,3.8872043249271734e-05
1,1,1,MLR,3,X,0.001892813,0.997857316,0.42503037484095196,1.6352432909904024,-1.3092505096512496e-06
1,1,1,MLR,3,W1,0.039204372,0.955620231,0.35454378371232587,1.646505209000371,-4.848624346254215e-06
1,1,1,MLR,3,W2,0.069938951,0.920828359,0.29195848887195186,1.6365667906966674,0.00010490372745890486
1,1,1,SVR,3,X,0.00235484,0.997334296,0.42130410297214793,1.624187334462467,-4.0202828344382265e-06
1,1,1,SVR,3,W1,0.039034365,0.955812681,0.34415478574985325,1.6395561073415514,3.550187692755724e-05
1,1,1,SVR,3,W2,0.069719405,0.921076887,0.28722260489722684,1.6360875933467671,3.85479180262771e-05
1,1,1,RF-R,3,X,0.013643458,0.98455546,0.3805588284125797,1.5284811249120256,-2.246260144814771e-05
1,1,1,RF-R,3,W1,0.054702353,0.938076351,0.32007087703549936,1.541762984181193,0.001064972575511336
1,1,1,RF-R,3,W2,0.08945594,0.898734919,0.25907794427082304,1.525712370286311,-0.0028287494598476237
1,1,1,XGBoost-R,3,X,0.003326044,0.993270136,0.4161113924880457,1.6260791202999965,-0.00024224490299207257
1,1,1,XGBoost-R,3,W1,0.041336837,0.940749056,0.35056835812667375,1.637181528608513,-0.0003921092976923557
1,1,1,XGBoost-R,3,W2,0.074060768,0.895430996,0.2877874034906487,1.609760097214232,0.0007974048600744577
1,1,1,MLP-R,3,X,0.001890138,0.997860343,0.4253534976603334,1.6351649718476646,4.017544141099449e-06
1,1,1,MLP-R,3,W1,0.039134259,0.9556996,0.35456966054812195,1.6401918728893006,3.461162484745817e-05
1,1,1,MLP-R,3,W2,0.069899653,0.920872845,0.29106627772700955,1.6349716986011493,0.00014252824943189468
1,1,1,MLR,4,X,0.002059235,0.997833246,0.39151952833392145,1.6402389484943332,0.0
1,1,1,MLR,4,W1,0.044590562,0.95308121,0.2988046697895311,1.6422755557774553,0.0001225690875664709
1,1,1,MLR,4,W2,0.077483825,0.918470476,0.23839403644542267,1.6573025423577312,0.00014395872022692212
1,1,1,SVR,4,X,0.002058924,0.997833573,0.39185210925554453,1.6393113451916286,-1.796398387898801e-06
1,1,1,SVR,4,W1,0.044513201,0.95316261,0.3001127831209667,1.6435219239314562,0.0002446713400255596
1,1,1,SVR,4,W2,0.077422706,0.918534787,0.24444421647783524,1.6504898964485044,0.0006464507814835097
1,1,1,RF-R,4,X,0.021067843,0.977832132,0.35630425729619636,1.520748422859694,-0.00021704937476677567
1,1,1,RF-R,4,W1,0.067202979,0.929288121,0.27125445396281794,1.5219806694380364,-0.0001058238172316428
1,1,1,RF-R,4,W2,0.099634773,0.89516295,0.2166709330408406,1.5274504228254169,-0.002108187612044887
1,1,1,XGBoost-R,4,X,0.006271142,0.990609795,0.3832609011847019,1.610386006256066,-5.944989493948949e-05
1,1,1,XGBoost-R,4,W1,0.051645429,0.936927003,0.2910467352143914,1.625506697523114,0.001720301136993152
1,1,1,XGBoost-R,4,W2,0.083296307,0.894352936,0.234909745316834,1.6131305679282864,0.0023583294517984465
1,1,1,MLP-R,4,X,0.002063086,0.997829193,0.3914945324454742,1.64029543346184,-1.3828988590480762e-06
1,1,1,MLP-R,4,W1,0.044523222,0.953152066,0.29914552734593247,1.6431912440690966,0.0004944608202010481
1,1,1,MLP-R,4,W2,0.077213417,0.918755003,0.23685608407850753,1.6539118221068048,0.0002730738790110099
1,1,1,MLR,5,X,0.001923131,0.998050941,0.3820320705696574,1.5390391507375942,0.0
1,1,1,MLR,5,W1,0.041564982,0.957874628,0.3037500232905298,1.5460619469194183,0.0
1,1,1,MLR,5,W2,0.067460664,0.931629814,0.25004332477891295,1.543448790239801,0.0
1,1,1,SVR,5,X,0.001916641,0.998057519,0.38305546824221837,1.5353613599606317,1.0929220732536216e-06
1,1,1,SVR,5,W1,0.0415801,0.957859306,0.30442796972288433,1.5458450064862461,1.9878325591593527e-05
1,1,1,SVR,5,W2,0.067479298,0.931610928,0.24734306976076548,1.5405591890677472,8.817540750827302e-06
1,1,1,RF-R,5,X,0.019306225,0.980433483,0.3536560642198214,1.425247528120456,-0.0008459878988277935
1,1,1,RF-R,5,W1,0.063124425,0.936024515,0.2817868981355418,1.423848537025074,-0.0019637890716130866
1,1,1,RF-R,5,W2,0.087917904,0.910896763,0.23668480102296607,1.4415988503577144,0.0007167854512523774
1,1,1,XGBoost-R,5,X,0.002794728,0.994597426,0.3783173456699874,1.5347963407099725,-0.00023889842061635135
1,1,1,XGBoost-R,5,W1,0.04426079,0.942751966,0.30251164622747967,1.5434355310830898,-0.0013338452266740575
1,1,1,XGBoost-R,5,W2,0.071272526,0.902160914,0.24596626833440585,1.5448239984417267,-0.0006180005440925007
1,1,1,MLP-R,5,X,0.001923392,0.998050676,0.38205954173419243,1.5389234854366536,-2.603446656035402e-07
1,1,1,MLP-R,5,W1,0.041580033,0.957859373,0.3029669197394963,1.545269219881136,-1.8467814728129194e-05
1,1,1,MLP-R,5,W2,0.067445754,0.931644924,0.25040716144083985,1.5574045583297544,4.318193454493358e-05
1,1,1,MLR,6,X,0.001923737,0.998055508,0.4207798919472906,1.4668305786500868,6.886895045687958e-07
1,1,1,MLR,6,W1,0.045168016,0.954344653,0.3298793081167595,1.4466051665581197,0.00014127849037367523
1,1,1,MLR,6,W2,0.077121163,0.922046754,0.2633066593956836,1.4955557732967786,4.236962190017346e-05
1,1,1,SVR,6,X,0.004141681,0.995813633,0.4154818176806681,1.4607704242171065,-0.0005865502948435797
1,1,1,SVR,6,W1,0.045157256,0.954355529,0.3293174004214964,1.44763391859714,0.00019871166396280283
1,1,1,SVR,6,W2,0.077060132,0.922108444,0.2652739097768789,1.4995897505269213,7.61044067305594e-06
1,1,1,RF-R,6,X,0.016591436,0.983229555,0.3836881960884337,1.356853824075438,0.0007205367049570421
1,1,1,RF-R,6,W1,0.058656044,0.940711099,0.30729943022753753,1.3647278371276024,0.002837151357703527
1,1,1,RF-R,6,W2,0.096881667,0.902073048,0.24070013099241777,1.3874988838943658,0.0010305389579174594
1,1,1,XGBoost-R,6,X,0.003597141,0.994117998,0.41783862127202853,1.4648592804284342,0.0006044920563842759
1,1,1,XGBoost-R,6,W1,0.048275581,0.939767143,0.32917860400770443,1.4534272455496544,0.0012303309844606592
1,1,1,XGBoost-R,6,W2,0.082934588,0.891521641,0.2520733770207214,1.4795639007677308,-0.0031583091645678296
1,1,1,MLP-R,6,X,0.001923559,0.998055687,0.4208401238698351,1.466857990122991,9.62570384732686e-07
1,1,1,MLP-R,6,W1,0.045133009,0.954380038,0.33076442356478536,1.4456682462634964,0.00018752338043805938
1,1,1,MLP-R,6,W2,0.077038305,0.922130506,0.27421665756851177,1.4925143522410116,0.0013046058034231756
1,1,1,MLR,7,X,0.002042177,0.997864452,0.4303521547320555,1.632018427389026,2.9330152544471134e-07
1,1,1,MLR,7,W1,0.038665201,0.959566959,0.35104673175053625,1.606787690867256,0.0
1,1,1,MLR,7,W2,0.075330315,0.921225453,0.28345093714230335,1.6273606324661156,0.0
1,1,1,SVR,7,X,0.002043491,0.997863077,0.4306534626865126,1.63302330202091,3.6530034297488355e-08
1,1,1,SVR,7,W1,0.038713311,0.95951665,0.3529547010205973,1.6103414481339484,5.95494823352194e-07
1,1,1,SVR,7,W2,0.07538806,0.921165068,0.2821874461171818,1.6303264626293845,-4.969008723351154e-05
1,1,1,RF-R,7,X,0.022691266,0.97627125,0.38365036704732675,1.4902323545650678,7.554932076855314e-05
1,1,1,RF-R,7,W1,0.055680998,0.94177317,0.3152863499442918,1.478415261674112,0.0022728981398796423
1,1,1,RF-R,7,W2,0.100643201,0.894755217,0.2556200247453775,1.4907272950419002,0.0024353563088193586
1,1,1,XGBoost-R,7,X,0.005084087,0.991931805,0.42083908435977957,1.621817950630308,0.00020061871317292868
1,1,1,XGBoost-R,7,W1,0.044056776,0.942323541,0.34635736306558684,1.6036986824435888,0.0007593437311212425
1,1,1,XGBoost-R,7,W2,0.08127118,0.89606839,0.2815980285902925,1.610507996857152,0.000118097311635168
1,1,1,MLP-R,7,X,0.002040309,0.997866404,0.43055488379133494,1.6325992886105953,-1.411467908440933e-07
1,1,1,MLP-R,7,W1,0.038639718,0.959593607,0.3529549224730586,1.592240064351623,-3.2125766239343713e-06
1,1,1,MLP-R,7,W2,0.075361098,0.921193262,0.28352387959882824,1.6273703797763415,-2.7396295787873727e-05
1,1,1,MLR,8,X,0.002033051,0.997839095,0.4111494281630863,1.6050036166631538,-3.7034209865782763e-06
1,1,1,MLR,8,W1,0.043922152,0.953315677,0.3247905021746532,1.5978077307437573,0.0002393160712026887
1,1,1,MLR,8,W2,0.074748045,0.920551209,0.25368355823075367,1.62243989174261,0.00030553770452099724
1,1,1,SVR,8,X,0.002036254,0.997835691,0.4104413499707179,1.604631038581084,-3.0431038862799296e-06
1,1,1,SVR,8,W1,0.044020832,0.953210791,0.3227567099503366,1.589405775430421,0.00015568383695381273
1,1,1,SVR,8,W2,0.074709649,0.92059202,0.25242693025527874,1.6224670398776364,0.00047447475471218414
1,1,1,RF-R,8,X,0.014998178,0.984058618,0.3653003403293084,1.5008354744879535,0.00045581823388595176
1,1,1,RF-R,8,W1,0.058701042,0.937607374,0.3015984318282456,1.492105793363767,0.0009691404224401623
1,1,1,RF-R,8,W2,0.094204512,0.899871166,0.2356928484797698,1.5119090260932757,0.0014046800409047266
1,1,1,XGBoost-R,8,X,0.003998073,0.993454961,0.40475472323174966,1.6091029981851637,-0.0003416286420111936
1,1,1,XGBoost-R,8,W1,0.047431705,0.935989252,0.331151545095116,1.600852701894598,-0.0026439982884852165
1,1,1,XGBoost-R,8,W2,0.082406449,0.891577164,0.26433825517328424,1.6252717298577934,-0.0007353384116157713
1,1,1,MLP-R,8,X,0.002030825,0.997841461,0.41239794878768893,1.6045323612472153,-2.9833345495999807e-06
1,1,1,MLP-R,8,W1,0.043922575,0.953315227,0.3247812351203005,1.5978564674854945,0.0002398817772945372
1,1,1,MLP-R,8,W2,0.074701998,0.920600152,0.25491006511549563,1.62621561392118,0.00035371365176795067
1,1,1,MLR,9,X,0.001891176,0.998107157,0.4036510414805683,1.6073276966141112,0.0
1,1,1,MLR,9,W1,0.040001332,0.959963418,0.33098320194681535,1.6055443428056058,0.0001183613642141479
1,1,1,MLR,9,W2,0.072102436,0.927834026,0.2773675258161689,1.6081888937162827,-0.00010708449011647137
1,1,1,SVR,9,X,0.002592865,0.99740485,0.40441991126105964,1.6044582709589883,-7.613378442972163e-06
1,1,1,SVR,9,W1,0.039731461,0.960233527,0.332914216193856,1.6022587033277478,0.0006204950141819987
1,1,1,SVR,9,W2,0.071985233,0.927951332,0.27290240098121465,1.6024245971360815,-0.00010023879899279109
1,1,1,RF-R,9,X,0.016498913,0.983486548,0.37470556596397486,1.4889312877277499,-0.00033995458291472545
1,1,1,RF-R,9,W1,0.054828651,0.945123033,0.30519588385117824,1.4894761572489894,0.0015366387917215563
1,1,1,RF-R,9,W2,0.095195238,0.904720874,0.2577930376723955,1.482919595026924,0.000727012373324143
1,1,1,XGBoost-R,9,X,0.003162201,0.994572685,0.39973490593859395,1.6038340171084247,-8.693061142980296e-05
1,1,1,XGBoost-R,9,W1,0.042219454,0.9439721,0.3261534488230214,1.5966995635199523,-1.219515085771894e-05
1,1,1,XGBoost-R,9,W2,0.077103973,0.89665855,0.2734703507542757,1.5950086769131857,-0.005873656866507915
1,1,1,MLP-R,9,X,0.001887478,0.998110858,0.40326784758984013,1.6051744553433391,2.856537828721528e-07
1,1,1,MLP-R,9,W1,0.039721397,0.960243599,0.33208345696517877,1.6064813427306155,0.00018684017525126827
1,1,1,MLP-R,9,W2,0.072103758,0.927832703,0.2764839492327546,1.6072059484108145,-9.684864969261575e-05
1,1,1,MLR,10,X,0.002220943,0.99796458,0.40161574854425897,1.5311254159911911,5.501893147741299e-07
1,1,1,MLR,10,W1,0.043646658,0.959999289,0.31475382522809614,1.5401643799747007,4.676849676199524e-07
1,1,1,MLR,10,W2,0.074532456,0.931693481,0.2746632591639159,1.5659248513699018,-0.00024163524602671682
1,1,1,SVR,10,X,0.002264462,0.997924696,0.40240500972554427,1.5162245604702362,-1.7484240082210613e-05
1,1,1,SVR,10,W1,0.04345787,0.960172306,0.32318316374789574,1.545068522880906,4.403388540374919e-06
1,1,1,SVR,10,W2,0.074402524,0.931812559,0.2746535027218926,1.5727379613404238,-0.00013476739054556485
1,1,1,RF-R,10,X,0.023976106,0.978026696,0.3652756289777668,1.398762493632222,-0.0017520789515792722
1,1,1,RF-R,10,W1,0.067426494,0.938205859,0.2898215522184737,1.4156753580454902,-0.00044547139463952946
1,1,1,RF-R,10,W2,0.102072895,0.906453584,0.24982724100103332,1.4338575019716615,0.0006177335869167799
1,1,1,XGBoost-R,10,X,0.003808922,0.994060392,0.39399177696778553,1.5215665934452793,0.00034126172394896017
1,1,1,XGBoost-R,10,W1,0.046843385,0.94435051,0.300501710128181,1.5370026043528915,0.0005130551801120986
1,1,1,XGBoost-R,10,W2,0.078960828,0.908801534,0.27115408457236945,1.5572561866197208,-0.0007940739119376983
1,1,1,MLP-R,10,X,0.002220409,0.997965069,0.40136662204566215,1.5310931821535771,1.6681770588444778e-06
1,1,1,MLP-R,10,W1,0.043539161,0.960097806,0.3160289283468571,1.5446459185581067,1.5016439550263883e-06
1,1,1,MLP-R,10,W2,0.07434989,0.931860796,0.2682049858336139,1.551632705073041,0.0006924395552668772
1,1,2,MLR,1,X,0.001342473,0.998683756,1.0588426615168625,0.9795356039092844,7.63525460059089e-06
1,1,2,MLR,1,W1,0.107709636,0.894394823,0.8350403423490682,0.9770564824464675,2.8392970677193485e-05
1,1,2,MLR,1,W2,0.177562945,0.825906327,0.705994916994088,0.9993425068816073,-4.1843121087770106e-05
1,1,2,SVR,1,X,0.0013439,0.998682357,1.0591217051960953,0.978896604423636,6.550850432029965e-06
1,1,2,SVR,1,W1,0.107463929,0.89463573,0.8417271620305675,0.975887314200604,3.664209778290184e-05
1,1,2,SVR,1,W2,0.177253911,0.826209324,0.7118654266754645,0.9942414059284141,1.4727908202138984e-05
1,1,2,RF-R,1,X,0.025575856,0.974923852,0.9536301961255912,0.8967470102702908,-0.00026691115515972144
1,1,2,RF-R,1,W1,0.12976938,0.872766089,0.7528194539548958,0.8986934220043447,0.004503135383139567
1,1,2,RF-R,1,W2,0.205931191,0.798092347,0.6400768402799024,0.9283045706949811,-5.45293553702586e-05
1,1,2,XGBoost-R,1,X,0.00428436,0.99141956,1.0332207358716978,0.9728614535197805,-0.0009775421703379528
1,1,2,XGBoost-R,1,W1,0.113279705,0.872324964,0.8100179159293786,0.9793060969246905,0.0076424564681918826
1,1,2,XGBoost-R,1,W2,0.191351824,0.779549889,0.6932936125296478,1.0038770479250096,0.0039051122253673243
1,1,2,MLP-R,1,X,0.001343005,0.998683235,1.0586820481441126,0.9801216357130642,7.757436390787298e-06
1,1,2,MLP-R,1,W1,0.107658378,0.89444508,0.829264757471301,0.9697027578040867,0.00012607564950585238
1,1,2,MLP-R,1,W2,0.17710755,0.826352825,0.7037381939356545,0.9991844552496921,7.186852696827728e-06
1,1,2,MLR,2,X,0.001160261,0.998911541,0.9940997541757011,0.9818771366045581,2.8650934121854375e-07
1,1,2,MLR,2,W1,0.098048699,0.908018972,0.7989468939148383,1.0145942150748233,-6.9978113666602225e-06
1,1,2,MLR,2,W2,0.187233408,0.824353392,0.6005319756585716,0.9853640632518996,-0.000983487415015083
1,1,2,SVR,2,X,0.002636135,0.997527,0.9889256343155877,0.975521906291356,-0.00017814423881512553
1,1,2,SVR,2,W1,0.097832131,0.908222138,0.8082463583814512,1.0129591959082878,-2.2356190233341345e-05
1,1,2,SVR,2,W2,0.187009256,0.824563672,0.6045519412939842,0.9885101338229088,-0.000919882943403938
1,1,2,RF-R,2,X,0.01908251,0.982098397,0.9084052341469236,0.9018633164225671,0.0010596537264571325
1,1,2,RF-R,2,W1,0.118108524,0.889200534,0.7410603151525162,0.9198953064925106,0.0025020627895925517
1,1,2,RF-R,2,W2,0.219688422,0.793906832,0.5625156381714239,0.8861117044013541,-0.004977333766411229
1,1,2,XGBoost-R,2,X,0.002462054,0.99447233,0.9840106520860219,0.9765755995789615,0.00011620883522088788
1,1,2,XGBoost-R,2,W1,0.10094214,0.890829302,0.8092947830826731,1.0231526402020952,0.005754309863228113
1,1,2,XGBoost-R,2,W2,0.194998466,0.766808981,0.5986190591759302,0.9581575802284632,-0.013782793691262674
1,1,2,MLP-R,2,X,0.001158601,0.998913099,0.9942179627565727,0.9820494326252236,4.186595393651515e-06
1,1,2,MLP-R,2,W1,0.097881448,0.908175873,0.8028225679776353,1.0183688699196718,-1.6770616959504993e-05
1,1,2,MLP-R,2,W2,0.187500851,0.824102499,0.6006479715640922,0.9853540951519042,-0.0009785548719632108
1,1,2,MLR,3,X,0.00122062,0.99872267,0.9561793665281035,0.9560015497223319,0.0
1,1,2,MLR,3,W1,0.098206958,0.89723036,0.7733349245161252,0.9549244204802635,3.284471957696322e-05
1,1,2,MLR,3,W2,0.174570702,0.817318765,0.6089500446989351,0.9350895378930876,0.0
1,1,2,SVR,3,X,0.001219287,0.998724065,0.9556578295602524,0.9569413817837571,2.041712582334654e-06
1,1,2,SVR,3,W1,0.097760158,0.897697917,0.7615377785548146,0.9702753073511726,-3.597609199913476e-05
1,1,2,SVR,3,W2,0.174644023,0.817242038,0.6091242051682888,0.9333431640840223,-9.302342888051207e-05
1,1,2,RF-R,3,X,0.014698729,0.98461837,0.8940826771198207,0.8808097872311403,-0.00011592369272835911
1,1,2,RF-R,3,W1,0.11662322,0.877958481,0.7355682984908144,0.8812580237753389,-0.0005039590872335298
1,1,2,RF-R,3,W2,0.201536357,0.78910029,0.5540315210363921,0.8472211478490268,0.002712562248498618
1,1,2,XGBoost-R,3,X,0.002415669,0.995607346,0.9586478088095582,0.9546090994912934,4.601853097178088e-05
1,1,2,XGBoost-R,3,W1,0.10354663,0.866184789,0.787842428405845,0.9473994995237185,0.00027777889727258475
1,1,2,XGBoost-R,3,W2,0.18690896,0.745731243,0.6047617158410559,0.9432170621323189,-0.007618003998236067
1,1,2,MLP-R,3,X,0.001220931,0.998722344,0.9560718993164568,0.9560397052862776,-4.1984182763687983e-07
1,1,2,MLP-R,3,W1,0.098172952,0.897265945,0.7743765030679799,0.9577889985056947,0.0001671734749027931
1,1,2,MLP-R,3,W2,0.1748667,0.817009016,0.6090201464041105,0.935173714698052,-0.00015083136850511104
1,1,2,MLR,4,X,0.001171257,0.998862301,0.9486441915536469,0.9683016049102438,0.0
1,1,2,MLR,4,W1,0.098391143,0.904427886,0.761938951414922,0.953613291660076,0.0
1,1,2,MLR,4,W2,0.192437277,0.81307629,0.5755392600242373,0.9961641020933294,0.00024108431261831153
1,1,2,SVR,4,X,0.001171183,0.998862373,0.9480855571360411,0.968754029552564,-1.1865148219492028e-06
1,1,2,SVR,4,W1,0.098344242,0.904473443,0.7636219848268219,0.9557380243609235,3.7003611365160614e-06
1,1,2,SVR,4,W2,0.192258912,0.813249545,0.5943044948242429,1.0290392857155668,0.0015948473151759291
1,1,2,RF-R,4,X,0.014697607,0.985723498,0.8807452080833855,0.9031186259521833,0.0014708829135823497
1,1,2,RF-R,4,W1,0.120700564,0.882757658,0.698949816489208,0.8856608338505829,0.002683876753602277
1,1,2,RF-R,4,W2,0.206738615,0.799184704,0.5414193521837491,0.9326726135573431,0.006932025406459252
1,1,2,XGBoost-R,4,X,0.002501726,0.996000306,0.9404458661006656,0.9647364964475187,0.00024533823279849766
1,1,2,XGBoost-R,4,W1,0.104877841,0.865888411,0.7534967716109751,0.9313307234482451,-0.00269802280796807
1,1,2,XGBoost-R,4,W2,0.19864339,0.766410343,0.5769660030174876,0.9814273864600163,0.0012340249407867044
1,1,2,MLP-R,4,X,0.001166373,0.998867045,0.9491393070463197,0.9707154565026588,-2.783085524082907e-06
1,1,2,MLP-R,4,W1,0.098420287,0.904399577,0.7620766164821566,0.9537017173964051,-1.1041273537326646e-05
1,1,2,MLP-R,4,W2,0.192419141,0.813093907,0.5778893448562707,0.9997904871068245,0.0010735634152428176
1,1,2,MLR,5,X,0.001285667,0.998568248,1.0284287077236793,1.0290343967025803,7.85676619197151e-06
1,1,2,MLR,5,W1,0.104584526,0.883531906,0.8026085102393475,0.9781792944425881,-0.0004397673344871511
1,1,2,MLR,5,W2,0.16725688,0.813738315,0.6491206224026698,0.9949697907187918,-0.00048235453176039835
1,1,2,SVR,5,X,0.001284665,0.998569363,1.0287879325683573,1.029966124122039,8.569303831462704e-06
1,1,2,SVR,5,W1,0.10412439,0.884044325,0.800012307092606,0.9715495203487455,-0.0003715723875877819
1,1,2,SVR,5,W2,0.16678252,0.814266574,0.6476628557394547,0.991969994658185,-0.0002848115163507914
1,1,2,RF-R,5,X,0.018636121,0.979246322,0.9563207497517456,0.9502023092739009,-0.002065065136662325
1,1,2,RF-R,5,W1,0.123395378,0.862583644,0.7552830250891102,0.895238161666555,-0.003242963917785702
1,1,2,RF-R,5,W2,0.192463265,0.785667819,0.6041748175524635,0.8950002775164883,-0.00015471142338416844
1,1,2,XGBoost-R,5,X,0.0037208,0.992989784,1.0214071684783133,1.0266195792083053,0.0005544283209932943
1,1,2,XGBoost-R,5,W1,0.106579601,0.852926496,0.7990252840265394,0.9737971512883183,0.004314819893499189
1,1,2,XGBoost-R,5,W2,0.174862564,0.763651662,0.6363711142343461,0.9723343489182223,0.008782612156373715
1,1,2,MLP-R,5,X,0.001285482,0.998568454,1.0284311852069195,1.0290663076034556,7.400152565872898e-06
1,1,2,MLP-R,5,W1,0.104366926,0.883774231,0.8003069428352492,0.9748933671233833,-0.0004469967849525802
1,1,2,MLP-R,5,W2,0.167258592,0.813736408,0.6491410152587656,0.9946203555293694,-0.00048336075043683426
1,1,2,MLR,6,X,0.00120584,0.998705758,1.12863895626865,1.0469477522091748,0.0
1,1,2,MLR,6,W1,0.106746578,0.885427653,0.887564374046885,1.0016892354685578,0.0003187985236337898
1,1,2,MLR,6,W2,0.199869831,0.785477381,0.6938656746054221,1.0377616854768148,-0.0007724200218084731
1,1,2,SVR,6,X,0.001206949,0.998704567,1.127143199244637,1.0459346030321346,-1.4053793393808966e-06
1,1,2,SVR,6,W1,0.106488802,0.885704327,0.8865808966445551,0.9930039523375094,0.00046708362438697694
1,1,2,SVR,6,W2,0.199289065,0.786100723,0.6888987745087135,1.038332294292497,-9.78031340323482e-05
1,1,2,RF-R,6,X,0.022660572,0.975678144,1.0301424673605517,0.9457877699874017,-0.0017336021627585407
1,1,2,RF-R,6,W1,0.134242999,0.855915424,0.7922266620420702,0.8900263018250122,0.000577091824442344
1,1,2,RF-R,6,W2,0.228626372,0.75461265,0.6220814004849146,0.9426588221480795,-0.002392016354839355
1,1,2,XGBoost-R,6,X,0.004713123,0.991818811,1.1074261817801578,1.0297597602133375,-0.000204608938969697
1,1,2,XGBoost-R,6,W1,0.113435055,0.8506825,0.8657705415395884,0.9935260377189632,0.005472632611753359
1,1,2,XGBoost-R,6,W2,0.205762901,0.723237965,0.6627061853449918,1.0380711670521232,-0.00324330646110238
1,1,2,MLP-R,6,X,0.001208516,0.998702886,1.1285467810671388,1.0471621195263334,-1.6050415097002003e-08
1,1,2,MLP-R,6,W1,0.106571801,0.885615243,0.8867173605233709,0.9965516596347029,0.00041608436661829675
1,1,2,MLP-R,6,W2,0.199364424,0.786019839,0.6959174831574247,1.0342584240195525,-0.0005748180699151728
1,1,2,MLR,7,X,0.001225066,0.998634953,0.9703820673510363,1.112054849886719,-1.3436957620682755e-06
1,1,2,MLR,7,W1,0.094412983,0.894798979,0.7698000800479365,1.1284787410886383,-0.000331002910651812
1,1,2,MLR,7,W2,0.160272763,0.821413775,0.6398998780009586,1.1061710657757946,-0.00019476002757052858
1,1,2,SVR,7,X,0.0012262,0.99863369,0.9690494178171182,1.1108493200079756,-2.171737966893961e-06
1,1,2,SVR,7,W1,0.094136771,0.895106753,0.7612893136051012,1.1208221568456813,-0.00015036706770998887
1,1,2,SVR,7,W2,0.159640433,0.822118357,0.629909099889087,1.099651463328548,-8.398547253652966e-05
1,1,2,RF-R,7,X,0.01943697,0.978342077,0.8905247029157263,1.021163265425656,-0.002894578733066311
1,1,2,RF-R,7,W1,0.111441849,0.875824321,0.7140593068164636,1.0422657515030909,-9.063331459547852e-05
1,1,2,RF-R,7,W2,0.184831604,0.794048734,0.5605687499346181,0.9773199620564664,-0.0033178365974584566
1,1,2,XGBoost-R,7,X,0.003466046,0.993645303,0.9724885402042831,1.0989086300080848,4.407911738478765e-05
1,1,2,XGBoost-R,7,W1,0.097073148,0.860208822,0.7858117751694496,1.1089508743769443,-0.0010609636966885882
1,1,2,XGBoost-R,7,W2,0.167194485,0.7560259,0.6331608615432001,1.0935356621956902,-0.001236853908414981
1,1,2,MLP-R,7,X,0.001225039,0.998634983,0.9703834384103007,1.1120396392589782,-1.3185868520393385e-06
1,1,2,MLP-R,7,W1,0.094296572,0.894928692,0.770439016180639,1.1266810636825404,-0.000270546202260169
1,1,2,MLP-R,7,W2,0.159736659,0.822011136,0.6310374071093172,1.108344863316412,-0.0001140459417696249
1,1,2,MLR,8,X,0.001256772,0.998792671,1.0404172754547338,0.9809027972804785,8.521082199286489e-07
1,1,2,MLR,8,W1,0.096609674,0.907191099,0.8556155381882421,0.9574543954267918,4.365353335081812e-05
1,1,2,MLR,8,W2,0.189327509,0.818120925,0.6388957924694543,0.9506852526656069,0.0
1,1,2,SVR,8,X,0.00137336,0.99868067,1.034046356052059,0.9712400289915472,-2.4259992603692383e-08
1,1,2,SVR,8,W1,0.096602124,0.907198352,0.8615078847888761,0.9600277670504767,-1.8772669951860887e-05
1,1,2,SVR,8,W2,0.18928792,0.818158957,0.6396061484103293,0.9447306056020223,-4.3642635336871295e-05
1,1,2,RF-R,8,X,0.023682263,0.977249433,0.9396649284696024,0.9072892347276763,-0.0013763970298934613
1,1,2,RF-R,8,W1,0.126396831,0.878575814,0.7749768925574092,0.8881309450896738,-0.0013184578569819805
1,1,2,RF-R,8,W2,0.220359211,0.788310058,0.5850160591400735,0.887937913733295,-0.003859467835883079
1,1,2,XGBoost-R,8,X,0.004161166,0.992166146,1.0172245318944217,0.9765553823723596,0.00010396324003059121
1,1,2,XGBoost-R,8,W1,0.104684741,0.879082495,0.8571686242301437,0.9583835210648151,0.007028947529568152
1,1,2,XGBoost-R,8,W2,0.196091258,0.770775263,0.6353202795233887,0.9378761280863296,0.011411819721327977
1,1,2,MLP-R,8,X,0.001256263,0.99879316,1.0415152653065445,0.9820791049939889,6.361005642774309e-07
1,1,2,MLP-R,8,W1,0.096606191,0.907194445,0.8556652261325143,0.9573282337150377,4.232715399679066e-05
1,1,2,MLP-R,8,W2,0.189040742,0.81839641,0.6397233650777427,0.949654614009981,-0.0001806631996173924
1,1,2,MLR,9,X,0.00112116,0.998973367,0.9215233172466775,1.0212017214422016,1.1392839850410397e-06
1,1,2,MLR,9,W1,0.112261895,0.897203123,0.707736289870834,1.0296100154271044,0.00031134589917138913
1,1,2,MLR,9,W2,0.17701256,0.837911712,0.5970147053173889,1.034650441290879,1.6118309501755856e-05
1,1,2,SVR,9,X,0.001121079,0.998973442,0.921528622457547,1.0213739078198159,8.146805019482173e-07
1,1,2,SVR,9,W1,0.112205198,0.897255039,0.7118188910535348,1.0329078587267737,0.00023788764214500714
1,1,2,SVR,9,W2,0.177123071,0.837810518,0.6158171831760838,1.0342152052153093,7.485471224717432e-05
1,1,2,RF-R,9,X,0.022935624,0.978998123,0.8432422268353215,0.9294310130024572,0.002024251515590414
1,1,2,RF-R,9,W1,0.142306777,0.869691383,0.649942768651399,0.916313821413713,0.0011358548263480262
1,1,2,RF-R,9,W2,0.20530898,0.812001018,0.5510855896502335,0.9537158082586116,0.000643052274162026
1,1,2,XGBoost-R,9,X,0.003693112,0.992790284,0.9172559361248057,1.0011129307251325,-0.00024118932437048324
1,1,2,XGBoost-R,9,W1,0.120787369,0.856378636,0.6859040877451652,1.0109067341419906,-0.004366976368591946
1,1,2,XGBoost-R,9,W2,0.188955517,0.783892613,0.5987277519579906,1.0133886999022337,-0.0061138154614128635
1,1,2,MLP-R,9,X,0.001122242,0.998972376,0.9214119129239453,1.0207455045953608,1.7839202433034274e-06
1,1,2,MLP-R,9,W1,0.112283015,0.897183783,0.7077425960881963,1.0295577039616723,0.00031115275322417534
1,1,2,MLP-R,9,W2,0.176982182,0.837939528,0.5946113842097793,1.031622005195327,2.135912924703387e-05
1,1,2,MLR,10,X,0.001163232,0.998880738,0.9341437165838045,0.9391830271977388,1.2177861224982323e-07
1,1,2,MLR,10,W1,0.113336503,0.890947611,0.7313905180600687,0.9470043866434146,0.0
1,1,2,MLR,10,W2,0.175824061,0.83082208,0.5911959721628844,0.957927869080641,0.0
1,1,2,SVR,10,X,0.001170164,0.998874068,0.9328037682981799,0.9372741663192695,2.1379193581028134e-07
1,1,2,SVR,10,W1,0.113411633,0.890875322,0.7316629561590433,0.9494899104431017,-4.03663569092827e-05
1,1,2,SVR,10,W2,0.175729257,0.830913301,0.5910700774853533,0.9672131233602688,-6.108342495410035e-05
1,1,2,RF-R,10,X,0.01566897,0.984923316,0.8593499402812743,0.8669070025304342,0.0009624053812263278
1,1,2,RF-R,10,W1,0.13239754,0.872607081,0.6674683534689654,0.880426919821177,0.005938275121099334
1,1,2,RF-R,10,W2,0.201977934,0.805656822,0.55324830936863,0.8875565411478865,-0.0027068640865057225
1,1,2,XGBoost-R,10,X,0.003064909,0.994096565,0.9288120147190153,0.9288589757021182,0.00026933849030248426
1,1,2,XGBoost-R,10,W1,0.11879754,0.862629757,0.7159698736199491,0.9612167462555943,0.0012442636402324903
1,1,2,XGBoost-R,10,W2,0.18698575,0.782130148,0.5993073607580015,0.9608758331653453,-0.007330471593417309
1,1,2,MLP-R,10,X,0.001163392,0.998880584,0.9340966395377357,0.9387305494673098,-1.7631775346416133e-07
1,1,2,MLP-R,10,W1,0.113020614,0.89125156,0.7271219769632464,0.9413073433771129,-6.528473153446512e-05
1,1,2,MLP-R,10,W2,0.175568066,0.831068398,0.5899054363395718,0.9558699472606182,-0.00044415946797345953
2,0,0,MLR,1,X,0.001981564,0.998090048,1.5463980178939978,0.3955703130680012,0.0
2,0,0,MLR,1,W1,0.158509241,0.847219165,1.218200945368013,0.41703737098210053,0.0
2,0,0,MLR,1,W2,0.283872927,0.72638603,1.012637676296118,0.43737453636625523,0.0002395063231888428
2,0,0,SVR,1,X,0.001987058,0.998084753,1.5466791300464766,0.39560038981836027,-4.738575502327702e-06
2,0,0,SVR,1,W1,0.158159566,0.847556204,1.219999833403321,0.4189060271190163,-5.632689509980082e-05
2,0,0,SVR,1,W2,0.283712959,0.726540217,1.016108208793635,0.44413816514140725,0.00038353824761940827
2,0,0,RF-R,1,X,0.017111461,0.983506935,1.4364552079656294,0.37052983136814327,0.00024897265327427086
2,0,0,RF-R,1,W1,0.180187305,0.82632453,1.1315944739625663,0.39433389227309446,-0.0018528714266076163
2,0,0,RF-R,1,W2,0.305028842,0.705994674,0.9364980612182761,0.40584251229854607,0.009360239270934356
2,0,0,XGBoost-R,1,X,0.003438573,0.99444083,1.5400539945926726,0.3941584337664186,-0.000275227211743978
2,0,0,XGBoost-R,1,W1,0.164554414,0.810295591,1.2099797467842428,0.4245388602821906,0.0028606829352928907
2,0,0,XGBoost-R,1,W2,0.288173063,0.67251606,1.0080031736875488,0.444988913379201,0.011873707638235175
2,0,0,MLP-R,1,X,0.001974021,0.998097319,1.5450886149290732,0.39463506149842364,9.772603223645592e-06
2,0,0,MLP-R,1,W1,0.158342359,0.847380016,1.2356520306850414,0.41403991501174575,-8.833740053940665e-05
2,0,0,MLP-R,1,W2,0.283872501,0.72638644,1.0127157515542664,0.43743497352687105,0.0002387699740621807
2,0,0,MLR,2,X,0.002131937,0.997975332,1.5379756848052066,0.39637979462447664,-1.1275567327606594e-07
2,0,0,MLR,2,W1,0.164774032,0.843516613,1.2269790823241415,0.4161701251836507,0.0
2,0,0,MLR,2,W2,0.308610242,0.706917557,0.9399613115494896,0.4092456982457784,0.00031578867521495633
2,0,0,SVR,2,X,0.002127992,0.997979079,1.5380206207652134,0.39691270866371475,-3.113253536080052e-08
2,0,0,SVR,2,W1,0.164859649,0.843435304,1.2268133588773984,0.41640533191537876,-7.772238038397105e-05
2,0,0,SVR,2,W2,0.308373634,0.70714226,0.9432298038151202,0.4030871978544872,0.0007510424853235165
2,0,0,RF-R,2,X,0.018499562,0.982431248,1.434618794160184,0.36500233798231946,0.0005921843541966898
2,0,0,RF-R,2,W1,0.186035178,0.823325227,1.1354112503877585,0.38994274991398165,0.0008202144537743262
2,0,0,RF-R,2,W2,0.330831154,0.685814696,0.885145809097428,0.3868765876349111,0.004357409256405975
2,0,0,XGBoost-R,2,X,0.003585508,0.994805765,1.5396753308049782,0.3874400946101529,0.0005064621288564664
2,0,0,XGBoost-R,2,W1,0.169156269,0.811300869,1.2471096401136226,0.41233280502129527,0.001691009714038194
2,0,0,XGBoost-R,2,W2,0.313742104,0.65007371,0.9615657035838743,0.41560980601016667,0.009408625623444244
2,0,0,MLP-R,2,X,0.002131413,0.99797583,1.537863375148345,0.39647525367502995,-1.3177541673403682e-07
2,0,0,MLP-R,2,W1,0.164844186,0.843449989,1.223155235036387,0.41725517704090037,-4.421846244951899e-05
2,0,0,MLP-R,2,W2,0.30702336,0.708424594,0.972816222673725,0.41369494776340465,0.0017418206696798056
2,0,0,MLR,3,X,0.002067381,0.997947369,1.5922672095146853,0.37246153898843637,0.0
2,0,0,MLR,3,W1,0.160758546,0.840388456,1.2632094676048873,0.37804030471714756,-0.00012477242531193643
2,0,0,MLR,3,W2,0.280586198,0.721415767,1.054318318285534,0.3637248662967279,4.788714667347538e-05
2,0,0,SVR,3,X,0.002467969,0.99754964,1.5865350174812651,0.37265656918203127,0.00013003405579152804
2,0,0,SVR,3,W1,0.160334983,0.840808996,1.2700275313097018,0.37950326857861094,-4.968425760768502e-05
2,0,0,SVR,3,W2,0.280587637,0.721414338,1.0416708869256106,0.3712424821595703,0.0004970107271101698
2,0,0,RF-R,3,X,0.01121398,0.988866031,1.4968906400589799,0.34457671816878277,0.0010970822544734472
2,0,0,RF-R,3,W1,0.182533717,0.818768649,1.1685929827830654,0.35148719337682127,0.001475553966136145
2,0,0,RF-R,3,W2,0.298767605,0.703364083,0.9601034007547206,0.34427317077668534,-0.0006113434793070139
2,0,0,XGBoost-R,3,X,0.003746575,0.993633102,1.5919161036566893,0.37097705371183365,-0.0002643132216241906
2,0,0,XGBoost-R,3,W1,0.167647806,0.787107406,1.2489145911824084,0.36868807243901536,-0.002158494186828286
2,0,0,XGBoost-R,3,W2,0.283571064,0.631450672,1.0406898016439567,0.35940177913072446,-0.02051515498237888
2,0,0,MLP-R,3,X,0.002062395,0.99795232,1.5921886832885104,0.3733527399731561,-6.766619051523648e-07
2,0,0,MLP-R,3,W1,0.160705112,0.840441509,1.2625348670937826,0.3772491524122231,-0.00010280934342234981
2,0,0,MLP-R,3,W2,0.277730867,0.724250725,1.0527201953897507,0.3680377230111068,0.003645249070434231
2,0,0,MLR,4,X,0.001958427,0.998114634,1.5809449993004248,0.3855127594588314,1.5753885031832836e-06
2,0,0,MLR,4,W1,0.162941736,0.843136932,1.2776072600076147,0.36386792868563295,0.00015864528769807818
2,0,0,MLR,4,W2,0.310638124,0.700950472,0.9958508708182539,0.425194509232458,0.0
2,0,0,SVR,4,X,0.002478855,0.997613621,1.5676504568091014,0.38321580877254363,0.00023125171488266316
2,0,0,SVR,4,W1,0.162475404,0.843585867,1.2875070421981334,0.37446652471230363,0.0007493837677876036
2,0,0,SVR,4,W2,0.310946012,0.70065407,0.992823015429457,0.42827824629978295,-0.0003677446782236693
2,0,0,RF-R,4,X,0.014649613,0.985896903,1.4722416759417372,0.35083239195847404,0.0005541999066471015
2,0,0,RF-R,4,W1,0.180884777,0.82586327,1.1806080164530877,0.34556315316757563,0.003180665745007738
2,0,0,RF-R,4,W2,0.337012262,0.675560242,0.9094072328883783,0.38043766733328754,0.0022228872854156423
2,0,0,XGBoost-R,4,X,0.003013069,0.995089462,1.5738654709097706,0.3823960568410887,2.215002346832584e-05
2,0,0,XGBoost-R,4,W1,0.165877903,0.801006368,1.2712014516531989,0.3604177816029477,-0.007783863244653267
2,0,0,XGBoost-R,4,W2,0.320891703,0.622943896,0.9874299331479467,0.39627838482247707,0.006502428557197082
2,0,0,MLP-R,4,X,0.001956508,0.998116481,1.581235867059861,0.38476917636897495,2.8428478412667602e-06
2,0,0,MLP-R,4,W1,0.162301078,0.843753689,1.2744922230513787,0.3646032829142777,0.002638353904583912
2,0,0,MLP-R,4,W2,0.310803792,0.700790984,1.0000859821042931,0.4308065729354171,-0.00038847868931000116
2,0,0,MLR,5,X,0.001836671,0.998110443,1.6139115450453185,0.4061850996867694,1.0277621256715718e-06
2,0,0,MLR,5,W1,0.159986377,0.83540689,1.2438520548936782,0.3947806739340785,4.153019049497608e-05
2,0,0,MLR,5,W2,0.298132211,0.693283212,1.0105019252177532,0.39463989675567646,0.00046695477440080737
2,0,0,SVR,5,X,0.001836701,0.998110412,1.6139872437683755,0.4059879937319136,2.1246393686946695e-06
2,0,0,SVR,5,W1,0.159698134,0.835703434,1.2525597589064696,0.39024155579966685,5.040929489065204e-05
2,0,0,SVR,5,W2,0.298550548,0.692852829,1.0078338666538318,0.3946620644290226,0.0005067098158780148
2,0,0,RF-R,5,X,0.014303922,0.985284203,1.5112503509232096,0.3698126531236682,0.0009375803155860174
2,0,0,RF-R,5,W1,0.177796754,0.817083672,1.1662132949604826,0.36196757756494613,-0.0011014660182551595
2,0,0,RF-R,5,W2,0.312907806,0.67808216,0.9312386923810981,0.354516394270403,0.005008168656984602
2,0,0,XGBoost-R,5,X,0.003232845,0.993868397,1.6009474048513528,0.4007045291412858,-0.00028574064581396994
2,0,0,XGBoost-R,5,W1,0.160708709,0.792033622,1.2388952042172428,0.38866063239189097,-0.00788012226648086
2,0,0,XGBoost-R,5,W2,0.300462732,0.63009987,1.0516800771187342,0.3782376840497045,0.01659296434025065
2,0,0,MLP-R,5,X,0.001836586,0.99811053,1.6140802357660018,0.40616205297930874,1.0745797489830623e-06
2,0,0,MLP-R,5,W1,0.160003097,0.835389689,1.2438545018708649,0.3947308675892122,4.1797843691948613e-05
2,0,0,MLP-R,5,W2,0.297906245,0.693515684,1.0287252274042058,0.38555856477651806,0.0010049093638196615
2,0,0,MLR,6,X,0.002016589,0.997956218,1.5349299708261621,0.4099927730791292,0.0
2,0,0,MLR,6,W1,0.145335948,0.852704261,1.286774247018678,0.4235445420511315,1.4383784371951868e-05
2,0,0,MLR,6,W2,0.294492703,0.701536193,0.9830589846963532,0.42373868649186053,0.0003550529959943094
2,0,0,SVR,6,X,0.00201861,0.99795417,1.5353868623107603,0.41035451993238403,-1.4716033816641883e-06
2,0,0,SVR,6,W1,0.145257399,0.852783869,1.2756501744975113,0.4192822990304258,-6.158738354367088e-06
2,0,0,SVR,6,W2,0.294683157,0.70134317,0.9765877633186282,0.4228895989167028,0.0004438347747988125
2,0,0,RF-R,6,X,0.014150691,0.985658494,1.4352851509156186,0.3795442679324725,0.00020314689529995488
2,0,0,RF-R,6,W1,0.166777272,0.83097381,1.1902702564576768,0.3936817311298501,-0.00030367139912980124
2,0,0,RF-R,6,W2,0.312811786,0.682970085,0.8976470179664953,0.3962807102519315,0.0012546412234685001
2,0,0,XGBoost-R,6,X,0.00330947,0.994896234,1.5297595569340288,0.40548578611787656,-1.2814854565457168e-05
2,0,0,XGBoost-R,6,W1,0.147967259,0.813710399,1.2767471876261447,0.4318209630827387,0.0024962178907549926
2,0,0,XGBoost-R,6,W2,0.301745303,0.648417773,0.9955212872382552,0.4306825692129751,0.004121734568953039
2,0,0,MLP-R,6,X,0.002010629,0.997962259,1.534572831873053,0.40994364633089314,-5.41101415552081e-06
2,0,0,MLP-R,6,W1,0.144665296,0.853383956,1.2613401292832656,0.42620332830305685,8.500997514697684e-05
2,0,0,MLP-R,6,W2,0.29461999,0.701407189,0.9830296875685413,0.42377532822399333,0.0003537946492396582
2,0,0,MLR,7,X,0.002045761,0.997873198,1.6833877881872836,0.428676268321677,3.4008874827407e-08
2,0,0,MLR,7,W1,0.153848505,0.840056894,1.3311663069935418,0.4207511875790214,0.00017822477635770495
2,0,0,MLR,7,W2,0.299542324,0.688591515,1.0303241069869828,0.4192417082976994,0.0
2,0,0,SVR,7,X,0.002038909,0.997880321,1.6860563553306225,0.4298584829822589,-1.236864757281353e-08
2,0,0,SVR,7,W1,0.153938975,0.839962839,1.3414408213182634,0.41498588459279,-5.896502776628898e-05
2,0,0,SVR,7,W2,0.300117176,0.68799389,1.0389623951565488,0.4362951953870405,-0.000241930178310934
2,0,0,RF-R,7,X,0.016826755,0.982506665,1.5653067335807545,0.3869874661212091,0.0015482272796008777
2,0,0,RF-R,7,W1,0.18399051,0.808720834,1.229994855759042,0.3767064036080373,0.003101905936407057
2,0,0,RF-R,7,W2,0.329411881,0.657538696,0.9138583854362284,0.37719719938800805,0.0011481179411498399
2,0,0,XGBoost-R,7,X,0.003663718,0.994169608,1.6751446488533404,0.42229527243351017,-0.00014796172097989447
2,0,0,XGBoost-R,7,W1,0.160446011,0.774338391,1.3019427845669722,0.3978923235957499,-0.01046494039057697
2,0,0,XGBoost-R,7,W2,0.310425012,0.60575188,1.0349232190295174,0.4211458733107274,-0.006679529487662017
2,0,0,MLP-R,7,X,0.002046208,0.997872733,1.6832349158920237,0.428772016376902,4.300627700626336e-08
2,0,0,MLP-R,7,W1,0.153807646,0.840099371,1.329796003968677,0.42112204781341483,0.000222969983923893
2,0,0,MLP-R,7,W2,0.300166029,0.687943102,1.027156801347905,0.41735276139027083,-0.0002381662628493375
2,0,0,MLR,8,X,0.002073933,0.997969562,1.6089849035031676,0.42974680702525136,0.0
2,0,0,MLR,8,W1,0.171240358,0.832350892,1.2670461100929988,0.41511496640434375,-0.0004567207351141578
2,0,0,MLR,8,W2,0.270730616,0.734947142,1.0877160208808327,0.4417132085661173,0.00022525183676442851
2,0,0,SVR,8,X,0.002076906,0.997966651,1.6076070459898024,0.4228063731001007,-4.5505978295556916e-07
2,0,0,SVR,8,W1,0.170875629,0.832707972,1.2724122028946094,0.42394016302488796,2.3370894818863786e-05
2,0,0,SVR,8,W2,0.270738355,0.734939565,1.1119305045236425,0.45665505800144074,9.52324885748368e-05
2,0,0,RF-R,8,X,0.01741326,0.982951931,1.5007521863397464,0.38646638103040865,-0.0010782016653692716
2,0,0,RF-R,8,W1,0.198185466,0.805970877,1.1542395186221417,0.3702119889855386,-0.0030920276859087046
2,0,0,RF-R,8,W2,0.301870116,0.704460699,1.001180710807469,0.394795888764288,-0.005456757276292879
2,0,0,XGBoost-R,8,X,0.003448491,0.994846015,1.6077049281533378,0.4194605085065615,0.0002840718144724197
2,0,0,XGBoost-R,8,W1,0.178073203,0.77786969,1.2655593725325998,0.41880562881492134,-0.0015634225077600262
2,0,0,XGBoost-R,8,W2,0.278281811,0.660950206,1.0921182433140342,0.4418570844122317,-0.008397821160582875
2,0,0,MLP-R,8,X,0.002085323,0.99795841,1.6088948085765469,0.4296105905838551,-2.1747141098593657e-06
2,0,0,MLP-R,8,W1,0.170511427,0.833064536,1.2706843245530208,0.43003212373422073,0.0008608096190803382
2,0,0,MLP-R,8,W2,0.270729125,0.734948602,1.0876182354400017,0.4417245434339083,0.0002285605704159366
2,0,0,MLR,9,X,0.002050347,0.997965066,1.6138967368876584,0.419769467628994,0.0
2,0,0,MLR,9,W1,0.149394813,0.851728246,1.2889797255793456,0.42831120374130804,0.00045541099084084324
2,0,0,MLR,9,W2,0.303101263,0.699177267,0.9998735830072241,0.3844012825848083,8.856211929340053e-05
2,0,0,SVR,9,X,0.002045432,0.997969944,1.6139382681556147,0.4208265069375791,2.5062219772831184e-07
2,0,0,SVR,9,W1,0.149369688,0.851753182,1.289955594182508,0.4291499217423988,0.0004305666987154622
2,0,0,SVR,9,W2,0.302156152,0.700115274,1.0172536418685207,0.3673653583167972,-5.285023035180858e-05
2,0,0,RF-R,9,X,0.020862517,0.979294315,1.4889194710441254,0.3740332383253432,0.00017879858270916093
2,0,0,RF-R,9,W1,0.177309131,0.824023771,1.1944930410167285,0.38509234854969493,0.0029375655647740583
2,0,0,RF-R,9,W2,0.326196622,0.676255525,0.9091088570363983,0.35221387467895104,-0.0032552453527334045
2,0,0,XGBoost-R,9,X,0.004925476,0.993115903,1.6027829014644568,0.4117312543393446,0.0003181882802290703
2,0,0,XGBoost-R,9,W1,0.155985763,0.807451486,1.3005974994689549,0.40917467407291114,0.0006434233171822123
2,0,0,XGBoost-R,9,W2,0.307231119,0.627339775,0.977428428703934,0.3919055836114152,-0.011948285123403523
2,0,0,MLP-R,9,X,0.002051573,0.997963849,1.613832959755697,0.41980664497591114,-1.2007949462544687e-06
2,0,0,MLP-R,9,W1,0.149096649,0.852024169,1.287901681499879,0.42833457302398126,0.00042447393903686235
2,0,0,MLP-R,9,W2,0.302275045,0.699997275,0.9822912756451769,0.34902143721284784,0.0002942793348322925
2,0,0,MLR,10,X,0.001864327,0.998160517,1.624004649386594,0.4045809853832785,0.0
2,0,0,MLR,10,W1,0.158295815,0.843813608,1.304392314648165,0.395158650780475,-0.0007393745403904472
2,0,0,MLR,10,W2,0.309085015,0.695033799,1.0239792112367057,0.38517930185175153,-0.00022194497476536458
2,0,0,SVR,10,X,0.001861289,0.998163514,1.6246403963116407,0.40646140224051247,-1.8310546782140946e-07
2,0,0,SVR,10,W1,0.156881876,0.845208704,1.2968536736980587,0.40184384528569206,0.00042564945201912786
2,0,0,SVR,10,W2,0.309336923,0.694785247,1.0223242815280598,0.38960127936530653,-0.0002335140165164895
2,0,0,RF-R,10,X,0.01830835,0.981935624,1.4985806207968944,0.36632592890774,0.00010554579218465809
2,0,0,RF-R,10,W1,0.181708638,0.82071278,1.1790032745595833,0.3697753329866015,0.0015198530047605407
2,0,0,RF-R,10,W2,0.329377259,0.675011966,0.9512737434157211,0.36113897041855886,0.005485449471181158
2,0,0,XGBoost-R,10,X,0.003834441,0.993868875,1.6200044785565537,0.4014757978954589,-0.0001241366760372675
2,0,0,XGBoost-R,10,W1,0.16452855,0.804896603,1.2811170704425205,0.3965583583649184,0.003495462597309207
2,0,0,XGBoost-R,10,W2,0.316088127,0.623253426,0.9921732545416229,0.36169696811802277,0.006237206368064385
2,0,0,MLP-R,10,X,0.001865111,0.998159743,1.623972441251682,0.4046542507504379,1.5711130442186415e-07
2,0,0,MLP-R,10,W1,0.15776698,0.844335395,1.3083057792879647,0.399612939724053,-0.00011475400422468196
2,0,0,MLP-R,10,W2,0.309175799,0.694944224,1.0240116845286966,0.3851478440691768,-0.00022187733487037952
2,0,1,MLR,1,X,0.002018505,0.997786247,0.42968696273687657,1.6702423420597239,1.466540788652715e-06
2,0,1,MLR,1,W1,0.043374762,0.95242965,0.3396537931567706,1.6541661059883548,5.776733656195354e-05
2,0,1,MLR,1,W2,0.079515642,0.912792906,0.26742824821012035,1.6163067377401112,0.0
2,0,1,SVR,1,X,0.0020148,0.997790311,0.4299369928484723,1.6702279952514991,3.416737156702876e-06
2,0,1,SVR,1,W1,0.043325168,0.952484041,0.3417947581116955,1.649685978577906,3.732744462459081e-05
2,0,1,SVR,1,W2,0.079916194,0.912353609,0.2713224467096026,1.6142849115506106,-0.00010325961081635305
2,0,1,RF-R,1,X,0.011580749,0.987299059,0.3915368001466192,1.5633956126446846,0.0005707293993352125
2,0,1,RF-R,1,W1,0.055695226,0.938917443,0.31211251791825173,1.5460302682233653,0.001180936374129915
2,0,1,RF-R,1,W2,0.089657382,0.901670168,0.24054764469358414,1.5153969885838836,0.002859864792544309
2,0,1,XGBoost-R,1,X,0.003453329,0.994552922,0.4241639480028356,1.666024481510315,-0.0004052520732516607
2,0,1,XGBoost-R,1,W1,0.04746368,0.933347536,0.33638539159323716,1.643464022869288,-0.0015445232567705247
2,0,1,XGBoost-R,1,W2,0.083225483,0.88948599,0.25792146910536273,1.595173774508191,0.003961195008380158
2,0,1,MLP-R,1,X,0.001998017,0.997808717,0.4319641867145294,1.6538758937114708,1.670102891081493e-05
2,0,1,MLP-R,1,W1,0.043395787,0.952406591,0.33790483574073377,1.6519050434287752,7.13656026674947e-05
2,0,1,MLP-R,1,W2,0.079479791,0.912832225,0.26796110152243535,1.6131329072227953,-1.3719764666464406e-06
2,0,1,MLR,2,X,0.00186276,0.998264256,0.36464336535997727,1.5589395251808325,4.57193923830701e-08
2,0,1,MLR,2,W1,0.04316413,0.959779118,0.29052891704015466,1.573554982679071,0.0
2,0,1,MLR,2,W2,0.071079699,0.933767037,0.24266691994237455,1.571425438886352,-3.349436818332885e-05
2,0,1,SVR,2,X,0.001865164,0.998262016,0.3643124639946752,1.559847209746137,-6.40673139962189e-07
2,0,1,SVR,2,W1,0.043117697,0.959822384,0.2901493823720485,1.5643526164618395,-1.6412307455859754e-06
2,0,1,SVR,2,W2,0.071022938,0.933819928,0.24209322884378523,1.5698569648633156,1.996897788355545e-05
2,0,1,RF-R,2,X,0.021014608,0.980418322,0.3447985963089703,1.427221905626758,-0.0008282014248194303
2,0,1,RF-R,2,W1,0.06776744,0.936853442,0.2711766222747741,1.4277468569942688,-0.0005216820564290514
2,0,1,RF-R,2,W2,0.095435454,0.911072036,0.2308250903864125,1.439595305719511,0.0001534387323489983
2,0,1,XGBoost-R,2,X,0.004542323,0.993719073,0.3691560899607443,1.535980483165999,0.00046440431596885825
2,0,1,XGBoost-R,2,W1,0.047203554,0.94574575,0.2826886430433033,1.5525341849612153,-0.0007978900499554075
2,0,1,XGBoost-R,2,W2,0.075835018,0.914310042,0.2390852487774302,1.5410381822489672,0.0019428388998925295
2,0,1,MLP-R,2,X,0.001862414,0.998264579,0.3650316578596469,1.5586721742034582,-3.3253864584192884e-08
2,0,1,MLP-R,2,W1,0.043186835,0.95975796,0.2910038868878426,1.5747121604347514,-1.692973733213865e-06
2,0,1,MLP-R,2,W2,0.070979026,0.933860845,0.23695782750333633,1.570543763894063,-3.065414734864103e-05
2,0,1,MLR,3,X,0.001872023,0.998200967,0.3560895272874138,1.643337629208362,3.878613508812023e-06
2,0,1,MLR,3,W1,0.041326581,0.960284747,0.2788861755859645,1.6458831933127986,-5.732969493235096e-05
2,0,1,MLR,3,W2,0.073137098,0.929714524,0.22252286376458877,1.641874655590497,-5.9029159929879785e-05
2,0,1,SVR,3,X,0.003059385,0.997059901,0.35364878431530244,1.6331046402788474,0.00024166189350959265
2,0,1,SVR,3,W1,0.041277866,0.960331562,0.27637117603621575,1.6396974050716029,4.5511812084297884e-05
2,0,1,SVR,3,W2,0.073054256,0.929794136,0.2213397071103344,1.6492484274963075,4.139127417209787e-05
2,0,1,RF-R,3,X,0.016255586,0.984378221,0.32683276855378696,1.5367320472331163,-0.0006355168728876315
2,0,1,RF-R,3,W1,0.05632595,0.945870204,0.26087018765964387,1.5352659846962013,-0.0015645833475811054
2,0,1,RF-R,3,W2,0.095439655,0.908281546,0.2073562428962533,1.5352561078074616,-0.004080253341790341
2,0,1,XGBoost-R,3,X,0.003982761,0.995071636,0.34705040549792854,1.6366873167739269,4.289405944923885e-05
2,0,1,XGBoost-R,3,W1,0.043400594,0.948680937,0.2782905904112778,1.6225730287092233,-0.00023027058078552986
2,0,1,XGBoost-R,3,W2,0.079268767,0.904229638,0.21924904568989517,1.6157392807435251,-0.004455998511500881
2,0,1,MLP-R,3,X,0.001862364,0.998210249,0.3564979688770627,1.6424062868669698,1.3193911623554655e-05
2,0,1,MLP-R,3,W1,0.041135135,0.960468727,0.27826668044441816,1.6428990212833745,3.388581025683957e-05
2,0,1,MLP-R,3,W2,0.073145924,0.929706043,0.2225826180800917,1.6417952979122945,-5.546770388504818e-05
2,0,1,MLR,4,X,0.002102679,0.997967344,0.39845895503115114,1.5465755496039248,0.0
2,0,1,MLR,4,W1,0.04048952,0.960858847,0.325049714964348,1.5560280448519086,0.0
2,0,1,MLR,4,W2,0.079813665,0.92284426,0.2440157046151274,1.5513166979541841,2.6732623174985372e-06
2,0,1,SVR,4,X,0.008491642,0.991791144,0.4007506758499641,1.531360777734453,-0.002216903645848456
2,0,1,SVR,4,W1,0.04051604,0.96083321,0.3235909409482244,1.5587351768577442,-2.7758378277509266e-05
2,0,1,SVR,4,W2,0.079783947,0.922872988,0.24580781469882104,1.5391692887482438,9.988501882995937e-06
2,0,1,RF-R,4,X,0.017265273,0.983309689,0.3703549477829998,1.4464976854270208,0.0005368304888386354
2,0,1,RF-R,4,W1,0.059623037,0.942362507,0.30586204920893634,1.4622433162158248,-0.0013732062937400259
2,0,1,RF-R,4,W2,0.102499935,0.900913479,0.22693411744754827,1.4447099906380114,-0.00197591382468969
2,0,1,XGBoost-R,4,X,0.004269796,0.993216511,0.3917569313175542,1.5349987279868214,-0.0003200738103941725
2,0,1,XGBoost-R,4,W1,0.043119124,0.947125958,0.3211904070072798,1.545943676044919,-0.0007458294541147325
2,0,1,XGBoost-R,4,W2,0.085413214,0.897286186,0.23997439205008303,1.5365036520480082,-0.004083366281517509
2,0,1,MLP-R,4,X,0.002104845,0.99796525,0.39890601209983034,1.5459126886643286,1.235198662230541e-06
2,0,1,MLP-R,4,W1,0.040541065,0.960809018,0.3235950238997568,1.5591477396560534,-3.109810963232151e-05
2,0,1,MLP-R,4,W2,0.079815476,0.922842509,0.24403575096381253,1.5511929489180054,2.54051242144504e-06
2,0,1,MLR,5,X,0.001800226,0.998102604,0.4028404959464284,1.5883992231919841,9.783786375949787e-07
2,0,1,MLR,5,W1,0.03819083,0.959747764,0.32474856713633704,1.5714670215216846,1.2329268691158024e-05
2,0,1,MLR,5,W2,0.074658319,0.921311889,0.25174704446984053,1.639637184531523,4.92373600285867e-05
2,0,1,SVR,5,X,0.001798172,0.998104769,0.4027638353255695,1.5880709675367206,5.152854392576067e-06
2,0,1,SVR,5,W1,0.03819174,0.959746805,0.32341948983518665,1.570261509671573,3.1683901753476464e-05
2,0,1,SVR,5,W2,0.074563822,0.921411486,0.24655715220894864,1.6485006751790998,5.390547252709377e-05
2,0,1,RF-R,5,X,0.015778544,0.983369786,0.36765068526615624,1.494873249997066,-0.0011188835409754795
2,0,1,RF-R,5,W1,0.050857392,0.946397505,0.3042956427591851,1.4926159126960632,-0.0003924669520900648
2,0,1,RF-R,5,W2,0.090813816,0.904284375,0.2332243577862129,1.531513526708095,0.0006326564087202113
2,0,1,XGBoost-R,5,X,0.003790233,0.992561115,0.3935505977787468,1.5765321654000037,6.291112870867587e-05
2,0,1,XGBoost-R,5,W1,0.041916772,0.94523119,0.31835440322372777,1.5723064698294913,-0.0006626810381018755
2,0,1,XGBoost-R,5,W2,0.079392201,0.896868811,0.24482527982220015,1.620744966916415,-7.256672914801587e-06
2,0,1,MLP-R,5,X,0.001800417,0.998102402,0.4028369832902313,1.5883941660218062,9.708951509090903e-07
2,0,1,MLP-R,5,W1,0.038192542,0.95974596,0.31879036906121727,1.564289903353971,-1.3999304940504055e-06
2,0,1,MLP-R,5,W2,0.074268715,0.921722522,0.252518125105911,1.6431019975546168,4.1671495872408484e-05
2,0,1,MLR,6,X,0.00196327,0.998126704,0.3863234712441382,1.5910732904974072,2.6801962796252356e-06
2,0,1,MLR,6,W1,0.038811238,0.962967437,0.3205039887593345,1.5933219953857287,0.0
2,0,1,MLR,6,W2,0.080141416,0.923531374,0.23912176720712494,1.5738364348162714,0.0
2,0,1,SVR,6,X,0.001963694,0.9981263,0.38689661675680764,1.592119162643439,4.66555843705585e-06
2,0,1,SVR,6,W1,0.038840024,0.96293997,0.3214243655495008,1.594311185947062,-1.275859038963878e-05
2,0,1,SVR,6,W2,0.080298447,0.92338154,0.23596608663518567,1.5724484477519622,-0.00012227158510808023
2,0,1,RF-R,6,X,0.01721276,0.983576081,0.3482678035562029,1.4710443685880115,0.0011474727731405898
2,0,1,RF-R,6,W1,0.057736092,0.944909888,0.2898840647285112,1.4680700374979616,0.000302499449471938
2,0,1,RF-R,6,W2,0.095412955,0.908959713,0.22286685712129675,1.4570721931537092,0.0018299919255461371
2,0,1,XGBoost-R,6,X,0.003121431,0.994888252,0.38033415370148177,1.5875501725333434,4.0258386450464646e-05
2,0,1,XGBoost-R,6,W1,0.041044028,0.953264615,0.3111044647557316,1.5744928942539218,0.0019247911419092434
2,0,1,XGBoost-R,6,W2,0.083501571,0.905974409,0.237095511007911,1.5640094035839105,0.0016605020714365536
2,0,1,MLP-R,6,X,0.001960295,0.998129543,0.3872806054228525,1.5900972094023453,2.463954119291678e-07
2,0,1,MLP-R,6,W1,0.038912773,0.962870556,0.3205687583947059,1.5936930261137854,-3.245169721176611e-05
2,0,1,MLP-R,6,W2,0.080190058,0.923484961,0.2424173153588624,1.5747709522796942,-5.1867753277257124e-06
2,0,1,MLR,7,X,0.001994842,0.998026069,0.3795850541520173,1.6222687092963686,-2.3716518435246137e-06
2,0,1,MLR,7,W1,0.040410595,0.960013029,0.30416581918414637,1.6195847856712156,-1.9431613459075515e-06
2,0,1,MLR,7,W2,0.078039042,0.922779041,0.2406973280210433,1.6062674987937258,1.4477905981946649e-05
2,0,1,SVR,7,X,0.001996594,0.998024336,0.37854588308726583,1.6213237764232205,-3.2084469741566757e-06
2,0,1,SVR,7,W1,0.040426524,0.959997267,0.3030758850774181,1.613046507937904,-2.463255562334954e-06
2,0,1,SVR,7,W2,0.078076855,0.922741625,0.24038204545845568,1.604643964342566,8.409082956306602e-06
2,0,1,RF-R,7,X,0.017277126,0.98290399,0.34328150948889513,1.5105234057947965,-0.0006259578037387303
2,0,1,RF-R,7,W1,0.055704681,0.944879271,0.27812573096494286,1.516677061921258,-4.663072605859409e-06
2,0,1,RF-R,7,W2,0.093828486,0.907155118,0.22126231944963362,1.5130623155222982,0.002703856602189858
2,0,1,XGBoost-R,7,X,0.003412324,0.994646648,0.3764781529864289,1.6160769825998513,-9.923630980321896e-05
2,0,1,XGBoost-R,7,W1,0.042906767,0.949234752,0.30512957448824246,1.6148582831827833,0.002233405477593142
2,0,1,XGBoost-R,7,W2,0.081649254,0.902224289,0.2406140950508271,1.5916989742621512,-0.002088651359842442
2,0,1,MLP-R,7,X,0.001995008,0.998025905,0.3794978251563769,1.622418458424462,-2.1225598920149302e-06
2,0,1,MLP-R,7,W1,0.040210762,0.960210767,0.30438332427408454,1.6186149035589483,0.00010904985745465722
2,0,1,MLP-R,7,W2,0.077991801,0.922825787,0.2350325608604174,1.5962824143196406,3.626087054564575e-05
2,0,1,MLR,8,X,0.002041267,0.99793537,0.4235732481299136,1.56436213901132,0.0
2,0,1,MLR,8,W1,0.042310056,0.957205693,0.33317896881804393,1.5374426693023757,4.951120663820863e-06
2,0,1,MLR,8,W2,0.080446225,0.918633044,0.2649091290903677,1.5385065562395783,-1.0098269305924834e-05
2,0,1,SVR,8,X,0.005760254,0.994173818,0.4170031208375993,1.553188649589631,-0.0017122216626740405
2,0,1,SVR,8,W1,0.042242309,0.957274215,0.3326203458656771,1.5337947039540318,1.073393258722577e-05
2,0,1,SVR,8,W2,0.080427479,0.918652005,0.2660191006564975,1.544486405611241,-1.3865621517228366e-05
2,0,1,RF-R,8,X,0.018262061,0.981528924,0.3793996926858617,1.45238043740934,-0.00065045129735809
2,0,1,RF-R,8,W1,0.058261107,0.941072077,0.3020318492757977,1.4416983488912591,0.0003651626996576729
2,0,1,RF-R,8,W2,0.101794757,0.897040173,0.23259809316377975,1.429095185901484,0.0015071009613572771
2,0,1,XGBoost-R,8,X,0.004487889,0.99301362,0.41409340837224756,1.5545950772245272,-0.00010737095497572735
2,0,1,XGBoost-R,8,W1,0.045088222,0.942841497,0.32266097972052094,1.5278974460275847,0.0002725882713146777
2,0,1,XGBoost-R,8,W2,0.084451108,0.894387989,0.2576370921964113,1.5309064620155688,0.0006404166718665616
2,0,1,MLP-R,8,X,0.00204102,0.99793562,0.423414388465844,1.564147693823345,-7.2051298483089e-09
2,0,1,MLP-R,8,W1,0.042326055,0.957189511,0.3301240400090169,1.531931618971505,-3.0217422875356004e-05
2,0,1,MLP-R,8,W2,0.080354692,0.918725625,0.26396292367166485,1.5377560868920144,0.00014603953345455612
2,0,1,MLR,9,X,0.002129671,0.9978693,0.3618104475391489,1.6137132276660235,2.9792544133044886e-06
2,0,1,MLR,9,W1,0.041089126,0.958891027,0.29118799631286907,1.6317140991874464,0.0
2,0,1,MLR,9,W2,0.065931364,0.934036788,0.22949187564719295,1.620416327662662,6.295244555638568e-05
2,0,1,SVR,9,X,0.00546681,0.99453055,0.3581881863233112,1.5968635685314776,0.0015879991142869864
2,0,1,SVR,9,W1,0.041083321,0.958896834,0.2889284445656396,1.6368846295374506,-1.582381218280249e-05
2,0,1,SVR,9,W2,0.065739652,0.934228594,0.2289911769765983,1.626997896151148,0.0002252690667751689
2,0,1,RF-R,9,X,0.017225452,0.982766227,0.32550417794906683,1.523875725962775,0.00010784500355971449
2,0,1,RF-R,9,W1,0.058115907,0.941856021,0.26809048534985214,1.5337694258545973,0.0004913359429085884
2,0,1,RF-R,9,W2,0.086670199,0.913287936,0.2135177011961435,1.5163060228262062,0.00036953664305003906
2,0,1,XGBoost-R,9,X,0.005196291,0.992741285,0.35362808782921973,1.5982483925554174,-0.0003254873215704834
2,0,1,XGBoost-R,9,W1,0.046389549,0.938734226,0.28660535628343026,1.6156029931508393,-0.002221729126147531
2,0,1,XGBoost-R,9,W2,0.072709931,0.909433035,0.23468310789801264,1.5925979626216145,-0.001907284470430004
2,0,1,MLP-R,9,X,0.002127693,0.997871279,0.3614737990105725,1.6126513453175335,9.481623393425842e-06
2,0,1,MLP-R,9,W1,0.041094392,0.958885758,0.2905931126533163,1.6373738628820758,-1.736035572109662e-05
2,0,1,MLP-R,9,W2,0.065940952,0.934027196,0.22949314178746077,1.6204256412962583,6.291231509975015e-05
2,0,1,MLR,10,X,0.001791112,0.99815366,0.3914544006833256,1.6711313361056714,0.0
2,0,1,MLR,10,W1,0.04419265,0.954444699,0.3121287449545115,1.6795574294045863,4.3554368876497215e-05
2,0,1,MLR,10,W2,0.070174886,0.927661318,0.2552362927657774,1.6634420636562184,2.558950404968341e-05
2,0,1,SVR,10,X,0.004171666,0.995699703,0.3914791098244276,1.6521107575375455,0.002836907163468028
2,0,1,SVR,10,W1,0.044209216,0.954427622,0.3109104346460648,1.6841407700151372,8.683448365714996e-05
2,0,1,SVR,10,W2,0.070129516,0.927708088,0.2543401963729981,1.66076173741818,1.1229127461498401e-05
2,0,1,RF-R,10,X,0.018281122,0.981155192,0.36285868756178047,1.5506838088976411,0.0015691733712248745
2,0,1,RF-R,10,W1,0.060933207,0.937187959,0.2920342238058478,1.559929735713371,0.0038633345884726555
2,0,1,RF-R,10,W2,0.091485174,0.905693942,0.23962232697153407,1.5425201043013674,0.0033708641437870447
2,0,1,XGBoost-R,10,X,0.005472688,0.992765884,0.3889139457080507,1.6576779850027825,0.00030986287875329755
2,0,1,XGBoost-R,10,W1,0.048619906,0.938468183,0.3079575109360394,1.649968090471067,-0.00011012284142447593
2,0,1,XGBoost-R,10,W2,0.075952043,0.905097981,0.2497571367094479,1.6632525453742821,0.0008995837895618419
2,0,1,MLP-R,10,X,0.001785944,0.998158988,0.3914255767473168,1.6721146461511052,1.7609923525618854e-06
2,0,1,MLP-R,10,W1,0.044164352,0.95447387,0.30906311435519984,1.6766529298341457,-2.8094714958393218e-05
2,0,1,MLP-R,10,W2,0.070176264,0.927659898,0.2551835261431997,1.663400842680255,2.5523628910817385e-05
2,0,2,MLR,1,X,0.00128907,0.998683593,0.9927320682238164,0.9672164028094509,4.525406175837077e-06
2,0,2,MLR,1,W1,0.091912782,0.906137995,0.8256528754429429,0.957644551369782,0.00015676880649735382
2,0,2,MLR,1,W2,0.183468549,0.812640577,0.6489323571864208,0.9814295194623626,2.0203455520184655e-05
2,0,2,SVR,1,X,0.001328076,0.998643759,0.9907570268099748,0.9739749083905558,2.174184317172978e-05
2,0,2,SVR,1,W1,0.091845524,0.90620668,0.8205497929503824,0.9592168228773875,0.00025888409421213063
2,0,2,SVR,1,W2,0.182998834,0.813120253,0.6351625262238185,0.9824710872652913,0.00046599521296369906
2,0,2,RF-R,1,X,0.017525888,0.982102435,0.9148897020252609,0.8931964081968546,-0.0018089802583647785
2,0,2,RF-R,1,W1,0.108486175,0.889213126,0.757677674326054,0.8711564151418731,-0.0010302567112772999
2,0,2,RF-R,1,W2,0.206472086,0.789149196,0.5967754808429429,0.9199775056543047,0.000875390476585336
2,0,2,XGBoost-R,1,X,0.00245539,0.994924993,0.9902394824240028,0.9610772125608292,-0.00021810198906648814
2,0,2,XGBoost-R,1,W1,0.092451475,0.880425973,0.823982952370476,0.9426213207388139,-0.0019464384446677419
2,0,2,XGBoost-R,1,W2,0.188089629,0.768936306,0.6572746479737916,0.9900899081224264,-0.0027520948263200285
2,0,2,MLP-R,1,X,0.001289264,0.998683394,0.9927461029280258,0.9672109463631994,4.50333457289176e-06
2,0,2,MLP-R,1,W1,0.091869346,0.906182353,0.8216908038909544,0.9605647779586413,0.00019775663998381488
2,0,2,MLP-R,1,W2,0.183468243,0.81264089,0.6489339389126227,0.9814306903505283,2.052924369780884e-05
2,0,2,MLR,2,X,0.001253872,0.99876407,0.9248831070015658,0.9982818634871096,7.250244377310366e-07
2,0,2,MLR,2,W1,0.093267774,0.908066829,0.7324568822087224,1.02950044752232,0.0004703386683123312
2,0,2,MLR,2,W2,0.179636568,0.822933919,0.5858016174190916,1.0360453909779435,8.076251515909405e-06
2,0,2,SVR,2,X,0.001249492,0.998768388,0.9250787952434724,0.9976163692152531,1.1508142299332392e-06
2,0,2,SVR,2,W1,0.093241069,0.908093152,0.7336679685720682,1.0288633116432295,0.0005957783387593674
2,0,2,SVR,2,W2,0.178618753,0.82393717,0.5725558354815151,1.062619034626769,3.603345666146618e-05
2,0,2,RF-R,2,X,0.019842238,0.980441692,0.842591148122089,0.9167777066289794,0.002487617313346824
2,0,2,RF-R,2,W1,0.111229564,0.890362061,0.6784418394896035,0.9522899555260176,0.004586587862741742
2,0,2,RF-R,2,W2,0.198528007,0.804312805,0.5466116092894108,0.97013382911145,0.006934824364244118
2,0,2,XGBoost-R,2,X,0.003562135,0.99422567,0.9104480047394293,0.985640121992238,-0.0002409309161800377
2,0,2,XGBoost-R,2,W1,0.098727258,0.876139482,0.7170057457114847,1.0089943652250346,-0.00025888644594737056
2,0,2,XGBoost-R,2,W2,0.182507598,0.776285783,0.5922776841531016,1.0347928281248897,0.004023542342455233
2,0,2,MLP-R,2,X,0.001252486,0.998765437,0.9254676448573639,0.998358397288887,1.0589247757541997e-06
2,0,2,MLP-R,2,W1,0.093262298,0.908072228,0.7320178878445139,1.028434183484245,0.0005891639421566231
2,0,2,MLP-R,2,W2,0.179878459,0.822695489,0.5847267580280091,1.0413173469306738,6.8282799196794915e-06
2,0,2,MLR,3,X,0.001385875,0.998615169,1.0334217753224517,0.9744686228517052,1.1493409504903519e-06
2,0,2,MLR,3,W1,0.107131005,0.89294967,0.824709450735632,0.9705351866714922,0.0004333678349042858
2,0,2,MLR,3,W2,0.192318695,0.807826131,0.6742479047082467,0.9800108827051213,0.0
2,0,2,SVR,3,X,0.001382671,0.99861837,1.0339174757122356,0.9735645296875033,4.59804448071921e-08
2,0,2,SVR,3,W1,0.107008035,0.893072548,0.8244783729216805,0.964655743288666,0.000324346549055754
2,0,2,SVR,3,W2,0.192349374,0.807795474,0.6787009734472482,0.9732984932221245,7.518780035182804e-05
2,0,2,RF-R,3,X,0.019778827,0.980236068,0.9553039038242435,0.8945270760349195,0.0005700363558999056
2,0,2,RF-R,3,W1,0.128850532,0.871246499,0.7716217426407566,0.8821882078975009,-0.0016218562754664045
2,0,2,RF-R,3,W2,0.213001613,0.787158788,0.6277569680128252,0.8933228701956555,0.001828320668223471
2,0,2,XGBoost-R,3,X,0.004425805,0.993734155,1.0253089665319066,0.9569472260322623,-0.0003874179867986438
2,0,2,XGBoost-R,3,W1,0.114397065,0.857487017,0.8176908797617463,0.9445141071850575,-0.003657790862825705
2,0,2,XGBoost-R,3,W2,0.201491492,0.75540711,0.6610478696236558,0.9872877948783199,-0.004872352412010494
2,0,2,MLP-R,3,X,0.001386265,0.998614779,1.0334186830706293,0.9744511709067435,1.1809462758582966e-06
2,0,2,MLP-R,3,W1,0.10716048,0.892920217,0.8247712067860098,0.9704746066957023,0.00043351193367129336
2,0,2,MLP-R,3,W2,0.192458648,0.807686283,0.673936641368446,0.9796799441982081,6.934081005234294e-05
2,0,2,MLR,4,X,0.001235604,0.998777273,1.0361989298745813,0.990267743474495,3.1697178617062783e-06
2,0,2,MLR,4,W1,0.114975382,0.886222845,0.807451004483139,0.9770895403502481,2.6203490472231917e-05
2,0,2,MLR,4,W2,0.177092962,0.824752629,0.6584717930006494,0.9488389297694347,0.00019730732082097192
2,0,2,SVR,4,X,0.001251031,0.998762007,1.0374752157003426,0.9877749072641361,7.944890167022044e-06
2,0,2,SVR,4,W1,0.114971357,0.886226827,0.8035613671284942,0.9647635625902534,3.742729842612924e-05
2,0,2,SVR,4,W2,0.17632853,0.825509093,0.6960359887717755,0.9568324492810992,0.0006594721759616062
2,0,2,RF-R,4,X,0.015898919,0.984266773,0.9642400484057176,0.9078481760961123,0.0017072354135604928
2,0,2,RF-R,4,W1,0.130381888,0.870976899,0.7466001945444039,0.9156943442867505,0.0041332462297621
2,0,2,RF-R,4,W2,0.200823497,0.801269403,0.612500387050279,0.8778420551943883,0.003684549297250006
2,0,2,XGBoost-R,4,X,0.002725315,0.995196335,1.0334449210158922,0.9827286650776242,6.407653319892014e-05
2,0,2,XGBoost-R,4,W1,0.121616099,0.854111351,0.7998410259557089,0.976463992142879,0.0009197126635914321
2,0,2,XGBoost-R,4,W2,0.18665833,0.773398986,0.6452473369781844,0.945954377422968,-0.0017208121490455142
2,0,2,MLP-R,4,X,0.001234825,0.998778043,1.0364869657311429,0.9903455171011233,3.0944388221709753e-06
2,0,2,MLP-R,4,W1,0.114724157,0.886471452,0.8067835094957931,0.975889061265601,0.0002647646277232463
2,0,2,MLP-R,4,W2,0.177086411,0.824759111,0.6585629964871286,0.9487526793052755,0.00020317598873699217
2,0,2,MLR,5,X,0.001261315,0.998751121,1.1216513419157998,0.8995098396460897,2.845098815540403e-07
2,0,2,MLR,5,W1,0.1078455,0.893217822,0.8735218850424564,0.8862322342357108,0.0
2,0,2,MLR,5,W2,0.173693246,0.828019314,0.7534241008351363,0.8912903080799227,1.3521613697942136e-06
2,0,2,SVR,5,X,0.00126242,0.998750027,1.1219182366934661,0.8991589013172719,-3.6945758674633566e-08
2,0,2,SVR,5,W1,0.107992904,0.893071872,0.8754497266038485,0.8686319482840474,-0.00021938001346050173
2,0,2,SVR,5,W2,0.173558662,0.828152572,0.7540039653756967,0.8840845924813339,-3.292264647144494e-05
2,0,2,RF-R,5,X,0.020274758,0.979925145,1.020350157463199,0.8344612038844605,-0.0019431313280457107
2,0,2,RF-R,5,W1,0.128406681,0.872859368,0.8065593430625866,0.8166415145351618,0.0001798678611406257
2,0,2,RF-R,5,W2,0.205776525,0.796252367,0.6822827622986731,0.8177896371305948,-0.0012360419277300694
2,0,2,XGBoost-R,5,X,0.003737034,0.993454469,1.1019384380982982,0.89433696442643,-0.00035315995908534735
2,0,2,XGBoost-R,5,W1,0.111643081,0.870155767,0.8604971774561225,0.8729436091810342,0.001300386294700917
2,0,2,XGBoost-R,5,W2,0.181595524,0.776189401,0.7284932614021535,0.8660407016889546,0.000868592239895416
2,0,2,MLP-R,5,X,0.001261322,0.998751114,1.1213850431459076,0.8994487582283306,9.186354126278218e-08
2,0,2,MLP-R,5,W1,0.107692387,0.893369425,0.8922771961926127,0.8801085291982937,0.0004260190316521362
2,0,2,MLP-R,5,W2,0.172601708,0.82910009,0.7518838581124299,0.8910171992428915,0.0011937491257875909
2,0,2,MLR,6,X,0.001258522,0.998711081,1.0194873897368244,1.004757825711463,-1.7179524514410182e-06
2,0,2,MLR,6,W1,0.102340968,0.89518716,0.8554961907370556,1.030091898806414,-2.1349961078442892e-05
2,0,2,MLR,6,W2,0.173846472,0.821954563,0.7096508801990151,1.0166085606260897,0.0
2,0,2,SVR,6,X,0.001257444,0.998712184,1.0184645735901872,1.0032323483272756,-1.0245110404039082e-06
2,0,2,SVR,6,W1,0.101013607,0.896546581,0.8395153812511694,1.052997608335232,4.449452111986441e-05
2,0,2,SVR,6,W2,0.173809684,0.821992239,0.701954696107246,1.0206272282683826,-0.0002463909546460585
2,0,2,RF-R,6,X,0.016548113,0.983052195,0.9448345054049424,0.9210548650831422,0.0004728046455072965
2,0,2,RF-R,6,W1,0.120473479,0.876616689,0.7907380866432382,0.9568275953654298,0.0038975754185675004
2,0,2,RF-R,6,W2,0.196728052,0.798520317,0.6585164291607837,0.9217673709875088,-1.4811109722401294e-05
2,0,2,XGBoost-R,6,X,0.003651671,0.992964914,1.0078865429110688,0.9877597146501209,4.330396606601061e-05
2,0,2,XGBoost-R,6,W1,0.107805727,0.867806767,0.8415697922526331,1.0121655376843108,-0.0018222738638343672
2,0,2,XGBoost-R,6,W2,0.176857698,0.774681205,0.7038122637330251,1.0020356954691723,0.0007255629986028134
2,0,2,MLP-R,6,X,0.001257002,0.998712638,1.019686725962473,1.0045915989355063,-9.920062310597722e-07
2,0,2,MLP-R,6,W1,0.102154993,0.895377627,0.8538220349381463,1.0328360354006434,1.7175654045131772e-05
2,0,2,MLP-R,6,W2,0.174067508,0.821728188,0.7075113117949691,1.0190901539212107,-0.0003126500018258094
2,0,2,MLR,7,X,0.001389729,0.99859553,1.0081538818182092,1.0858543427384624,2.614026998415397e-07
2,0,2,MLR,7,W1,0.10548655,0.893394556,0.8092296617364794,1.0708516499246616,-0.00018538488835572186
2,0,2,MLR,7,W2,0.183563008,0.814489943,0.6787482957493352,1.0605274673453746,-0.00011316407138495244
2,0,2,SVR,7,X,0.001389448,0.998595814,1.0071294383254914,1.085480017423779,-5.641918136789492e-07
2,0,2,SVR,7,W1,0.105125695,0.893759239,0.7969387612705343,1.0680796364730192,-7.752028685803491e-06
2,0,2,SVR,7,W2,0.1830896,0.814968372,0.6762561711439817,1.0838918014224408,0.00019603495783077074
2,0,2,RF-R,7,X,0.018395549,0.98140933,0.9329302982788551,0.9786039976138566,0.0013335865380757373
2,0,2,RF-R,7,W1,0.130376585,0.868240514,0.7381819627827759,0.9648870599490879,0.00046606603819913104
2,0,2,RF-R,7,W2,0.217613925,0.780077849,0.6013518184480585,0.9567567055510462,0.001283242731217027
2,0,2,XGBoost-R,7,X,0.003936167,0.993160606,1.0038933712781204,1.0636762630574437,-0.00012889133364784032
2,0,2,XGBoost-R,7,W1,0.112940769,0.858431253,0.7789806514001911,1.0325298958718097,-0.004369557347477193
2,0,2,XGBoost-R,7,W2,0.195749726,0.751734136,0.6382060083263705,1.03201793557407,-0.004912092458607797
2,0,2,MLP-R,7,X,0.001388999,0.998596268,1.0088447980858564,1.0859992628637423,1.9961739795792966e-06
2,0,2,MLP-R,7,W1,0.105249693,0.893633926,0.8095081515693456,1.0652829491913247,0.00038979269447069197
2,0,2,MLP-R,7,W2,0.1827582,0.815303288,0.6667573786149085,1.0667042840752738,9.195690456949012e-05
2,0,2,MLR,8,X,0.001202229,0.998820708,1.0053740565880778,0.9710018076049185,0.0
2,0,2,MLR,8,W1,0.108494913,0.893575077,0.7799307083839575,0.982308820006196,0.0
2,0,2,MLR,8,W2,0.191890361,0.811770744,0.6088480839656224,0.9590276575603376,0.0004331024877003986
2,0,2,SVR,8,X,0.006264903,0.993854626,0.9892169338623455,0.9520103279362852,0.00014664171316823847
2,0,2,SVR,8,W1,0.10865101,0.893421959,0.7750875995430073,0.986783284207873,-3.982711254130189e-05
2,0,2,SVR,8,W2,0.191941256,0.81172082,0.6049667800738042,0.9594905714739029,0.000432604999601427
2,0,2,RF-R,8,X,0.014771917,0.985509918,0.9326285577903786,0.8945341197033289,0.0002661660364151275
2,0,2,RF-R,8,W1,0.126434015,0.875978238,0.7166191082397539,0.9099835730768646,0.006137774074765267
2,0,2,RF-R,8,W2,0.21662645,0.787506598,0.5499899726997376,0.8766294989157546,0.002174613000656922
2,0,2,XGBoost-R,8,X,0.002733179,0.994774119,0.9999038553657137,0.964218923036244,-1.1584072913839449e-05
2,0,2,XGBoost-R,8,W1,0.112317586,0.86870037,0.7819690145310543,0.9743546369821449,0.002966394616202661
2,0,2,XGBoost-R,8,W2,0.201076609,0.760865651,0.583164164263162,0.9389409147689033,0.0076042513042880455
2,0,2,MLP-R,8,X,0.001200794,0.998822116,1.0063781790147859,0.9712157507862706,-5.6844284790358304e-08
2,0,2,MLP-R,8,W1,0.108764011,0.893311113,0.770406509621591,0.9803891479471286,-1.203811566584667e-05
2,0,2,MLP-R,8,W2,0.191889574,0.811771515,0.6088809022268121,0.9590117708522667,0.0004324859029598893
2,0,2,MLR,9,X,0.001230993,0.998754927,1.0064840805384994,0.969384883813681,1.5690470020368607e-06
2,0,2,MLR,9,W1,0.100579503,0.898270063,0.7714363824703451,0.9628469469583314,0.00015919978903331523
2,0,2,MLR,9,W2,0.175660676,0.822330106,0.6414554159266426,1.014991837496639,-0.00010112645311434187
2,0,2,SVR,9,X,0.001231715,0.998754197,1.006736189241734,0.9694580324133242,6.371093697721264e-07
2,0,2,SVR,9,W1,0.100385963,0.898465816,0.7763384690491515,0.9614888254245049,0.00013198418740333339
2,0,2,SVR,9,W2,0.175308774,0.822686033,0.6631133617545378,1.0206183552954706,0.00039135877866950384
2,0,2,RF-R,9,X,0.016615161,0.983194794,0.92217918801501,0.9003394314326993,-0.0012667072533665835
2,0,2,RF-R,9,W1,0.123271525,0.875318488,0.7207029663661416,0.8874607973153312,-0.0017106987173803434
2,0,2,RF-R,9,W2,0.201636493,0.796057176,0.5895371349905083,0.9426051983410156,-0.0036935937061685297
2,0,2,XGBoost-R,9,X,0.00285413,0.993162131,0.9918010970997593,0.9631773020719419,4.3992818344951165e-05
2,0,2,XGBoost-R,9,W1,0.104549059,0.867581962,0.7719686261539516,0.9535838639023954,0.0015810542234923175
2,0,2,XGBoost-R,9,W2,0.183779386,0.766182082,0.6438595320882439,1.0013199588240635,-0.002612701500287229
2,0,2,MLP-R,9,X,0.001232246,0.99875366,1.0064604922520535,0.9693261830450867,1.5607662675609646e-06
2,0,2,MLP-R,9,W1,0.100202731,0.898651144,0.7811971420378401,0.9686366954159711,-2.657926683709011e-05
2,0,2,MLP-R,9,W2,0.175334748,0.822659762,0.6482110577705753,1.028725408206066,-2.551220694235745e-06
2,0,2,MLR,10,X,0.001220907,0.998751811,1.0420376017196096,0.9989340784456164,8.720168112041904e-08
2,0,2,MLR,10,W1,0.100740675,0.897008211,0.8235870264356512,0.9901817833572835,1.653341824094934e-05
2,0,2,MLR,10,W2,0.185185114,0.810676809,0.6431008504279849,0.9993431819670923,0.0
2,0,2,SVR,10,X,0.003021,0.996911494,0.996180741392968,0.9547295279730491,-2.04377523460586e-08
2,0,2,SVR,10,W1,0.100614053,0.897137663,0.8241148404184322,0.9827569717954516,3.373273063507209e-05
2,0,2,SVR,10,W2,0.185086215,0.810777919,0.6532948719207323,1.002810358971438,5.5684966302926854e-06
2,0,2,RF-R,10,X,0.011779019,0.987957771,0.9743861395011365,0.9264251365476813,0.0011073331094350047
2,0,2,RF-R,10,W1,0.116376754,0.881022735,0.7705373141363003,0.929358684830131,0.0009280778557867797
2,0,2,RF-R,10,W2,0.207884609,0.78747008,0.59268343562167,0.9054717851929011,-2.5298665810580268e-06
2,0,2,XGBoost-R,10,X,0.00221119,0.995517914,1.0318786227128782,0.9955335279225727,-2.425347731354055e-05
2,0,2,XGBoost-R,10,W1,0.103548651,0.870106163,0.8165209518273755,0.9922535843418254,-0.0032906698087339257
2,0,2,XGBoost-R,10,W2,0.188608757,0.769174765,0.6370387169755881,0.9916599662055436,-2.0097627681259224e-05
2,0,2,MLP-R,10,X,0.001221056,0.998751659,1.042020346115649,0.9989175284491791,8.4371552488971e-08
2,0,2,MLP-R,10,W1,0.100526509,0.897227164,0.8242751443094309,0.990749908595349,0.00011091728004356539
2,0,2,MLP-R,10,W2,0.185015989,0.810849714,0.6432732673236223,1.001689781279995,-6.0884038874498e-06
2,1,0,MLR,1,X,0.002019405,0.99777614,1.6594692900590746,0.4186545675403356,5.302917306670984e-06
2,1,0,MLR,1,W1,0.168062567,0.814921918,1.3028297122044177,0.3934735906085983,0.0
2,1,0,MLR,1,W2,0.278553891,0.693243886,1.0317552939740147,0.3844940062011181,0.0006461676141414907
2,1,0,SVR,1,X,0.002333831,0.99742988,1.6540610387025745,0.41600395388801353,0.00023948156395104948
2,1,0,SVR,1,W1,0.167480744,0.815562647,1.300015784497576,0.3918664544434596,0.0007442095540482474
2,1,0,SVR,1,W2,0.278680898,0.69310402,1.0301965209008659,0.38334120343554334,0.0013569252448287772
2,1,0,RF-R,1,X,0.012337327,0.986413579,1.5709971675567826,0.3712019948462906,0.001012984069510481
2,1,0,RF-R,1,W1,0.183838798,0.797548421,1.2066271172920797,0.36251840655354745,0.0011666574089719494
2,1,0,RF-R,1,W2,0.295909961,0.674130598,0.9487237106075801,0.34706567870185573,-0.0006961438105346884
2,1,0,XGBoost-R,1,X,0.003056781,0.993854574,1.6496365000073687,0.40951408950826507,0.00011204642498179318
2,1,0,XGBoost-R,1,W1,0.174105635,0.777287753,1.320425584089237,0.40316835195905004,0.002858484148325713
2,1,0,XGBoost-R,1,W2,0.286645317,0.620476172,1.044098661334969,0.3875335596999657,0.00012030632414129494
2,1,0,MLP-R,1,X,0.002019146,0.997776426,1.6591072886288647,0.41879647458522085,8.222788474188115e-06
2,1,0,MLP-R,1,W1,0.167515838,0.815524001,1.3165042737138397,0.3841597022336261,0.0022788586829001756
2,1,0,MLP-R,1,W2,0.278469614,0.693336696,1.03151389041577,0.3796109709942189,0.0005549736932518035
2,1,0,MLR,2,X,0.002117358,0.997621828,1.5582099430740513,0.428954039522757,0.0
2,1,0,MLR,2,W1,0.148245757,0.833493505,1.343080237978329,0.43513107002701384,-0.00010730683015590659
2,1,0,MLR,2,W2,0.273303246,0.69303158,1.0525823881462393,0.4174750989835462,0.00025585458319711264
2,1,0,SVR,2,X,0.002118712,0.997620308,1.5584478276046696,0.42864600903260675,8.107160925918677e-08
2,1,0,SVR,2,W1,0.147570465,0.834251977,1.3371052847604692,0.4295077195336325,6.345754187508934e-06
2,1,0,SVR,2,W2,0.272051439,0.694437583,1.0421260736746578,0.40985379035321856,4.2804178618627287e-05
2,1,0,RF-R,2,X,0.011966659,0.986559302,1.480359037329571,0.3926468020913003,-0.0007345019709885769
2,1,0,RF-R,2,W1,0.171790391,0.80704867,1.2238764335685484,0.38020124573529396,-0.0033965957760921373
2,1,0,RF-R,2,W2,0.281735491,0.683560661,0.9731030977154236,0.3862279643172921,0.00731014960358739
2,1,0,XGBoost-R,2,X,0.003233744,0.994619327,1.556361133611902,0.4248600864603988,2.667806058966882e-05
2,1,0,XGBoost-R,2,W1,0.151322932,0.791431647,1.3520138002520514,0.4098880029731986,0.0069023714577460815
2,1,0,XGBoost-R,2,W2,0.27761253,0.629661803,1.0525283096746532,0.43001701765783623,0.011889485384829979
2,1,0,MLP-R,2,X,0.002118923,0.997620071,1.5578900492730894,0.42907942288558515,-1.7842871326889664e-06
2,1,0,MLP-R,2,W1,0.148236038,0.83350442,1.342975970609682,0.43501910483472506,-0.00010667326436771817
2,1,0,MLP-R,2,W2,0.271824359,0.694692635,1.0415427073864154,0.4091738985908625,0.00019142048916837018
2,1,0,MLR,3,X,0.002049019,0.997683185,1.663759770317916,0.43803861907446573,0.0
2,1,0,MLR,3,W1,0.159351089,0.81982259,1.3478935137185803,0.40036150596246556,0.00011097527397565531
2,1,0,MLR,3,W2,0.299979424,0.660814897,1.037171102953447,0.41732435357607994,0.0001603633887416578
2,1,0,SVR,3,X,0.002040872,0.997692397,1.6649756932831372,0.4376580748699574,-1.0112051903599096e-07
2,1,0,SVR,3,W1,0.159112758,0.82009207,1.33814623281613,0.39995225957334507,0.00024655037904067754
2,1,0,SVR,3,W2,0.299641855,0.661196584,1.0333888335468822,0.41383443687857097,0.0005050623053758807
2,1,0,RF-R,3,X,0.014868672,0.983188074,1.566464919527086,0.3920373832349521,-0.0006660777577790599
2,1,0,RF-R,3,W1,0.173592173,0.803720275,1.2624806170633978,0.35470245105938303,0.001953587814631863
2,1,0,RF-R,3,W2,0.316438541,0.642204662,0.9531555731932105,0.381083617895997,0.0027901179711369963
2,1,0,XGBoost-R,3,X,0.004023644,0.99388563,1.6505167497262487,0.4360236560272936,0.00015000876003953278
2,1,0,XGBoost-R,3,W1,0.165035329,0.778226298,1.3356353342751188,0.39416265792514354,0.005635258678280719
2,1,0,XGBoost-R,3,W2,0.308841267,0.582071732,1.0341852383788481,0.42846859326561804,-0.00086100695733623
2,1,0,MLP-R,3,X,0.002047724,0.997684649,1.6642257707590602,0.43808999622037864,-1.0384842498156743e-06
2,1,0,MLP-R,3,W1,0.159288504,0.819893355,1.3442311896638248,0.3986404705210906,4.5817916859114406e-05
2,1,0,MLP-R,3,W2,0.299876656,0.660931096,1.030383764078859,0.4232395190290143,0.0011706287906354308
2,1,0,MLR,4,X,0.001966622,0.998084178,1.5019040799053769,0.3903082954376744,0.0
2,1,0,MLR,4,W1,0.149404195,0.854455077,1.2541628969272416,0.37648617538988133,8.171299401326104e-05
2,1,0,MLR,4,W2,0.275716169,0.731405878,0.957571550554172,0.4017060241521578,0.0
2,1,0,SVR,4,X,0.001956747,0.998093798,1.5022580035491688,0.3897262928434606,5.631521106697069e-06
2,1,0,SVR,4,W1,0.149437554,0.85442258,1.2523933535723721,0.376442936954095,0.00018548917669625187
2,1,0,SVR,4,W2,0.275999291,0.73113007,0.9959038142086548,0.41265170831421727,1.316183987868369e-05
2,1,0,RF-R,4,X,0.014512012,0.985862849,1.4174206190827217,0.3544943625697957,-6.02298775725707e-05
2,1,0,RF-R,4,W1,0.165143241,0.839122588,1.1729583684624967,0.355892596130018,-0.00024303315004539083
2,1,0,RF-R,4,W2,0.304827695,0.703046335,0.8802751775589579,0.3679605331497343,-0.005096262635788473
2,1,0,XGBoost-R,4,X,0.002865753,0.995373338,1.4990739171352039,0.3846448890881773,0.00011601950381834314
2,1,0,XGBoost-R,4,W1,0.152879976,0.827175364,1.2788208375760324,0.3601515474559501,0.004628490198985935
2,1,0,XGBoost-R,4,W2,0.281450547,0.667606778,0.958059822894078,0.3891348489117809,-0.00022242231093483333
2,1,0,MLP-R,4,X,0.001971268,0.998079652,1.5020478304602418,0.3903095495891097,-4.484175733054929e-06
2,1,0,MLP-R,4,W1,0.149382218,0.854476487,1.2560000980076031,0.3759929237266368,-4.4234412823929145e-05
2,1,0,MLP-R,4,W2,0.275994567,0.731134672,0.9658775426969827,0.3977085641945949,0.001188176759432258
2,1,0,MLR,5,X,0.002114002,0.997772173,1.636461716317949,0.39960254105180776,1.6512517267419646e-06
2,1,0,MLR,5,W1,0.151583786,0.840254424,1.3131910400186748,0.39100173888530915,-0.00043588407670873685
2,1,0,MLR,5,W2,0.311788659,0.671423572,0.9882798150597164,0.3565085277810154,0.0
2,1,0,SVR,5,X,0.002112454,0.997773804,1.6363520360996564,0.3998875944827113,1.6918154653988716e-06
2,1,0,SVR,5,W1,0.151479855,0.840363951,1.3150873983786011,0.3859620775889233,-0.0003956598214572615
2,1,0,SVR,5,W2,0.311967876,0.671234705,0.9942928156727673,0.3591833950087949,0.0002948760477761825
2,1,0,RF-R,5,X,0.012377009,0.98695657,1.5541586984759597,0.3810589967977147,0.0005129461132979518
2,1,0,RF-R,5,W1,0.166259399,0.824788625,1.2167949379967227,0.3699548201930057,0.0031118325077086227
2,1,0,RF-R,5,W2,0.329425915,0.652836666,0.902215254588751,0.3424669021163908,0.0009403785808667408
2,1,0,XGBoost-R,5,X,0.003782546,0.994581827,1.6286087323065002,0.39817445349167946,0.00015493636032051227
2,1,0,XGBoost-R,5,W1,0.155467451,0.806521881,1.329328339138478,0.38830120217485603,0.005294026264635698
2,1,0,XGBoost-R,5,W2,0.317463629,0.580905892,0.9709422451000593,0.35770983007056084,-0.013233243079641754
2,1,0,MLP-R,5,X,0.002113542,0.997772658,1.6366089072705363,0.3993736884274635,4.008003900202173e-06
2,1,0,MLP-R,5,W1,0.151199357,0.840659552,1.3111096307807073,0.3860120881807027,-0.0002572503479913446
2,1,0,MLP-R,5,W2,0.312000782,0.671200028,0.9884406381182826,0.3562701030161745,-0.00024841652655543944
2,1,0,MLR,6,X,0.001955507,0.998135438,1.6143882720730995,0.43176839156489055,0.0
2,1,0,MLR,6,W1,0.17780634,0.830462917,1.273429423460482,0.4306993684924417,0.0
2,1,0,MLR,6,W2,0.303382166,0.710727258,1.0471671377610456,0.38872738097186466,0.00015980137199901324
2,1,0,SVR,6,X,0.001953599,0.998137257,1.6127950844970127,0.43137108943749514,-2.212292841918817e-07
2,1,0,SVR,6,W1,0.177669096,0.830593778,1.2889748061208555,0.44144358851496046,-0.00020936493408529877
2,1,0,SVR,6,W2,0.303366236,0.710742447,1.046874258196814,0.38848319394924286,8.846200915936242e-05
2,1,0,RF-R,6,X,0.018086523,0.982754629,1.4931333203899615,0.3842163301876035,-0.00014087236842640348
2,1,0,RF-R,6,W1,0.208290522,0.801396466,1.178206979773222,0.3852772251117361,-0.00091330642892119
2,1,0,RF-R,6,W2,0.329147367,0.686160322,0.9663930829882424,0.35758502653561713,0.00689821182639686
2,1,0,XGBoost-R,6,X,0.003855072,0.994760353,1.6111046838502525,0.4260222199321215,0.00011980305388836765
2,1,0,XGBoost-R,6,W1,0.188575273,0.789466687,1.2845547258839796,0.42738321594522494,0.0026589204879130745
2,1,0,XGBoost-R,6,W2,0.310574037,0.640767077,1.047525534444749,0.3876852797614856,0.014952603199926228
2,1,0,MLP-R,6,X,0.00195626,0.99813472,1.6143392601200168,0.43174857228064223,-5.20432789208325e-07
2,1,0,MLP-R,6,W1,0.178905064,0.829415292,1.2726210506445121,0.43098628293319674,-0.0006880032747966669
2,1,0,MLP-R,6,W2,0.301624365,0.712403309,1.0474514149673837,0.39111704351992527,0.0026613857848824195
2,1,0,MLR,7,X,0.001859471,0.998167867,1.5854748041765712,0.4229248160288285,5.559702646040776e-08
2,1,0,MLR,7,W1,0.170428821,0.832076798,1.2824644820938462,0.44479368902547806,0.0
2,1,0,MLR,7,W2,0.272090285,0.731909945,1.0647444650761346,0.38405958110931004,-2.1480650055150097e-05
2,1,0,SVR,7,X,0.001858952,0.998168378,1.586845376131833,0.4221892776150784,-9.12145291742661e-08
2,1,0,SVR,7,W1,0.169330958,0.83315852,1.26615047943463,0.45161377986634876,0.0008563692512471577
2,1,0,SVR,7,W2,0.271925138,0.732072663,1.0519991735627527,0.38918154912514585,-2.9138093065705917e-05
2,1,0,RF-R,7,X,0.01480582,0.985411853,1.4980766232294402,0.38022215965492057,0.0006110307749890187
2,1,0,RF-R,7,W1,0.186846482,0.815900506,1.2057711435787728,0.4063210185900079,0.003100393023662773
2,1,0,RF-R,7,W2,0.293359947,0.710952986,0.9776335389294981,0.36186877291543346,0.0024237420353901084
2,1,0,XGBoost-R,7,X,0.003713667,0.995029139,1.5843178238498692,0.4177885783911079,-9.147091716975586e-05
2,1,0,XGBoost-R,7,W1,0.176146079,0.793778399,1.287055410980009,0.45149608023060794,0.0050039579699374895
2,1,0,XGBoost-R,7,W2,0.277862246,0.665329086,1.0712475416461777,0.393945212484593,0.0019842818164336196
2,1,0,MLP-R,7,X,0.001859086,0.998168246,1.5837681211632966,0.42398735993016634,-1.665958471175344e-09
2,1,0,MLP-R,7,W1,0.170921158,0.831591699,1.2839737723384328,0.4491334330317363,-0.0007763259232225761
2,1,0,MLP-R,7,W2,0.271988169,0.732010558,1.0624373875662032,0.3818857248385488,-1.1855593118559327e-05
2,1,0,MLR,8,X,0.001923134,0.997934708,1.5351963798161177,0.44969797578370885,9.504468381216214e-08
2,1,0,MLR,8,W1,0.151795729,0.836983552,1.2302740148952043,0.46076687094293806,0.0001325267864615731
2,1,0,MLR,8,W2,0.28938052,0.689228512,0.9829579402144362,0.4849977351311434,-6.403954757638886e-06
2,1,0,SVR,8,X,0.001924103,0.997933667,1.5350982003689086,0.4495983500386959,-1.2306202791245723e-07
2,1,0,SVR,8,W1,0.151757609,0.83702449,1.2276231541311984,0.4594678256556352,0.00015700843794032028
2,1,0,SVR,8,W2,0.288133315,0.690567911,0.9660171424134549,0.48904462743663124,0.0006392068831727049
2,1,0,RF-R,8,X,0.01428816,0.984655661,1.438653888025342,0.4097090512507684,0.0002085355465179073
2,1,0,RF-R,8,W1,0.168727345,0.818800353,1.1396330034063895,0.42117900845783407,-0.002363069397616502
2,1,0,RF-R,8,W2,0.302400428,0.675246174,0.9005588375271865,0.4414389391760955,0.0034622959403989516
2,1,0,XGBoost-R,8,X,0.003002959,0.994678901,1.5318932635891132,0.4443311074397758,2.8311217603571583e-05
2,1,0,XGBoost-R,8,W1,0.156555437,0.79017736,1.2225036523095292,0.4588511012232394,-0.005551323141349285
2,1,0,XGBoost-R,8,W2,0.297390984,0.621836379,1.0040875115419925,0.48300454278746685,0.011322301396700141
2,1,0,MLP-R,8,X,0.001923172,0.997934668,1.535197166593498,0.44969216445130256,9.23379349315745e-08
2,1,0,MLP-R,8,W1,0.151783595,0.836996583,1.226951259143966,0.4605436585700039,0.00013306663997327827
2,1,0,MLP-R,8,W2,0.289361831,0.689248583,0.976678416922125,0.48550859425532267,-9.578571155794968e-05
2,1,0,MLR,9,X,0.001898085,0.998063421,1.664068728445189,0.3794962709838186,0.0
2,1,0,MLR,9,W1,0.163616721,0.833065089,1.3368019265653825,0.3626554279815209,6.955440263685108e-05
2,1,0,MLR,9,W2,0.282205809,0.712070984,1.0701714294691973,0.36570649676678596,0.0005283746628659714
2,1,0,SVR,9,X,0.005284289,0.994608544,1.653994819978903,0.3776980606102297,-0.0024868072307173807
2,1,0,SVR,9,W1,0.163992705,0.832681481,1.3316404826539066,0.3583496821689929,9.198385057022085e-05
2,1,0,SVR,9,W2,0.281889566,0.71239364,1.0752000589002662,0.36725254939538937,0.0006004649152085206
2,1,0,RF-R,9,X,0.017728408,0.981912055,1.5545189847120224,0.346311856468007,-0.0007773840512325658
2,1,0,RF-R,9,W1,0.181865237,0.814446489,1.2645761367246182,0.33110273096485726,-0.001711021037159499
2,1,0,RF-R,9,W2,0.312800645,0.680855677,0.9740285852877477,0.32199788401538176,-0.0015210992739933982
2,1,0,XGBoost-R,9,X,0.003374273,0.995260865,1.6606279649923703,0.373140488563683,0.00016129237842862353
2,1,0,XGBoost-R,9,W1,0.170460814,0.796061883,1.3428188145455944,0.3602528435661418,0.001138551954515421
2,1,0,XGBoost-R,9,W2,0.292289867,0.632776528,1.0561277283201853,0.3573211504261297,-0.0002329853152123751
2,1,0,MLP-R,9,X,0.001899249,0.998062234,1.6628449987646632,0.3793958994113626,-1.8293573328276302e-06
2,1,0,MLP-R,9,W1,0.163390461,0.833295938,1.327651144775008,0.36136044947547646,0.0002558089249152462
2,1,0,MLP-R,9,W2,0.281230861,0.713065704,1.0909836942883444,0.33421138642048576,-0.0004222366709544789
2,1,0,MLR,10,X,0.001936837,0.998105301,1.5458836391547521,0.40158911791591373,6.285500868896676e-07
2,1,0,MLR,10,W1,0.159892857,0.843585757,1.2158478313900936,0.4046098127122336,5.722119390163538e-05
2,1,0,MLR,10,W2,0.296444099,0.71000531,0.9782779943261735,0.4137347446870973,0.00010552266492449557
2,1,0,SVR,10,X,0.002610636,0.99744616,1.525724195840233,0.3866995307726198,-7.930219842378072e-06
2,1,0,SVR,10,W1,0.159721998,0.843752899,1.224293336580894,0.40879949445204755,0.00010783085339872711
2,1,0,SVR,10,W2,0.296092459,0.7103493,0.9748699439626023,0.40404191585668203,0.0009771293664315394
2,1,0,RF-R,10,X,0.016541579,0.983818298,1.4449210507194248,0.3732084385081816,0.00046541041623039404
2,1,0,RF-R,10,W1,0.179762878,0.824148026,1.1358383789777577,0.3830820543761756,0.0029969727523852406
2,1,0,RF-R,10,W2,0.311812159,0.694971596,0.8797154063989066,0.39910397921719004,0.009071732797610376
2,1,0,XGBoost-R,10,X,0.004274723,0.993520352,1.5349973698429487,0.3948462861388058,0.00010234648215557973
2,1,0,XGBoost-R,10,W1,0.167164201,0.804202744,1.1915163090935603,0.3984208021999527,-0.0011160015289473635
2,1,0,XGBoost-R,10,W2,0.302196379,0.638167325,0.9826359132357314,0.41710193609617274,0.000541066683454905
2,1,0,MLP-R,10,X,0.001937658,0.998104497,1.5459041602730068,0.40158634319112513,6.28413682135509e-07
2,1,0,MLP-R,10,W1,0.159808424,0.843668353,1.2182084948771426,0.40607301223975184,7.000248569465351e-05
2,1,0,MLP-R,10,W2,0.29600745,0.710432459,0.9797913157802108,0.4150000762016095,0.0006771812853340498
2,1,1,MLR,1,X,0.001886519,0.998158782,0.3973331465234061,1.6256585720079688,4.514375378628088e-07
2,1,1,MLR,1,W1,0.044317242,0.956746951,0.3136075629832085,1.6215686341776547,4.941374569411571e-07
2,1,1,MLR,1,W2,0.069517364,0.932151961,0.2795584297959989,1.6483528326888295,0.0002064315681507889
2,1,1,SVR,1,X,0.001886466,0.998158833,0.3977904578148349,1.6262438916812259,1.7635733140730637e-06
2,1,1,SVR,1,W1,0.044212318,0.956849356,0.31575738112015805,1.6037968486055203,-4.875629715288543e-05
2,1,1,SVR,1,W2,0.069385189,0.932280963,0.2764755282173609,1.6479676309999785,0.00019626805540394753
2,1,1,RF-R,1,X,0.017635671,0.982787816,0.3720717719709518,1.5062222447361338,-0.0010444825139222624
2,1,1,RF-R,1,W1,0.058159989,0.943236611,0.2917438360623642,1.5057144503161417,-5.487005608194595e-05
2,1,1,RF-R,1,W2,0.088481125,0.913643579,0.25469221971746964,1.5260404656872955,-0.0017211249491404623
2,1,1,XGBoost-R,1,X,0.003414873,0.994202261,0.39252138021133387,1.630362863899127,0.00018435201174268334
2,1,1,XGBoost-R,1,W1,0.044997455,0.945011152,0.3091919825262598,1.627036315853628,-0.0008012708230678677
2,1,1,XGBoost-R,1,W2,0.073162535,0.913876285,0.27422632117199136,1.6573470807387505,-0.0022431075022911083
2,1,1,MLP-R,1,X,0.001886996,0.998158317,0.39733810088024163,1.62559892847061,4.0772820153467393e-07
2,1,1,MLP-R,1,W1,0.044220465,0.956841404,0.3127565500305743,1.6040502942772512,0.00016479360692910338
2,1,1,MLP-R,1,W2,0.069430505,0.932236734,0.27789654316447643,1.6538866369872889,0.00018797194163586717
2,1,1,MLR,2,X,0.001949067,0.998049292,0.3737344481934747,1.5271604241789636,6.804199384147225e-07
2,1,1,MLR,2,W1,0.046326179,0.953634823,0.2922596102453394,1.5568089564892391,-4.981040631167888e-05
2,1,1,MLR,2,W2,0.071383346,0.928556562,0.25424052404067454,1.5767111227394257,0.0
2,1,1,SVR,2,X,0.001939942,0.998058425,0.3757250440695306,1.5274899935425061,3.6496651926620773e-06
2,1,1,SVR,2,W1,0.046201722,0.953759384,0.28883021574619205,1.5676599428859808,2.3696921202109865e-05
2,1,1,SVR,2,W2,0.071129527,0.928810595,0.25075842377509483,1.582400322277706,-4.049491185487142e-07
2,1,1,RF-R,2,X,0.015749212,0.984237531,0.34708494944522605,1.4201890870367258,-0.00010901315468346829
2,1,1,RF-R,2,W1,0.061815393,0.93813257,0.2736511709330329,1.4539399243927127,-0.00036774305418484364
2,1,1,RF-R,2,W2,0.090965791,0.908957633,0.23240061335291515,1.4843539830090409,-0.0009149120505914765
2,1,1,XGBoost-R,2,X,0.003491719,0.994737381,0.37002827087152884,1.5158406895374341,-0.00011048444843275718
2,1,1,XGBoost-R,2,W1,0.050083948,0.939549429,0.28993676660205303,1.5350293441671892,-0.0020491448350357876
2,1,1,XGBoost-R,2,W2,0.076171877,0.90208247,0.24639756909773486,1.5722003689799384,-0.0031964685112863987
2,1,1,MLP-R,2,X,0.00194838,0.99804998,0.37378717196360445,1.5269395523147407,7.155108684320232e-07
2,1,1,MLP-R,2,W1,0.046325011,0.953635992,0.2917801478273353,1.555000619991951,-4.388152290107916e-05
2,1,1,MLP-R,2,W2,0.071210371,0.928729683,0.25464258933957806,1.5770911657313078,6.671691407589275e-05
2,1,1,MLR,3,X,0.002259226,0.997909017,0.4079224280415642,1.6026741711254373,1.629751508713806e-06
2,1,1,MLR,3,W1,0.043811143,0.959451445,0.3252749671868409,1.5754422371996402,6.233286075540967e-06
2,1,1,MLR,3,W2,0.075306653,0.930301384,0.2563446130703871,1.571230335968344,-1.6982225888950707e-05
2,1,1,SVR,3,X,0.002256563,0.997911481,0.40735266757265237,1.6029930391798985,1.9529654092020897e-06
2,1,1,SVR,3,W1,0.043738627,0.95951856,0.3282462696840384,1.579420665115563,2.6178736286652794e-05
2,1,1,SVR,3,W2,0.07513166,0.930463346,0.2585051021736883,1.5751555209884756,2.8750679040301375e-05
2,1,1,RF-R,3,X,0.019771296,0.98170106,0.3688383041689852,1.4737056191745144,0.0015570657030169021
2,1,1,RF-R,3,W1,0.061511086,0.943069605,0.2980843715186951,1.4654590039452051,0.00203390570046863
2,1,1,RF-R,3,W2,0.09552666,0.911587148,0.23769368744814323,1.4555061627011827,0.0037003459402007556
2,1,1,XGBoost-R,3,X,0.004954733,0.992650823,0.40014134238897875,1.5841860625412445,-0.00030532150891637855
2,1,1,XGBoost-R,3,W1,0.047453954,0.946670705,0.31891644341005365,1.549080790190344,-0.0006403460248620263
2,1,1,XGBoost-R,3,W2,0.080495391,0.908936381,0.2519209217912765,1.5417968152017956,-0.0006543367508832776
2,1,1,MLP-R,3,X,0.002259749,0.997908533,0.4069696252859651,1.6026494951228067,2.76348073242616e-06
2,1,1,MLP-R,3,W1,0.043748137,0.959509758,0.3278699049368424,1.5750159415252694,5.3261194150489025e-05
2,1,1,MLP-R,3,W2,0.074851887,0.930722284,0.2645017220630872,1.583038117607345,0.00017120519208313478
2,1,1,MLR,4,X,0.002068949,0.998018416,0.381550052870285,1.5318735508080672,-1.8658591649511892e-08
2,1,1,MLR,4,W1,0.043987619,0.957869842,0.3000448849260407,1.5240057345045375,3.0499869222877507e-05
2,1,1,MLR,4,W2,0.077811647,0.925474098,0.24479507119023475,1.5511557834117156,-3.084304810375693e-05
2,1,1,SVR,4,X,0.00765674,0.99266658,0.37546670951948946,1.5212209677416504,-0.0006391593079009717
2,1,1,SVR,4,W1,0.044026772,0.957832342,0.30253014636431635,1.5279556537347332,3.408207515642747e-05
2,1,1,SVR,4,W2,0.077745164,0.925537773,0.2452799759030441,1.5595095624537059,-2.9122922855306933e-05
2,1,1,RF-R,4,X,0.019851318,0.980986942,0.3518245092746084,1.430946079137646,-0.0002869045389902292
2,1,1,RF-R,4,W1,0.061879536,0.940733445,0.2832185051260633,1.437060231758821,0.0003506022769015682
2,1,1,RF-R,4,W2,0.102469459,0.901857509,0.22695914345293627,1.4497196560969599,-0.0004626795311602927
2,1,1,XGBoost-R,4,X,0.003990674,0.992588493,0.37622217306672906,1.5193525393014558,0.00019113206573470042
2,1,1,XGBoost-R,4,W1,0.046907489,0.943633807,0.2970195191576862,1.5158640913326686,0.0014012134301214173
2,1,1,XGBoost-R,4,W2,0.082806195,0.904008285,0.23894026162427412,1.5418546522097583,-0.0009859662666667935
2,1,1,MLP-R,4,X,0.002068349,0.998018991,0.3811206663279135,1.5319359859387867,2.2834072954669438e-08
2,1,1,MLP-R,4,W1,0.044078621,0.957782683,0.29991468907874463,1.5241113286198362,3.064000935512068e-05
2,1,1,MLP-R,4,W2,0.077821971,0.92546421,0.24479407558153626,1.5511967095047972,-3.0767202710035856e-05
2,1,1,MLR,5,X,0.002013501,0.997998394,0.36114308171926435,1.5474636917135276,2.6405646890159674e-07
2,1,1,MLR,5,W1,0.04000658,0.96022977,0.30113135911132394,1.562173760189034,-7.626636557667155e-05
2,1,1,MLR,5,W2,0.071667479,0.928755917,0.23521372026596996,1.5693342975163553,-3.551799186126692e-05
2,1,1,SVR,5,X,0.002175411,0.997837441,0.3612920741399937,1.5452238289358529,0.00039499852808058125
2,1,1,SVR,5,W1,0.039884885,0.960350747,0.3007006154554544,1.5650220568179716,5.753868065752066e-05
2,1,1,SVR,5,W2,0.071465284,0.928956918,0.23361016743548874,1.5677224603089204,6.882955337106367e-06
2,1,1,RF-R,5,X,0.0149289,0.985159296,0.3401495208705321,1.4421151521488338,0.0009871472534221716
2,1,1,RF-R,5,W1,0.053857775,0.946460405,0.28524456876365323,1.4569767291827154,0.0018473383200224847
2,1,1,RF-R,5,W2,0.088866324,0.911658679,0.2182228111036654,1.4610175518183441,0.000594604189010417
2,1,1,XGBoost-R,5,X,0.003226109,0.994770525,0.3623371189020096,1.5415184278334841,0.0004444944531671102
2,1,1,XGBoost-R,5,W1,0.042495144,0.949425641,0.3010960167421523,1.5575731471332275,0.002224853781327496
2,1,1,XGBoost-R,5,W2,0.07422682,0.911204982,0.22940541332444328,1.5683654561283153,0.0012674576252969083
2,1,1,MLP-R,5,X,0.002013976,0.997997923,0.36116526671293336,1.5473795054265038,3.6982391945494795e-07
2,1,1,MLP-R,5,W1,0.039784062,0.960450974,0.29421811588544666,1.5566656969060122,-6.934884791396368e-05
2,1,1,MLP-R,5,W2,0.07159425,0.928828714,0.23294132218116576,1.5681261671658715,-4.2206397406918675e-05
2,1,1,MLR,6,X,0.001930105,0.998177758,0.3694096927707521,1.636808312107195,0.0
2,1,1,MLR,6,W1,0.041687282,0.9606424,0.29127877086952314,1.637113656874894,4.3198833208357714e-07
2,1,1,MLR,6,W2,0.072538747,0.931515061,0.23270921516471943,1.6444304422553984,0.0
2,1,1,SVR,6,X,0.002347596,0.997783599,0.36804436893369746,1.6283097227993217,0.0004261939942210802
2,1,1,SVR,6,W1,0.041714124,0.960617058,0.2890310191247032,1.6347468357077297,3.922266308198363e-06
2,1,1,SVR,6,W2,0.072580901,0.931475262,0.23372127658156164,1.6480573281532174,-3.7758223032402503e-05
2,1,1,RF-R,6,X,0.015011632,0.985827289,0.33658618325276646,1.5326982561422215,0.0010055805818216968
2,1,1,RF-R,6,W1,0.055147311,0.947934581,0.2705855070336703,1.533145089695017,0.000356828262441089
2,1,1,RF-R,6,W2,0.089581971,0.915424293,0.2148459748083281,1.5378512617926692,0.002576604144106154
2,1,1,XGBoost-R,6,X,0.003887833,0.99405281,0.3633711765200281,1.6432698057853798,0.00011607212838984359
2,1,1,XGBoost-R,6,W1,0.042898658,0.94595951,0.28709039210764387,1.619648310598776,-0.0012542826167829424
2,1,1,XGBoost-R,6,W2,0.07419779,0.916057341,0.23208292356631227,1.651076168682745,0.0008416352350258394
2,1,1,MLP-R,6,X,0.001939293,0.998169084,0.3694301153119694,1.6366409427636177,-4.146091357726256e-06
2,1,1,MLP-R,6,W1,0.041502759,0.960816611,0.2933902397669802,1.6195770229874946,6.962427595488263e-05
2,1,1,MLP-R,6,W2,0.072639714,0.931419736,0.23276374887884557,1.6442417374744185,-3.5448741278176764e-05
2,1,1,MLR,7,X,0.002054314,0.998042752,0.3763317242517584,1.5599612398916003,2.215718110076814e-06
2,1,1,MLR,7,W1,0.04004542,0.961846719,0.29659465186940326,1.5632108494806576,0.0
2,1,1,MLR,7,W2,0.0771708,0.926475505,0.2368552668295345,1.5582946498148211,2.185361583868506e-05
2,1,1,SVR,7,X,0.002071385,0.998026488,0.3771363064575731,1.5509779705086444,1.1219128072847973e-05
2,1,1,SVR,7,W1,0.040022803,0.961868267,0.29842712650649583,1.5623214137208277,-1.9063622910819866e-05
2,1,1,SVR,7,W2,0.077238255,0.926411238,0.23189530253275442,1.565131505344478,5.912000632377623e-05
2,1,1,RF-R,7,X,0.020070039,0.980878266,0.3512482983807918,1.4626064565296677,-0.0015231418117336083
2,1,1,RF-R,7,W1,0.059343225,0.94346073,0.2761566851637035,1.4672417311537373,-0.0011086662782882728
2,1,1,RF-R,7,W2,0.098235697,0.906405921,0.22484113871640865,1.4496079212419346,-0.0011110285947513287
2,1,1,XGBoost-R,7,X,0.003452436,0.994399272,0.3720688054223055,1.560036540810252,-0.00014338503645756618
2,1,1,XGBoost-R,7,W1,0.04305867,0.94742211,0.29035816522600744,1.5652437148425915,0.0018735999061182174
2,1,1,XGBoost-R,7,W2,0.080724137,0.906300331,0.23906789689503896,1.5679743311092236,-0.0005460936039150099
2,1,1,MLP-R,7,X,0.002046498,0.998050198,0.3760968120257722,1.55804114349929,1.9513785050717656e-06
2,1,1,MLP-R,7,W1,0.040040354,0.961851545,0.29807771072229133,1.5611643293078654,-2.376080455187557e-05
2,1,1,MLP-R,7,W2,0.077066784,0.926574607,0.2389194252686379,1.559697372418911,0.0001252046063831891
2,1,1,MLR,8,X,0.001944154,0.997827359,0.4605780589959673,1.6326197609011086,-1.5105863351405624e-06
2,1,1,MLR,8,W1,0.044478176,0.950294501,0.3653718235483381,1.6420208987764482,-9.369733891851917e-05
2,1,1,MLR,8,W2,0.073336258,0.918044856,0.30846971225746483,1.6288830277890038,-5.243862394452847e-05
2,1,1,SVR,8,X,0.001944097,0.997827422,0.46100473811926346,1.632653044612665,-2.2661879829355413e-07
2,1,1,SVR,8,W1,0.044364792,0.95042121,0.3626210506463579,1.634923555737183,-8.661973189795224e-05
2,1,1,SVR,8,W2,0.073448428,0.917919503,0.30426674657698366,1.6327655171100197,-0.0001525266157021421
2,1,1,RF-R,8,X,0.01286713,0.985620653,0.41606529613809806,1.5388364887895025,-0.0001992849987823786
2,1,1,RF-R,8,W1,0.057370922,0.935886527,0.3317612002694268,1.5516080346481131,-0.0019046065120939093
2,1,1,RF-R,8,W2,0.088392064,0.901219607,0.27007576995677907,1.5239652313665666,0.00062763889859212
2,1,1,XGBoost-R,8,X,0.003164469,0.99491588,0.45244461111406337,1.6317414669750812,0.00019209868349494562
2,1,1,XGBoost-R,8,W1,0.046841956,0.937750788,0.3649680643997224,1.6485243071203304,0.00038238441318432236
2,1,1,XGBoost-R,8,W2,0.07570852,0.893669845,0.3041867710860974,1.6446077630401947,-0.0013098782834108924
2,1,1,MLP-R,8,X,0.001942988,0.997828662,0.4615107682636279,1.6316506522326333,1.1579455242660686e-06
2,1,1,MLP-R,8,W1,0.044425957,0.950352857,0.3654040072908945,1.6402955515219246,-6.2152267462956e-05
2,1,1,MLP-R,8,W2,0.07320607,0.918190344,0.3079369047764627,1.630978311510597,-6.261359356183327e-05
2,1,1,MLR,9,X,0.001808103,0.998301254,0.3902447327497308,1.6409322087208118,-2.6722362156395008e-08
2,1,1,MLR,9,W1,0.041585962,0.960929227,0.3146047870065973,1.6273002427736216,-6.339326182783767e-05
2,1,1,MLR,9,W2,0.069446392,0.934753844,0.25594974653901315,1.6462478934656315,8.236164669993551e-05
2,1,1,SVR,9,X,0.001809478,0.998299963,0.3904484733733748,1.6405787212592151,-9.426419007585452e-08
2,1,1,SVR,9,W1,0.041603247,0.960912988,0.32406580084221237,1.601235670113206,0.00010751555781097766
2,1,1,SVR,9,W2,0.069440251,0.934759613,0.2554251847776857,1.6490289285566262,0.00011149099398627405
2,1,1,RF-R,9,X,0.019172906,0.981986704,0.3487459712806282,1.5124142628912718,7.087237381873113e-05
2,1,1,RF-R,9,W1,0.05849267,0.945045066,0.29295056938806396,1.5109371848090103,0.0008941239577319737
2,1,1,RF-R,9,W2,0.089388035,0.916018306,0.23876976936729594,1.5230064965003973,0.002787204429442569
2,1,1,XGBoost-R,9,X,0.003334067,0.994719782,0.38743238400546376,1.6419958307435163,-6.160154931962314e-05
2,1,1,XGBoost-R,9,W1,0.046213839,0.94326148,0.3170231130273966,1.6155019573341534,-0.002208311116162087
2,1,1,XGBoost-R,9,W2,0.07468,0.911815291,0.2529713068389151,1.6286890737341895,0.0015226562177617531
2,1,1,MLP-R,9,X,0.001808072,0.998301284,0.39071786045710477,1.6408810062427481,8.372137275558522e-07
2,1,1,MLP-R,9,W1,0.041587666,0.960927627,0.3147527767857939,1.6275495834490037,-5.5825412906818086e-05
2,1,1,MLP-R,9,W2,0.069372424,0.934823338,0.25774803284756254,1.6492335503769457,8.881111660367092e-05
2,1,1,MLR,10,X,0.001984698,0.998052209,0.4330527691030285,1.578079109810076,0.0
2,1,1,MLR,10,W1,0.039848335,0.960892678,0.3595751142705753,1.5764887540788228,1.3704963813532256e-05
2,1,1,MLR,10,W2,0.071088627,0.930233325,0.2836513153785745,1.5966828161133857,2.534501322881688e-05
2,1,1,SVR,10,X,0.001983883,0.998053009,0.43288029677072865,1.5785511806079278,5.529219982203238e-07
2,1,1,SVR,10,W1,0.039818413,0.960922043,0.3600067004832569,1.5734885203058642,2.266064116001054e-05
2,1,1,SVR,10,W2,0.071001714,0.930318622,0.2871591791307116,1.6020594148032192,1.8538234616261028e-05
2,1,1,RF-R,10,X,0.014898489,0.985378561,0.38563832107552004,1.487769479409606,0.000628531433973234
2,1,1,RF-R,10,W1,0.055051026,0.945972693,0.3225657382236819,1.480339322503013,0.0019213360001466562
2,1,1,RF-R,10,W2,0.089429688,0.91223333,0.25272889206972005,1.5199702391119374,-0.000846395224607066
2,1,1,XGBoost-R,10,X,0.003940853,0.994005403,0.42279073176704773,1.5760482381255654,-0.00021359998639355337
2,1,1,XGBoost-R,10,W1,0.044272521,0.94345868,0.3499011962970663,1.5829122128947337,-0.0005164996262948751
2,1,1,XGBoost-R,10,W2,0.075838508,0.912137328,0.27329806049867833,1.5941585778609018,0.0005044149728911762
2,1,1,MLP-R,10,X,0.00198402,0.998052875,0.43331004756953445,1.5786361825166486,-4.548227593326182e-07
2,1,1,MLP-R,10,W1,0.039777715,0.960961984,0.359765331391891,1.5763815704688289,0.00010727667520848971
2,1,1,MLP-R,10,W2,0.070905039,0.930413498,0.2894875643130415,1.5989386491925957,-1.628428739471888e-05
2,1,2,MLR,1,X,0.001226237,0.998736898,1.0277654939795315,0.9795590519241149,0.0
2,1,2,MLR,1,W1,0.101419063,0.895531897,0.8167904731698424,0.9876817487220148,0.0
2,1,2,MLR,1,W2,0.164791505,0.830254239,0.6512071809654827,0.9751709505398726,0.00015487441432171511
2,1,2,SVR,1,X,0.001224636,0.998738547,1.0271478122592212,0.9796003537336266,7.70202179056767e-07
2,1,2,SVR,1,W1,0.101486961,0.895461957,0.8075590607066647,0.9931074045847417,0.00010425047523243691
2,1,2,SVR,1,W2,0.164670128,0.830379266,0.6488188526661709,0.9661826342382543,0.00016174448821177912
2,1,2,RF-R,1,X,0.017972603,0.981487072,0.9360726718881984,0.9044752517603785,0.00111746040125128
2,1,2,RF-R,1,W1,0.127160877,0.869016186,0.750818395710768,0.8972454924004103,-0.002993555199200437
2,1,2,RF-R,1,W2,0.181828759,0.812704782,0.5993655850119104,0.9062937861900192,0.002187335732000262
2,1,2,XGBoost-R,1,X,0.00356102,0.995104323,1.0150059883438511,0.9706882169924143,0.0009080720040289258
2,1,2,XGBoost-R,1,W1,0.10902399,0.856520318,0.8074170202475022,0.9767937084079925,-0.004466808908650488
2,1,2,XGBoost-R,1,W2,0.170848954,0.781403006,0.6406041399015479,0.9696686394189928,-0.002526751858145837
2,1,2,MLP-R,1,X,0.001245698,0.998716851,1.0277739699135606,0.9788152576700447,1.5143884289137155e-05
2,1,2,MLP-R,1,W1,0.101483753,0.895465262,0.8127154698914003,0.9879189553800757,-5.154777409602795e-05
2,1,2,MLP-R,1,W2,0.163375907,0.831712396,0.6444124386080609,0.9581047603182056,0.002600115896037247
2,1,2,MLR,2,X,0.001299747,0.998697787,0.9758496585609482,1.0199492826783552,2.546080853482735e-07
2,1,2,MLR,2,W1,0.101630196,0.898177006,0.7648730717920259,1.009831737972056,0.0008033941120912158
2,1,2,MLR,2,W2,0.181501859,0.818153822,0.63333251404661,1.0350464772981927,0.0
2,1,2,SVR,2,X,0.001298854,0.998698682,0.9758688311339426,1.0201307373158128,1.210932045803137e-06
2,1,2,SVR,2,W1,0.101384221,0.898423448,0.7603620943343267,1.0000266376826707,0.0011012479897456906
2,1,2,SVR,2,W2,0.182212868,0.817441465,0.6348654392496949,1.0356893510839134,-2.785697333542725e-05
2,1,2,RF-R,2,X,0.01792272,0.982043279,0.9118463224741811,0.9353974941551332,0.0010437342637018676
2,1,2,RF-R,2,W1,0.119885555,0.879887016,0.7060302101745242,0.9269571565179369,0.003242038505070621
2,1,2,RF-R,2,W2,0.205047973,0.79456304,0.5860045488981827,0.9366922454994373,0.005183614999124009
2,1,2,XGBoost-R,2,X,0.003724406,0.994133999,0.9665598137085342,1.0044482072243517,0.00023224960631923475
2,1,2,XGBoost-R,2,W1,0.104823389,0.867680775,0.7486621061938392,0.9940768597109251,-0.00017935893288753001
2,1,2,XGBoost-R,2,W2,0.187477173,0.772166887,0.6261773225329665,1.019318584010962,-0.0009455420270587766
2,1,2,MLP-R,2,X,0.001299436,0.998698099,0.9760219238440699,1.0195067725899936,3.7647264191642547e-07
2,1,2,MLP-R,2,W1,0.10153893,0.898268445,0.7645962236824848,1.0094445436500812,0.0008827489328718352
2,1,2,MLP-R,2,W2,0.181320797,0.818335227,0.6544162472495277,1.0284695133977957,0.0019848444537627795
2,1,2,MLR,3,X,0.001320184,0.998708216,0.9704509869488931,0.9540082105141373,0.0
2,1,2,MLR,3,W1,0.10015739,0.90199723,0.7683380597624195,0.9410135349544353,0.0
2,1,2,MLR,3,W2,0.187082376,0.816942204,0.6106968535166917,0.969583681249565,9.498913053687107e-05
2,1,2,SVR,3,X,0.002102282,0.997942943,0.9694053349537791,0.9507742851354841,0.00046890044618639324
2,1,2,SVR,3,W1,0.100102071,0.902051359,0.7671457489964236,0.9378304134651447,3.3501024903803686e-05
2,1,2,SVR,3,W2,0.187013831,0.817009274,0.608823042033962,0.9717664461087123,0.0002275042940567129
2,1,2,RF-R,3,X,0.014020946,0.986280677,0.9137900103690887,0.8973480555455821,-0.00031118744164051473
2,1,2,RF-R,3,W1,0.117410331,0.88511544,0.7292480135777524,0.8782374529062201,0.000375622134825504
2,1,2,RF-R,3,W2,0.208818393,0.79567378,0.5745441476420746,0.904085434865513,0.0016536240221404319
2,1,2,XGBoost-R,3,X,0.0028889,0.994827585,0.9622949785565936,0.9515127446626195,0.0001585754750615509
2,1,2,XGBoost-R,3,W1,0.1030944,0.876609412,0.7778355750153347,0.9303987426499741,-0.000843869809374942
2,1,2,XGBoost-R,3,W2,0.194958937,0.772317171,0.6082824658805587,0.9753421151482211,0.004480641080767756
2,1,2,MLP-R,3,X,0.001320341,0.998708063,0.970458013879979,0.9540275062402067,1.5165733046051956e-07
2,1,2,MLP-R,3,W1,0.100220843,0.901935142,0.7682959635384365,0.9410698705274925,-1.944088123496668e-05
2,1,2,MLP-R,3,W2,0.187081714,0.816942852,0.6106790531749798,0.9695731230712485,9.876033488297465e-05
2,1,2,MLR,4,X,0.00128616,0.998708033,0.9473470263401327,0.9321823596048044,1.2607771218697827e-06
2,1,2,MLR,4,W1,0.111136319,0.888361901,0.7560026050804205,0.967570194323289,-8.368769666704523e-05
2,1,2,MLR,4,W2,0.169006556,0.830230381,0.600982231261379,0.9941939775828041,0.0
2,1,2,SVR,4,X,0.001695072,0.998297274,0.945497550186734,0.930654225095045,0.00031304245313733546
2,1,2,SVR,4,W1,0.110599837,0.888900806,0.7459899537581905,0.9886270181303389,-0.00017415787272450077
2,1,2,SVR,4,W2,0.168962935,0.830274199,0.5973302189344979,1.0026463446333298,-8.058969696662643e-05
2,1,2,RF-R,4,X,0.012870606,0.987071283,0.8891779969071203,0.8756173994471295,0.0015338239749168702
2,1,2,RF-R,4,W1,0.126157174,0.873273228,0.6951222370022716,0.909524895024487,0.002254681632822486
2,1,2,RF-R,4,W2,0.190223311,0.808917833,0.5686691092967786,0.9431438520847262,0.0038657592217789527
2,1,2,XGBoost-R,4,X,0.002587872,0.995719763,0.9402421729198608,0.9291410855143685,6.433193556768524e-05
2,1,2,XGBoost-R,4,W1,0.114266881,0.858364769,0.7432541353756911,0.9647130341442978,-0.003594786480954404
2,1,2,XGBoost-R,4,W2,0.172606982,0.789539831,0.5943736758300211,1.002015527057625,0.00638854503591898
2,1,2,MLP-R,4,X,0.001286062,0.998708131,0.9473441565645606,0.9321628065196185,1.3760116731931226e-06
2,1,2,MLP-R,4,W1,0.110815659,0.88868401,0.7571454333970389,0.968114391182455,0.00034224237148665625
2,1,2,MLP-R,4,W2,0.168706891,0.830531399,0.6097867069831955,1.0032097307140115,8.854696337035062e-05
2,1,2,MLR,5,X,0.001330364,0.998659077,1.0526080807723055,0.9981770592929908,2.884446000717134e-07
2,1,2,MLR,5,W1,0.098750037,0.900466208,0.8451325325027049,1.010089183667332,0.00012361620297349774
2,1,2,MLR,5,W2,0.19417745,0.804281411,0.6700528048231347,1.0186811238987925,0.0
2,1,2,SVR,5,X,0.001329796,0.998659649,1.0528654160824122,0.998594436524807,3.3480972121413545e-07
2,1,2,SVR,5,W1,0.09880828,0.900407503,0.8482371471863847,1.0078434286510742,0.0002250567685621041
2,1,2,SVR,5,W2,0.194051681,0.804408179,0.6752872557472074,1.0163201378191506,0.000465866757213651
2,1,2,RF-R,5,X,0.017821395,0.982037161,0.9782338666709881,0.9180423832249083,0.00047844364077036515
2,1,2,RF-R,5,W1,0.120724112,0.87831773,0.774359386014514,0.935673405791259,0.002029123169853375
2,1,2,RF-R,5,W2,0.216545497,0.781735834,0.6225780387574718,0.9327415610582875,-0.0013925478009372938
2,1,2,XGBoost-R,5,X,0.004993462,0.99266797,1.0480560165722945,0.9892139410913291,-0.0003766877532118129
2,1,2,XGBoost-R,5,W1,0.105648662,0.866981736,0.83478966833203,1.0018815397296055,-0.0008520646619903371
2,1,2,XGBoost-R,5,W2,0.199154629,0.757979874,0.6898341014403057,1.0118291262282333,-0.0037873676660860945
2,1,2,MLP-R,5,X,0.001330437,0.998659004,1.0517169400306272,0.9976631483673565,2.5968594919989484e-07
2,1,2,MLP-R,5,W1,0.098668608,0.900548283,0.8438443741390328,1.0164507822481688,0.00015255567860337216
2,1,2,MLP-R,5,W2,0.194124572,0.804334708,0.6664236243669353,1.0134277740410085,-3.038073167570543e-05
2,1,2,MLR,6,X,0.001315188,0.998687905,1.067971869205246,0.9284578208501962,0.0
2,1,2,MLR,6,W1,0.109678914,0.890579096,0.8427996591850265,0.9268645615501498,0.0
2,1,2,MLR,6,W2,0.174723051,0.825687969,0.6740431308835864,0.9246362268365106,0.0
2,1,2,SVR,6,X,0.001314578,0.998688514,1.0675974657434444,0.9284074307394461,1.6325315066456624e-08
2,1,2,SVR,6,W1,0.109741836,0.890516322,0.85361912745851,0.9147271451000692,0.0007744635562297652
2,1,2,SVR,6,W2,0.174490605,0.825919869,0.6795966229392967,0.9301768029598574,7.688104499391502e-05
2,1,2,RF-R,6,X,0.011143731,0.988882484,0.9986848046556906,0.8814123441153001,0.00022094747890072375
2,1,2,RF-R,6,W1,0.125609711,0.874685774,0.7866040088949311,0.8801801558765806,0.0006096469987864839
2,1,2,RF-R,6,W2,0.189879913,0.810566762,0.6467379389096501,0.8772186236493866,0.000593119670067177
2,1,2,XGBoost-R,6,X,0.002287124,0.995959815,1.0660461039947922,0.9288009565747254,-0.00019735337076765003
2,1,2,XGBoost-R,6,W1,0.1137971,0.861011283,0.8353947340584013,0.9331740073684701,-0.0019703890278166547
2,1,2,XGBoost-R,6,W2,0.179032348,0.790890205,0.677993458750259,0.9115543310403236,-0.0005412686366857433
2,1,2,MLP-R,6,X,0.001315665,0.99868743,1.0678094714718367,0.9285404981747762,-6.434925947651493e-09
2,1,2,MLP-R,6,W1,0.109467842,0.890789672,0.8290035629685428,0.937123736359802,0.0006452230947583626
2,1,2,MLP-R,6,W2,0.174434661,0.825975681,0.6726396893656034,0.9260533261884796,0.0005247043167232346
2,1,2,MLR,7,X,0.001369409,0.998585352,1.0244697695711134,0.9619852884813568,1.6511808119235028e-06
2,1,2,MLR,7,W1,0.108287303,0.888135443,0.8029405662315131,0.9898532085461254,0.0
2,1,2,MLR,7,W2,0.183668071,0.810264485,0.6675699757106212,0.9618289350033956,0.0
2,1,2,SVR,7,X,0.002182339,0.997745568,1.018299766572746,0.9560604868330502,0.0007156125616389674
2,1,2,SVR,7,W1,0.108229967,0.888194673,0.8050209886287115,0.9826136537547525,7.201319031687747e-05
2,1,2,SVR,7,W2,0.183768914,0.81016031,0.6635574942542032,0.9557149313176196,-0.0003182529693046998
2,1,2,RF-R,7,X,0.01621416,0.983250207,0.9601224391040413,0.8905118133806642,-0.0006369188337056686
2,1,2,RF-R,7,W1,0.129071051,0.866665107,0.7421673795237399,0.9227646679022683,-0.00039552342000492846
2,1,2,RF-R,7,W2,0.20997351,0.783090049,0.6140894330278501,0.8800778928982446,-0.0007904079305087297
2,1,2,XGBoost-R,7,X,0.00317855,0.994645165,1.0169152749559365,0.9583287341260938,-0.0002954849688647676
2,1,2,XGBoost-R,7,W1,0.113619855,0.859310209,0.7862987618420755,0.9893038043909511,5.3495304760986516e-05
2,1,2,XGBoost-R,7,W2,0.189224838,0.7619375,0.6521858456588934,0.9407513512747162,0.002871339315082233
2,1,2,MLP-R,7,X,0.001366471,0.998588388,1.0240355157127365,0.9614001030159708,2.6844202789089165e-06
2,1,2,MLP-R,7,W1,0.108227745,0.888196969,0.8023656817302124,0.9901093042923768,9.449104798688878e-05
2,1,2,MLP-R,7,W2,0.183779661,0.810149208,0.6649841384204381,0.95580367273863,-0.0002922447684200136
2,1,2,MLR,8,X,0.001165601,0.998834288,1.05085107768337,0.9663446683120929,0.0
2,1,2,MLR,8,W1,0.107012205,0.892977663,0.8103753109046401,0.9775099581823159,6.498859590725603e-05
2,1,2,MLR,8,W2,0.178153901,0.82182923,0.669085058891844,0.9563601557493671,-7.55338532879124e-05
2,1,2,SVR,8,X,0.001165725,0.998834165,1.0507043110611547,0.9664099419578974,-3.1469031498421173e-07
2,1,2,SVR,8,W1,0.106906418,0.89308346,0.8163687167879925,0.9815003269360372,5.895729797161797e-05
2,1,2,SVR,8,W2,0.17770295,0.822280224,0.6786465774611241,0.9423365277666088,-6.536033400551533e-05
2,1,2,RF-R,8,X,0.018514487,0.98148376,0.9484199327313583,0.8985042468461838,-0.0004412441756965868
2,1,2,RF-R,8,W1,0.130471401,0.869516245,0.7373296055483903,0.9033850930468184,-0.0015728070074334855
2,1,2,RF-R,8,W2,0.201691689,0.798289213,0.6115383579658978,0.9020541243863758,-0.002974103706180864
2,1,2,XGBoost-R,8,X,0.003033295,0.993906479,1.0360843513260802,0.9579297394186718,-0.00029242370454941603
2,1,2,XGBoost-R,8,W1,0.113901169,0.863607756,0.792101521261365,0.9642099863466091,0.001941726805778743
2,1,2,XGBoost-R,8,W2,0.184533639,0.765949325,0.6458200213319685,0.9540731769577286,-0.0010761501087047543
2,1,2,MLP-R,8,X,0.00116401,0.99883588,1.0513510042249774,0.9668005201651368,-3.727582520984818e-07
2,1,2,MLP-R,8,W1,0.106915602,0.893074274,0.814681402260393,0.9703780327545127,9.156527073905796e-06
2,1,2,MLP-R,8,W2,0.178169016,0.821814114,0.6692142087530935,0.9562370246393371,-7.608455787367907e-05
2,1,2,MLR,9,X,0.001210293,0.998810838,0.922531528509238,0.9253055848867833,0.0
2,1,2,MLR,9,W1,0.095685306,0.905985256,0.7272300092291575,0.9444886112851301,3.810569606021996e-05
2,1,2,MLR,9,W2,0.188385396,0.814903609,0.5714764531805058,0.982616663122343,0.0
2,1,2,SVR,9,X,0.001212599,0.998808572,0.9224641736843513,0.9253926184953277,-1.6224525324903816e-06
2,1,2,SVR,9,W1,0.095588293,0.906080576,0.7300835433819393,0.9491423775097919,4.44337609794232e-05
2,1,2,SVR,9,W2,0.188475324,0.814815251,0.5642047206017102,0.9928166703818084,7.926906301058967e-05
2,1,2,RF-R,9,X,0.021337439,0.97903509,0.8597966351867393,0.8577556402060423,-0.0018559886455785546
2,1,2,RF-R,9,W1,0.118529721,0.883539679,0.6864940743682608,0.8789182526955404,-0.0028042240854189047
2,1,2,RF-R,9,W2,0.214275875,0.78946515,0.5360461398031605,0.9070575080412692,0.000594208050795686
2,1,2,XGBoost-R,9,X,0.00303613,0.994753365,0.9234589489923227,0.9112313682786501,6.677366395458905e-05
2,1,2,XGBoost-R,9,W1,0.099730172,0.878621934,0.7204833704382648,0.9301413128195787,-0.000650935279417364
2,1,2,XGBoost-R,9,W2,0.195831851,0.762440618,0.5558765738679677,0.970442164233409,-0.007557995750400959
2,1,2,MLP-R,9,X,0.001209586,0.998811532,0.9229141268974846,0.9250500569035995,7.086762692232184e-08
2,1,2,MLP-R,9,W1,0.095712402,0.905958633,0.7272210658331536,0.9444904615129825,3.806364976158827e-05
2,1,2,MLP-R,9,W2,0.188242507,0.815044003,0.5725049850466691,0.9814401094295896,0.0001215374796679769
2,1,2,MLR,10,X,0.001217293,0.998753792,1.019708567020634,1.0182373059687602,0.0
2,1,2,MLR,10,W1,0.092177495,0.905632992,0.8361171641405682,1.0352493661846494,1.5953634764520607e-05
2,1,2,MLR,10,W2,0.176541955,0.819264604,0.6596513155632526,1.0313214692275714,-7.251132352426027e-06
2,1,2,SVR,10,X,0.001223213,0.998747732,1.0173513992716665,1.019477934853707,1.0125351032064245e-06
2,1,2,SVR,10,W1,0.092299961,0.905507617,0.8102769614560674,1.0288478106287882,2.612330010879349e-05
2,1,2,SVR,10,W2,0.176288571,0.819524008,0.6693744967639692,1.0405096574940798,5.441853427385901e-05
2,1,2,RF-R,10,X,0.018536324,0.981023379,0.9342410928243607,0.9398918498670861,0.0010516755550605606
2,1,2,RF-R,10,W1,0.114821554,0.882451064,0.7626086989924465,0.9508166396107937,0.0006045407171122119
2,1,2,RF-R,10,W2,0.205314609,0.789808508,0.6019931218883804,0.9337336415662906,0.00334103964401129
2,1,2,XGBoost-R,10,X,0.003931469,0.993790337,1.0085083037050249,1.0113501406094283,-8.799092087250494e-05
2,1,2,XGBoost-R,10,W1,0.101537721,0.873753507,0.8244215570811075,1.0325554418405696,-0.000926938433357083
2,1,2,XGBoost-R,10,W2,0.184252993,0.763904953,0.6631020392418738,1.0003570012241414,0.0036273284180131206
2,1,2,MLP-R,10,X,0.001217707,0.998753369,1.0196659901060647,1.0182330407809133,3.723916605080646e-07
2,1,2,MLP-R,10,W1,0.092212213,0.90559745,0.8332001442027955,1.0408525165565599,1.869497027731093e-05
2,1,2,MLP-R,10,W2,0.176539909,0.8192667,0.6597557869619861,1.0313666236322807,-5.4421038872876085e-06
