Num_units,Intercept,Influence_level,Model,Replication,Measurement,Loss,Accuracy,F1_score,Imp_F,Imp_Z1,Imp_Z2
0,0,0,LogReg,1,X,0.21,0.79,0.791044776,0.23750000000000004,0.10350000000000001,0.002000000000000013
0,0,0,LogReg,1,W1,0.2325,0.7675,0.766917293,0.22149999999999997,0.10749999999999997,0.0022499999999999855
0,0,0,LogReg,1,W2,0.2575,0.7425,0.744416873,0.18225000000000002,0.10025000000000006,0.001000000000000023
0,0,0,SVC,1,X,0.21,0.7825,0.783042394,0.23674999999999996,0.09499999999999999,0.004249999999999965
0,0,0,SVC,1,W1,0.2325,0.765,0.763819095,0.21325000000000002,0.10500000000000002,0.003750000000000031
0,0,0,SVC,1,W2,0.25,0.745,0.742424242,0.19049999999999997,0.10125000000000002,0.009999999999999986
0,0,0,RF-C,1,X,0.23,0.77,0.776699029,0.23475000000000001,0.0805,0.0025000000000000356
0,0,0,RF-C,1,W1,0.2325,0.7675,0.765743073,0.22974999999999995,0.08749999999999994,0.013499999999999967
0,0,0,RF-C,1,W2,0.2625,0.7375,0.736842105,0.17775000000000007,0.09600000000000006,0.011250000000000038
0,0,0,XGBoost-C,1,X,0.225,0.7375,0.739454094,0.19500000000000003,0.06150000000000002,0.021250000000000047
0,0,0,XGBoost-C,1,W1,0.235,0.725,0.717948718,0.17674999999999996,0.08449999999999999,0.003999999999999971
0,0,0,XGBoost-C,1,W2,0.2625,0.6775,0.681481481,0.142,0.07149999999999998,-0.0035000000000000144
0,0,0,MLP-C,1,X,0.21,0.79,0.791044776,0.2385,0.10325000000000004,0.0040000000000000365
0,0,0,MLP-C,1,W1,0.23,0.77,0.767676768,0.22350000000000003,0.10800000000000001,0.004750000000000009
0,0,0,MLP-C,1,W2,0.25,0.75,0.754901961,0.19575,0.10450000000000001,0.000749999999999984
0,0,0,LogReg,2,X,0.1825,0.8175,0.818858561,0.253,0.086,0.00125000000000004
0,0,0,LogReg,2,W1,0.1975,0.8025,0.806845966,0.22774999999999998,0.10400000000000001,0.002749999999999986
0,0,0,LogReg,2,W2,0.265,0.735,0.728205128,0.16775,0.08524999999999998,0.0049999999999999715
0,0,0,SVC,2,X,0.1825,0.805,0.808823529,0.24075000000000002,0.07525000000000004,-0.007249999999999956
0,0,0,SVC,2,W1,0.1975,0.7925,0.8,0.21274999999999994,0.09949999999999999,-0.003000000000000036
0,0,0,SVC,2,W2,0.2425,0.745,0.742424242,0.17274999999999996,0.10875000000000001,0.011499999999999988
0,0,0,RF-C,2,X,0.1875,0.8125,0.816625917,0.25475000000000003,0.09249999999999999,0.000749999999999984
0,0,0,RF-C,2,W1,0.205,0.795,0.799019608,0.23900000000000005,0.09525000000000003,-0.004249999999999987
0,0,0,RF-C,2,W2,0.2575,0.7425,0.739240506,0.17725000000000007,0.09625000000000006,0.006250000000000033
0,0,0,XGBoost-C,2,X,0.1775,0.7675,0.77037037,0.21249999999999997,0.07199999999999995,-0.016750000000000043
0,0,0,XGBoost-C,2,W1,0.185,0.7525,0.761445783,0.18974999999999997,0.09524999999999995,0.0004999999999999672
0,0,0,XGBoost-C,2,W2,0.2475,0.69,0.691542289,0.12024999999999993,0.06824999999999994,-0.010750000000000037
0,0,0,MLP-C,2,X,0.1775,0.8225,0.82382134,0.254,0.09775000000000002,0.010249999999999992
0,0,0,MLP-C,2,W1,0.1975,0.8025,0.807785888,0.2285,0.10425,-0.00025000000000000575
0,0,0,MLP-C,2,W2,0.2475,0.7525,0.754342432,0.18149999999999997,0.11024999999999996,0.014499999999999924
0,0,0,LogReg,3,X,0.18,0.82,0.818181818,0.27074999999999994,0.08799999999999995,0.001499999999999968
0,0,0,LogReg,3,W1,0.225,0.775,0.770408163,0.21725,0.07900000000000001,0.005250000000000044
0,0,0,LogReg,3,W2,0.245,0.755,0.751269036,0.193,0.08975,0.006999999999999995
0,0,0,SVC,3,X,0.1725,0.8275,0.825316456,0.2795,0.09674999999999999,0.0015000000000000234
0,0,0,SVC,3,W1,0.23,0.755,0.743455497,0.197,0.06375000000000001,-0.00874999999999999
0,0,0,SVC,3,W2,0.2475,0.745,0.735751295,0.18925,0.08149999999999999,-0.008000000000000007
0,0,0,RF-C,3,X,0.1775,0.8225,0.818414322,0.28924999999999995,0.07575000000000001,-0.00024999999999997247
0,0,0,RF-C,3,W1,0.2325,0.7675,0.759689922,0.209,0.08324999999999996,0.006749999999999978
0,0,0,RF-C,3,W2,0.2625,0.7375,0.725848564,0.19275000000000003,0.07650000000000004,-0.005499999999999982
0,0,0,XGBoost-C,3,X,0.175,0.77,0.761658031,0.2375,0.05200000000000001,-0.0022499999999999855
0,0,0,XGBoost-C,3,W1,0.225,0.7525,0.745501285,0.20099999999999993,0.08899999999999994,0.010999999999999954
0,0,0,XGBoost-C,3,W2,0.2525,0.665,0.654639175,0.12375000000000003,0.051000000000000045,-0.037999999999999964
0,0,0,MLP-C,3,X,0.175,0.825,0.819587629,0.27549999999999997,0.09524999999999996,0.0014999999999999792
0,0,0,MLP-C,3,W1,0.2225,0.7775,0.774683544,0.21749999999999997,0.08224999999999996,0.0067499999999999895
0,0,0,MLP-C,3,W2,0.2475,0.7525,0.749367089,0.19149999999999995,0.08849999999999994,0.002999999999999936
0,0,0,LogReg,4,X,0.1825,0.8175,0.817955112,0.27525,0.08024999999999999,0.0005000000000000449
0,0,0,LogReg,4,W1,0.2075,0.7925,0.793017456,0.25175000000000003,0.07325,-0.0032500000000000085
0,0,0,LogReg,4,W2,0.285,0.715,0.720588235,0.16774999999999998,0.042749999999999955,-0.003000000000000047
0,0,0,SVC,4,X,0.17,0.8225,0.820253165,0.277,0.07825000000000001,0.007250000000000012
0,0,0,SVC,4,W1,0.195,0.795,0.792929293,0.24825000000000003,0.07475000000000004,-0.0012499999999999734
0,0,0,SVC,4,W2,0.28,0.7075,0.712530713,0.1595,0.031000000000000017,-0.005749999999999989
0,0,0,RF-C,4,X,0.1625,0.8375,0.832041344,0.30250000000000005,0.09150000000000003,0.018250000000000034
0,0,0,RF-C,4,W1,0.2075,0.7925,0.788804071,0.24949999999999997,0.08149999999999999,0.02124999999999999
0,0,0,RF-C,4,W2,0.2725,0.7275,0.719794344,0.181,0.05850000000000003,0.0055000000000000274
0,0,0,XGBoost-C,4,X,0.18,0.7775,0.778054863,0.2425,0.06299999999999997,0.0027499999999999634
0,0,0,XGBoost-C,4,W1,0.2075,0.7525,0.745501285,0.20274999999999999,0.06699999999999995,0.012999999999999933
0,0,0,XGBoost-C,4,W2,0.275,0.685,0.683417085,0.14400000000000007,0.05625000000000006,0.013500000000000068
0,0,0,MLP-C,4,X,0.1825,0.8175,0.817955112,0.27549999999999997,0.08,0.0005000000000000337
0,0,0,MLP-C,4,W1,0.185,0.815,0.801075269,0.26474999999999993,0.09324999999999994,0.03899999999999994
0,0,0,MLP-C,4,W2,0.2775,0.7225,0.728606357,0.17175,0.056500000000000015,0.011250000000000038
0,0,0,LogReg,5,X,0.24,0.76,0.765853659,0.21300000000000008,0.040749999999999995,3.3306690738754695e-17
0,0,0,LogReg,5,W1,0.2625,0.7375,0.749403341,0.18250000000000005,0.048250000000000036,0.00025000000000001686
0,0,0,LogReg,5,W2,0.2675,0.7325,0.743405276,0.1605,0.05650000000000005,-0.002499999999999958
0,0,0,SVC,5,X,0.245,0.75,0.754901961,0.20049999999999998,0.03925000000000002,-0.007499999999999984
0,0,0,SVC,5,W1,0.255,0.73,0.746478873,0.17825,0.04649999999999997,-0.014250000000000018
0,0,0,SVC,5,W2,0.26,0.7275,0.742316785,0.16025000000000006,0.05925000000000004,-0.013749999999999984
0,0,0,RF-C,5,X,0.2225,0.7775,0.77581864,0.23825,0.04399999999999996,0.003749999999999987
0,0,0,RF-C,5,W1,0.23,0.77,0.774509804,0.22349999999999998,0.07225000000000004,0.011250000000000048
0,0,0,RF-C,5,W2,0.2525,0.7475,0.756626506,0.18025000000000005,0.06700000000000005,0.012250000000000039
0,0,0,XGBoost-C,5,X,0.225,0.735,0.741463415,0.19224999999999998,0.04249999999999998,-0.009000000000000008
0,0,0,XGBoost-C,5,W1,0.2425,0.7275,0.739856802,0.17950000000000005,0.058250000000000045,0.007000000000000039
0,0,0,XGBoost-C,5,W2,0.245,0.715,0.731132075,0.15274999999999997,0.08574999999999998,0.015749999999999976
0,0,0,MLP-C,5,X,0.2325,0.7675,0.766917293,0.22349999999999995,0.04399999999999995,0.0012499999999999734
0,0,0,MLP-C,5,W1,0.2575,0.7425,0.756501182,0.18975000000000003,0.05175000000000002,0.005500000000000038
0,0,0,MLP-C,5,W2,0.2525,0.7475,0.764568765,0.18000000000000008,0.07450000000000005,-0.0004999999999999672
0,0,0,LogReg,6,X,0.205,0.795,0.801932367,0.24325000000000002,0.08275000000000006,-0.0009999999999999788
0,0,0,LogReg,6,W1,0.205,0.795,0.798029557,0.23225,0.09900000000000005,0.0015000000000000458
0,0,0,LogReg,6,W2,0.2725,0.7275,0.730864198,0.17200000000000001,0.07550000000000003,-0.003499999999999981
0,0,0,SVC,6,X,0.18,0.81,0.815533981,0.26275000000000004,0.09825000000000006,0.01000000000000002
0,0,0,SVC,6,W1,0.2025,0.7875,0.786967419,0.22799999999999998,0.09324999999999999,-0.0002500000000000391
0,0,0,SVC,6,W2,0.265,0.73,0.73,0.18,0.07924999999999999,0.0047499999999999765
0,0,0,RF-C,6,X,0.1825,0.8175,0.824096386,0.264,0.10425,0.020999999999999998
0,0,0,RF-C,6,W1,0.195,0.805,0.798969072,0.24975000000000006,0.10150000000000006,0.019750000000000056
0,0,0,RF-C,6,W2,0.265,0.735,0.740196078,0.18225000000000002,0.0865,0.012249999999999983
0,0,0,XGBoost-C,6,X,0.1775,0.7825,0.785185185,0.22399999999999992,0.09174999999999997,0.011499999999999977
0,0,0,XGBoost-C,6,W1,0.1825,0.805,0.805,0.23350000000000004,0.12300000000000004,0.04100000000000006
0,0,0,XGBoost-C,6,W2,0.2575,0.69,0.688442211,0.12874999999999998,0.06324999999999995,0.01524999999999993
0,0,0,MLP-C,6,X,0.1875,0.8125,0.818401937,0.265,0.09724999999999999,0.013749999999999974
0,0,0,MLP-C,6,W1,0.2025,0.7975,0.8,0.23399999999999999,0.10175000000000001,0.003499999999999981
0,0,0,MLP-C,6,W2,0.2725,0.7275,0.730864198,0.17125000000000004,0.07675000000000001,-0.0037499999999999756
0,0,0,LogReg,7,X,0.19,0.81,0.812807882,0.28400000000000014,0.06725000000000005,-0.0027499999999999526
0,0,0,LogReg,7,W1,0.2325,0.7675,0.774818402,0.23099999999999996,0.06099999999999996,0.0022499999999999742
0,0,0,LogReg,7,W2,0.2425,0.7575,0.770685579,0.21649999999999997,0.052499999999999956,0.002249999999999963
0,0,0,SVC,7,X,0.19,0.8075,0.805063291,0.28074999999999994,0.06549999999999999,-0.000250000000000028
0,0,0,SVC,7,W1,0.2375,0.7575,0.762836186,0.21299999999999994,0.05924999999999995,0.00024999999999997247
0,0,0,SVC,7,W2,0.23,0.77,0.781990521,0.2245,0.07100000000000004,0.013500000000000045
0,0,0,RF-C,7,X,0.18,0.82,0.819095477,0.29999999999999993,0.08249999999999996,0.020749999999999935
0,0,0,RF-C,7,W1,0.21,0.79,0.797101449,0.24375000000000005,0.09375000000000003,0.03800000000000005
0,0,0,RF-C,7,W2,0.2225,0.7775,0.783454988,0.25375,0.05674999999999995,0.0014999999999999569
0,0,0,XGBoost-C,7,X,0.1725,0.785,0.787128713,0.25875000000000004,0.06325000000000003,0.018750000000000034
0,0,0,XGBoost-C,7,W1,0.22,0.735,0.737623762,0.20350000000000001,0.058999999999999976,-0.004500000000000015
0,0,0,XGBoost-C,7,W2,0.2325,0.7,0.724770642,0.16049999999999995,0.04449999999999995,0.0037499999999999643
0,0,0,MLP-C,7,X,0.185,0.815,0.82038835,0.2919999999999999,0.07349999999999993,0.0007499999999999619
0,0,0,MLP-C,7,W1,0.2325,0.7675,0.776978417,0.23099999999999996,0.058499999999999955,0.005999999999999972
0,0,0,MLP-C,7,W2,0.235,0.765,0.774038462,0.22350000000000003,0.061500000000000034,0.0005000000000000115
0,0,0,LogReg,8,X,0.2025,0.7975,0.798004988,0.26349999999999996,0.042,-0.003000000000000047
0,0,0,LogReg,8,W1,0.2375,0.7625,0.75826972,0.21549999999999994,0.05874999999999995,0.0
0,0,0,LogReg,8,W2,0.265,0.735,0.735,0.18775,0.04199999999999998,0.0012499999999999844
0,0,0,SVC,8,X,0.2025,0.8,0.797979798,0.2612500000000001,0.039500000000000056,-0.005999999999999972
0,0,0,SVC,8,W1,0.24,0.745,0.737113402,0.1975,0.03700000000000001,-0.006000000000000005
0,0,0,SVC,8,W2,0.2625,0.735,0.728205128,0.19024999999999997,0.0395,-0.006500000000000039
0,0,0,RF-C,8,X,0.1875,0.8125,0.813895782,0.28550000000000003,0.044000000000000004,0.005249999999999977
0,0,0,RF-C,8,W1,0.25,0.75,0.736842105,0.205,0.044000000000000004,0.003500000000000003
0,0,0,RF-C,8,W2,0.255,0.745,0.742424242,0.20175,0.05824999999999999,0.01799999999999998
0,0,0,XGBoost-C,8,X,0.19,0.775,0.776119403,0.23825,0.03575000000000002,0.002750000000000008
0,0,0,XGBoost-C,8,W1,0.2425,0.745,0.743718593,0.2,0.05525000000000001,0.005499999999999994
0,0,0,XGBoost-C,8,W2,0.2475,0.7225,0.716112532,0.17350000000000007,0.05850000000000005,0.008000000000000018
0,0,0,MLP-C,8,X,0.1975,0.8025,0.802992519,0.26975,0.04425000000000001,-0.0025000000000000135
0,0,0,MLP-C,8,W1,0.2375,0.7625,0.75826972,0.21524999999999994,0.05874999999999995,0.0
0,0,0,MLP-C,8,W2,0.2575,0.7425,0.744416873,0.197,0.04950000000000006,0.002000000000000046
0,0,0,LogReg,9,X,0.225,0.775,0.772727273,0.21150000000000002,0.07500000000000002,0.0007500000000000174
0,0,0,LogReg,9,W1,0.2475,0.7525,0.745501285,0.19174999999999995,0.08524999999999996,0.005499999999999949
0,0,0,LogReg,9,W2,0.3,0.7,0.698492462,0.13174999999999995,0.08924999999999994,0.005999999999999983
0,0,0,SVC,9,X,0.2325,0.7625,0.755784062,0.20049999999999996,0.06674999999999995,-0.005000000000000016
0,0,0,SVC,9,W1,0.25,0.74,0.726315789,0.17200000000000001,0.07625,-0.00275000000000003
0,0,0,SVC,9,W2,0.3025,0.69,0.691542289,0.12549999999999994,0.07149999999999994,0.003999999999999937
0,0,0,RF-C,9,X,0.2175,0.7825,0.779746835,0.22725,0.09924999999999995,0.017749999999999978
0,0,0,RF-C,9,W1,0.2275,0.7725,0.763636364,0.21099999999999994,0.11024999999999999,0.04624999999999997
0,0,0,RF-C,9,W2,0.2925,0.7075,0.706766917,0.14350000000000002,0.09200000000000001,0.031500000000000014
0,0,0,XGBoost-C,9,X,0.22,0.735,0.737623762,0.18424999999999997,0.07574999999999998,-0.004750000000000009
0,0,0,XGBoost-C,9,W1,0.245,0.72,0.722772277,0.16749999999999995,0.095,0.011499999999999988
0,0,0,XGBoost-C,9,W2,0.2925,0.66,0.661691542,0.10175000000000001,0.056750000000000037,0.011000000000000043
0,0,0,MLP-C,9,X,0.2225,0.7775,0.774683544,0.21549999999999997,0.07824999999999997,0.005249999999999977
0,0,0,MLP-C,9,W1,0.24,0.76,0.747368421,0.19449999999999998,0.09725,0.01499999999999999
0,0,0,MLP-C,9,W2,0.3,0.7,0.698492462,0.13099999999999995,0.08949999999999995,0.006749999999999978
0,0,0,LogReg,10,X,0.205,0.795,0.805687204,0.24150000000000005,0.09850000000000005,0.0042500000000000315
0,0,0,LogReg,10,W1,0.2225,0.7775,0.788598575,0.20999999999999996,0.08799999999999997,0.011249999999999982
0,0,0,LogReg,10,W2,0.275,0.725,0.736842105,0.15525,0.10149999999999997,0.004749999999999988
0,0,0,SVC,10,X,0.2025,0.7725,0.78177458,0.21874999999999994,0.07999999999999997,-0.017500000000000036
0,0,0,SVC,10,W1,0.215,0.7725,0.780722892,0.21399999999999997,0.08399999999999995,0.007999999999999985
0,0,0,SVC,10,W2,0.2775,0.7025,0.714628297,0.133,0.0795,-0.011249999999999972
0,0,0,RF-C,10,X,0.2125,0.7875,0.79616307,0.23224999999999993,0.10199999999999995,0.004249999999999976
0,0,0,RF-C,10,W1,0.225,0.775,0.782608696,0.2145,0.09475000000000003,0.01750000000000005
0,0,0,RF-C,10,W2,0.285,0.715,0.731132075,0.14825,0.09199999999999996,-0.0007500000000000284
0,0,0,XGBoost-C,10,X,0.2025,0.7625,0.767726161,0.20924999999999994,0.08974999999999997,-0.010000000000000031
0,0,0,XGBoost-C,10,W1,0.2325,0.7325,0.739659367,0.16750000000000004,0.06850000000000003,-0.010249999999999948
0,0,0,XGBoost-C,10,W2,0.28,0.6275,0.637469586,0.06599999999999995,0.02724999999999993,-0.022000000000000065
0,0,0,MLP-C,10,X,0.2025,0.7975,0.80760095,0.24124999999999996,0.10124999999999998,0.00499999999999996
0,0,0,MLP-C,10,W1,0.2225,0.7775,0.788598575,0.20974999999999996,0.08749999999999997,0.011749999999999983
0,0,0,MLP-C,10,W2,0.2775,0.7225,0.73253012,0.15125000000000005,0.10075,0.007000000000000039
0,0,1,LogReg,1,X,0.2225,0.7775,0.783454988,0.05224999999999996,0.22399999999999992,0.003999999999999971
0,0,1,LogReg,1,W1,0.2275,0.7725,0.778588808,0.04099999999999997,0.23349999999999996,-3.3306690738754695e-17
0,0,1,LogReg,1,W2,0.2225,0.7775,0.784503632,0.037749999999999964,0.24224999999999994,0.0027499999999999634
0,0,1,SVC,1,X,0.215,0.78,0.784313725,0.04950000000000003,0.23000000000000004,0.0005000000000000337
0,0,1,SVC,1,W1,0.2125,0.775,0.779411765,0.04375000000000001,0.23175000000000004,0.003250000000000042
0,0,1,SVC,1,W2,0.225,0.7625,0.768856448,0.020999999999999963,0.22824999999999993,-0.011000000000000032
0,0,1,RF-C,1,X,0.2075,0.7925,0.795061728,0.07224999999999998,0.246,0.010999999999999977
0,0,1,RF-C,1,W1,0.2225,0.7775,0.782396088,0.044999999999999964,0.23574999999999996,0.014999999999999968
0,0,1,RF-C,1,W2,0.2275,0.7725,0.78177458,0.02674999999999996,0.24874999999999997,0.00924999999999998
0,0,1,XGBoost-C,1,X,0.215,0.7675,0.772616137,0.06474999999999997,0.22349999999999998,-2.2204460492503132e-17
0,0,1,XGBoost-C,1,W1,0.215,0.765,0.763819095,0.048750000000000016,0.2185,0.03750000000000002
0,0,1,XGBoost-C,1,W2,0.23,0.715,0.720588235,0.0029999999999999693,0.18599999999999997,-0.007250000000000034
0,0,1,MLP-C,1,X,0.215,0.785,0.792270531,0.05850000000000003,0.22775000000000004,0.0035000000000000144
0,0,1,MLP-C,1,W1,0.2125,0.7875,0.792176039,0.06849999999999998,0.24274999999999997,0.040749999999999974
0,0,1,MLP-C,1,W2,0.22,0.78,0.782178218,0.04525000000000001,0.24825000000000008,0.0012500000000000289
0,0,1,LogReg,2,X,0.1675,0.8325,0.827763496,0.058750000000000024,0.30600000000000005,-0.0029999999999999693
0,0,1,LogReg,2,W1,0.17,0.83,0.823834197,0.04774999999999996,0.3232499999999999,-0.0017500000000000404
0,0,1,LogReg,2,W2,0.1675,0.8325,0.825065274,0.05425000000000002,0.32275,0.0
0,0,1,SVC,2,X,0.16,0.8325,0.827763496,0.058750000000000004,0.31074999999999997,-0.003999999999999981
0,0,1,SVC,2,W1,0.17,0.815,0.807291667,0.03749999999999994,0.30649999999999994,-0.013500000000000045
0,0,1,SVC,2,W2,0.165,0.82,0.8125,0.04374999999999997,0.3095,-0.009500000000000041
0,0,1,RF-C,2,X,0.165,0.835,0.834170854,0.06449999999999996,0.30974999999999997,0.013499999999999956
0,0,1,RF-C,2,W1,0.1825,0.8175,0.816120907,0.03200000000000001,0.30799999999999994,-0.0009999999999999788
0,0,1,RF-C,2,W2,0.17,0.83,0.823834197,0.058749999999999955,0.3212499999999999,0.023749999999999948
0,0,1,XGBoost-C,2,X,0.16,0.785,0.787128713,0.04025000000000004,0.2605,-0.008999999999999998
0,0,1,XGBoost-C,2,W1,0.1825,0.7625,0.765432099,0.007749999999999968,0.24549999999999997,-0.00750000000000004
0,0,1,XGBoost-C,2,W2,0.1875,0.78,0.774358974,0.031000000000000017,0.26375000000000004,0.00850000000000004
0,0,1,MLP-C,2,X,0.1575,0.8425,0.834645669,0.06775000000000003,0.31675000000000003,0.0025000000000000243
0,0,1,MLP-C,2,W1,0.1625,0.8375,0.832041344,0.05225000000000002,0.32625000000000004,0.007750000000000046
0,0,1,MLP-C,2,W2,0.1625,0.8375,0.831168831,0.05850000000000002,0.32925000000000004,0.0032500000000000306
0,0,1,LogReg,3,X,0.2,0.8,0.792746114,0.08550000000000005,0.27975000000000005,0.016000000000000025
0,0,1,LogReg,3,W1,0.2075,0.7925,0.787723785,0.07024999999999998,0.2685,0.003249999999999975
0,0,1,LogReg,3,W2,0.205,0.795,0.786458333,0.06350000000000003,0.28775000000000006,0.005250000000000044
0,0,1,SVC,3,X,0.2025,0.7975,0.795969773,0.07949999999999997,0.27599999999999997,0.00874999999999998
0,0,1,SVC,3,W1,0.195,0.805,0.805,0.08425000000000005,0.2850000000000001,0.012750000000000029
0,0,1,SVC,3,W2,0.21,0.775,0.768041237,0.038250000000000006,0.27,0.0042500000000000315
0,0,1,RF-C,3,X,0.1975,0.8025,0.804938272,0.06874999999999998,0.28075,0.012749999999999994
0,0,1,RF-C,3,W1,0.19,0.81,0.811881188,0.07050000000000005,0.29575000000000007,0.005500000000000049
0,0,1,RF-C,3,W2,0.21,0.79,0.788944724,0.043000000000000024,0.28725,0.010250000000000047
0,0,1,XGBoost-C,3,X,0.1925,0.765,0.757731959,0.05550000000000001,0.23325000000000004,0.007000000000000029
0,0,1,XGBoost-C,3,W1,0.1775,0.7425,0.737913486,0.038000000000000034,0.2295000000000001,-0.0004999999999999449
0,0,1,XGBoost-C,3,W2,0.21,0.74,0.729166667,0.03974999999999999,0.22925,0.008999999999999975
0,0,1,MLP-C,3,X,0.195,0.805,0.805,0.07900000000000004,0.2835000000000001,0.019500000000000052
0,0,1,MLP-C,3,W1,0.1925,0.8075,0.808933002,0.08349999999999999,0.28625,0.01825000000000001
0,0,1,MLP-C,3,W2,0.205,0.795,0.790816327,0.06100000000000002,0.28775000000000006,0.010000000000000042
0,0,1,LogReg,4,X,0.165,0.835,0.834170854,0.08599999999999997,0.30024999999999996,-0.00025000000000000575
0,0,1,LogReg,4,W1,0.2,0.8,0.8,0.04000000000000007,0.2765000000000001,-0.0004999999999999894
0,0,1,LogReg,4,W2,0.195,0.805,0.798969072,0.04050000000000005,0.27575000000000005,-0.0009999999999999675
0,0,1,SVC,4,X,0.16,0.8275,0.827067669,0.07725000000000001,0.2899999999999999,0.0007500000000000284
0,0,1,SVC,4,W1,0.1925,0.805,0.804020101,0.046500000000000076,0.28125000000000006,0.00750000000000004
0,0,1,SVC,4,W2,0.19,0.8125,0.808184143,0.04750000000000001,0.28225,0.007749999999999968
0,0,1,RF-C,4,X,0.17,0.83,0.830845771,0.09249999999999994,0.2855,0.00824999999999997
0,0,1,RF-C,4,W1,0.19,0.81,0.81372549,0.039000000000000055,0.28900000000000003,0.012250000000000049
0,0,1,RF-C,4,W2,0.195,0.805,0.8,0.03675000000000006,0.2767500000000001,0.0025000000000000356
0,0,1,XGBoost-C,4,X,0.1675,0.785,0.779487179,0.06150000000000002,0.23775000000000007,-0.001499999999999968
0,0,1,XGBoost-C,4,W1,0.1925,0.7525,0.749367089,0.025499999999999946,0.23774999999999996,-0.015000000000000036
0,0,1,XGBoost-C,4,W2,0.19,0.76,0.766990291,0.05150000000000001,0.22975000000000004,-0.006499999999999983
0,0,1,MLP-C,4,X,0.1625,0.8375,0.83627204,0.08825000000000002,0.30575,0.0035000000000000252
0,0,1,MLP-C,4,W1,0.1925,0.8075,0.808933002,0.05025000000000002,0.28400000000000003,0.0012499999999999734
0,0,1,MLP-C,4,W2,0.1825,0.8175,0.814249364,0.053750000000000006,0.28725,0.005999999999999994
0,0,1,LogReg,5,X,0.2,0.8,0.793814433,0.06275000000000006,0.24925000000000005,-0.00249999999999998
0,0,1,LogReg,5,W1,0.2025,0.7975,0.792838875,0.05649999999999998,0.25675,-0.000250000000000028
0,0,1,LogReg,5,W2,0.2075,0.7925,0.786632391,0.042249999999999996,0.25925,0.0012499999999999734
0,0,1,SVC,5,X,0.2025,0.7975,0.791773779,0.07175,0.238,-0.0070000000000000175
0,0,1,SVC,5,W1,0.2125,0.78,0.773195876,0.04475000000000001,0.23874999999999996,-0.013749999999999995
0,0,1,SVC,5,W2,0.21,0.7875,0.781491003,0.041249999999999974,0.252,0.002749999999999986
0,0,1,RF-C,5,X,0.175,0.825,0.825,0.10099999999999994,0.2724999999999999,0.014499999999999947
0,0,1,RF-C,5,W1,0.2,0.8,0.794871795,0.056750000000000037,0.2612500000000001,0.000250000000000028
0,0,1,RF-C,5,W2,0.1925,0.8075,0.798955614,0.07524999999999998,0.2587499999999999,0.016749999999999998
0,0,1,XGBoost-C,5,X,0.18,0.79,0.794117647,0.09800000000000005,0.22325000000000003,0.007500000000000029
0,0,1,XGBoost-C,5,W1,0.1875,0.7525,0.761445783,0.053249999999999964,0.21249999999999997,-0.004250000000000054
0,0,1,XGBoost-C,5,W2,0.1825,0.7425,0.743142145,0.04825000000000005,0.20275000000000007,-0.005499999999999972
0,0,1,MLP-C,5,X,0.1875,0.8125,0.808184143,0.07599999999999998,0.25425,0.0002499999999999947
0,0,1,MLP-C,5,W1,0.2,0.8,0.795918367,0.06025000000000004,0.26175000000000004,0.000250000000000028
0,0,1,MLP-C,5,W2,0.2025,0.7975,0.78961039,0.049249999999999995,0.26525,0.006499999999999973
0,0,1,LogReg,6,X,0.215,0.785,0.77486911,0.06925000000000005,0.24975000000000006,0.004750000000000032
0,0,1,LogReg,6,W1,0.2025,0.7975,0.788511749,0.08249999999999999,0.25525000000000003,0.0009999999999999788
0,0,1,LogReg,6,W2,0.21,0.79,0.780104712,0.06725000000000003,0.26175000000000004,0.0025000000000000356
0,0,1,SVC,6,X,0.2025,0.7925,0.786632391,0.07775,0.2525,0.016249999999999987
0,0,1,SVC,6,W1,0.1975,0.8025,0.796915167,0.0895,0.265,0.017749999999999988
0,0,1,SVC,6,W2,0.215,0.78,0.772020725,0.05950000000000002,0.25250000000000006,0.005750000000000022
0,0,1,RF-C,6,X,0.2175,0.7825,0.774025974,0.07899999999999999,0.2505,0.018249999999999968
0,0,1,RF-C,6,W1,0.1975,0.8025,0.795865633,0.07274999999999998,0.277,0.02649999999999999
0,0,1,RF-C,6,W2,0.2225,0.7775,0.772378517,0.03999999999999996,0.26524999999999993,0.0012499999999999734
0,0,1,XGBoost-C,6,X,0.225,0.775,0.766839378,0.08800000000000002,0.24500000000000002,0.02450000000000001
0,0,1,XGBoost-C,6,W1,0.2,0.76,0.753846154,0.07075000000000001,0.22624999999999998,0.004000000000000015
0,0,1,XGBoost-C,6,W2,0.2175,0.7425,0.731070496,0.04850000000000004,0.22575000000000006,-0.00899999999999993
0,0,1,MLP-C,6,X,0.205,0.795,0.78974359,0.08175000000000003,0.2535,0.017750000000000044
0,0,1,MLP-C,6,W1,0.185,0.815,0.809278351,0.10549999999999997,0.27249999999999996,0.02574999999999993
0,0,1,MLP-C,6,W2,0.2075,0.7925,0.782152231,0.07174999999999997,0.26125,0.007499999999999984
0,0,1,LogReg,7,X,0.2,0.8,0.791666667,0.06925000000000006,0.24700000000000005,0.006750000000000034
0,0,1,LogReg,7,W1,0.22,0.78,0.775510204,0.05450000000000003,0.24200000000000005,0.006250000000000033
0,0,1,LogReg,7,W2,0.22,0.78,0.774358974,0.04850000000000002,0.25125000000000003,0.006000000000000038
0,0,1,SVC,7,X,0.1975,0.77,0.768844221,0.050500000000000024,0.21675000000000005,-0.012749999999999984
0,0,1,SVC,7,W1,0.2225,0.7675,0.764556962,0.049499999999999954,0.22874999999999995,-0.004000000000000015
0,0,1,SVC,7,W2,0.22,0.7775,0.774683544,0.051499999999999976,0.24874999999999997,0.0017499999999999738
0,0,1,RF-C,7,X,0.2225,0.7775,0.771208226,0.04724999999999996,0.23349999999999996,0.0019999999999999684
0,0,1,RF-C,7,W1,0.2225,0.7775,0.772378517,0.06849999999999998,0.23724999999999996,0.009249999999999991
0,0,1,RF-C,7,W2,0.235,0.765,0.762626263,0.03225,0.24375,0.0022500000000000185
0,0,1,XGBoost-C,7,X,0.215,0.7375,0.739454094,0.046250000000000055,0.18250000000000002,-0.022249999999999936
0,0,1,XGBoost-C,7,W1,0.225,0.7125,0.701298701,0.010500000000000042,0.18050000000000002,-0.0215
0,0,1,XGBoost-C,7,W2,0.2425,0.7025,0.701754386,0.016500000000000015,0.17275000000000001,-0.021000000000000008
0,0,1,MLP-C,7,X,0.2,0.8,0.791666667,0.06925000000000005,0.24700000000000005,0.006500000000000039
0,0,1,MLP-C,7,W1,0.21,0.79,0.785714286,0.07450000000000004,0.2592500000000001,0.02300000000000003
0,0,1,MLP-C,7,W2,0.22,0.78,0.776649746,0.046750000000000014,0.25100000000000006,0.006500000000000039
0,0,1,LogReg,8,X,0.215,0.785,0.770053476,0.07675000000000003,0.22900000000000004,0.005500000000000016
0,0,1,LogReg,8,W1,0.2275,0.7725,0.757333333,0.059749999999999956,0.22725,-0.0017500000000000293
0,0,1,LogReg,8,W2,0.23,0.77,0.754010695,0.059750000000000025,0.23725000000000004,0.005000000000000027
0,0,1,SVC,8,X,0.205,0.7825,0.766756032,0.07724999999999999,0.2205,-0.0035000000000000365
0,0,1,SVC,8,W1,0.225,0.77,0.752688172,0.06350000000000003,0.21925000000000003,-0.0004999999999999782
0,0,1,SVC,8,W2,0.225,0.7675,0.750670241,0.06074999999999997,0.22649999999999998,-0.0010000000000000343
0,0,1,RF-C,8,X,0.205,0.795,0.784210526,0.09025000000000002,0.246,0.00650000000000005
0,0,1,RF-C,8,W1,0.2125,0.7875,0.774535809,0.06699999999999999,0.24549999999999997,0.013249999999999984
0,0,1,RF-C,8,W2,0.2075,0.7925,0.785529716,0.07225,0.25875000000000004,0.014749999999999985
0,0,1,XGBoost-C,8,X,0.21,0.7625,0.741144414,0.05549999999999997,0.21724999999999994,0.008749999999999957
0,0,1,XGBoost-C,8,W1,0.215,0.7375,0.722955145,0.04975000000000005,0.19275000000000003,0.0017500000000000514
0,0,1,XGBoost-C,8,W2,0.205,0.73,0.712765957,0.0365,0.19974999999999998,-0.0022500000000000298
0,0,1,MLP-C,8,X,0.2,0.8,0.790575916,0.09525000000000006,0.24150000000000005,0.018750000000000055
0,0,1,MLP-C,8,W1,0.225,0.775,0.764397906,0.06125000000000001,0.22575000000000003,0.005250000000000044
0,0,1,MLP-C,8,W2,0.2225,0.7775,0.765171504,0.06949999999999995,0.24299999999999997,0.010749999999999982
0,0,1,LogReg,9,X,0.1875,0.8125,0.807197943,0.07524999999999998,0.248,0.0
0,0,1,LogReg,9,W1,0.175,0.825,0.821428571,0.07674999999999996,0.27049999999999996,0.013749999999999951
0,0,1,LogReg,9,W2,0.21,0.79,0.787878788,0.05400000000000003,0.24875000000000008,-0.0002499999999999836
0,0,1,SVC,9,X,0.175,0.8175,0.817042607,0.06625,0.262,0.0040000000000000036
0,0,1,SVC,9,W1,0.185,0.8025,0.802005013,0.04899999999999999,0.24500000000000002,-0.0012500000000000289
0,0,1,SVC,9,W2,0.195,0.805,0.803030303,0.06450000000000003,0.2595,0.016000000000000035
0,0,1,RF-C,9,X,0.18,0.82,0.816326531,0.07299999999999995,0.2674999999999999,0.013999999999999947
0,0,1,RF-C,9,W1,0.1775,0.8225,0.82115869,0.07275,0.26825,0.024249999999999994
0,0,1,RF-C,9,W2,0.1975,0.8025,0.798982188,0.05624999999999999,0.26949999999999996,0.02024999999999998
0,0,1,XGBoost-C,9,X,0.1775,0.7875,0.783715013,0.08474999999999999,0.22799999999999998,0.023249999999999982
0,0,1,XGBoost-C,9,W1,0.1875,0.7775,0.77581864,0.07024999999999998,0.23474999999999996,0.01974999999999998
0,0,1,XGBoost-C,9,W2,0.2025,0.7625,0.75826972,0.047749999999999945,0.22649999999999998,0.005499999999999961
0,0,1,MLP-C,9,X,0.1725,0.8275,0.825316456,0.08499999999999999,0.26775000000000004,0.01100000000000001
0,0,1,MLP-C,9,W1,0.175,0.825,0.821428571,0.07574999999999996,0.2665,0.01174999999999996
0,0,1,MLP-C,9,W2,0.195,0.805,0.805,0.06050000000000007,0.26975000000000005,0.010000000000000042
0,0,1,LogReg,10,X,0.1975,0.8025,0.798982188,0.08,0.25225,0.0037499999999999756
0,0,1,LogReg,10,W1,0.2025,0.7975,0.792838875,0.06874999999999999,0.2645,0.0004999999999999782
0,0,1,LogReg,10,W2,0.1975,0.8025,0.8,0.07024999999999998,0.267,-0.004750000000000043
0,0,1,SVC,10,X,0.195,0.7975,0.794936709,0.07749999999999999,0.24399999999999994,0.0044999999999999814
0,0,1,SVC,10,W1,0.2,0.7875,0.783715013,0.06449999999999999,0.25325,-0.003750000000000031
0,0,1,SVC,10,W2,0.1875,0.805,0.802030457,0.07650000000000004,0.26950000000000013,0.012000000000000044
0,0,1,RF-C,10,X,0.2025,0.7975,0.795969773,0.06874999999999998,0.25225,-0.004000000000000015
0,0,1,RF-C,10,W1,0.1975,0.8025,0.801007557,0.07075,0.27325000000000005,0.00824999999999999
0,0,1,RF-C,10,W2,0.2075,0.7925,0.785529716,0.07799999999999997,0.2575,0.020499999999999984
0,0,1,XGBoost-C,10,X,0.2075,0.7725,0.771929825,0.06749999999999998,0.23024999999999998,0.004749999999999999
0,0,1,XGBoost-C,10,W1,0.2125,0.7675,0.76092545,0.05399999999999997,0.22999999999999998,0.016749999999999952
0,0,1,XGBoost-C,10,W2,0.2,0.7425,0.731070496,0.029750000000000054,0.22025000000000006,0.000500000000000056
0,0,1,MLP-C,10,X,0.195,0.805,0.798969072,0.08525000000000003,0.25200000000000006,0.005750000000000044
0,0,1,MLP-C,10,W1,0.19,0.81,0.81,0.08275000000000005,0.2767500000000001,0.006000000000000017
0,0,1,MLP-C,10,W2,0.195,0.805,0.803030303,0.07425000000000004,0.26800000000000007,0.0035000000000000252
0,0,2,LogReg,1,X,0.18,0.82,0.826086957,0.172,0.17299999999999996,0.00024999999999997247
0,0,2,LogReg,1,W1,0.195,0.805,0.809756098,0.14950000000000005,0.18200000000000002,0.000250000000000028
0,0,2,LogReg,1,W2,0.2025,0.7975,0.81030445,0.1315,0.20525,-0.005500000000000016
0,0,2,SVC,1,X,0.18,0.815,0.816831683,0.16999999999999993,0.16624999999999995,-0.0017500000000000514
0,0,2,SVC,1,W1,0.1925,0.795,0.798029557,0.1395,0.17275000000000004,-0.006749999999999978
0,0,2,SVC,1,W2,0.2025,0.7925,0.799031477,0.12675,0.19299999999999998,-0.010000000000000031
0,0,2,RF-C,1,X,0.175,0.825,0.831730769,0.18249999999999997,0.18174999999999994,0.010499999999999954
0,0,2,RF-C,1,W1,0.1925,0.8075,0.814457831,0.15975,0.19375,0.01824999999999999
0,0,2,RF-C,1,W2,0.1975,0.8025,0.805896806,0.14024999999999999,0.20099999999999998,0.009249999999999958
0,0,2,XGBoost-C,1,X,0.18,0.7975,0.800982801,0.15899999999999997,0.174,-0.007500000000000018
0,0,2,XGBoost-C,1,W1,0.1975,0.76,0.770334928,0.12975,0.162,-0.007249999999999979
0,0,2,XGBoost-C,1,W2,0.195,0.7525,0.764845606,0.10474999999999994,0.15699999999999995,0.0029999999999999584
0,0,2,MLP-C,1,X,0.1675,0.8325,0.840855107,0.1845,0.187,0.0035000000000000473
0,0,2,MLP-C,1,W1,0.1975,0.8025,0.806845966,0.1485,0.1775,-0.0022500000000000298
0,0,2,MLP-C,1,W2,0.2025,0.7975,0.81030445,0.13174999999999995,0.20425,-0.005250000000000044
0,0,2,LogReg,2,X,0.21,0.79,0.806451613,0.14275000000000002,0.16650000000000004,-0.0012499999999999512
0,0,2,LogReg,2,W1,0.235,0.765,0.789237668,0.11225,0.163,0.0032500000000000194
0,0,2,LogReg,2,W2,0.2325,0.7675,0.789115646,0.09949999999999996,0.18424999999999997,-0.0010000000000000343
0,0,2,SVC,2,X,0.21,0.79,0.805555556,0.14375000000000002,0.16975,-0.0017499999999999738
0,0,2,SVC,2,W1,0.2375,0.765,0.791111111,0.11200000000000002,0.16250000000000003,3.3306690738754695e-17
0,0,2,SVC,2,W2,0.235,0.7575,0.77904328,0.09399999999999994,0.17699999999999996,-0.004500000000000037
0,0,2,RF-C,2,X,0.215,0.785,0.806306306,0.14075000000000004,0.16050000000000003,-0.0017499999999999738
0,0,2,RF-C,2,W1,0.225,0.775,0.794520548,0.12775000000000003,0.16975,0.020500000000000053
0,0,2,RF-C,2,W2,0.225,0.775,0.793577982,0.10525000000000002,0.20200000000000004,0.019000000000000038
0,0,2,XGBoost-C,2,X,0.215,0.7475,0.763466042,0.11325000000000007,0.13150000000000006,-0.016749999999999942
0,0,2,XGBoost-C,2,W1,0.23,0.74,0.765765766,0.10225,0.13799999999999998,-0.013000000000000012
0,0,2,XGBoost-C,2,W2,0.235,0.74,0.758139535,0.0935,0.17425,-2.2204460492503132e-17
0,0,2,MLP-C,2,X,0.195,0.805,0.815165877,0.15950000000000006,0.18125000000000008,0.006750000000000034
0,0,2,MLP-C,2,W1,0.23,0.77,0.792792793,0.11850000000000005,0.16625,0.00750000000000004
0,0,2,MLP-C,2,W2,0.2275,0.7725,0.791762014,0.10549999999999997,0.18624999999999997,0.007249999999999979
0,0,2,LogReg,3,X,0.165,0.835,0.84057971,0.20725,0.17975,0.0022499999999999855
0,0,2,LogReg,3,W1,0.2025,0.7975,0.803874092,0.15374999999999997,0.16249999999999998,-0.004750000000000043
0,0,2,LogReg,3,W2,0.2125,0.7875,0.79616307,0.13199999999999998,0.19074999999999995,0.001499999999999968
0,0,2,SVC,3,X,0.1575,0.8325,0.838554217,0.20774999999999996,0.17275000000000001,-0.006749999999999978
0,0,2,SVC,3,W1,0.1975,0.7925,0.805620609,0.15499999999999997,0.15725,-0.007750000000000035
0,0,2,SVC,3,W2,0.2175,0.7675,0.780141844,0.11874999999999995,0.17674999999999993,-0.007250000000000023
0,0,2,RF-C,3,X,0.16,0.84,0.844660194,0.20374999999999996,0.188,-0.0007500000000000284
0,0,2,RF-C,3,W1,0.19,0.81,0.819905213,0.16850000000000004,0.17725000000000007,0.0002500000000000502
0,0,2,RF-C,3,W2,0.2175,0.7825,0.790361446,0.13274999999999998,0.19049999999999997,0.016749999999999987
0,0,2,XGBoost-C,3,X,0.1525,0.8075,0.813559322,0.16750000000000004,0.15324999999999997,0.0012499999999999955
0,0,2,XGBoost-C,3,W1,0.1875,0.7575,0.770685579,0.12199999999999996,0.13774999999999996,-0.010750000000000037
0,0,2,XGBoost-C,3,W2,0.2325,0.73,0.747663551,0.09749999999999999,0.14675,-0.013000000000000034
0,0,2,MLP-C,3,X,0.1525,0.8475,0.852300242,0.22225000000000006,0.186,0.0032500000000000306
0,0,2,MLP-C,3,W1,0.195,0.805,0.815165877,0.16850000000000007,0.16500000000000004,0.003750000000000031
0,0,2,MLP-C,3,W2,0.21,0.79,0.799043062,0.13625000000000004,0.19200000000000003,0.004750000000000021
0,0,2,LogReg,4,X,0.165,0.835,0.83248731,0.20174999999999996,0.18474999999999997,0.003999999999999981
0,0,2,LogReg,4,W1,0.205,0.795,0.792929293,0.14325000000000004,0.16625000000000006,-0.0022499999999999742
0,0,2,LogReg,4,W2,0.19,0.81,0.811881188,0.15450000000000008,0.18700000000000006,-0.0019999999999999575
0,0,2,SVC,4,X,0.1625,0.84,0.837563452,0.20774999999999996,0.18774999999999994,0.0032499999999999864
0,0,2,SVC,4,W1,0.1975,0.8,0.794871795,0.15625000000000006,0.17150000000000007,0.001000000000000012
0,0,2,SVC,4,W2,0.1925,0.8,0.805825243,0.15300000000000008,0.16725000000000007,-0.0017499999999999738
0,0,2,RF-C,4,X,0.16,0.84,0.838383838,0.20599999999999996,0.19324999999999998,0.013749999999999984
0,0,2,RF-C,4,W1,0.195,0.805,0.803030303,0.17025000000000007,0.17625000000000002,0.017750000000000033
0,0,2,RF-C,4,W2,0.2,0.8,0.8,0.15725000000000006,0.18075000000000005,0.022750000000000038
0,0,2,XGBoost-C,4,X,0.16,0.805,0.809756098,0.19175000000000003,0.16575000000000006,0.007250000000000034
0,0,2,XGBoost-C,4,W1,0.1875,0.7525,0.751879699,0.11924999999999994,0.12874999999999992,-0.010750000000000037
0,0,2,XGBoost-C,4,W2,0.2075,0.765,0.757731959,0.14450000000000002,0.16175,0.012500000000000034
0,0,2,MLP-C,4,X,0.1525,0.8475,0.853717026,0.21975000000000003,0.20000000000000004,0.0017500000000000514
0,0,2,MLP-C,4,W1,0.195,0.805,0.804020101,0.16100000000000006,0.17250000000000004,0.00425000000000002
0,0,2,MLP-C,4,W2,0.1825,0.8175,0.817955112,0.16025,0.194,0.00774999999999999
0,0,2,LogReg,5,X,0.1675,0.8325,0.832917706,0.20075000000000004,0.19125,2.2204460492503132e-17
0,0,2,LogReg,5,W1,0.185,0.815,0.814070352,0.17049999999999996,0.20449999999999996,0.0017499999999999627
0,0,2,LogReg,5,W2,0.235,0.765,0.765,0.11025,0.16975,0.004750000000000021
0,0,2,SVC,5,X,0.165,0.8225,0.82115869,0.19175000000000003,0.189,-0.011249999999999993
0,0,2,SVC,5,W1,0.1875,0.8025,0.798982188,0.16075,0.19899999999999998,-0.0055000000000000274
0,0,2,SVC,5,W2,0.215,0.775,0.766839378,0.12075000000000002,0.18450000000000005,0.002000000000000024
0,0,2,RF-C,5,X,0.175,0.825,0.827586207,0.18524999999999994,0.19524999999999998,-3.3306690738754695e-17
0,0,2,RF-C,5,W1,0.2,0.8,0.802955665,0.15075000000000002,0.19650000000000006,-0.0029999999999999693
0,0,2,RF-C,5,W2,0.2275,0.7725,0.777506112,0.10374999999999997,0.18049999999999994,-0.0045000000000000265
0,0,2,XGBoost-C,5,X,0.175,0.78,0.781094527,0.16775,0.16450000000000004,-0.003999999999999971
0,0,2,XGBoost-C,5,W1,0.2125,0.7475,0.744303797,0.12900000000000006,0.15525000000000005,-0.019999999999999928
0,0,2,XGBoost-C,5,W2,0.2175,0.75,0.751243781,0.11574999999999999,0.16724999999999998,0.01599999999999998
0,0,2,MLP-C,5,X,0.155,0.845,0.845771144,0.21549999999999997,0.20725,0.00874999999999999
0,0,2,MLP-C,5,W1,0.1825,0.8175,0.818858561,0.17250000000000001,0.20725,0.004250000000000009
0,0,2,MLP-C,5,W2,0.2175,0.7825,0.775193798,0.13424999999999998,0.18174999999999997,0.003499999999999981
0,0,2,LogReg,6,X,0.13,0.87,0.863874346,0.22175000000000003,0.22774999999999998,0.005499999999999972
0,0,2,LogReg,6,W1,0.1575,0.8425,0.833773087,0.17725000000000002,0.21375000000000002,0.0005000000000000227
0,0,2,LogReg,6,W2,0.195,0.805,0.793650794,0.13125000000000003,0.18950000000000006,-0.0009999999999999788
0,0,2,SVC,6,X,0.1225,0.8725,0.867532468,0.22225,0.22800000000000006,0.0070000000000000505
0,0,2,SVC,6,W1,0.1525,0.8425,0.833773087,0.17800000000000002,0.21675000000000005,2.2204460492503132e-17
0,0,2,SVC,6,W2,0.1925,0.8,0.788359788,0.127,0.18950000000000006,-0.007999999999999974
0,0,2,RF-C,6,X,0.1375,0.8625,0.857881137,0.21500000000000002,0.22000000000000006,0.006000000000000038
0,0,2,RF-C,6,W1,0.15,0.85,0.842105263,0.19524999999999998,0.22624999999999998,0.023249999999999982
0,0,2,RF-C,6,W2,0.2025,0.7975,0.778082192,0.12075,0.19899999999999998,0.006499999999999983
0,0,2,XGBoost-C,6,X,0.135,0.7725,0.767263427,0.14149999999999996,0.13349999999999998,-0.026500000000000058
0,0,2,XGBoost-C,6,W1,0.15,0.81,0.802083333,0.15650000000000008,0.18450000000000003,-0.005499999999999938
0,0,2,XGBoost-C,6,W2,0.1925,0.745,0.738461538,0.09450000000000001,0.14424999999999993,-0.02025
0,0,2,MLP-C,6,X,0.1225,0.8775,0.872727273,0.23074999999999996,0.238,0.007499999999999918
0,0,2,MLP-C,6,W1,0.15,0.85,0.842105263,0.18724999999999997,0.225,0.0037499999999999756
0,0,2,MLP-C,6,W2,0.19,0.81,0.794594595,0.13900000000000004,0.19325000000000006,0.0025000000000000356
0,0,2,LogReg,7,X,0.1375,0.8625,0.866180049,0.2310000000000001,0.19350000000000006,0.0022500000000000298
0,0,2,LogReg,7,W1,0.1775,0.8225,0.822055138,0.182,0.18249999999999997,-0.0004999999999999782
0,0,2,LogReg,7,W2,0.21,0.79,0.785714286,0.14100000000000007,0.1665,-0.0004999999999999782
0,0,2,SVC,7,X,0.1425,0.845,0.845771144,0.21775000000000003,0.17549999999999993,-0.007500000000000029
0,0,2,SVC,7,W1,0.175,0.82,0.821782178,0.1765,0.18224999999999994,-0.00425000000000002
0,0,2,SVC,7,W2,0.1975,0.8,0.797979798,0.15675000000000003,0.17025000000000004,0.004750000000000021
0,0,2,RF-C,7,X,0.16,0.84,0.838383838,0.21024999999999996,0.17649999999999996,0.0032499999999999864
0,0,2,RF-C,7,W1,0.1775,0.8225,0.822942643,0.18425000000000002,0.18725,0.009500000000000008
0,0,2,RF-C,7,W2,0.1875,0.8125,0.809160305,0.176,0.18024999999999997,0.013749999999999995
0,0,2,XGBoost-C,7,X,0.1525,0.81,0.810945274,0.18925000000000006,0.16175000000000006,-0.0004999999999999449
0,0,2,XGBoost-C,7,W1,0.175,0.7925,0.796068796,0.16674999999999998,0.16874999999999996,0.007999999999999974
0,0,2,XGBoost-C,7,W2,0.2,0.755,0.752525253,0.11850000000000002,0.14225000000000002,-0.0017499999999999738
0,0,2,MLP-C,7,X,0.1325,0.8675,0.870415648,0.23575000000000007,0.20000000000000004,0.004750000000000043
0,0,2,MLP-C,7,W1,0.17,0.83,0.830845771,0.18974999999999997,0.18574999999999994,0.006749999999999967
0,0,2,MLP-C,7,W2,0.195,0.805,0.803030303,0.15875000000000009,0.16825000000000007,0.010250000000000047
0,0,2,LogReg,8,X,0.175,0.825,0.817708333,0.17424999999999996,0.20249999999999996,0.00024999999999997247
0,0,2,LogReg,8,W1,0.2175,0.7825,0.770448549,0.13224999999999995,0.17949999999999994,-0.004000000000000048
0,0,2,LogReg,8,W2,0.21,0.79,0.77540107,0.13325000000000004,0.21500000000000002,-0.0034999999999999697
0,0,2,SVC,8,X,0.1575,0.825,0.817708333,0.17374999999999993,0.20124999999999993,0.005999999999999961
0,0,2,SVC,8,W1,0.2,0.7725,0.764857881,0.12525,0.17499999999999996,-0.01375000000000003
0,0,2,SVC,8,W2,0.2075,0.7775,0.767624021,0.121,0.20374999999999996,-0.00800000000000003
0,0,2,RF-C,8,X,0.1725,0.8275,0.820779221,0.17400000000000007,0.19849999999999998,0.004000000000000015
0,0,2,RF-C,8,W1,0.22,0.78,0.768421053,0.13100000000000006,0.18475000000000003,-0.0017499999999999738
0,0,2,RF-C,8,W2,0.215,0.785,0.776041667,0.12375000000000003,0.20850000000000005,0.005750000000000033
0,0,2,XGBoost-C,8,X,0.1625,0.815,0.808290155,0.175,0.18299999999999994,0.010999999999999944
0,0,2,XGBoost-C,8,W1,0.2125,0.7525,0.74015748,0.10999999999999995,0.16099999999999995,-0.003250000000000042
0,0,2,XGBoost-C,8,W2,0.2175,0.7425,0.733850129,0.10250000000000004,0.16975000000000004,-0.013749999999999951
0,0,2,MLP-C,8,X,0.1625,0.8375,0.827586207,0.19350000000000006,0.20550000000000007,0.0022500000000000298
0,0,2,MLP-C,8,W1,0.215,0.785,0.776041667,0.13500000000000006,0.18325000000000002,-0.0012499999999999844
0,0,2,MLP-C,8,W2,0.205,0.795,0.785340314,0.13625000000000004,0.22150000000000003,0.000250000000000028
0,0,2,LogReg,9,X,0.1475,0.8525,0.850632911,0.20275000000000007,0.22225000000000006,0.007250000000000034
0,0,2,LogReg,9,W1,0.1925,0.8075,0.801033592,0.14549999999999996,0.209,0.007499999999999974
0,0,2,LogReg,9,W2,0.19,0.81,0.806122449,0.13700000000000004,0.21900000000000003,0.0015000000000000458
0,0,2,SVC,9,X,0.145,0.8475,0.846347607,0.20275000000000004,0.21875000000000006,0.0042500000000000315
0,0,2,SVC,9,W1,0.195,0.7825,0.780856423,0.1275,0.18674999999999997,-0.014500000000000035
0,0,2,SVC,9,W2,0.19,0.805,0.802030457,0.13275000000000006,0.21350000000000008,0.0010000000000000343
0,0,2,RF-C,9,X,0.165,0.835,0.829896907,0.18749999999999994,0.20849999999999996,0.003249999999999975
0,0,2,RF-C,9,W1,0.2025,0.7975,0.792838875,0.13499999999999998,0.20925,-0.004000000000000026
0,0,2,RF-C,9,W2,0.1775,0.8225,0.819338422,0.14,0.2455,0.01599999999999998
0,0,2,XGBoost-C,9,X,0.1475,0.8,0.791666667,0.15700000000000006,0.16675000000000006,-0.004499999999999971
0,0,2,XGBoost-C,9,W1,0.1925,0.76,0.75879397,0.10250000000000001,0.17600000000000002,-0.01449999999999998
0,0,2,XGBoost-C,9,W2,0.1725,0.77,0.766497462,0.11150000000000002,0.18550000000000003,0.006500000000000028
0,0,2,MLP-C,9,X,0.1425,0.8575,0.856423174,0.21250000000000005,0.22450000000000006,0.010250000000000026
0,0,2,MLP-C,9,W1,0.1925,0.8075,0.801033592,0.14524999999999996,0.209,0.008499999999999975
0,0,2,MLP-C,9,W2,0.19,0.81,0.805128205,0.14250000000000002,0.21550000000000002,-0.002249999999999952
0,0,2,LogReg,10,X,0.18,0.82,0.820895522,0.16599999999999998,0.18649999999999994,0.002249999999999963
0,0,2,LogReg,10,W1,0.2125,0.7875,0.782608696,0.12624999999999997,0.174,-0.0007500000000000174
0,0,2,LogReg,10,W2,0.2225,0.7775,0.782396088,0.10424999999999995,0.18075000000000002,0.0044999999999999814
0,0,2,SVC,10,X,0.1675,0.83,0.827411168,0.17775,0.19674999999999992,0.011999999999999978
0,0,2,SVC,10,W1,0.21,0.785,0.779487179,0.12450000000000006,0.17550000000000004,-0.003999999999999981
0,0,2,SVC,10,W2,0.2225,0.765,0.766169154,0.09975,0.16550000000000004,-0.004499999999999971
0,0,2,RF-C,10,X,0.185,0.815,0.81773399,0.17099999999999996,0.18699999999999992,0.0012499999999999623
0,0,2,RF-C,10,W1,0.2025,0.7975,0.79389313,0.141,0.19349999999999995,0.01499999999999998
0,0,2,RF-C,10,W2,0.2375,0.7625,0.761904762,0.10199999999999995,0.15599999999999994,0.0019999999999999575
0,0,2,XGBoost-C,10,X,0.185,0.785,0.78817734,0.14000000000000004,0.15300000000000002,-0.006249999999999978
0,0,2,XGBoost-C,10,W1,0.1975,0.77,0.772277228,0.12050000000000001,0.17650000000000005,0.006000000000000017
0,0,2,XGBoost-C,10,W2,0.235,0.725,0.734299517,0.08424999999999996,0.12324999999999997,0.001749999999999996
0,0,2,MLP-C,10,X,0.175,0.825,0.823232323,0.17374999999999993,0.18999999999999995,-0.0007500000000000174
0,0,2,MLP-C,10,W1,0.21,0.79,0.78680203,0.12675000000000003,0.17775000000000002,0.0010000000000000343
0,0,2,MLP-C,10,W2,0.215,0.785,0.800925926,0.12000000000000002,0.195,0.00375000000000002
0,1,0,LogReg,1,X,0.2,0.8,0.841897233,0.23425,0.06150000000000004,-0.0014999999999999792
0,1,0,LogReg,1,W1,0.205,0.795,0.842911877,0.22025000000000006,0.07975000000000004,0.0015000000000000234
0,1,0,LogReg,1,W2,0.25,0.75,0.813432836,0.1625,0.06874999999999999,0.002499999999999991
0,1,0,SVC,1,X,0.2075,0.7875,0.836852207,0.21425,0.05674999999999997,0.0012499999999999734
0,1,0,SVC,1,W1,0.2075,0.7925,0.847145488,0.20725,0.07724999999999999,0.006999999999999962
0,1,0,SVC,1,W2,0.2575,0.7525,0.812854442,0.16374999999999998,0.07449999999999993,0.003999999999999937
0,1,0,RF-C,1,X,0.1925,0.8075,0.849902534,0.2455,0.06699999999999998,0.002499999999999991
0,1,0,RF-C,1,W1,0.195,0.805,0.853932584,0.22000000000000006,0.10350000000000006,0.031750000000000056
0,1,0,RF-C,1,W2,0.2525,0.7475,0.807619048,0.16425000000000006,0.06475000000000006,0.00800000000000004
0,1,0,XGBoost-C,1,X,0.1925,0.76,0.81027668,0.21275,0.05500000000000003,-0.015499999999999991
0,1,0,XGBoost-C,1,W1,0.2175,0.7675,0.823529412,0.20049999999999996,0.08724999999999994,0.01224999999999995
0,1,0,XGBoost-C,1,W2,0.245,0.6975,0.765957447,0.12425000000000001,0.05825000000000001,-0.005749999999999989
0,1,0,MLP-C,1,X,0.1975,0.8025,0.844793713,0.23550000000000004,0.06525,-0.0015000000000000347
0,1,0,MLP-C,1,W1,0.2025,0.7975,0.84452975,0.22199999999999998,0.08374999999999998,0.002749999999999986
0,1,0,MLP-C,1,W2,0.2525,0.7475,0.804642166,0.17250000000000004,0.07200000000000004,0.012250000000000039
0,1,0,LogReg,2,X,0.1775,0.8225,0.863723608,0.236,0.07575000000000001,-0.0012499999999999734
0,1,0,LogReg,2,W1,0.225,0.775,0.836363636,0.164,0.06350000000000003,-0.002499999999999969
0,1,0,LogReg,2,W2,0.2575,0.7425,0.813067151,0.13625000000000004,0.058500000000000066,0.006000000000000038
0,1,0,SVC,2,X,0.1775,0.815,0.859315589,0.21949999999999995,0.07174999999999994,-0.003250000000000064
0,1,0,SVC,2,W1,0.2325,0.7675,0.826815642,0.16124999999999995,0.059499999999999977,-0.007000000000000029
0,1,0,SVC,2,W2,0.2525,0.7375,0.811490126,0.12300000000000004,0.06750000000000005,0.001000000000000023
0,1,0,RF-C,2,X,0.1825,0.8175,0.857142857,0.2395,0.079,-0.0004999999999999894
0,1,0,RF-C,2,W1,0.23,0.77,0.82962963,0.16950000000000004,0.05550000000000001,0.002000000000000035
0,1,0,RF-C,2,W2,0.2725,0.7275,0.809773124,0.10850000000000004,0.05325000000000004,1.1102230246251566e-17
0,1,0,XGBoost-C,2,X,0.1775,0.7925,0.836935167,0.21149999999999997,0.06499999999999997,-0.001000000000000023
0,1,0,XGBoost-C,2,W1,0.2275,0.735,0.795366795,0.14425,0.05374999999999998,0.011749999999999993
0,1,0,XGBoost-C,2,W2,0.2625,0.695,0.770676692,0.10074999999999996,0.03374999999999993,-0.009000000000000053
0,1,0,MLP-C,2,X,0.175,0.825,0.865384615,0.2392499999999999,0.07849999999999996,0.0022499999999999855
0,1,0,MLP-C,2,W1,0.2325,0.7675,0.823529412,0.17299999999999996,0.060999999999999964,0.003499999999999981
0,1,0,MLP-C,2,W2,0.26,0.74,0.810909091,0.13249999999999998,0.060749999999999985,0.005249999999999977
0,1,0,LogReg,3,X,0.17,0.83,0.872180451,0.22649999999999998,0.09999999999999998,-0.004750000000000043
0,1,0,LogReg,3,W1,0.22,0.78,0.837037037,0.17,0.08425000000000002,0.009250000000000046
0,1,0,LogReg,3,W2,0.2525,0.7475,0.814678899,0.12450000000000006,0.07225000000000005,0.0010000000000000453
0,1,0,SVC,3,X,0.175,0.8125,0.859813084,0.211,0.0765,-0.007750000000000002
0,1,0,SVC,3,W1,0.2175,0.7625,0.830053667,0.14874999999999997,0.061499999999999964,-0.00425000000000002
0,1,0,SVC,3,W2,0.25,0.745,0.815217391,0.11875,0.06899999999999998,0.003249999999999975
0,1,0,RF-C,3,X,0.19,0.81,0.858736059,0.21250000000000005,0.07875000000000006,-0.00599999999999995
0,1,0,RF-C,3,W1,0.2225,0.7775,0.836697248,0.17599999999999996,0.08074999999999996,0.022499999999999964
0,1,0,RF-C,3,W2,0.245,0.755,0.823741007,0.12450000000000001,0.07875,-0.003999999999999959
0,1,0,XGBoost-C,3,X,0.1775,0.79,0.842105263,0.19625000000000004,0.08450000000000005,-0.006999999999999973
0,1,0,XGBoost-C,3,W1,0.225,0.75,0.816849817,0.16100000000000003,0.0715,0.016249999999999997
0,1,0,XGBoost-C,3,W2,0.2375,0.725,0.793233083,0.13625,0.07275,0.011999999999999978
0,1,0,MLP-C,3,X,0.16,0.84,0.879245283,0.24074999999999996,0.11299999999999995,0.003999999999999971
0,1,0,MLP-C,3,W1,0.2175,0.7825,0.839779006,0.17075,0.08899999999999997,0.010999999999999977
0,1,0,MLP-C,3,W2,0.2525,0.7475,0.811918063,0.12975000000000006,0.07225000000000005,0.0007500000000000284
0,1,0,LogReg,4,X,0.21,0.79,0.834645669,0.2125,0.06525000000000004,0.0007500000000000284
0,1,0,LogReg,4,W1,0.235,0.765,0.81640625,0.17,0.078,0.009500000000000019
0,1,0,LogReg,4,W2,0.2675,0.7325,0.78978389,0.14550000000000005,0.06325000000000003,0.008250000000000045
0,1,0,SVC,4,X,0.205,0.7875,0.83234714,0.20999999999999996,0.06274999999999999,0.002499999999999991
0,1,0,SVC,4,W1,0.2325,0.7625,0.812623274,0.16649999999999995,0.08349999999999995,0.0019999999999999905
0,1,0,SVC,4,W2,0.2675,0.7225,0.786127168,0.13425000000000004,0.057000000000000016,0.002000000000000013
0,1,0,RF-C,4,X,0.205,0.795,0.837301587,0.21700000000000003,0.08150000000000004,0.007000000000000039
0,1,0,RF-C,4,W1,0.2425,0.7575,0.810916179,0.16574999999999995,0.08024999999999995,0.0027499999999999634
0,1,0,RF-C,4,W2,0.27,0.73,0.784,0.14599999999999996,0.07649999999999998,-0.0007500000000000284
0,1,0,XGBoost-C,4,X,0.2075,0.7625,0.808080808,0.19899999999999995,0.08149999999999993,0.002249999999999963
0,1,0,XGBoost-C,4,W1,0.235,0.7325,0.785571142,0.15325000000000003,0.09100000000000004,-0.007999999999999962
0,1,0,XGBoost-C,4,W2,0.265,0.6975,0.751540041,0.13000000000000003,0.06775000000000002,-0.014750000000000008
0,1,0,MLP-C,4,X,0.2075,0.7925,0.834331337,0.22400000000000003,0.06024999999999999,-0.0035000000000000365
0,1,0,MLP-C,4,W1,0.2325,0.7675,0.813627255,0.17325,0.08499999999999996,0.012249999999999983
0,1,0,MLP-C,4,W2,0.2625,0.7375,0.792899408,0.15150000000000005,0.06900000000000003,0.014500000000000035
0,1,0,LogReg,5,X,0.21,0.79,0.841509434,0.20225000000000004,0.07175000000000006,0.002000000000000013
0,1,0,LogReg,5,W1,0.2225,0.7775,0.837294333,0.17474999999999996,0.087,0.002499999999999969
0,1,0,LogReg,5,W2,0.28,0.72,0.800711744,0.10699999999999998,0.05349999999999997,0.0007499999999999729
0,1,0,SVC,5,X,0.2175,0.7775,0.837294333,0.17974999999999994,0.05549999999999995,-0.005750000000000022
0,1,0,SVC,5,W1,0.225,0.755,0.823104693,0.15775,0.05250000000000001,-0.006749999999999967
0,1,0,SVC,5,W2,0.2875,0.71,0.789090909,0.10899999999999994,0.04299999999999995,0.0044999999999999814
0,1,0,RF-C,5,X,0.21,0.79,0.842696629,0.203,0.06825000000000002,0.006000000000000038
0,1,0,RF-C,5,W1,0.2425,0.7575,0.819366853,0.17674999999999996,0.06924999999999995,0.012749999999999938
0,1,0,RF-C,5,W2,0.28,0.72,0.80887372,0.07949999999999999,0.05424999999999998,0.005499999999999972
0,1,0,XGBoost-C,5,X,0.21,0.745,0.804597701,0.16275,0.04574999999999999,-0.008000000000000007
0,1,0,XGBoost-C,5,W1,0.2325,0.735,0.797709924,0.15725,0.05349999999999998,-0.0005000000000000115
0,1,0,XGBoost-C,5,W2,0.295,0.68,0.757575758,0.10100000000000005,0.03925000000000006,-0.008249999999999947
0,1,0,MLP-C,5,X,0.21,0.79,0.841509434,0.20250000000000004,0.07175000000000006,0.002000000000000013
0,1,0,MLP-C,5,W1,0.2225,0.7775,0.835489834,0.17949999999999994,0.09299999999999996,0.009499999999999975
0,1,0,MLP-C,5,W2,0.29,0.71,0.788321168,0.11199999999999996,0.049499999999999954,0.0002499999999999836
0,1,0,LogReg,6,X,0.1725,0.8275,0.869070209,0.22824999999999998,0.09850000000000002,0.0035000000000000252
0,1,0,LogReg,6,W1,0.225,0.775,0.827586207,0.16475000000000004,0.06700000000000003,0.0015000000000000234
0,1,0,LogReg,6,W2,0.2425,0.7575,0.823315118,0.14774999999999996,0.060999999999999964,-0.0005000000000000227
0,1,0,SVC,6,X,0.1725,0.8225,0.864244742,0.22550000000000003,0.08625000000000002,0.00874999999999999
0,1,0,SVC,6,W1,0.23,0.7675,0.823529412,0.16099999999999998,0.05524999999999998,0.0032499999999999864
0,1,0,SVC,6,W2,0.235,0.76,0.823529412,0.14700000000000002,0.06525,0.0067500000000000225
0,1,0,RF-C,6,X,0.19,0.81,0.8515625,0.22375000000000003,0.07275000000000004,0.0035000000000000473
0,1,0,RF-C,6,W1,0.22,0.78,0.828793774,0.1685,0.06925000000000005,0.006750000000000034
0,1,0,RF-C,6,W2,0.2375,0.7625,0.823091248,0.15174999999999994,0.07449999999999996,0.009249999999999958
0,1,0,XGBoost-C,6,X,0.1875,0.78,0.826086957,0.18975000000000003,0.06300000000000004,-0.007999999999999985
0,1,0,XGBoost-C,6,W1,0.2225,0.7625,0.808853119,0.15574999999999997,0.07749999999999997,0.014249999999999974
0,1,0,XGBoost-C,6,W2,0.235,0.7325,0.79462572,0.13875000000000004,0.06300000000000003,0.011000000000000032
0,1,0,MLP-C,6,X,0.1775,0.8225,0.864244742,0.21974999999999997,0.09375000000000003,0.003750000000000031
0,1,0,MLP-C,6,W1,0.225,0.775,0.825581395,0.16600000000000006,0.06700000000000002,0.004750000000000032
0,1,0,MLP-C,6,W2,0.2325,0.7675,0.825515947,0.15999999999999998,0.07224999999999997,0.011499999999999988
0,1,0,LogReg,7,X,0.1775,0.8225,0.861598441,0.22824999999999998,0.12225000000000001,0.000250000000000028
0,1,0,LogReg,7,W1,0.225,0.775,0.828244275,0.16550000000000004,0.09125000000000001,0.0042500000000000315
0,1,0,LogReg,7,W2,0.235,0.765,0.82527881,0.14925000000000002,0.097,0.005750000000000033
0,1,0,SVC,7,X,0.1725,0.815,0.859315589,0.21624999999999997,0.10949999999999996,0.0017499999999999517
0,1,0,SVC,7,W1,0.225,0.7525,0.815642458,0.14024999999999993,0.06424999999999995,-0.008250000000000025
0,1,0,SVC,7,W2,0.2375,0.7425,0.813067151,0.12675,0.07375000000000005,-0.009499999999999943
0,1,0,RF-C,7,X,0.1775,0.8225,0.863723608,0.22550000000000003,0.11325,0.0125
0,1,0,RF-C,7,W1,0.22,0.78,0.832061069,0.16699999999999998,0.10125000000000002,0.025500000000000023
0,1,0,RF-C,7,W2,0.2375,0.7625,0.825046041,0.14049999999999996,0.09324999999999994,0.005499999999999972
0,1,0,XGBoost-C,7,X,0.175,0.7875,0.837476099,0.19124999999999998,0.09599999999999997,0.012999999999999979
0,1,0,XGBoost-C,7,W1,0.225,0.74,0.8,0.12599999999999997,0.07174999999999998,-0.002000000000000013
0,1,0,XGBoost-C,7,W2,0.2325,0.6975,0.766859345,0.10300000000000002,0.06100000000000001,-0.024499999999999977
0,1,0,MLP-C,7,X,0.18,0.82,0.859375,0.22849999999999993,0.11725,-0.002000000000000013
0,1,0,MLP-C,7,W1,0.2175,0.7825,0.830409357,0.17499999999999996,0.09599999999999999,0.005249999999999977
0,1,0,MLP-C,7,W2,0.235,0.765,0.82527881,0.14900000000000002,0.0965,0.006000000000000028
0,1,0,LogReg,8,X,0.1575,0.8425,0.883977901,0.22599999999999998,0.07575000000000004,0.0002500000000000391
0,1,0,LogReg,8,W1,0.2125,0.7875,0.850615114,0.1545,0.07624999999999998,-0.001000000000000023
0,1,0,LogReg,8,W2,0.22,0.78,0.842857143,0.15325000000000003,0.07450000000000004,-0.0009999999999999788
0,1,0,SVC,8,X,0.1575,0.8425,0.885245902,0.22125,0.07700000000000004,0.0032500000000000306
0,1,0,SVC,8,W1,0.2075,0.7925,0.85361552,0.16175,0.07725,0.011499999999999988
0,1,0,SVC,8,W2,0.2075,0.7825,0.845470693,0.15499999999999994,0.07699999999999999,0.0067499999999999895
0,1,0,RF-C,8,X,0.1475,0.8525,0.890130354,0.24400000000000005,0.08900000000000002,0.01600000000000006
0,1,0,RF-C,8,W1,0.2025,0.7975,0.854578097,0.1755,0.089,0.01924999999999999
0,1,0,RF-C,8,W2,0.215,0.785,0.845323741,0.17424999999999996,0.07850000000000004,0.02000000000000004
0,1,0,XGBoost-C,8,X,0.16,0.7975,0.848598131,0.198,0.06899999999999998,-0.007250000000000023
0,1,0,XGBoost-C,8,W1,0.205,0.7375,0.808743169,0.13300000000000006,0.05275000000000004,-0.006999999999999962
0,1,0,XGBoost-C,8,W2,0.22,0.73,0.802197802,0.13599999999999998,0.05574999999999998,0.0014999999999999792
0,1,0,MLP-C,8,X,0.1425,0.8575,0.893058161,0.24025,0.09200000000000005,0.009250000000000046
0,1,0,MLP-C,8,W1,0.1975,0.8025,0.859180036,0.17749999999999994,0.08549999999999999,0.024
0,1,0,MLP-C,8,W2,0.205,0.795,0.849264706,0.17925000000000002,0.09250000000000005,0.004750000000000043
0,1,0,LogReg,9,X,0.15,0.85,0.888888889,0.24675000000000002,0.06724999999999996,0.0002499999999999947
0,1,0,LogReg,9,W1,0.2,0.8,0.855072464,0.193,0.047000000000000056,0.004750000000000043
0,1,0,LogReg,9,W2,0.245,0.755,0.830449827,0.1375,0.04275000000000001,-0.002249999999999952
0,1,0,SVC,9,X,0.1525,0.8225,0.872072072,0.21475000000000005,0.04575000000000003,-0.004749999999999988
0,1,0,SVC,9,W1,0.1975,0.7925,0.851520572,0.174,0.05199999999999998,0.009999999999999986
0,1,0,SVC,9,W2,0.255,0.75,0.829931973,0.12149999999999998,0.045500000000000006,0.0022500000000000076
0,1,0,RF-C,9,X,0.1675,0.8325,0.87706422,0.23550000000000004,0.06625000000000002,-0.000749999999999984
0,1,0,RF-C,9,W1,0.2225,0.7775,0.835489834,0.17449999999999996,0.05699999999999998,-0.0042500000000000315
0,1,0,RF-C,9,W2,0.2425,0.7575,0.835871404,0.13599999999999995,0.049499999999999954,-0.00125000000000004
0,1,0,XGBoost-C,9,X,0.17,0.7975,0.852994555,0.20875,0.06674999999999996,-0.003750000000000031
0,1,0,XGBoost-C,9,W1,0.2075,0.74,0.811594203,0.14775,0.05,-0.018499999999999996
0,1,0,XGBoost-C,9,W2,0.2475,0.69,0.773722628,0.10149999999999992,0.02624999999999996,-0.021250000000000047
0,1,0,MLP-C,9,X,0.15,0.85,0.888888889,0.2465,0.06649999999999998,0.0009999999999999788
0,1,0,MLP-C,9,W1,0.1975,0.8025,0.856102004,0.19624999999999995,0.04825,0.005749999999999966
0,1,0,MLP-C,9,W2,0.245,0.755,0.828671329,0.13899999999999998,0.03974999999999999,-0.0012499999999999955
0,1,0,LogReg,10,X,0.2025,0.7975,0.84452975,0.20625,0.05999999999999998,0.0012499999999999955
0,1,0,LogReg,10,W1,0.1975,0.8025,0.859180036,0.19124999999999998,0.07049999999999998,-0.002750000000000019
0,1,0,LogReg,10,W2,0.255,0.745,0.814545455,0.13025,0.07024999999999998,0.0004999999999999782
0,1,0,SVC,10,X,0.1875,0.805,0.856617647,0.20575000000000004,0.06700000000000005,0.00800000000000003
0,1,0,SVC,10,W1,0.1975,0.8025,0.857142857,0.19024999999999997,0.07325,0.005249999999999988
0,1,0,SVC,10,W2,0.2575,0.7425,0.817699115,0.11800000000000006,0.06875000000000005,-0.0019999999999999463
0,1,0,RF-C,10,X,0.2,0.8,0.846153846,0.21550000000000008,0.06925000000000003,0.01100000000000002
0,1,0,RF-C,10,W1,0.2075,0.7925,0.846011132,0.19474999999999998,0.071,0.009499999999999975
0,1,0,RF-C,10,W2,0.255,0.745,0.818505338,0.1265,0.07224999999999998,0.009749999999999981
0,1,0,XGBoost-C,10,X,0.2025,0.7625,0.818355641,0.17499999999999996,0.04899999999999995,-0.016500000000000015
0,1,0,XGBoost-C,10,W1,0.2,0.7375,0.804469274,0.15425000000000003,0.04575000000000005,-0.016749999999999952
0,1,0,XGBoost-C,10,W2,0.2525,0.7025,0.774193548,0.10650000000000001,0.06100000000000001,-0.0014999999999999792
0,1,0,MLP-C,10,X,0.1975,0.8025,0.852336449,0.21150000000000002,0.0635,0.013499999999999967
0,1,0,MLP-C,10,W1,0.195,0.805,0.855555556,0.19625000000000006,0.07325000000000004,0.003000000000000036
0,1,0,MLP-C,10,W2,0.245,0.755,0.825,0.135,0.0935,0.024249999999999994
0,1,1,LogReg,1,X,0.17,0.83,0.869230769,0.07324999999999998,0.22924999999999995,-0.0007500000000000395
0,1,1,LogReg,1,W1,0.1925,0.8075,0.853889943,0.04524999999999998,0.22575000000000003,-0.001000000000000012
0,1,1,LogReg,1,W2,0.19,0.81,0.856060606,0.04175000000000005,0.21200000000000005,-0.0027499999999999305
0,1,1,SVC,1,X,0.1675,0.82,0.863636364,0.059499999999999956,0.21174999999999997,-0.0010000000000000453
0,1,1,SVC,1,W1,0.19,0.805,0.854477612,0.04175000000000005,0.21100000000000002,0.005250000000000044
0,1,1,SVC,1,W2,0.185,0.81,0.858208955,0.04050000000000006,0.20875000000000005,0.00275000000000003
0,1,1,RF-C,1,X,0.1725,0.8275,0.868068834,0.06600000000000003,0.23374999999999999,0.009750000000000014
0,1,1,RF-C,1,W1,0.195,0.805,0.852830189,0.041250000000000064,0.2232500000000001,0.00275000000000003
0,1,1,RF-C,1,W2,0.18,0.82,0.861538462,0.05949999999999996,0.22849999999999993,0.019249999999999934
0,1,1,XGBoost-C,1,X,0.1775,0.7975,0.846880907,0.06274999999999996,0.19949999999999996,0.006499999999999983
0,1,1,XGBoost-C,1,W1,0.1925,0.775,0.826254826,0.04,0.19525,0.0025000000000000243
0,1,1,XGBoost-C,1,W2,0.1775,0.785,0.833976834,0.044750000000000054,0.20550000000000002,-0.005749999999999966
0,1,1,MLP-C,1,X,0.17,0.83,0.869230769,0.07399999999999998,0.22924999999999995,-0.0015000000000000458
0,1,1,MLP-C,1,W1,0.18,0.82,0.860465116,0.05549999999999996,0.2459999999999999,-0.0012500000000000289
0,1,1,MLP-C,1,W2,0.175,0.825,0.865900383,0.058249999999999955,0.23299999999999996,0.0027499999999999747
0,1,1,LogReg,2,X,0.215,0.785,0.829365079,0.05725000000000002,0.21450000000000005,0.000250000000000028
0,1,1,LogReg,2,W1,0.215,0.785,0.832684825,0.055250000000000035,0.21450000000000005,0.0035000000000000252
0,1,1,LogReg,2,W2,0.235,0.765,0.815686275,0.03174999999999999,0.20575000000000002,0.0
0,1,1,SVC,2,X,0.2075,0.785,0.833333333,0.06650000000000003,0.21100000000000002,0.012250000000000049
0,1,1,SVC,2,W1,0.2225,0.7625,0.816955684,0.038249999999999965,0.19224999999999995,-0.002000000000000046
0,1,1,SVC,2,W2,0.235,0.75,0.809885932,0.016749999999999987,0.18125000000000002,-0.010749999999999992
0,1,1,RF-C,2,X,0.21,0.79,0.835294118,0.07850000000000004,0.21900000000000003,0.028750000000000032
0,1,1,RF-C,2,W1,0.2225,0.7775,0.827852998,0.05324999999999998,0.20625,0.01349999999999999
0,1,1,RF-C,2,W2,0.235,0.765,0.817120623,0.03574999999999999,0.20575000000000002,0.004750000000000043
0,1,1,XGBoost-C,2,X,0.2225,0.765,0.814229249,0.05950000000000003,0.19775000000000004,0.02300000000000002
0,1,1,XGBoost-C,2,W1,0.22,0.735,0.792156863,0.03425000000000002,0.17349999999999996,-0.002000000000000013
0,1,1,XGBoost-C,2,W2,0.235,0.7225,0.783625731,0.011500000000000043,0.16625,-0.00249999999999998
0,1,1,MLP-C,2,X,0.215,0.785,0.829365079,0.05725000000000002,0.21450000000000005,0.000250000000000028
0,1,1,MLP-C,2,W1,0.2175,0.7825,0.830409357,0.05374999999999998,0.21075,0.0037499999999999756
0,1,1,MLP-C,2,W2,0.2275,0.7725,0.819085487,0.04224999999999997,0.21924999999999994,0.0
0,1,1,LogReg,3,X,0.1925,0.8075,0.848722986,0.045000000000000005,0.25,0.005999999999999983
0,1,1,LogReg,3,W1,0.21,0.79,0.838461538,0.021750000000000037,0.23900000000000005,-0.0019999999999999797
0,1,1,LogReg,3,W2,0.1975,0.8025,0.842315369,0.03224999999999999,0.2555,-0.00025000000000001686
0,1,1,SVC,3,X,0.185,0.8125,0.852652259,0.043,0.2575,0.007999999999999997
0,1,1,SVC,3,W1,0.21,0.785,0.828,0.011750000000000038,0.24175,-0.009749999999999981
0,1,1,SVC,3,W2,0.195,0.81,0.849206349,0.03300000000000007,0.2615,0.015500000000000036
0,1,1,RF-C,3,X,0.1775,0.8225,0.857715431,0.053000000000000026,0.26999999999999996,0.018500000000000016
0,1,1,RF-C,3,W1,0.1825,0.8175,0.856015779,0.03275,0.274,0.017999999999999995
0,1,1,RF-C,3,W2,0.185,0.815,0.851405622,0.04474999999999994,0.2644999999999999,0.03399999999999993
0,1,1,XGBoost-C,3,X,0.185,0.78,0.824701195,0.045750000000000034,0.22475000000000006,0.0012500000000000289
0,1,1,XGBoost-C,3,W1,0.1925,0.7625,0.806517312,0.028249999999999942,0.22374999999999998,0.0047499999999999765
0,1,1,XGBoost-C,3,W2,0.1875,0.755,0.801619433,0.011250000000000005,0.19800000000000004,0.0040000000000000036
0,1,1,MLP-C,3,X,0.1725,0.8275,0.863905325,0.05025000000000002,0.27275,0.028249999999999997
0,1,1,MLP-C,3,W1,0.21,0.79,0.831325301,0.01425000000000004,0.25075000000000003,-0.003249999999999964
0,1,1,MLP-C,3,W2,0.1975,0.8025,0.842315369,0.032499999999999994,0.2555,-0.00025000000000001686
0,1,1,LogReg,4,X,0.2175,0.7825,0.836158192,0.03924999999999997,0.20750000000000002,-0.005000000000000027
0,1,1,LogReg,4,W1,0.2125,0.7875,0.838095238,0.043,0.22249999999999998,-0.003750000000000031
0,1,1,LogReg,4,W2,0.22,0.78,0.835820896,0.03700000000000002,0.21075,3.3306690738754695e-17
0,1,1,SVC,4,X,0.2175,0.7675,0.826815642,0.02474999999999996,0.18899999999999997,-0.015500000000000036
0,1,1,SVC,4,W1,0.21,0.78,0.83269962,0.034750000000000024,0.21125000000000002,-0.002499999999999969
0,1,1,SVC,4,W2,0.2225,0.775,0.832713755,0.03575000000000002,0.20475000000000004,0.000250000000000028
0,1,1,RF-C,4,X,0.215,0.785,0.836501901,0.04075000000000002,0.20675000000000004,0.011000000000000043
0,1,1,RF-C,4,W1,0.2075,0.7925,0.840077071,0.05374999999999998,0.22475,0.03025
0,1,1,RF-C,4,W2,0.205,0.795,0.84351145,0.04600000000000004,0.23225000000000007,0.018000000000000037
0,1,1,XGBoost-C,4,X,0.2275,0.76,0.814671815,0.03500000000000001,0.1875,0.00575000000000001
0,1,1,XGBoost-C,4,W1,0.2225,0.74,0.803773585,0.022749999999999992,0.1735,0.004499999999999971
0,1,1,XGBoost-C,4,W2,0.205,0.77,0.825757576,0.04950000000000002,0.21200000000000002,0.009750000000000036
0,1,1,MLP-C,4,X,0.205,0.795,0.841698842,0.05000000000000006,0.22475000000000006,0.0035000000000000252
0,1,1,MLP-C,4,W1,0.2025,0.7975,0.845124283,0.04999999999999999,0.23149999999999996,0.00874999999999997
0,1,1,MLP-C,4,W2,0.21,0.79,0.83908046,0.04975000000000004,0.22825,0.011000000000000032
0,1,1,LogReg,5,X,0.1625,0.8375,0.878957169,0.08600000000000003,0.223,0.006500000000000017
0,1,1,LogReg,5,W1,0.1725,0.8275,0.871985158,0.07425000000000001,0.2205,0.0015000000000000347
0,1,1,LogReg,5,W2,0.2075,0.7925,0.850987433,0.03949999999999998,0.18249999999999997,0.005749999999999977
0,1,1,SVC,5,X,0.14,0.8525,0.891344383,0.10675000000000001,0.23225,0.02575000000000004
0,1,1,SVC,5,W1,0.17,0.8175,0.867030965,0.06250000000000003,0.20750000000000002,0.00375000000000002
0,1,1,SVC,5,W2,0.205,0.7875,0.846292948,0.03899999999999996,0.1795,0.0047499999999999765
0,1,1,RF-C,5,X,0.1825,0.8175,0.86252354,0.07125000000000001,0.21225,-0.0002499999999999836
0,1,1,RF-C,5,W1,0.185,0.815,0.865454545,0.06849999999999995,0.20875,0.008499999999999942
0,1,1,RF-C,5,W2,0.2,0.8,0.850746269,0.05050000000000003,0.20575000000000004,0.019250000000000045
0,1,1,XGBoost-C,5,X,0.1625,0.76,0.823529412,0.04625,0.15925000000000003,-0.017000000000000005
0,1,1,XGBoost-C,5,W1,0.18,0.7875,0.844036697,0.05549999999999996,0.189,0.0009999999999999564
0,1,1,XGBoost-C,5,W2,0.205,0.7725,0.831168831,0.04449999999999996,0.17924999999999996,0.007249999999999967
0,1,1,MLP-C,5,X,0.16,0.84,0.881040892,0.08924999999999998,0.22449999999999998,0.008499999999999975
0,1,1,MLP-C,5,W1,0.1625,0.8375,0.876660342,0.08275000000000005,0.23500000000000001,0.008750000000000036
0,1,1,MLP-C,5,W2,0.1925,0.8075,0.856074766,0.059499999999999977,0.2105,0.015749999999999976
0,1,1,LogReg,6,X,0.1775,0.8225,0.862669246,0.068,0.23900000000000005,0.0035000000000000252
0,1,1,LogReg,6,W1,0.185,0.815,0.861940299,0.05399999999999995,0.22674999999999992,0.006999999999999918
0,1,1,LogReg,6,W2,0.1775,0.8225,0.863198459,0.06250000000000003,0.25549999999999995,0.005000000000000037
0,1,1,SVC,6,X,0.1725,0.83,0.868725869,0.08699999999999995,0.24324999999999997,0.015499999999999969
0,1,1,SVC,6,W1,0.175,0.81,0.856060606,0.059000000000000066,0.2272500000000001,0.0017500000000000514
0,1,1,SVC,6,W2,0.1775,0.7975,0.84629981,0.04199999999999998,0.22799999999999992,0.0047499999999999765
0,1,1,RF-C,6,X,0.1675,0.8325,0.86888454,0.09150000000000001,0.246,0.019250000000000024
0,1,1,RF-C,6,W1,0.19,0.81,0.85440613,0.056750000000000064,0.23650000000000007,0.005750000000000044
0,1,1,RF-C,6,W2,0.1925,0.8075,0.85767098,0.061749999999999985,0.22749999999999998,0.019999999999999997
0,1,1,XGBoost-C,6,X,0.1775,0.8025,0.84418146,0.07275,0.21725,0.013500000000000002
0,1,1,XGBoost-C,6,W1,0.1925,0.7575,0.807157058,0.04324999999999994,0.18774999999999994,-0.013500000000000057
0,1,1,XGBoost-C,6,W2,0.19,0.76,0.813953488,0.03750000000000001,0.20525000000000002,-0.0017499999999999738
0,1,1,MLP-C,6,X,0.175,0.825,0.86328125,0.07624999999999996,0.24375,0.004749999999999965
0,1,1,MLP-C,6,W1,0.175,0.825,0.86328125,0.06849999999999998,0.25149999999999995,0.0017499999999999738
0,1,1,MLP-C,6,W2,0.175,0.825,0.862745098,0.06874999999999998,0.263,0.011499999999999965
0,1,1,LogReg,7,X,0.175,0.825,0.872262774,0.06824999999999995,0.23074999999999993,0.00249999999999998
0,1,1,LogReg,7,W1,0.1975,0.8025,0.856102004,0.034999999999999996,0.21725,0.0029999999999999584
0,1,1,LogReg,7,W2,0.1975,0.8025,0.852336449,0.035750000000000004,0.23099999999999996,0.0004999999999999782
0,1,1,SVC,7,X,0.1775,0.8125,0.858757062,0.06449999999999997,0.22350000000000003,-0.005249999999999988
0,1,1,SVC,7,W1,0.2075,0.7875,0.83992467,0.03574999999999997,0.2045,-3.3306690738754695e-17
0,1,1,SVC,7,W2,0.195,0.8025,0.851782364,0.04724999999999999,0.22799999999999998,0.005999999999999994
0,1,1,RF-C,7,X,0.175,0.825,0.868421053,0.09174999999999996,0.24174999999999996,0.014249999999999962
0,1,1,RF-C,7,W1,0.19,0.81,0.856060606,0.07300000000000004,0.24100000000000005,0.02375000000000005
0,1,1,RF-C,7,W2,0.1975,0.8025,0.851224105,0.06,0.23874999999999996,0.019999999999999983
0,1,1,XGBoost-C,7,X,0.1775,0.785,0.835249042,0.06550000000000003,0.21300000000000002,0.003000000000000036
0,1,1,XGBoost-C,7,W1,0.2,0.7625,0.819047619,0.039499999999999945,0.19174999999999992,-0.011250000000000038
0,1,1,XGBoost-C,7,W2,0.1875,0.7475,0.809792844,0.02275000000000006,0.18775000000000008,0.0010000000000000453
0,1,1,MLP-C,7,X,0.17,0.83,0.870722433,0.08249999999999996,0.24599999999999994,0.008249999999999957
0,1,1,MLP-C,7,W1,0.1975,0.8025,0.852886406,0.04025000000000001,0.22075000000000006,0.0019999999999999575
0,1,1,MLP-C,7,W2,0.1875,0.8125,0.857685009,0.049249999999999995,0.24175,0.010999999999999987
0,1,1,LogReg,8,X,0.19,0.81,0.855513308,0.08425000000000005,0.22575000000000006,0.003000000000000036
0,1,1,LogReg,8,W1,0.22,0.78,0.831417625,0.04825000000000003,0.20125,0.002000000000000024
0,1,1,LogReg,8,W2,0.225,0.775,0.825581395,0.03275000000000004,0.215,0.0017500000000000072
0,1,1,SVC,8,X,0.1925,0.7875,0.840525328,0.059499999999999977,0.20174999999999996,-0.0025000000000000243
0,1,1,SVC,8,W1,0.2175,0.775,0.832089552,0.03450000000000002,0.19675000000000004,0.007000000000000039
0,1,1,SVC,8,W2,0.225,0.775,0.826923077,0.02925000000000002,0.21175000000000002,0.007750000000000035
0,1,1,RF-C,8,X,0.21,0.79,0.840304183,0.06725000000000005,0.21075,0.010000000000000031
0,1,1,RF-C,8,W1,0.22,0.78,0.83269962,0.04100000000000002,0.2125,0.010750000000000048
0,1,1,RF-C,8,W2,0.23,0.77,0.8203125,0.028750000000000008,0.21725,0.008750000000000036
0,1,1,XGBoost-C,8,X,0.2,0.765,0.817120623,0.059750000000000025,0.19275000000000003,-0.004499999999999971
0,1,1,XGBoost-C,8,W1,0.2175,0.745,0.80078125,0.02949999999999999,0.18775,-0.017749999999999988
0,1,1,XGBoost-C,8,W2,0.2275,0.7225,0.782778865,0.013000000000000034,0.17575000000000002,-0.024499999999999987
0,1,1,MLP-C,8,X,0.1925,0.8075,0.853333333,0.08124999999999999,0.22074999999999995,0.0014999999999999792
0,1,1,MLP-C,8,W1,0.2175,0.7825,0.833013436,0.05099999999999997,0.20374999999999996,0.004749999999999988
0,1,1,MLP-C,8,W2,0.225,0.775,0.825581395,0.03275000000000004,0.2145,0.0017500000000000072
0,1,1,LogReg,9,X,0.16,0.84,0.876923077,0.08224999999999996,0.24799999999999994,0.014249999999999995
0,1,1,LogReg,9,W1,0.175,0.825,0.86381323,0.059249999999999955,0.2365,0.0017499999999999738
0,1,1,LogReg,9,W2,0.185,0.815,0.859315589,0.05524999999999995,0.22399999999999992,0.007749999999999912
0,1,1,SVC,9,X,0.175,0.8125,0.856046065,0.06725,0.22199999999999998,-0.0022499999999999964
0,1,1,SVC,9,W1,0.1825,0.8075,0.853333333,0.05349999999999998,0.21824999999999997,-0.00824999999999999
0,1,1,SVC,9,W2,0.1925,0.795,0.84469697,0.04525000000000003,0.20875000000000005,-0.00824999999999998
0,1,1,RF-C,9,X,0.1725,0.8275,0.87054409,0.06000000000000003,0.25150000000000006,-0.005999999999999983
0,1,1,RF-C,9,W1,0.1875,0.8125,0.855491329,0.052749999999999984,0.23149999999999998,0.0070000000000000175
0,1,1,RF-C,9,W2,0.1975,0.8025,0.848948375,0.0395,0.22274999999999995,-0.00425000000000002
0,1,1,XGBoost-C,9,X,0.1725,0.77,0.821011673,0.03750000000000002,0.1875,-0.017999999999999995
0,1,1,XGBoost-C,9,W1,0.19,0.7725,0.824662813,0.020749999999999956,0.19224999999999998,-0.009750000000000026
0,1,1,XGBoost-C,9,W2,0.19,0.7625,0.816247582,0.02799999999999995,0.18574999999999994,-0.01475000000000004
0,1,1,MLP-C,9,X,0.17,0.83,0.866141732,0.06949999999999998,0.24274999999999997,0.006499999999999973
0,1,1,MLP-C,9,W1,0.17,0.83,0.865079365,0.06849999999999998,0.24925000000000003,0.00874999999999998
0,1,1,MLP-C,9,W2,0.185,0.815,0.859848485,0.04524999999999996,0.22874999999999995,0.003999999999999948
0,1,1,LogReg,10,X,0.1925,0.8075,0.855534709,0.05624999999999998,0.225,0.0019999999999999797
0,1,1,LogReg,10,W1,0.2025,0.7975,0.842718447,0.04374999999999999,0.22800000000000004,0.0
0,1,1,LogReg,10,W2,0.1875,0.8125,0.858223062,0.05650000000000001,0.23325,0.0007499999999999729
0,1,1,SVC,10,X,0.1975,0.7975,0.845124283,0.04124999999999999,0.21475,0.006499999999999973
0,1,1,SVC,10,W1,0.2025,0.7975,0.843326886,0.03399999999999999,0.22325,0.003249999999999975
0,1,1,SVC,10,W2,0.19,0.8125,0.858757062,0.05449999999999999,0.22625,0.003999999999999981
0,1,1,RF-C,10,X,0.2025,0.7975,0.84452975,0.04525,0.22725,-0.003000000000000036
0,1,1,RF-C,10,W1,0.205,0.795,0.839215686,0.04750000000000004,0.23350000000000004,0.013250000000000029
0,1,1,RF-C,10,W2,0.1925,0.8075,0.85767098,0.051500000000000004,0.2245,-0.0017500000000000183
0,1,1,XGBoost-C,10,X,0.205,0.75,0.802371542,0.022499999999999985,0.18125,-0.011749999999999983
0,1,1,XGBoost-C,10,W1,0.205,0.7325,0.783838384,0.008250000000000045,0.17325000000000004,-0.00024999999999996135
0,1,1,XGBoost-C,10,W2,0.2025,0.7675,0.81871345,0.04074999999999997,0.20549999999999996,0.021249999999999946
0,1,1,MLP-C,10,X,0.205,0.795,0.841085271,0.045000000000000054,0.21800000000000005,0.006500000000000039
0,1,1,MLP-C,10,W1,0.2,0.8,0.844357977,0.046250000000000034,0.2292500000000001,0.0027500000000000523
0,1,1,MLP-C,10,W2,0.19,0.81,0.853281853,0.05950000000000004,0.23250000000000007,0.004750000000000032
0,1,2,LogReg,1,X,0.145,0.855,0.882113821,0.21899999999999994,0.16949999999999993,0.0009999999999999788
0,1,2,LogReg,1,W1,0.1875,0.8125,0.848484848,0.16825,0.14775,-0.0004999999999999894
0,1,2,LogReg,1,W2,0.1825,0.8175,0.856581532,0.15650000000000003,0.179,0.0
0,1,2,SVC,1,X,0.1375,0.86,0.883333333,0.22649999999999998,0.17825000000000002,0.006749999999999978
0,1,2,SVC,1,W1,0.1925,0.805,0.843373494,0.16325000000000006,0.14050000000000007,-0.0012499999999999734
0,1,2,SVC,1,W2,0.175,0.8225,0.859960552,0.158,0.18425000000000002,0.012
0,1,2,RF-C,1,X,0.1425,0.8575,0.881987578,0.21950000000000003,0.17925000000000002,0.0007500000000000395
0,1,2,RF-C,1,W1,0.1775,0.8225,0.857142857,0.187,0.16125000000000003,0.017999999999999995
0,1,2,RF-C,1,W2,0.1725,0.8275,0.864440079,0.167,0.18700000000000003,0.010750000000000037
0,1,2,XGBoost-C,1,X,0.1475,0.8175,0.848861284,0.18575,0.1615,-0.0004999999999999894
0,1,2,XGBoost-C,1,W1,0.17,0.79,0.827160494,0.16925000000000004,0.13625000000000004,-0.0017499999999999627
0,1,2,XGBoost-C,1,W2,0.17,0.7675,0.814371257,0.1265,0.14224999999999996,0.003999999999999981
0,1,2,MLP-C,1,X,0.135,0.865,0.886075949,0.22974999999999998,0.18375,0.007499999999999984
0,1,2,MLP-C,1,W1,0.18,0.82,0.852459016,0.17899999999999994,0.15399999999999997,-0.0010000000000000343
0,1,2,MLP-C,1,W2,0.1725,0.8275,0.862275449,0.16525,0.19525,0.007750000000000023
0,1,2,LogReg,2,X,0.175,0.825,0.858299595,0.19,0.14324999999999993,0.0022499999999999742
0,1,2,LogReg,2,W1,0.19,0.81,0.846774194,0.15775000000000006,0.15100000000000005,0.0042500000000000315
0,1,2,LogReg,2,W2,0.2275,0.7725,0.816901408,0.12424999999999997,0.14549999999999996,-0.005750000000000022
0,1,2,SVC,2,X,0.175,0.815,0.853174603,0.18224999999999997,0.13099999999999995,-0.006250000000000033
0,1,2,SVC,2,W1,0.1875,0.805,0.847058824,0.14525000000000005,0.14800000000000005,-0.002249999999999963
0,1,2,SVC,2,W2,0.2175,0.7775,0.825147348,0.12949999999999998,0.14125,0.0064999999999999615
0,1,2,RF-C,2,X,0.185,0.815,0.856589147,0.18574999999999994,0.12974999999999995,-0.0010000000000000564
0,1,2,RF-C,2,W1,0.1925,0.8075,0.848126233,0.15550000000000003,0.15025,0.0044999999999999814
0,1,2,RF-C,2,W2,0.2075,0.7925,0.834331337,0.14524999999999996,0.16424999999999995,0.013749999999999984
0,1,2,XGBoost-C,2,X,0.1825,0.7975,0.834355828,0.17324999999999996,0.11624999999999996,-0.0035000000000000252
0,1,2,XGBoost-C,2,W1,0.1925,0.755,0.803212851,0.11800000000000002,0.10850000000000001,-0.020999999999999998
0,1,2,XGBoost-C,2,W2,0.2175,0.765,0.807377049,0.12325000000000001,0.15375,0.017000000000000005
0,1,2,MLP-C,2,X,0.175,0.825,0.858299595,0.19249999999999998,0.13949999999999996,0.0004999999999999894
0,1,2,MLP-C,2,W1,0.185,0.815,0.850806452,0.16874999999999996,0.15824999999999995,0.00599999999999995
0,1,2,MLP-C,2,W2,0.2175,0.7825,0.824242424,0.13574999999999998,0.15749999999999997,0.006999999999999973
0,1,2,LogReg,3,X,0.1775,0.8225,0.847965739,0.17825000000000002,0.1665,0.0022500000000000298
0,1,2,LogReg,3,W1,0.2,0.8,0.829787234,0.16175000000000003,0.16450000000000004,0.006750000000000034
0,1,2,LogReg,3,W2,0.255,0.745,0.792682927,0.08574999999999998,0.13525,0.003499999999999981
0,1,2,SVC,3,X,0.1775,0.8175,0.847599165,0.16924999999999998,0.16375,0.001000000000000012
0,1,2,SVC,3,W1,0.21,0.7875,0.822546973,0.14675,0.15425,-0.0030000000000000248
0,1,2,SVC,3,W2,0.265,0.74,0.795275591,0.07425000000000001,0.13224999999999998,-0.007000000000000006
0,1,2,RF-C,3,X,0.18,0.82,0.845493562,0.17824999999999996,0.16649999999999993,0.010499999999999943
0,1,2,RF-C,3,W1,0.2175,0.7825,0.814498934,0.15274999999999994,0.15,0.011999999999999988
0,1,2,RF-C,3,W2,0.2525,0.7475,0.795959596,0.07975000000000006,0.14275000000000004,-0.003249999999999953
0,1,2,XGBoost-C,3,X,0.175,0.7875,0.819532909,0.14875,0.12874999999999998,0.008999999999999975
0,1,2,XGBoost-C,3,W1,0.2125,0.7625,0.800838574,0.12349999999999997,0.13099999999999995,-0.0010000000000000453
0,1,2,XGBoost-C,3,W2,0.2425,0.71,0.755274262,0.05174999999999996,0.11624999999999996,0.011249999999999972
0,1,2,MLP-C,3,X,0.1775,0.8225,0.8492569,0.17400000000000002,0.17099999999999999,0.005250000000000032
0,1,2,MLP-C,3,W1,0.2,0.8,0.829787234,0.16200000000000006,0.16450000000000004,0.007000000000000039
0,1,2,MLP-C,3,W2,0.2625,0.7375,0.782608696,0.07575000000000003,0.13100000000000006,-0.0009999999999999788
0,1,2,LogReg,4,X,0.17,0.83,0.864,0.15724999999999995,0.19549999999999995,0.0019999999999999797
0,1,2,LogReg,4,W1,0.1975,0.8025,0.846003899,0.11874999999999995,0.188,0.007499999999999984
0,1,2,LogReg,4,W2,0.2175,0.7825,0.830409357,0.09499999999999999,0.1795,0.004249999999999965
0,1,2,SVC,4,X,0.17,0.815,0.853754941,0.14499999999999993,0.17549999999999993,-0.007000000000000029
0,1,2,SVC,4,W1,0.2025,0.7975,0.84086444,0.11649999999999996,0.17674999999999996,0.0027499999999999634
0,1,2,SVC,4,W2,0.215,0.7825,0.83172147,0.09424999999999997,0.18249999999999997,0.0044999999999999814
0,1,2,RF-C,4,X,0.185,0.815,0.85546875,0.14524999999999993,0.17949999999999994,0.00599999999999995
0,1,2,RF-C,4,W1,0.215,0.785,0.832684825,0.10850000000000004,0.16400000000000003,0.006500000000000028
0,1,2,RF-C,4,W2,0.2175,0.7825,0.828402367,0.10399999999999995,0.18249999999999997,0.00874999999999998
0,1,2,XGBoost-C,4,X,0.1875,0.7725,0.821218075,0.11949999999999998,0.14799999999999996,0.000749999999999984
0,1,2,XGBoost-C,4,W1,0.21,0.7425,0.8,0.08525000000000003,0.14650000000000002,-0.009249999999999958
0,1,2,XGBoost-C,4,W2,0.2125,0.7425,0.793587174,0.08850000000000005,0.14600000000000005,0.0010000000000000453
0,1,2,MLP-C,4,X,0.165,0.835,0.866935484,0.16374999999999998,0.20224999999999999,0.00924999999999998
0,1,2,MLP-C,4,W1,0.1975,0.8025,0.84418146,0.12374999999999999,0.187,0.0064999999999999945
0,1,2,MLP-C,4,W2,0.215,0.785,0.830708661,0.09475000000000001,0.18975000000000003,0.0042500000000000315
0,1,2,LogReg,5,X,0.1825,0.8175,0.859344894,0.1695,0.14899999999999997,0.0050000000000000044
0,1,2,LogReg,5,W1,0.2375,0.7625,0.812623274,0.10874999999999994,0.14024999999999999,0.009749999999999958
0,1,2,LogReg,5,W2,0.21,0.79,0.832669323,0.1345,0.16950000000000004,0.008750000000000036
0,1,2,SVC,5,X,0.1875,0.8125,0.850894632,0.1705,0.147,0.004249999999999987
0,1,2,SVC,5,W1,0.2375,0.745,0.80078125,0.088,0.11725000000000001,-0.006249999999999989
0,1,2,SVC,5,W2,0.2175,0.7675,0.820809249,0.11224999999999996,0.14674999999999996,-0.0007500000000000174
0,1,2,RF-C,5,X,0.1825,0.8175,0.850715746,0.18,0.15025,0.0005000000000000004
0,1,2,RF-C,5,W1,0.24,0.76,0.811023622,0.11050000000000004,0.14400000000000002,0.024
0,1,2,RF-C,5,W2,0.2425,0.7575,0.809430255,0.11774999999999998,0.13924999999999996,0.0009999999999999675
0,1,2,XGBoost-C,5,X,0.1725,0.78,0.818181818,0.15525000000000003,0.12225000000000001,-0.01849999999999997
0,1,2,XGBoost-C,5,W1,0.245,0.735,0.791338583,0.0905,0.11825,0.0014999999999999792
0,1,2,XGBoost-C,5,W2,0.2375,0.7375,0.787878788,0.11575000000000005,0.11800000000000004,-0.003499999999999981
0,1,2,MLP-C,5,X,0.1875,0.8125,0.850299401,0.18125000000000005,0.14600000000000002,0.008499999999999985
0,1,2,MLP-C,5,W1,0.2325,0.7675,0.819417476,0.12324999999999997,0.14474999999999996,0.014249999999999962
0,1,2,MLP-C,5,W2,0.2075,0.7925,0.834331337,0.13649999999999998,0.17350000000000002,0.011750000000000005
0,1,2,LogReg,6,X,0.16,0.84,0.868312757,0.19499999999999998,0.20424999999999996,0.005999999999999972
0,1,2,LogReg,6,W1,0.2,0.8,0.84496124,0.13775,0.17225000000000007,0.010750000000000037
0,1,2,LogReg,6,W2,0.235,0.765,0.81496063,0.10225,0.16024999999999995,-0.005749999999999989
0,1,2,SVC,6,X,0.1625,0.8425,0.872210953,0.19900000000000004,0.20200000000000004,0.007000000000000039
0,1,2,SVC,6,W1,0.2075,0.7875,0.828973843,0.13824999999999998,0.16849999999999996,0.005499999999999982
0,1,2,SVC,6,W2,0.235,0.755,0.806324111,0.0935,0.1555,-0.0037499999999999643
0,1,2,RF-C,6,X,0.1775,0.8225,0.855397149,0.18175000000000002,0.18425,-0.00024999999999996135
0,1,2,RF-C,6,W1,0.2075,0.7925,0.832323232,0.141,0.18474999999999997,0.0017499999999999738
0,1,2,RF-C,6,W2,0.235,0.765,0.812,0.10350000000000001,0.16950000000000004,0.0025000000000000243
0,1,2,XGBoost-C,6,X,0.17,0.775,0.813278008,0.14525000000000002,0.13825000000000004,-0.011249999999999993
0,1,2,XGBoost-C,6,W1,0.2,0.73,0.782258065,0.09624999999999999,0.12225,-0.019750000000000035
0,1,2,XGBoost-C,6,W2,0.225,0.735,0.78968254,0.09099999999999998,0.14425000000000002,0.00974999999999997
0,1,2,MLP-C,6,X,0.16,0.84,0.868312757,0.19624999999999998,0.20124999999999998,0.005249999999999966
0,1,2,MLP-C,6,W1,0.2025,0.7975,0.832298137,0.15125,0.19324999999999998,0.016749999999999987
0,1,2,MLP-C,6,W2,0.23,0.77,0.812244898,0.10725000000000003,0.18125000000000005,0.005250000000000021
0,1,2,LogReg,7,X,0.21,0.79,0.838461538,0.12650000000000003,0.17775000000000005,0.001000000000000023
0,1,2,LogReg,7,W1,0.2175,0.7825,0.834285714,0.11825,0.16674999999999995,-0.0010000000000000343
0,1,2,LogReg,7,W2,0.23,0.77,0.823076923,0.09725000000000002,0.176,0.0022500000000000185
0,1,2,SVC,7,X,0.205,0.79,0.838461538,0.13175000000000003,0.17850000000000002,0.009500000000000054
0,1,2,SVC,7,W1,0.23,0.76,0.813953488,0.09625000000000002,0.14525000000000002,-0.0017499999999999738
0,1,2,SVC,7,W2,0.2225,0.7725,0.823984526,0.10249999999999995,0.17224999999999996,0.012499999999999989
0,1,2,RF-C,7,X,0.2125,0.7875,0.834307992,0.13624999999999998,0.17475,0.010749999999999971
0,1,2,RF-C,7,W1,0.225,0.775,0.830827068,0.10924999999999999,0.15699999999999997,0.004750000000000021
0,1,2,RF-C,7,W2,0.2275,0.7725,0.823300971,0.11099999999999996,0.17575,0.021499999999999964
0,1,2,XGBoost-C,7,X,0.2125,0.7575,0.807920792,0.11199999999999996,0.14999999999999997,0.008749999999999947
0,1,2,XGBoost-C,7,W1,0.2325,0.735,0.791338583,0.09049999999999998,0.12499999999999997,-0.011250000000000005
0,1,2,XGBoost-C,7,W2,0.235,0.735,0.793774319,0.07899999999999999,0.14724999999999996,0.006999999999999984
0,1,2,MLP-C,7,X,0.2025,0.7975,0.842718447,0.13424999999999998,0.1835,0.024250000000000004
0,1,2,MLP-C,7,W1,0.235,0.765,0.817120623,0.10350000000000001,0.15200000000000002,0.00025000000000001686
0,1,2,MLP-C,7,W2,0.225,0.775,0.82,0.10800000000000001,0.18225000000000002,0.01475000000000004
0,1,2,LogReg,8,X,0.16,0.84,0.872,0.17949999999999994,0.16349999999999998,-0.002000000000000024
0,1,2,LogReg,8,W1,0.1875,0.8125,0.858223062,0.14425000000000002,0.15625,0.0040000000000000036
0,1,2,LogReg,8,W2,0.2375,0.7625,0.819734345,0.09649999999999996,0.13124999999999998,0.010249999999999948
0,1,2,SVC,8,X,0.16,0.84,0.875,0.17074999999999996,0.16149999999999998,0.00249999999999998
0,1,2,SVC,8,W1,0.1925,0.81,0.853846154,0.14225000000000007,0.15775000000000006,-0.0024999999999999467
0,1,2,SVC,8,W2,0.2375,0.76,0.816793893,0.09075000000000003,0.12500000000000003,0.004750000000000021
0,1,2,RF-C,8,X,0.16,0.84,0.874015748,0.17549999999999993,0.16374999999999998,0.00924999999999998
0,1,2,RF-C,8,W1,0.1875,0.8125,0.855491329,0.14625000000000005,0.16,0.0022499999999999855
0,1,2,RF-C,8,W2,0.245,0.755,0.810810811,0.0915,0.12200000000000003,0.00774999999999999
0,1,2,XGBoost-C,8,X,0.1575,0.7825,0.822810591,0.14474999999999996,0.12274999999999998,-0.006750000000000034
0,1,2,XGBoost-C,8,W1,0.1825,0.755,0.805555556,0.10874999999999999,0.1295,-0.005499999999999982
0,1,2,XGBoost-C,8,W2,0.2425,0.715,0.775590551,0.07399999999999998,0.10424999999999995,-0.018250000000000054
0,1,2,MLP-C,8,X,0.155,0.845,0.875502008,0.1865,0.16949999999999998,0.0029999999999999693
0,1,2,MLP-C,8,W1,0.1825,0.8175,0.856015779,0.15150000000000002,0.165,0.002000000000000013
0,1,2,MLP-C,8,W2,0.235,0.765,0.81496063,0.08800000000000004,0.14525000000000002,0.008000000000000018
0,1,2,LogReg,9,X,0.1625,0.8375,0.867617108,0.14450000000000002,0.17775000000000005,0.005500000000000038
0,1,2,LogReg,9,W1,0.195,0.805,0.843373494,0.10975000000000006,0.16600000000000004,0.0010000000000000343
0,1,2,LogReg,9,W2,0.21,0.79,0.830645161,0.08525000000000003,0.17775000000000002,-0.000749999999999984
0,1,2,SVC,9,X,0.1625,0.8325,0.862985685,0.13475,0.18025000000000005,-0.0009999999999999675
0,1,2,SVC,9,W1,0.2025,0.795,0.833333333,0.09650000000000004,0.17025000000000004,-0.011499999999999977
0,1,2,SVC,9,W2,0.2025,0.795,0.838582677,0.08350000000000005,0.18725000000000006,0.008500000000000018
0,1,2,RF-C,9,X,0.16,0.84,0.868312757,0.14574999999999996,0.19099999999999998,0.023249999999999982
0,1,2,RF-C,9,W1,0.1925,0.8075,0.843177189,0.119,0.179,0.01449999999999998
0,1,2,RF-C,9,W2,0.215,0.785,0.827309237,0.07725000000000001,0.17950000000000005,0.010750000000000037
0,1,2,XGBoost-C,9,X,0.1675,0.81,0.844262295,0.12650000000000006,0.16050000000000003,0.014500000000000046
0,1,2,XGBoost-C,9,W1,0.19,0.7725,0.816901408,0.09224999999999997,0.15024999999999997,-0.0032500000000000306
0,1,2,XGBoost-C,9,W2,0.2075,0.7725,0.816161616,0.07999999999999996,0.17949999999999994,0.015499999999999969
0,1,2,MLP-C,9,X,0.16,0.84,0.867219917,0.14724999999999996,0.18649999999999997,0.006249999999999989
0,1,2,MLP-C,9,W1,0.195,0.805,0.8375,0.11325000000000003,0.17250000000000004,0.0015000000000000347
0,1,2,MLP-C,9,W2,0.2075,0.7925,0.832323232,0.08724999999999997,0.18024999999999997,0.0014999999999999569
0,1,2,LogReg,10,X,0.1675,0.8325,0.867326733,0.16200000000000003,0.197,3.3306690738754695e-17
0,1,2,LogReg,10,W1,0.1825,0.8175,0.854870775,0.14275,0.194,0.010499999999999976
0,1,2,LogReg,10,W2,0.215,0.785,0.832684825,0.10000000000000002,0.17525000000000002,0.0022500000000000298
0,1,2,SVC,10,X,0.17,0.815,0.856031128,0.14324999999999993,0.17599999999999996,-0.004500000000000037
0,1,2,SVC,10,W1,0.18,0.795,0.841698842,0.12450000000000006,0.16150000000000003,-0.004999999999999982
0,1,2,SVC,10,W2,0.215,0.7775,0.828516378,0.09349999999999996,0.16374999999999998,-0.0025000000000000356
0,1,2,RF-C,10,X,0.1675,0.8325,0.871892925,0.15700000000000003,0.19325000000000006,0.0012500000000000178
0,1,2,RF-C,10,W1,0.1975,0.8025,0.8477842,0.1265,0.18075,0.014249999999999985
0,1,2,RF-C,10,W2,0.2175,0.7825,0.829745597,0.09874999999999996,0.17524999999999996,0.0034999999999999697
0,1,2,XGBoost-C,10,X,0.16,0.7975,0.842105263,0.1295,0.16499999999999998,0.007999999999999962
0,1,2,XGBoost-C,10,W1,0.1975,0.7725,0.820512821,0.10449999999999995,0.16674999999999995,0.00024999999999997247
0,1,2,XGBoost-C,10,W2,0.21,0.7675,0.816568047,0.09199999999999996,0.16224999999999995,0.007499999999999962
0,1,2,MLP-C,10,X,0.165,0.835,0.868,0.16649999999999995,0.19724999999999998,-0.0022500000000000298
0,1,2,MLP-C,10,W1,0.1775,0.8225,0.855983773,0.15475,0.20175,0.005500000000000016
0,1,2,MLP-C,10,W2,0.215,0.785,0.832684825,0.10000000000000002,0.17500000000000002,0.0022500000000000298
1,0,0,LogReg,1,X,0.196666667,0.801666667,0.8026534,0.24149999999999996,0.08299999999999998,0.001499999999999968
1,0,0,LogReg,1,W1,0.241666667,0.758333333,0.761120264,0.19283333333333327,0.08199999999999995,0.0029999999999999693
1,0,0,LogReg,1,W2,0.26,0.74,0.742574257,0.16799999999999998,0.08666666666666666,0.0020000000000000018
1,0,0,SVC,1,X,0.196666667,0.796666667,0.799342105,0.24366666666666664,0.07866666666666663,0.005499999999999982
1,0,0,SVC,1,W1,0.245,0.75,0.74916388,0.18666666666666668,0.07533333333333334,-0.0025000000000000022
1,0,0,SVC,1,W2,0.258333333,0.736666667,0.74267101,0.16383333333333336,0.07883333333333337,-0.0026666666666666393
1,0,0,RF-C,1,X,0.196666667,0.803333333,0.802675585,0.25483333333333336,0.07366666666666669,0.011166666666666658
1,0,0,RF-C,1,W1,0.236666667,0.763333333,0.759322034,0.1973333333333333,0.0898333333333333,0.0051666666666666415
1,0,0,RF-C,1,W2,0.261666667,0.738333333,0.74554295,0.16299999999999995,0.07499999999999998,-0.00016666666666670382
1,0,0,XGBoost-C,1,X,0.193333333,0.77,0.77076412,0.21866666666666665,0.06533333333333334,0.018833333333333348
1,0,0,XGBoost-C,1,W1,0.25,0.716666667,0.723127036,0.14850000000000002,0.07500000000000001,0.0021666666666666614
1,0,0,XGBoost-C,1,W2,0.263333333,0.721666667,0.72305141,0.15483333333333335,0.06933333333333334,0.011666666666666681
1,0,0,MLP-C,1,X,0.195,0.805,0.8091354,0.25566666666666665,0.08533333333333334,0.015166666666666717
1,0,0,MLP-C,1,W1,0.241666667,0.758333333,0.761120264,0.19283333333333327,0.08233333333333329,0.0023333333333333097
1,0,0,MLP-C,1,W2,0.258333333,0.741666667,0.747145188,0.17033333333333336,0.0861666666666667,0.0008333333333333748
1,0,0,LogReg,2,X,0.198333333,0.801666667,0.793760832,0.2538333333333333,0.08699999999999997,-0.008666666666666689
1,0,0,LogReg,2,W1,0.255,0.745,0.738461538,0.1878333333333333,0.07833333333333334,-0.005500000000000005
1,0,0,LogReg,2,W2,0.255,0.745,0.737564322,0.19183333333333336,0.091,0.003166666666666673
1,0,0,SVC,2,X,0.198333333,0.791666667,0.785591767,0.2376666666666666,0.07816666666666663,-0.015333333333333376
1,0,0,SVC,2,W1,0.251666667,0.748333333,0.743633277,0.19183333333333336,0.0838333333333333,0.0009999999999999788
1,0,0,SVC,2,W2,0.255,0.731666667,0.732113145,0.1731666666666667,0.08766666666666668,0.0018333333333333645
1,0,0,RF-C,2,X,0.198333333,0.801666667,0.792321117,0.25883333333333336,0.0818333333333333,0.003833333333333311
1,0,0,RF-C,2,W1,0.258333333,0.741666667,0.735945486,0.1891666666666667,0.08316666666666671,0.006666666666666687
1,0,0,RF-C,2,W2,0.256666667,0.743333333,0.738095238,0.18683333333333327,0.08816666666666663,0.003999999999999948
1,0,0,XGBoost-C,2,X,0.195,0.761666667,0.7504363,0.2206666666666667,0.06916666666666671,0.002000000000000046
1,0,0,XGBoost-C,2,W1,0.251666667,0.708333333,0.69775475,0.1561666666666667,0.06950000000000003,0.0008333333333333859
1,0,0,XGBoost-C,2,W2,0.245,0.695,0.696517413,0.14699999999999994,0.0763333333333333,0.0011666666666666047
1,0,0,MLP-C,2,X,0.196666667,0.803333333,0.795138889,0.25566666666666665,0.08716666666666667,-0.006666666666666654
1,0,0,MLP-C,2,W1,0.248333333,0.751666667,0.742659758,0.1951666666666667,0.08400000000000003,0.0018333333333333645
1,0,0,MLP-C,2,W2,0.253333333,0.746666667,0.740614334,0.19283333333333336,0.09333333333333337,0.005833333333333368
1,0,0,LogReg,3,X,0.215,0.785,0.792270531,0.2546666666666667,0.059666666666666666,-0.0006666666666666377
1,0,0,LogReg,3,W1,0.23,0.77,0.776699029,0.22983333333333333,0.06350000000000001,0.003999999999999992
1,0,0,LogReg,3,W2,0.266666667,0.733333333,0.746031746,0.19383333333333327,0.059499999999999956,0.004666666666666619
1,0,0,SVC,3,X,0.21,0.773333333,0.782747604,0.24333333333333332,0.04949999999999999,-0.009666666666666657
1,0,0,SVC,3,W1,0.23,0.768333333,0.7776,0.23016666666666669,0.05833333333333333,0.0031666666666666397
1,0,0,SVC,3,W2,0.263333333,0.735,0.747217806,0.1993333333333333,0.06183333333333331,0.007499999999999974
1,0,0,RF-C,3,X,0.213333333,0.786666667,0.791530945,0.25666666666666665,0.060666666666666626,0.005833333333333324
1,0,0,RF-C,3,W1,0.231666667,0.768333333,0.776886035,0.236,0.05499999999999997,0.006666666666666665
1,0,0,RF-C,3,W2,0.251666667,0.748333333,0.759170654,0.21216666666666661,0.07633333333333331,0.013499999999999967
1,0,0,XGBoost-C,3,X,0.213333333,0.755,0.768503937,0.2288333333333333,0.04983333333333334,-0.00933333333333335
1,0,0,XGBoost-C,3,W1,0.228333333,0.745,0.755980861,0.20783333333333331,0.051500000000000004,0.0064999999999999945
1,0,0,XGBoost-C,3,W2,0.255,0.688333333,0.706436421,0.15083333333333332,0.0456666666666667,-0.008833333333333304
1,0,0,MLP-C,3,X,0.213333333,0.786666667,0.794212219,0.25499999999999995,0.06149999999999996,0.0
1,0,0,MLP-C,3,W1,0.223333333,0.776666667,0.778145695,0.2333333333333333,0.07683333333333328,0.000833333333333286
1,0,0,MLP-C,3,W2,0.263333333,0.736666667,0.750788644,0.1976666666666667,0.06350000000000003,0.004500000000000015
1,0,0,LogReg,4,X,0.221666667,0.778333333,0.774193548,0.23616666666666664,0.0765,0.0011666666666666826
1,0,0,LogReg,4,W1,0.245,0.755,0.748717949,0.2126666666666667,0.07200000000000001,0.0016666666666666718
1,0,0,LogReg,4,W2,0.286666667,0.713333333,0.707482993,0.15816666666666673,0.07333333333333339,-0.006499999999999973
1,0,0,SVC,4,X,0.216666667,0.771666667,0.768971332,0.23199999999999993,0.06916666666666661,-0.008166666666666711
1,0,0,SVC,4,W1,0.246666667,0.74,0.741721854,0.19283333333333333,0.058499999999999996,-0.007166666666666677
1,0,0,SVC,4,W2,0.273333333,0.721666667,0.716468591,0.16016666666666665,0.08383333333333334,0.0018333333333333313
1,0,0,RF-C,4,X,0.215,0.785,0.778730703,0.26133333333333336,0.061333333333333365,0.006333333333333369
1,0,0,RF-C,4,W1,0.241666667,0.758333333,0.755480607,0.21316666666666664,0.07166666666666663,0.009333333333333305
1,0,0,RF-C,4,W2,0.283333333,0.716666667,0.713804714,0.15950000000000003,0.07416666666666669,0.0004999999999999894
1,0,0,XGBoost-C,4,X,0.215,0.731666667,0.730318258,0.19933333333333333,0.04750000000000002,-0.0158333333333333
1,0,0,XGBoost-C,4,W1,0.235,0.7,0.696969697,0.17399999999999993,0.03483333333333326,-0.03116666666666672
1,0,0,XGBoost-C,4,W2,0.28,0.651666667,0.653399668,0.11333333333333329,0.034333333333333285,-0.010000000000000042
1,0,0,MLP-C,4,X,0.206666667,0.793333333,0.799352751,0.25133333333333335,0.08866666666666667,0.0004999999999999894
1,0,0,MLP-C,4,W1,0.246666667,0.753333333,0.746575342,0.21233333333333332,0.06966666666666665,0.0008333333333332971
1,0,0,MLP-C,4,W2,0.27,0.73,0.725423729,0.17083333333333334,0.09249999999999999,0.008499999999999975
1,0,0,LogReg,5,X,0.22,0.78,0.767605634,0.25000000000000006,0.05000000000000003,0.0008333333333333526
1,0,0,LogReg,5,W1,0.263333333,0.735,0.722513089,0.2018333333333333,0.03833333333333333,-0.006499999999999973
1,0,0,LogReg,5,W2,0.285,0.715,0.700525394,0.18616666666666665,0.04449999999999997,0.0001666666666666261
1,0,0,SVC,5,X,0.218333333,0.771666667,0.754039497,0.24133333333333326,0.042666666666666596,-0.00016666666666672602
1,0,0,SVC,5,W1,0.256666667,0.733333333,0.727891156,0.205,0.037666666666666626,-0.004000000000000059
1,0,0,SVC,5,W2,0.29,0.701666667,0.676311031,0.178,0.03366666666666666,-0.008000000000000007
1,0,0,RF-C,5,X,0.221666667,0.778333333,0.767888307,0.26183333333333325,0.035666666666666666,0.006833333333333335
1,0,0,RF-C,5,W1,0.261666667,0.738333333,0.730703259,0.21466666666666662,0.05399999999999995,0.01599999999999995
1,0,0,RF-C,5,W2,0.278333333,0.721666667,0.706502636,0.20133333333333336,0.05233333333333333,0.007833333333333336
1,0,0,XGBoost-C,5,X,0.225,0.766666667,0.755244755,0.23966666666666675,0.05950000000000005,0.01816666666666672
1,0,0,XGBoost-C,5,W1,0.26,0.718333333,0.715008432,0.1946666666666667,0.046000000000000055,0.0016666666666667162
1,0,0,XGBoost-C,5,W2,0.273333333,0.7,0.692832765,0.17383333333333326,0.059666666666666625,0.002833333333333299
1,0,0,MLP-C,5,X,0.216666667,0.783333333,0.773519164,0.25349999999999995,0.05283333333333332,0.001666666666666683
1,0,0,MLP-C,5,W1,0.256666667,0.743333333,0.73630137,0.21116666666666664,0.0483333333333333,-0.0015000000000000458
1,0,0,MLP-C,5,W2,0.285,0.715,0.700525394,0.1863333333333333,0.04449999999999997,0.0001666666666666261
1,0,0,LogReg,6,X,0.188333333,0.811666667,0.811980033,0.26066666666666666,0.07833333333333332,-0.000333333333333341
1,0,0,LogReg,6,W1,0.233333333,0.766666667,0.769736842,0.20800000000000005,0.07866666666666672,0.0008333333333333636
1,0,0,LogReg,6,W2,0.263333333,0.736666667,0.731292517,0.17500000000000004,0.07600000000000003,-0.0019999999999999575
1,0,0,SVC,6,X,0.178333333,0.815,0.812182741,0.26099999999999995,0.08699999999999994,-0.002166666666666717
1,0,0,SVC,6,W1,0.233333333,0.75,0.74916388,0.19083333333333335,0.05833333333333333,-0.007833333333333336
1,0,0,SVC,6,W2,0.253333333,0.738333333,0.729776248,0.17183333333333328,0.08016666666666664,-0.00016666666666670382
1,0,0,RF-C,6,X,0.183333333,0.816666667,0.814814815,0.26883333333333326,0.07616666666666665,0.009333333333333305
1,0,0,RF-C,6,W1,0.248333333,0.751666667,0.75041876,0.20516666666666666,0.06283333333333337,0.012333333333333373
1,0,0,RF-C,6,W2,0.255,0.745,0.739352641,0.17883333333333334,0.10116666666666667,0.028166666666666663
1,0,0,XGBoost-C,6,X,0.178333333,0.778333333,0.772649573,0.22899999999999995,0.07233333333333332,0.00033333333333331885
1,0,0,XGBoost-C,6,W1,0.236666667,0.706666667,0.706666667,0.16566666666666668,0.05050000000000001,-0.005166666666666664
1,0,0,XGBoost-C,6,W2,0.258333333,0.7,0.695945946,0.14966666666666661,0.06916666666666663,0.004833333333333289
1,0,0,MLP-C,6,X,0.176666667,0.823333333,0.822147651,0.2693333333333333,0.09100000000000003,0.0055000000000000274
1,0,0,MLP-C,6,W1,0.231666667,0.768333333,0.770247934,0.20966666666666667,0.07983333333333328,0.0009999999999999675
1,0,0,MLP-C,6,W2,0.258333333,0.741666667,0.736842105,0.17950000000000005,0.08000000000000004,0.0011666666666667047
1,0,0,LogReg,7,X,0.22,0.78,0.773195876,0.23483333333333337,0.05733333333333336,-0.0001666666666666261
1,0,0,LogReg,7,W1,0.231666667,0.768333333,0.763202726,0.21783333333333332,0.06899999999999998,-0.004666666666666675
1,0,0,LogReg,7,W2,0.278333333,0.721666667,0.710571924,0.1681666666666667,0.04900000000000002,0.0011666666666666713
1,0,0,SVC,7,X,0.218333333,0.778333333,0.774193548,0.23249999999999998,0.05466666666666664,0.0036666666666666627
1,0,0,SVC,7,W1,0.226666667,0.765,0.757314974,0.22150000000000003,0.07100000000000002,-0.006999999999999984
1,0,0,SVC,7,W2,0.271666667,0.73,0.71875,0.17649999999999996,0.05516666666666664,0.008499999999999975
1,0,0,RF-C,7,X,0.226666667,0.773333333,0.769491525,0.22666666666666666,0.05783333333333331,0.00366666666666664
1,0,0,RF-C,7,W1,0.225,0.775,0.769230769,0.23233333333333334,0.07816666666666669,0.005833333333333346
1,0,0,RF-C,7,W2,0.278333333,0.721666667,0.708551483,0.16966666666666666,0.048833333333333354,0.008499999999999997
1,0,0,XGBoost-C,7,X,0.213333333,0.751666667,0.745299145,0.19950000000000007,0.04800000000000004,0.004833333333333367
1,0,0,XGBoost-C,7,W1,0.223333333,0.743333333,0.745033113,0.18916666666666665,0.045833333333333295,0.005999999999999961
1,0,0,XGBoost-C,7,W2,0.256666667,0.688333333,0.686767169,0.14083333333333337,0.02183333333333335,0.0011666666666666826
1,0,0,MLP-C,7,X,0.22,0.78,0.773972603,0.23500000000000004,0.05633333333333337,0.0011666666666667047
1,0,0,MLP-C,7,W1,0.226666667,0.773333333,0.766323024,0.22366666666666662,0.0748333333333333,0.0011666666666666713
1,0,0,MLP-C,7,W2,0.273333333,0.726666667,0.717241379,0.17466666666666666,0.05016666666666668,0.005333333333333334
1,0,0,LogReg,8,X,0.198333333,0.801666667,0.782449726,0.21983333333333327,0.09016666666666663,0.0001666666666666261
1,0,0,LogReg,8,W1,0.258333333,0.741666667,0.719710669,0.16383333333333336,0.07816666666666669,0.0015000000000000347
1,0,0,LogReg,8,W2,0.256666667,0.743333333,0.726950355,0.15016666666666664,0.10666666666666662,0.0001666666666666372
1,0,0,SVC,8,X,0.201666667,0.788333333,0.767824497,0.20716666666666664,0.07749999999999999,-0.003500000000000003
1,0,0,SVC,8,W1,0.258333333,0.731666667,0.70990991,0.15533333333333338,0.06900000000000003,-0.007166666666666643
1,0,0,SVC,8,W2,0.243333333,0.75,0.739583333,0.15166666666666667,0.11966666666666667,0.0023333333333333426
1,0,0,RF-C,8,X,0.205,0.795,0.779964222,0.22533333333333339,0.08783333333333339,0.011000000000000043
1,0,0,RF-C,8,W1,0.261666667,0.738333333,0.724077329,0.15366666666666662,0.08383333333333329,0.00583333333333329
1,0,0,RF-C,8,W2,0.251666667,0.748333333,0.733686067,0.1533333333333333,0.12383333333333331,0.0001666666666666261
1,0,0,XGBoost-C,8,X,0.203333333,0.775,0.761904762,0.20950000000000002,0.0856666666666667,0.004333333333333378
1,0,0,XGBoost-C,8,W1,0.263333333,0.716666667,0.696428571,0.142,0.0675,-0.0011666666666666826
1,0,0,XGBoost-C,8,W2,0.24,0.706666667,0.690140845,0.14733333333333337,0.09916666666666667,0.007000000000000006
1,0,0,MLP-C,8,X,0.196666667,0.803333333,0.783882784,0.22249999999999998,0.09150000000000001,0.000666666666666671
1,0,0,MLP-C,8,W1,0.255,0.745,0.725314183,0.16666666666666669,0.08133333333333334,0.007166666666666677
1,0,0,MLP-C,8,W2,0.243333333,0.756666667,0.742957746,0.16466666666666668,0.11983333333333338,0.008000000000000063
1,0,0,LogReg,9,X,0.19,0.81,0.8125,0.25933333333333336,0.09466666666666672,0.00016666666666668162
1,0,0,LogReg,9,W1,0.245,0.755,0.761750405,0.20116666666666666,0.07633333333333335,0.003166666666666673
1,0,0,LogReg,9,W2,0.266666667,0.733333333,0.741100324,0.17033333333333328,0.06533333333333327,-0.001666666666666694
1,0,0,SVC,9,X,0.19,0.808333333,0.812398042,0.2633333333333333,0.08800000000000001,0.005500000000000005
1,0,0,SVC,9,W1,0.243333333,0.75,0.756493506,0.19666666666666668,0.0745,-0.004333333333333344
1,0,0,SVC,9,W2,0.256666667,0.738333333,0.754303599,0.17799999999999994,0.07399999999999995,0.0014999999999999458
1,0,0,RF-C,9,X,0.196666667,0.803333333,0.806557377,0.26166666666666666,0.08383333333333334,0.004333333333333333
1,0,0,RF-C,9,W1,0.25,0.75,0.754098361,0.20683333333333334,0.08333333333333334,0.015833333333333345
1,0,0,RF-C,9,W2,0.263333333,0.736666667,0.753125,0.1865,0.07066666666666668,0.0038333333333333552
1,0,0,XGBoost-C,9,X,0.2,0.77,0.771523179,0.2206666666666667,0.06333333333333337,0.007666666666666688
1,0,0,XGBoost-C,9,W1,0.256666667,0.7,0.7,0.1648333333333333,0.05299999999999995,-0.0015000000000000458
1,0,0,XGBoost-C,9,W2,0.25,0.691666667,0.707740916,0.1333333333333333,0.06066666666666667,-0.000666666666666671
1,0,0,MLP-C,9,X,0.186666667,0.813333333,0.815181518,0.261,0.1001666666666667,0.0005000000000000227
1,0,0,MLP-C,9,W1,0.24,0.76,0.757575758,0.20516666666666666,0.07916666666666669,0.001833333333333309
1,0,0,MLP-C,9,W2,0.255,0.745,0.762052877,0.18483333333333332,0.08133333333333334,0.000333333333333341
1,0,0,LogReg,10,X,0.235,0.765,0.758147513,0.21900000000000003,0.06716666666666668,0.0001666666666666705
1,0,0,LogReg,10,W1,0.255,0.745,0.733913043,0.19516666666666665,0.09583333333333335,0.0
1,0,0,LogReg,10,W2,0.283333333,0.715,0.704663212,0.15799999999999997,0.07699999999999997,0.0006666666666666377
1,0,0,SVC,10,X,0.23,0.763333333,0.756849315,0.21599999999999997,0.0678333333333333,-0.007166666666666677
1,0,0,SVC,10,W1,0.265,0.728333333,0.708407871,0.17583333333333342,0.08216666666666674,0.0010000000000000564
1,0,0,SVC,10,W2,0.28,0.716666667,0.710884354,0.16350000000000003,0.07916666666666669,0.00966666666666669
1,0,0,RF-C,10,X,0.22,0.78,0.770833333,0.24100000000000002,0.07450000000000002,0.0028333333333333765
1,0,0,RF-C,10,W1,0.285,0.715,0.700525394,0.17049999999999996,0.06649999999999998,0.006999999999999973
1,0,0,RF-C,10,W2,0.29,0.71,0.704081633,0.16166666666666663,0.07299999999999998,0.003166666666666629
1,0,0,XGBoost-C,10,X,0.218333333,0.725,0.717948718,0.18716666666666665,0.04249999999999998,-0.00800000000000004
1,0,0,XGBoost-C,10,W1,0.283333333,0.698333333,0.681898067,0.16850000000000004,0.0621666666666667,0.0063333333333333575
1,0,0,XGBoost-C,10,W2,0.286666667,0.655,0.648556876,0.11183333333333337,0.04350000000000004,-0.009166666666666646
1,0,0,MLP-C,10,X,0.215,0.785,0.788870704,0.24100000000000002,0.09083333333333335,0.002333333333333354
1,0,0,MLP-C,10,W1,0.255,0.745,0.733913043,0.19466666666666665,0.09583333333333333,0.0001666666666666705
1,0,0,MLP-C,10,W2,0.276666667,0.723333333,0.717687075,0.16600000000000006,0.08883333333333338,0.006333333333333369
1,0,1,LogReg,1,X,0.18,0.82,0.813793103,0.08166666666666662,0.2665,-0.0013333333333333751
1,0,1,LogReg,1,W1,0.185,0.815,0.809605489,0.06949999999999994,0.27316666666666656,0.0013333333333332641
1,0,1,LogReg,1,W2,0.203333333,0.796666667,0.79109589,0.046166666666666634,0.26516666666666666,0.0
1,0,1,SVC,1,X,0.178333333,0.818333333,0.812392427,0.07650000000000001,0.26850000000000007,0.004333333333333356
1,0,1,SVC,1,W1,0.185,0.816666667,0.81292517,0.07033333333333329,0.27799999999999997,0.0036666666666666627
1,0,1,SVC,1,W2,0.201666667,0.793333333,0.787671233,0.03933333333333333,0.26766666666666666,-0.0033333333333333435
1,0,1,RF-C,1,X,0.176666667,0.823333333,0.817869416,0.09333333333333337,0.2775,0.011000000000000032
1,0,1,RF-C,1,W1,0.18,0.82,0.815699659,0.06916666666666663,0.2841666666666666,0.00733333333333328
1,0,1,RF-C,1,W2,0.195,0.805,0.8,0.0333333333333334,0.2955,0.005666666666666709
1,0,1,XGBoost-C,1,X,0.171666667,0.801666667,0.798646362,0.09066666666666663,0.25883333333333336,0.0051666666666666415
1,0,1,XGBoost-C,1,W1,0.18,0.785,0.783193277,0.06366666666666669,0.248,0.005000000000000016
1,0,1,XGBoost-C,1,W2,0.195,0.763333333,0.759322034,0.03616666666666664,0.23633333333333334,0.005666666666666653
1,0,1,MLP-C,1,X,0.175,0.825,0.825870647,0.08949999999999994,0.27383333333333326,-0.00033333333333336325
1,0,1,MLP-C,1,W1,0.178333333,0.821666667,0.817717206,0.07549999999999998,0.277,0.004166666666666652
1,0,1,MLP-C,1,W2,0.193333333,0.806666667,0.797202797,0.059,0.271,0.0024999999999999467
1,0,1,LogReg,2,X,0.24,0.76,0.765472313,0.03966666666666667,0.20633333333333334,0.003166666666666673
1,0,1,LogReg,2,W1,0.235,0.765,0.773675762,0.0445,0.22033333333333335,0.0015000000000000124
1,0,1,LogReg,2,W2,0.248333333,0.751666667,0.756933116,0.025833333333333364,0.21433333333333335,-0.0009999999999999675
1,0,1,SVC,2,X,0.243333333,0.753333333,0.765079365,0.033666666666666636,0.20249999999999996,-0.0038333333333333774
1,0,1,SVC,2,W1,0.238333333,0.753333333,0.769470405,0.03149999999999997,0.2086666666666666,-0.002000000000000035
1,0,1,SVC,2,W2,0.243333333,0.751666667,0.763866878,0.025333333333333364,0.21500000000000002,0.0031666666666667178
1,0,1,RF-C,2,X,0.226666667,0.773333333,0.782051282,0.05399999999999997,0.22616666666666663,0.009999999999999964
1,0,1,RF-C,2,W1,0.241666667,0.758333333,0.771653543,0.03833333333333329,0.2128333333333333,0.005999999999999972
1,0,1,RF-C,2,W2,0.246666667,0.753333333,0.765079365,0.023166666666666624,0.22516666666666665,0.0009999999999999675
1,0,1,XGBoost-C,2,X,0.231666667,0.74,0.750798722,0.04366666666666665,0.20549999999999996,0.0031666666666666623
1,0,1,XGBoost-C,2,W1,0.231666667,0.745,0.758293839,0.04166666666666665,0.20316666666666666,0.010166666666666668
1,0,1,XGBoost-C,2,W2,0.24,0.731666667,0.73476112,0.031166666666666676,0.2046666666666667,0.003166666666666695
1,0,1,MLP-C,2,X,0.236666667,0.763333333,0.769480519,0.043166666666666645,0.21433333333333332,0.0029999999999999693
1,0,1,MLP-C,2,W1,0.235,0.765,0.773675762,0.0445,0.22000000000000003,0.001666666666666683
1,0,1,MLP-C,2,W2,0.245,0.755,0.759410802,0.028166666666666673,0.21983333333333333,0.003999999999999992
1,0,1,LogReg,3,X,0.196666667,0.803333333,0.803333333,0.07216666666666667,0.25916666666666666,0.004666666666666675
1,0,1,LogReg,3,W1,0.193333333,0.806666667,0.808580858,0.07299999999999998,0.26849999999999996,-0.000666666666666682
1,0,1,LogReg,3,W2,0.208333333,0.791666667,0.792013311,0.048166666666666635,0.25633333333333325,0.0001666666666666483
1,0,1,SVC,3,X,0.18,0.806666667,0.802721088,0.08349999999999996,0.25716666666666665,0.0008333333333332971
1,0,1,SVC,3,W1,0.186666667,0.796666667,0.792517007,0.06349999999999997,0.2598333333333333,0.0003333333333332855
1,0,1,SVC,3,W2,0.205,0.783333333,0.780405405,0.046833333333333324,0.2538333333333333,0.00016666666666665942
1,0,1,RF-C,3,X,0.196666667,0.803333333,0.8,0.07783333333333334,0.2571666666666667,0.0009999999999999898
1,0,1,RF-C,3,W1,0.201666667,0.798333333,0.795262267,0.06299999999999999,0.26749999999999996,0.008166666666666688
1,0,1,RF-C,3,W2,0.225,0.775,0.766839378,0.03316666666666668,0.25000000000000006,-0.0013333333333332975
1,0,1,XGBoost-C,3,X,0.186666667,0.753333333,0.756578947,0.05083333333333331,0.21983333333333327,-0.02183333333333336
1,0,1,XGBoost-C,3,W1,0.193333333,0.753333333,0.758169935,0.04816666666666662,0.21599999999999991,-0.005833333333333357
1,0,1,XGBoost-C,3,W2,0.22,0.746666667,0.743243243,0.03483333333333336,0.22383333333333338,-0.0004999999999999672
1,0,1,MLP-C,3,X,0.19,0.81,0.811258278,0.07966666666666672,0.2658333333333334,0.004166666666666707
1,0,1,MLP-C,3,W1,0.186666667,0.813333333,0.815789474,0.07583333333333336,0.2758333333333334,0.005166666666666675
1,0,1,MLP-C,3,W2,0.206666667,0.793333333,0.793333333,0.052166666666666674,0.25833333333333336,0.00016666666666665942
1,0,1,LogReg,4,X,0.19,0.81,0.808080808,0.07850000000000006,0.24700000000000005,-0.0024999999999999467
1,0,1,LogReg,4,W1,0.193333333,0.806666667,0.806020067,0.06883333333333332,0.25249999999999995,-0.004166666666666707
1,0,1,LogReg,4,W2,0.208333333,0.791666667,0.789915966,0.0498333333333333,0.24466666666666664,-0.00633333333333339
1,0,1,SVC,4,X,0.183333333,0.813333333,0.80952381,0.07650000000000003,0.25200000000000006,0.00033333333333335213
1,0,1,SVC,4,W1,0.185,0.811666667,0.807495741,0.07266666666666666,0.2575,0.007999999999999997
1,0,1,SVC,4,W2,0.195,0.803333333,0.801346801,0.05866666666666668,0.2555,0.000666666666666671
1,0,1,RF-C,4,X,0.185,0.815,0.813445378,0.09449999999999993,0.24949999999999992,0.013833333333333286
1,0,1,RF-C,4,W1,0.196666667,0.803333333,0.797945205,0.057000000000000016,0.25316666666666665,-0.0016666666666666607
1,0,1,RF-C,4,W2,0.201666667,0.798333333,0.793867121,0.04966666666666667,0.2678333333333333,0.006833333333333335
1,0,1,XGBoost-C,4,X,0.18,0.78,0.782178218,0.07016666666666668,0.21750000000000003,-0.011166666666666636
1,0,1,XGBoost-C,4,W1,0.19,0.773333333,0.773333333,0.05799999999999996,0.22149999999999997,-0.007333333333333347
1,0,1,XGBoost-C,4,W2,0.186666667,0.756666667,0.757475083,0.053833333333333365,0.22766666666666668,-0.002499999999999958
1,0,1,MLP-C,4,X,0.186666667,0.813333333,0.810169492,0.08633333333333335,0.24833333333333335,-0.0013333333333333086
1,0,1,MLP-C,4,W1,0.188333333,0.811666667,0.802101576,0.07166666666666663,0.25549999999999995,0.0033333333333333106
1,0,1,MLP-C,4,W2,0.195,0.805,0.802030457,0.061000000000000054,0.25750000000000006,0.006500000000000028
1,0,1,LogReg,5,X,0.198333333,0.801666667,0.801335559,0.0958333333333333,0.23899999999999996,-0.0005000000000000115
1,0,1,LogReg,5,W1,0.198333333,0.801666667,0.800670017,0.08416666666666664,0.2465,-0.0028333333333333877
1,0,1,LogReg,5,W2,0.233333333,0.766666667,0.764309764,0.05150000000000008,0.22633333333333341,-0.0008333333333332971
1,0,1,SVC,5,X,0.198333333,0.795,0.794657763,0.0871666666666667,0.23800000000000007,-0.0016666666666666386
1,0,1,SVC,5,W1,0.196666667,0.8,0.800664452,0.08266666666666671,0.24566666666666676,0.0018333333333333645
1,0,1,SVC,5,W2,0.235,0.761666667,0.753872633,0.04733333333333337,0.21533333333333338,0.0011666666666667047
1,0,1,RF-C,5,X,0.211666667,0.788333333,0.787979967,0.07383333333333332,0.23233333333333334,-0.0015000000000000013
1,0,1,RF-C,5,W1,0.201666667,0.798333333,0.796638655,0.07883333333333334,0.2431666666666667,0.012
1,0,1,RF-C,5,W2,0.241666667,0.758333333,0.757929883,0.03483333333333329,0.22233333333333333,0.005999999999999961
1,0,1,XGBoost-C,5,X,0.203333333,0.745,0.746268657,0.04733333333333334,0.19033333333333333,-0.009499999999999998
1,0,1,XGBoost-C,5,W1,0.205,0.75,0.744897959,0.055499999999999994,0.195,-0.0016666666666666496
1,0,1,XGBoost-C,5,W2,0.231666667,0.726666667,0.720136519,0.03716666666666668,0.19233333333333333,-0.0008333333333333415
1,0,1,MLP-C,5,X,0.195,0.805,0.804674457,0.10000000000000005,0.24350000000000005,0.0025000000000000356
1,0,1,MLP-C,5,W1,0.193333333,0.806666667,0.806020067,0.08933333333333329,0.24833333333333335,0.00466666666666663
1,0,1,MLP-C,5,W2,0.23,0.77,0.766101695,0.05133333333333334,0.23033333333333336,0.006000000000000017
1,0,1,LogReg,6,X,0.205,0.795,0.795341098,0.07366666666666671,0.24783333333333335,-0.0016666666666666275
1,0,1,LogReg,6,W1,0.205,0.795,0.792580101,0.06733333333333338,0.2533333333333334,0.0006666666666667043
1,0,1,LogReg,6,W2,0.201666667,0.798333333,0.8,0.06733333333333333,0.269,0.0004999999999999894
1,0,1,SVC,6,X,0.203333333,0.791666667,0.789915966,0.06866666666666664,0.24499999999999994,-0.011000000000000043
1,0,1,SVC,6,W1,0.203333333,0.793333333,0.786941581,0.07016666666666667,0.251,-0.006333333333333346
1,0,1,SVC,6,W2,0.201666667,0.79,0.792763158,0.05700000000000003,0.2616666666666667,-0.00449999999999996
1,0,1,RF-C,6,X,0.195,0.805,0.799313894,0.08416666666666671,0.26200000000000007,0.017333333333333378
1,0,1,RF-C,6,W1,0.213333333,0.786666667,0.780068729,0.050666666666666624,0.25516666666666665,-0.0026666666666666948
1,0,1,RF-C,6,W2,0.201666667,0.798333333,0.801963993,0.053666666666666675,0.2786666666666667,0.006666666666666677
1,0,1,XGBoost-C,6,X,0.196666667,0.753333333,0.747440273,0.057999999999999975,0.2105,0.0009999999999999675
1,0,1,XGBoost-C,6,W1,0.211666667,0.758333333,0.752136752,0.049833333333333306,0.21866666666666665,0.005999999999999972
1,0,1,XGBoost-C,6,W2,0.205,0.746666667,0.746666667,0.05400000000000005,0.20983333333333337,-0.005833333333333313
1,0,1,MLP-C,6,X,0.195,0.805,0.801358234,0.08400000000000005,0.2551666666666667,0.002333333333333365
1,0,1,MLP-C,6,W1,0.2,0.8,0.795918367,0.07266666666666671,0.2576666666666667,0.00016666666666670382
1,0,1,MLP-C,6,W2,0.2,0.8,0.8,0.0726666666666667,0.2681666666666667,0.0015000000000000347
1,0,1,LogReg,7,X,0.17,0.83,0.827118644,0.11816666666666661,0.27216666666666667,-0.001333333333333364
1,0,1,LogReg,7,W1,0.176666667,0.823333333,0.821548822,0.1015,0.27566666666666667,0.0015000000000000347
1,0,1,LogReg,7,W2,0.205,0.795,0.791171477,0.07450000000000004,0.262,0.0
1,0,1,SVC,7,X,0.163333333,0.835,0.83248731,0.11449999999999996,0.28033333333333327,0.010333333333333316
1,0,1,SVC,7,W1,0.17,0.826666667,0.822525597,0.10166666666666666,0.281,0.007000000000000006
1,0,1,SVC,7,W2,0.208333333,0.785,0.781725888,0.06383333333333337,0.2506666666666667,0.0015000000000000458
1,0,1,RF-C,7,X,0.171666667,0.828333333,0.828618968,0.10983333333333337,0.2793333333333333,0.004333333333333367
1,0,1,RF-C,7,W1,0.185,0.815,0.806956522,0.09399999999999994,0.2621666666666666,0.015666666666666627
1,0,1,RF-C,7,W2,0.208333333,0.791666667,0.789915966,0.07066666666666661,0.25599999999999995,0.012999999999999966
1,0,1,XGBoost-C,7,X,0.165,0.788333333,0.782161235,0.08700000000000001,0.23866666666666667,0.01266666666666667
1,0,1,XGBoost-C,7,W1,0.181666667,0.778333333,0.77029361,0.06983333333333333,0.22000000000000003,0.022499999999999975
1,0,1,XGBoost-C,7,W2,0.213333333,0.751666667,0.746166951,0.04700000000000006,0.20750000000000002,0.009666666666666723
1,0,1,MLP-C,7,X,0.166666667,0.833333333,0.832214765,0.11950000000000002,0.2758333333333334,0.007333333333333391
1,0,1,MLP-C,7,W1,0.175,0.825,0.823529412,0.10283333333333329,0.27733333333333327,0.003666666666666618
1,0,1,MLP-C,7,W2,0.205,0.795,0.791171477,0.07466666666666671,0.26250000000000007,0.0
1,0,1,LogReg,8,X,0.198333333,0.801666667,0.808988764,0.07099999999999998,0.2608333333333333,0.0023333333333333097
1,0,1,LogReg,8,W1,0.205,0.795,0.805071315,0.05200000000000003,0.26016666666666677,0.008666666666666711
1,0,1,LogReg,8,W2,0.2,0.8,0.810126582,0.05433333333333338,0.2701666666666667,0.00716666666666671
1,0,1,SVC,8,X,0.201666667,0.786666667,0.796825397,0.06116666666666661,0.24449999999999994,-0.00850000000000004
1,0,1,SVC,8,W1,0.206666667,0.778333333,0.790551181,0.04683333333333332,0.24299999999999997,-0.0036666666666666514
1,0,1,SVC,8,W2,0.205,0.788333333,0.8,0.050833333333333355,0.2623333333333333,0.0029999999999999914
1,0,1,RF-C,8,X,0.198333333,0.801666667,0.810810811,0.06849999999999998,0.264,0.00516666666666663
1,0,1,RF-C,8,W1,0.211666667,0.788333333,0.7968,0.04116666666666665,0.26450000000000007,0.003333333333333355
1,0,1,RF-C,8,W2,0.205,0.795,0.801932367,0.047666666666666725,0.2760000000000001,0.00716666666666671
1,0,1,XGBoost-C,8,X,0.2,0.763333333,0.777429467,0.05499999999999998,0.2133333333333333,0.0031666666666666397
1,0,1,XGBoost-C,8,W1,0.216666667,0.771666667,0.784929356,0.0481666666666666,0.2328333333333333,0.013833333333333264
1,0,1,XGBoost-C,8,W2,0.208333333,0.758333333,0.768740032,0.047666666666666635,0.23083333333333328,0.01466666666666665
1,0,1,MLP-C,8,X,0.196666667,0.803333333,0.80781759,0.07516666666666667,0.2618333333333333,0.0018333333333333424
1,0,1,MLP-C,8,W1,0.205,0.795,0.805071315,0.05300000000000003,0.26016666666666677,0.00733333333333337
1,0,1,MLP-C,8,W2,0.196666667,0.803333333,0.812698413,0.05733333333333336,0.2738333333333333,0.01116666666666668
1,0,1,LogReg,9,X,0.236666667,0.763333333,0.755172414,0.05299999999999998,0.21133333333333332,0.0019999999999999463
1,0,1,LogReg,9,W1,0.246666667,0.753333333,0.74829932,0.03749999999999994,0.20833333333333331,0.005333333333333312
1,0,1,LogReg,9,W2,0.241666667,0.758333333,0.75465313,0.04183333333333329,0.22466666666666665,0.0058333333333333015
1,0,1,SVC,9,X,0.231666667,0.766666667,0.752650177,0.06050000000000007,0.21033333333333334,0.000833333333333397
1,0,1,SVC,9,W1,0.248333333,0.75,0.733096085,0.040999999999999995,0.20166666666666666,-0.004333333333333333
1,0,1,SVC,9,W2,0.248333333,0.748333333,0.73830156,0.04066666666666664,0.21116666666666664,-0.0003333333333333854
1,0,1,RF-C,9,X,0.238333333,0.761666667,0.752166378,0.04250000000000005,0.22316666666666668,0.005000000000000027
1,0,1,RF-C,9,W1,0.246666667,0.753333333,0.746575342,0.02866666666666664,0.23566666666666664,0.0021666666666666167
1,0,1,RF-C,9,W2,0.256666667,0.743333333,0.735395189,0.05583333333333329,0.2076666666666666,0.016333333333333276
1,0,1,XGBoost-C,9,X,0.235,0.735,0.724436742,0.05433333333333331,0.17783333333333334,-0.005000000000000016
1,0,1,XGBoost-C,9,W1,0.245,0.723333333,0.718644068,0.04933333333333338,0.18033333333333337,-0.009499999999999953
1,0,1,XGBoost-C,9,W2,0.241666667,0.713333333,0.702422145,0.03283333333333338,0.18700000000000006,0.0028333333333333765
1,0,1,MLP-C,9,X,0.23,0.77,0.755319149,0.06433333333333334,0.21500000000000002,0.005666666666666676
1,0,1,MLP-C,9,W1,0.246666667,0.753333333,0.750841751,0.0393333333333333,0.21166666666666661,0.004499999999999971
1,0,1,MLP-C,9,W2,0.241666667,0.758333333,0.75465313,0.04233333333333331,0.22383333333333327,0.006166666666666621
1,0,1,LogReg,10,X,0.18,0.82,0.824104235,0.07599999999999996,0.27783333333333327,0.001833333333333298
1,0,1,LogReg,10,W1,0.191666667,0.808333333,0.813614263,0.06266666666666668,0.2733333333333333,0.005833333333333346
1,0,1,LogReg,10,W2,0.205,0.795,0.802568218,0.041833333333333375,0.2703333333333334,0.0018333333333333645
1,0,1,SVC,10,X,0.178333333,0.815,0.819512195,0.06916666666666661,0.2758333333333333,-0.003666666666666718
1,0,1,SVC,10,W1,0.195,0.801666667,0.806504065,0.05866666666666666,0.2653333333333333,-0.0025000000000000465
1,0,1,SVC,10,W2,0.2,0.796666667,0.801948052,0.0413333333333333,0.2708333333333333,0.002166666666666639
1,0,1,RF-C,10,X,0.193333333,0.806666667,0.812903226,0.057666666666666644,0.27566666666666667,0.0019999999999999684
1,0,1,RF-C,10,W1,0.19,0.81,0.815533981,0.06850000000000006,0.2798333333333334,0.01600000000000006
1,0,1,RF-C,10,W2,0.206666667,0.793333333,0.801916933,0.03633333333333334,0.27283333333333337,-0.003833333333333333
1,0,1,XGBoost-C,10,X,0.178333333,0.773333333,0.782051282,0.04066666666666666,0.233,-0.0018333333333333535
1,0,1,XGBoost-C,10,W1,0.186666667,0.785,0.7936,0.05250000000000001,0.2598333333333334,-0.001833333333333298
1,0,1,XGBoost-C,10,W2,0.186666667,0.771666667,0.780096308,0.04349999999999994,0.2503333333333333,-0.009166666666666712
1,0,1,MLP-C,10,X,0.173333333,0.826666667,0.830065359,0.08316666666666665,0.2843333333333333,0.003166666666666651
1,0,1,MLP-C,10,W1,0.191666667,0.808333333,0.813614263,0.06250000000000001,0.27316666666666667,0.006000000000000005
1,0,1,MLP-C,10,W2,0.196666667,0.803333333,0.805921053,0.04633333333333334,0.2823333333333333,0.0043333333333333115
1,0,2,LogReg,1,X,0.156666667,0.843333333,0.833922261,0.2288333333333334,0.19033333333333338,-0.0001666666666666261
1,0,2,LogReg,1,W1,0.208333333,0.791666667,0.771480804,0.16616666666666663,0.1623333333333333,0.003999999999999948
1,0,2,LogReg,1,W2,0.216666667,0.783333333,0.76534296,0.1585,0.173,0.0030000000000000027
1,0,2,SVC,1,X,0.153333333,0.843333333,0.834507042,0.22916666666666669,0.18850000000000006,0.00883333333333337
1,0,2,SVC,1,W1,0.21,0.786666667,0.765567766,0.16133333333333333,0.15716666666666662,-0.001666666666666694
1,0,2,SVC,1,W2,0.213333333,0.776666667,0.755474453,0.1508333333333333,0.16416666666666663,0.004166666666666629
1,0,2,RF-C,1,X,0.175,0.825,0.810126582,0.2081666666666666,0.1706666666666666,0.0008333333333332748
1,0,2,RF-C,1,W1,0.208333333,0.791666667,0.775583483,0.1646666666666666,0.1663333333333333,0.007666666666666632
1,0,2,RF-C,1,W2,0.215,0.785,0.76155268,0.15250000000000002,0.17983333333333335,0.012666666666666682
1,0,2,XGBoost-C,1,X,0.165,0.806666667,0.795774648,0.18266666666666662,0.16049999999999995,0.007833333333333314
1,0,2,XGBoost-C,1,W1,0.195,0.783333333,0.770318021,0.15566666666666668,0.16450000000000004,0.01416666666666665
1,0,2,XGBoost-C,1,W2,0.213333333,0.745,0.727272727,0.12266666666666666,0.1465,0.003166666666666673
1,0,2,MLP-C,1,X,0.155,0.845,0.83539823,0.2313333333333333,0.19149999999999995,0.006499999999999973
1,0,2,MLP-C,1,W1,0.2,0.8,0.793814433,0.1713333333333334,0.17,3.3306690738754695e-17
1,0,2,MLP-C,1,W2,0.215,0.785,0.767567568,0.16066666666666668,0.17400000000000007,0.0040000000000000365
1,0,2,LogReg,2,X,0.181666667,0.818333333,0.808435852,0.15916666666666668,0.20316666666666666,-0.001833333333333298
1,0,2,LogReg,2,W1,0.2,0.8,0.788732394,0.13700000000000007,0.20500000000000007,0.002000000000000024
1,0,2,LogReg,2,W2,0.251666667,0.748333333,0.734622144,0.08449999999999996,0.1803333333333333,0.0011666666666666381
1,0,2,SVC,2,X,0.178333333,0.818333333,0.807079646,0.1641666666666667,0.19916666666666671,-0.004833333333333301
1,0,2,SVC,2,W1,0.196666667,0.8,0.782608696,0.13716666666666671,0.20800000000000002,0.005500000000000016
1,0,2,SVC,2,W2,0.256666667,0.745,0.725314183,0.08283333333333333,0.176,-0.0018333333333333535
1,0,2,RF-C,2,X,0.173333333,0.826666667,0.816901408,0.1696666666666667,0.21550000000000002,0.0058333333333333345
1,0,2,RF-C,2,W1,0.185,0.815,0.799276673,0.1461666666666666,0.2248333333333333,0.016666666666666607
1,0,2,RF-C,2,W2,0.246666667,0.753333333,0.729927007,0.09599999999999997,0.19299999999999998,0.007666666666666644
1,0,2,XGBoost-C,2,X,0.171666667,0.781666667,0.772173913,0.12766666666666665,0.17883333333333332,-0.012166666666666704
1,0,2,XGBoost-C,2,W1,0.19,0.76,0.747368421,0.11383333333333331,0.17533333333333337,-0.004833333333333345
1,0,2,XGBoost-C,2,W2,0.236666667,0.718333333,0.69982238,0.06883333333333339,0.15800000000000006,-0.007166666666666632
1,0,2,MLP-C,2,X,0.176666667,0.823333333,0.814685315,0.16650000000000004,0.20583333333333337,-0.000499999999999956
1,0,2,MLP-C,2,W1,0.191666667,0.808333333,0.795737123,0.14433333333333337,0.21450000000000005,0.008833333333333337
1,0,2,MLP-C,2,W2,0.236666667,0.763333333,0.75,0.10066666666666664,0.1938333333333333,0.009333333333333294
1,0,2,LogReg,3,X,0.165,0.835,0.833613445,0.21183333333333326,0.17783333333333332,0.001166666666666627
1,0,2,LogReg,3,W1,0.203333333,0.796666667,0.793918919,0.17266666666666663,0.16949999999999993,0.004166666666666641
1,0,2,LogReg,3,W2,0.246666667,0.753333333,0.754966887,0.11716666666666664,0.13833333333333334,0.0013333333333332975
1,0,2,SVC,3,X,0.156666667,0.838333333,0.837520938,0.2186666666666667,0.17950000000000005,0.0013333333333333751
1,0,2,SVC,3,W1,0.208333333,0.788333333,0.783645656,0.16649999999999998,0.1605,-0.0040000000000000036
1,0,2,SVC,3,W2,0.225,0.763333333,0.767973856,0.12966666666666665,0.14483333333333331,0.0011666666666666381
1,0,2,RF-C,3,X,0.155,0.845,0.84317032,0.23249999999999998,0.19199999999999995,0.021999999999999974
1,0,2,RF-C,3,W1,0.206666667,0.793333333,0.790540541,0.16999999999999998,0.16883333333333334,0.004666666666666664
1,0,2,RF-C,3,W2,0.22,0.78,0.785016287,0.14866666666666667,0.16033333333333336,0.00983333333333336
1,0,2,XGBoost-C,3,X,0.161666667,0.82,0.819397993,0.20533333333333328,0.17183333333333334,0.016333333333333276
1,0,2,XGBoost-C,3,W1,0.205,0.763333333,0.756013746,0.15066666666666664,0.15016666666666664,0.0011666666666666381
1,0,2,XGBoost-C,3,W2,0.22,0.745,0.747107438,0.12566666666666665,0.13966666666666666,-0.0010000000000000009
1,0,2,MLP-C,3,X,0.161666667,0.838333333,0.840722496,0.21333333333333337,0.1866666666666667,0.004500000000000037
1,0,2,MLP-C,3,W1,0.195,0.805,0.803361345,0.17816666666666672,0.18016666666666675,0.009000000000000041
1,0,2,MLP-C,3,W2,0.226666667,0.773333333,0.773333333,0.1463333333333333,0.14966666666666667,0.01733333333333331
1,0,2,LogReg,4,X,0.163333333,0.836666667,0.834459459,0.2165,0.16183333333333336,0.002333333333333332
1,0,2,LogReg,4,W1,0.213333333,0.786666667,0.786666667,0.16049999999999995,0.1391666666666666,0.0019999999999999575
1,0,2,LogReg,4,W2,0.231666667,0.768333333,0.767946578,0.13833333333333328,0.1388333333333333,-0.0005000000000000115
1,0,2,SVC,4,X,0.16,0.84,0.838926174,0.21899999999999994,0.16416666666666663,0.010499999999999976
1,0,2,SVC,4,W1,0.208333333,0.783333333,0.783333333,0.1585,0.13666666666666666,-0.0023333333333333426
1,0,2,SVC,4,W2,0.23,0.768333333,0.766386555,0.14166666666666666,0.13666666666666666,0.0009999999999999788
1,0,2,RF-C,4,X,0.168333333,0.831666667,0.830820771,0.21783333333333332,0.15533333333333335,0.0056666666666666645
1,0,2,RF-C,4,W1,0.193333333,0.806666667,0.804054054,0.18616666666666665,0.16499999999999998,0.02649999999999998
1,0,2,RF-C,4,W2,0.231666667,0.768333333,0.766386555,0.14299999999999996,0.14316666666666666,0.006333333333333302
1,0,2,XGBoost-C,4,X,0.166666667,0.806666667,0.805369128,0.19516666666666665,0.14350000000000002,-0.0001666666666666927
1,0,2,XGBoost-C,4,W1,0.201666667,0.788333333,0.78141136,0.17149999999999999,0.1525,0.013000000000000001
1,0,2,XGBoost-C,4,W2,0.225,0.741666667,0.737732657,0.12416666666666669,0.12250000000000001,-0.0013333333333332975
1,0,2,MLP-C,4,X,0.165,0.835,0.833052277,0.21633333333333332,0.15933333333333333,0.0008333333333332971
1,0,2,MLP-C,4,W1,0.198333333,0.801666667,0.79447323,0.17383333333333328,0.16766666666666663,0.0168333333333333
1,0,2,MLP-C,4,W2,0.226666667,0.773333333,0.774086379,0.13849999999999998,0.15033333333333335,-0.0008333333333333415
1,0,2,LogReg,5,X,0.181666667,0.818333333,0.819237148,0.17050000000000004,0.18983333333333335,-0.0009999999999999788
1,0,2,LogReg,5,W1,0.238333333,0.761666667,0.762063228,0.10266666666666673,0.16,-0.0016666666666666275
1,0,2,LogReg,5,W2,0.231666667,0.768333333,0.770247934,0.10383333333333333,0.19349999999999995,-0.0033333333333333435
1,0,2,SVC,5,X,0.175,0.818333333,0.815566836,0.16950000000000004,0.18883333333333335,0.0010000000000000343
1,0,2,SVC,5,W1,0.236666667,0.758333333,0.755480607,0.10416666666666663,0.1563333333333333,-0.008000000000000052
1,0,2,SVC,5,W2,0.23,0.76,0.76,0.0955,0.18133333333333335,-0.009833333333333328
1,0,2,RF-C,5,X,0.176666667,0.823333333,0.822742475,0.1728333333333334,0.19216666666666668,0.01150000000000002
1,0,2,RF-C,5,W1,0.218333333,0.781666667,0.778341794,0.12799999999999995,0.1806666666666666,0.005999999999999983
1,0,2,RF-C,5,W2,0.235,0.765,0.764607679,0.11900000000000004,0.18366666666666664,0.004166666666666652
1,0,2,XGBoost-C,5,X,0.173333333,0.823333333,0.819112628,0.18250000000000002,0.19600000000000004,0.020166666666666687
1,0,2,XGBoost-C,5,W1,0.22,0.766666667,0.765886288,0.11716666666666672,0.16816666666666671,0.008500000000000053
1,0,2,XGBoost-C,5,W2,0.221666667,0.74,0.731958763,0.09849999999999999,0.16183333333333333,-0.014666666666666672
1,0,2,MLP-C,5,X,0.175,0.825,0.825870647,0.18116666666666661,0.19199999999999995,0.002833333333333299
1,0,2,MLP-C,5,W1,0.226666667,0.773333333,0.77027027,0.11316666666666664,0.17399999999999996,0.006666666666666643
1,0,2,MLP-C,5,W2,0.228333333,0.771666667,0.772802653,0.10083333333333326,0.20099999999999993,-0.0046666666666666965
1,0,2,LogReg,6,X,0.176666667,0.823333333,0.826797386,0.16650000000000004,0.20050000000000007,0.002166666666666717
1,0,2,LogReg,6,W1,0.19,0.81,0.813114754,0.14266666666666672,0.1973333333333334,0.004500000000000071
1,0,2,LogReg,6,W2,0.218333333,0.781666667,0.7904,0.10649999999999996,0.1961666666666666,0.0019999999999999575
1,0,2,SVC,6,X,0.165,0.835,0.839546191,0.17633333333333331,0.2101666666666666,0.013333333333333298
1,0,2,SVC,6,W1,0.186666667,0.815,0.821256039,0.14266666666666664,0.19949999999999996,0.006499999999999917
1,0,2,SVC,6,W2,0.211666667,0.783333333,0.791666667,0.10499999999999998,0.19816666666666666,0.0040000000000000036
1,0,2,RF-C,6,X,0.171666667,0.828333333,0.834670947,0.16550000000000004,0.2086666666666667,0.007000000000000039
1,0,2,RF-C,6,W1,0.173333333,0.826666667,0.83171521,0.15583333333333332,0.22366666666666662,0.014500000000000002
1,0,2,RF-C,6,W2,0.205,0.795,0.8032,0.0983333333333334,0.23166666666666674,0.013333333333333386
1,0,2,XGBoost-C,6,X,0.171666667,0.79,0.796116505,0.14333333333333337,0.1791666666666667,0.002666666666666706
1,0,2,XGBoost-C,6,W1,0.175,0.8,0.805194805,0.13850000000000007,0.1986666666666667,0.015500000000000047
1,0,2,XGBoost-C,6,W2,0.221666667,0.753333333,0.76433121,0.09049999999999998,0.1726666666666666,-0.003666666666666718
1,0,2,MLP-C,6,X,0.17,0.83,0.832786885,0.16699999999999995,0.2038333333333333,0.011166666666666658
1,0,2,MLP-C,6,W1,0.188333333,0.811666667,0.814449918,0.14616666666666664,0.19766666666666666,0.005499999999999982
1,0,2,MLP-C,6,W2,0.211666667,0.788333333,0.791461412,0.11483333333333334,0.20116666666666666,0.006833333333333335
1,0,2,LogReg,7,X,0.178333333,0.821666667,0.817094017,0.17733333333333332,0.18049999999999997,0.0
1,0,2,LogReg,7,W1,0.203333333,0.796666667,0.792517007,0.13216666666666663,0.18283333333333326,-0.0011666666666666937
1,0,2,LogReg,7,W2,0.208333333,0.791666667,0.786324786,0.12783333333333333,0.20049999999999996,-2.2204460492503132e-17
1,0,2,SVC,7,X,0.173333333,0.818333333,0.813675214,0.17266666666666666,0.17783333333333337,-0.0026666666666666284
1,0,2,SVC,7,W1,0.198333333,0.796666667,0.791808874,0.1371666666666666,0.1786666666666666,0.0001666666666666372
1,0,2,SVC,7,W2,0.201666667,0.795,0.792580101,0.12983333333333338,0.2021666666666667,0.0021666666666666943
1,0,2,RF-C,7,X,0.163333333,0.836666667,0.83161512,0.19566666666666666,0.18833333333333332,0.01116666666666668
1,0,2,RF-C,7,W1,0.206666667,0.793333333,0.787671233,0.1376666666666667,0.18316666666666664,0.009000000000000008
1,0,2,RF-C,7,W2,0.205,0.795,0.791878173,0.11316666666666672,0.21433333333333335,0.00783333333333337
1,0,2,XGBoost-C,7,X,0.175,0.785,0.778730703,0.1516666666666667,0.1538333333333334,-0.014666666666666639
1,0,2,XGBoost-C,7,W1,0.205,0.776666667,0.772881356,0.12833333333333327,0.16649999999999995,0.012666666666666614
1,0,2,XGBoost-C,7,W2,0.206666667,0.746666667,0.742372881,0.10083333333333337,0.15450000000000003,-0.0011666666666666381
1,0,2,MLP-C,7,X,0.166666667,0.833333333,0.830508475,0.17916666666666672,0.19933333333333336,0.0030000000000000695
1,0,2,MLP-C,7,W1,0.198333333,0.801666667,0.795883362,0.13499999999999995,0.19066666666666665,0.001166666666666627
1,0,2,MLP-C,7,W2,0.196666667,0.803333333,0.803333333,0.13783333333333334,0.20966666666666667,0.0031666666666666623
1,0,2,LogReg,8,X,0.16,0.84,0.837288136,0.198,0.18033333333333332,0.0008333333333333081
1,0,2,LogReg,8,W1,0.195,0.805,0.80661157,0.16116666666666674,0.17116666666666672,-0.0023333333333333097
1,0,2,LogReg,8,W2,0.216666667,0.783333333,0.784053156,0.13099999999999995,0.16566666666666666,0.0014999999999999903
1,0,2,SVC,8,X,0.163333333,0.83,0.826530612,0.19749999999999995,0.17266666666666663,-0.0046666666666666965
1,0,2,SVC,8,W1,0.195,0.806666667,0.806020067,0.15983333333333333,0.16849999999999998,-0.002166666666666717
1,0,2,SVC,8,W2,0.203333333,0.793333333,0.791946309,0.1398333333333333,0.17333333333333334,0.007833333333333336
1,0,2,RF-C,8,X,0.161666667,0.838333333,0.839137645,0.19600000000000006,0.18183333333333337,0.009166666666666722
1,0,2,RF-C,8,W1,0.191666667,0.808333333,0.806070826,0.16483333333333333,0.17450000000000004,0.0011666666666666603
1,0,2,RF-C,8,W2,0.208333333,0.791666667,0.784110535,0.13849999999999993,0.17449999999999996,0.020499999999999963
1,0,2,XGBoost-C,8,X,0.158333333,0.816666667,0.814814815,0.1683333333333333,0.16416666666666666,0.0071666666666666545
1,0,2,XGBoost-C,8,W1,0.186666667,0.783333333,0.784768212,0.14266666666666664,0.158,0.014666666666666661
1,0,2,XGBoost-C,8,W2,0.22,0.76,0.756756757,0.11033333333333335,0.15650000000000003,0.029000000000000005
1,0,2,MLP-C,8,X,0.158333333,0.841666667,0.838709677,0.20133333333333336,0.18133333333333335,0.002833333333333343
1,0,2,MLP-C,8,W1,0.183333333,0.816666667,0.81292517,0.17383333333333334,0.18,0.0018333333333333313
1,0,2,MLP-C,8,W2,0.21,0.79,0.776595745,0.14833333333333337,0.1706666666666667,0.010333333333333394
1,0,2,LogReg,9,X,0.158333333,0.841666667,0.84502447,0.195,0.2043333333333334,0.0
1,0,2,LogReg,9,W1,0.196666667,0.803333333,0.80781759,0.1476666666666667,0.19266666666666668,0.0005000000000000115
1,0,2,LogReg,9,W2,0.205,0.795,0.798029557,0.1266666666666667,0.1986666666666667,-0.00016666666666665942
1,0,2,SVC,9,X,0.153333333,0.836666667,0.839869281,0.18516666666666665,0.21166666666666661,0.000333333333333341
1,0,2,SVC,9,W1,0.196666667,0.796666667,0.798013245,0.13633333333333333,0.18899999999999997,-0.001333333333333353
1,0,2,SVC,9,W2,0.205,0.793333333,0.798045603,0.12000000000000002,0.2045,0.004666666666666664
1,0,2,RF-C,9,X,0.163333333,0.836666667,0.839869281,0.19016666666666665,0.21200000000000002,0.005499999999999994
1,0,2,RF-C,9,W1,0.205,0.795,0.802568218,0.14666666666666672,0.17783333333333337,-0.002499999999999969
1,0,2,RF-C,9,W2,0.215,0.785,0.78677686,0.11750000000000002,0.19616666666666668,-0.004833333333333301
1,0,2,XGBoost-C,9,X,0.16,0.801666667,0.805237316,0.16616666666666666,0.16049999999999995,-0.0006666666666667153
1,0,2,XGBoost-C,9,W1,0.211666667,0.765,0.766169154,0.125,0.16066666666666668,-0.0058333333333333015
1,0,2,XGBoost-C,9,W2,0.206666667,0.76,0.767741935,0.11516666666666668,0.1735,0.0026666666666666726
1,0,2,MLP-C,9,X,0.156666667,0.843333333,0.846405229,0.19350000000000006,0.21000000000000005,0.0005000000000000115
1,0,2,MLP-C,9,W1,0.195,0.805,0.808510638,0.14866666666666672,0.1940000000000001,0.0
1,0,2,MLP-C,9,W2,0.203333333,0.796666667,0.800653595,0.12949999999999995,0.2003333333333333,-3.3306690738754695e-17
1,0,2,LogReg,10,X,0.17,0.83,0.832786885,0.19849999999999998,0.18516666666666662,-0.0011666666666667158
1,0,2,LogReg,10,W1,0.193333333,0.806666667,0.80730897,0.1803333333333333,0.1763333333333333,0.0013333333333332975
1,0,2,LogReg,10,W2,0.23,0.77,0.773770492,0.1345,0.1691666666666667,0.003833333333333333
1,0,2,SVC,10,X,0.163333333,0.835,0.835274542,0.2018333333333333,0.19666666666666663,0.003833333333333311
1,0,2,SVC,10,W1,0.185,0.815,0.816528926,0.1883333333333333,0.1833333333333333,0.005166666666666586
1,0,2,SVC,10,W2,0.225,0.77,0.773026316,0.13583333333333336,0.1736666666666667,0.001000000000000023
1,0,2,RF-C,10,X,0.165,0.835,0.835820896,0.207,0.19049999999999995,0.008666666666666623
1,0,2,RF-C,10,W1,0.19,0.81,0.808724832,0.1856666666666667,0.17350000000000004,0.014333333333333387
1,0,2,RF-C,10,W2,0.233333333,0.766666667,0.768211921,0.12650000000000006,0.16916666666666674,0.018000000000000037
1,0,2,XGBoost-C,10,X,0.165,0.796666667,0.795986622,0.18849999999999997,0.15299999999999997,-0.00650000000000005
1,0,2,XGBoost-C,10,W1,0.188333333,0.77,0.76369863,0.156,0.14883333333333332,-0.001833333333333309
1,0,2,XGBoost-C,10,W2,0.225,0.726666667,0.724832215,0.10300000000000002,0.13383333333333336,0.012500000000000011
1,0,2,MLP-C,10,X,0.158333333,0.841666667,0.844517185,0.21166666666666667,0.1995,0.008166666666666678
1,0,2,MLP-C,10,W1,0.186666667,0.813333333,0.818181818,0.1896666666666667,0.18150000000000005,0.005666666666666686
1,0,2,MLP-C,10,W2,0.225,0.775,0.776119403,0.13483333333333336,0.17916666666666664,0.0038333333333333552
1,1,0,LogReg,1,X,0.191666667,0.808333333,0.853875476,0.21983333333333333,0.055666666666666684,-0.000333333333333341
1,1,0,LogReg,1,W1,0.211666667,0.788333333,0.836550837,0.19899999999999998,0.05550000000000001,0.004999999999999993
1,1,0,LogReg,1,W2,0.24,0.76,0.818639798,0.16383333333333333,0.06833333333333336,0.0005000000000000115
1,1,0,SVC,1,X,0.195,0.801666667,0.848020434,0.21616666666666662,0.052166666666666625,-0.0025000000000000356
1,1,0,SVC,1,W1,0.213333333,0.783333333,0.835443038,0.1893333333333333,0.04666666666666667,0.0016666666666666607
1,1,0,SVC,1,W2,0.245,0.755,0.816936488,0.15899999999999997,0.06150000000000001,0.0019999999999999905
1,1,0,RF-C,1,X,0.191666667,0.808333333,0.853128991,0.22883333333333336,0.04233333333333335,0.0058333333333333345
1,1,0,RF-C,1,W1,0.198333333,0.801666667,0.847240051,0.21783333333333332,0.05816666666666663,0.020999999999999974
1,1,0,RF-C,1,W2,0.24,0.76,0.815384615,0.17033333333333336,0.0735,0.01333333333333333
1,1,0,XGBoost-C,1,X,0.188333333,0.778333333,0.824769433,0.20233333333333334,0.04149999999999998,-0.0006666666666666598
1,1,0,XGBoost-C,1,W1,0.21,0.771666667,0.820445609,0.19283333333333327,0.04883333333333325,0.02066666666666661
1,1,0,XGBoost-C,1,W2,0.228333333,0.718333333,0.779661017,0.14083333333333342,0.04233333333333337,0.007000000000000039
1,1,0,MLP-C,1,X,0.193333333,0.806666667,0.848958333,0.22449999999999998,0.05716666666666663,0.005499999999999972
1,1,0,MLP-C,1,W1,0.211666667,0.788333333,0.836550837,0.2,0.05516666666666666,0.004666666666666675
1,1,0,MLP-C,1,W2,0.238333333,0.761666667,0.815483871,0.1705,0.06783333333333337,0.0018333333333333645
1,1,0,LogReg,2,X,0.163333333,0.836666667,0.874358974,0.24116666666666667,0.093,0.0016666666666666607
1,1,0,LogReg,2,W1,0.215,0.785,0.839751553,0.1726666666666667,0.07083333333333336,0.008666666666666722
1,1,0,LogReg,2,W2,0.223333333,0.776666667,0.834567901,0.16149999999999995,0.08749999999999997,0.003166666666666629
1,1,0,SVC,2,X,0.163333333,0.826666667,0.868020305,0.229,0.07399999999999998,-0.0030000000000000027
1,1,0,SVC,2,W1,0.216666667,0.776666667,0.834158416,0.16499999999999995,0.06366666666666662,0.002666666666666617
1,1,0,SVC,2,W2,0.223333333,0.768333333,0.833532934,0.1465,0.07683333333333331,0.004833333333333312
1,1,0,RF-C,2,X,0.186666667,0.813333333,0.855670103,0.22266666666666673,0.07000000000000003,0.0015000000000000124
1,1,0,RF-C,2,W1,0.208333333,0.791666667,0.842767296,0.18349999999999994,0.07816666666666662,0.005499999999999961
1,1,0,RF-C,2,W2,0.235,0.765,0.823086575,0.162,0.07516666666666667,0.006000000000000017
1,1,0,XGBoost-C,2,X,0.175,0.771666667,0.820915033,0.17766666666666664,0.050666666666666624,-0.00583333333333338
1,1,0,XGBoost-C,2,W1,0.211666667,0.758333333,0.814814815,0.146,0.05533333333333331,0.005333333333333312
1,1,0,XGBoost-C,2,W2,0.226666667,0.735,0.796414853,0.13233333333333333,0.06483333333333331,0.013666666666666627
1,1,0,MLP-C,2,X,0.163333333,0.836666667,0.874358974,0.24116666666666667,0.093,0.0018333333333333313
1,1,0,MLP-C,2,W1,0.216666667,0.783333333,0.835025381,0.173,0.07116666666666664,0.0021666666666666614
1,1,0,MLP-C,2,W2,0.216666667,0.783333333,0.840686275,0.15966666666666668,0.09383333333333332,0.004666666666666675
1,1,0,LogReg,3,X,0.186666667,0.813333333,0.86440678,0.21383333333333338,0.06316666666666669,-0.0019999999999999684
1,1,0,LogReg,3,W1,0.216666667,0.783333333,0.842995169,0.182,0.068,0.0035000000000000144
1,1,0,LogReg,3,W2,0.235,0.765,0.831541219,0.15000000000000002,0.07183333333333337,0.0008333333333333526
1,1,0,SVC,3,X,0.185,0.811666667,0.862697448,0.2188333333333333,0.06899999999999999,0.0051666666666666415
1,1,0,SVC,3,W1,0.22,0.771666667,0.835534214,0.17483333333333326,0.05633333333333327,-0.006500000000000039
1,1,0,SVC,3,W2,0.238333333,0.745,0.814545455,0.1335,0.06333333333333332,-0.008166666666666655
1,1,0,RF-C,3,X,0.195,0.805,0.858181818,0.2183333333333334,0.060166666666666715,0.012333333333333385
1,1,0,RF-C,3,W1,0.218333333,0.781666667,0.842358604,0.18949999999999995,0.05183333333333329,-0.0015000000000000347
1,1,0,RF-C,3,W2,0.251666667,0.748333333,0.819593787,0.1353333333333333,0.051666666666666625,0.0016666666666666386
1,1,0,XGBoost-C,3,X,0.19,0.788333333,0.843403206,0.20516666666666666,0.05066666666666666,0.011833333333333317
1,1,0,XGBoost-C,3,W1,0.208333333,0.771666667,0.83065513,0.18899999999999997,0.07033333333333328,0.01649999999999995
1,1,0,XGBoost-C,3,W2,0.248333333,0.72,0.791563275,0.13283333333333328,0.05549999999999998,0.010499999999999964
1,1,0,MLP-C,3,X,0.185,0.815,0.863468635,0.22149999999999995,0.06799999999999995,0.003666666666666607
1,1,0,MLP-C,3,W1,0.218333333,0.781666667,0.843113772,0.1778333333333333,0.06899999999999996,-0.002333333333333376
1,1,0,MLP-C,3,W2,0.236666667,0.763333333,0.828502415,0.15066666666666662,0.07566666666666663,0.0049999999999999715
1,1,0,LogReg,4,X,0.203333333,0.796666667,0.843589744,0.21833333333333327,0.06149999999999996,-0.001000000000000023
1,1,0,LogReg,4,W1,0.225,0.775,0.825355757,0.19183333333333333,0.06650000000000002,0.003333333333333366
1,1,0,LogReg,4,W2,0.255,0.745,0.806573957,0.15699999999999995,0.06549999999999999,0.0015000000000000124
1,1,0,SVC,4,X,0.203333333,0.793333333,0.842639594,0.21450000000000005,0.059166666666666666,0.0018333333333333313
1,1,0,SVC,4,W1,0.23,0.768333333,0.826466916,0.17883333333333332,0.05349999999999999,-0.0008333333333333304
1,1,0,SVC,4,W2,0.256666667,0.735,0.804907975,0.1423333333333333,0.054833333333333324,-0.001000000000000012
1,1,0,RF-C,4,X,0.205,0.795,0.845283019,0.23000000000000004,0.04733333333333336,-0.0001666666666666372
1,1,0,RF-C,4,W1,0.226666667,0.773333333,0.83535109,0.173,0.06133333333333333,0.0015000000000000124
1,1,0,RF-C,4,W2,0.263333333,0.736666667,0.8,0.15050000000000002,0.0611666666666667,0.006500000000000017
1,1,0,XGBoost-C,4,X,0.196666667,0.768333333,0.819245774,0.1998333333333333,0.0528333333333333,-0.001000000000000023
1,1,0,XGBoost-C,4,W1,0.22,0.738333333,0.796895213,0.16249999999999995,0.04149999999999995,-0.00616666666666672
1,1,0,XGBoost-C,4,W2,0.26,0.706666667,0.777777778,0.1268333333333333,0.05449999999999999,0.004166666666666652
1,1,0,MLP-C,4,X,0.205,0.795,0.84087969,0.22133333333333338,0.061333333333333365,-0.0006666666666666377
1,1,0,MLP-C,4,W1,0.221666667,0.778333333,0.827943079,0.1958333333333333,0.06733333333333331,0.009333333333333315
1,1,0,MLP-C,4,W2,0.251666667,0.748333333,0.810062893,0.15949999999999998,0.06816666666666661,0.0043333333333333
1,1,0,LogReg,5,X,0.17,0.83,0.873762376,0.22749999999999995,0.08049999999999999,0.00033333333333330774
1,1,0,LogReg,5,W1,0.196666667,0.803333333,0.853233831,0.19316666666666665,0.07316666666666669,-0.003166666666666651
1,1,0,LogReg,5,W2,0.226666667,0.773333333,0.832923833,0.16849999999999996,0.06866666666666667,0.004333333333333323
1,1,0,SVC,5,X,0.171666667,0.828333333,0.872996301,0.22683333333333336,0.07966666666666669,0.0025000000000000243
1,1,0,SVC,5,W1,0.195,0.791666667,0.848484848,0.17483333333333326,0.06316666666666662,-0.002666666666666706
1,1,0,SVC,5,W2,0.223333333,0.773333333,0.83535109,0.1643333333333333,0.07449999999999998,0.0021666666666666614
1,1,0,RF-C,5,X,0.18,0.82,0.865,0.2296666666666666,0.06649999999999996,0.003999999999999959
1,1,0,RF-C,5,W1,0.196666667,0.803333333,0.853598015,0.202,0.06250000000000001,0.008166666666666688
1,1,0,RF-C,5,W2,0.223333333,0.776666667,0.838554217,0.16833333333333328,0.07299999999999994,0.002666666666666617
1,1,0,XGBoost-C,5,X,0.18,0.788333333,0.837387964,0.209,0.061999999999999965,0.004833333333333334
1,1,0,XGBoost-C,5,W1,0.2,0.728333333,0.793409379,0.14650000000000007,0.0308333333333334,-0.01933333333333327
1,1,0,XGBoost-C,5,W2,0.216666667,0.731666667,0.797992472,0.13616666666666669,0.05950000000000002,0.005166666666666686
1,1,0,MLP-C,5,X,0.166666667,0.833333333,0.874686717,0.23050000000000007,0.08166666666666672,0.015666666666666718
1,1,0,MLP-C,5,W1,0.18,0.82,0.866336634,0.21066666666666664,0.09083333333333328,0.021666666666666612
1,1,0,MLP-C,5,W2,0.226666667,0.773333333,0.831683168,0.17016666666666666,0.07050000000000001,0.004833333333333323
1,1,0,LogReg,6,X,0.221666667,0.778333333,0.82147651,0.21999999999999997,0.05566666666666668,0.002333333333333332
1,1,0,LogReg,6,W1,0.251666667,0.748333333,0.801054018,0.1778333333333333,0.05649999999999996,-0.0005000000000000337
1,1,0,LogReg,6,W2,0.281666667,0.718333333,0.77615894,0.14916666666666673,0.04933333333333336,-0.0009999999999999564
1,1,0,SVC,6,X,0.226666667,0.766666667,0.810810811,0.2078333333333334,0.04433333333333338,-0.006499999999999928
1,1,0,SVC,6,W1,0.25,0.745,0.799475754,0.176,0.04999999999999999,-0.005666666666666653
1,1,0,SVC,6,W2,0.276666667,0.721666667,0.779392338,0.14699999999999996,0.05450000000000003,0.004166666666666663
1,1,0,RF-C,6,X,0.221666667,0.778333333,0.82147651,0.22166666666666668,0.05899999999999996,0.006166666666666665
1,1,0,RF-C,6,W1,0.251666667,0.748333333,0.807643312,0.16816666666666663,0.05333333333333329,0.0013333333333332975
1,1,0,RF-C,6,W2,0.27,0.73,0.78961039,0.15799999999999997,0.05949999999999998,0.007499999999999962
1,1,0,XGBoost-C,6,X,0.223333333,0.755,0.802153432,0.19666666666666668,0.04583333333333335,0.0030000000000000027
1,1,0,XGBoost-C,6,W1,0.26,0.721666667,0.772789116,0.16583333333333336,0.048833333333333354,0.007500000000000007
1,1,0,XGBoost-C,6,W2,0.276666667,0.678333333,0.743691899,0.12200000000000003,0.028333333333333356,-0.007499999999999995
1,1,0,MLP-C,6,X,0.218333333,0.781666667,0.819310345,0.2331666666666666,0.061333333333333295,0.0026666666666666284
1,1,0,MLP-C,6,W1,0.251666667,0.748333333,0.801054018,0.1776666666666666,0.05666666666666663,-0.0010000000000000453
1,1,0,MLP-C,6,W2,0.271666667,0.728333333,0.781793842,0.15600000000000008,0.0636666666666667,0.0070000000000000505
1,1,0,LogReg,7,X,0.171666667,0.828333333,0.869785082,0.2393333333333334,0.08666666666666671,-0.005666666666666642
1,1,0,LogReg,7,W1,0.19,0.81,0.85678392,0.20350000000000007,0.08600000000000006,0.007833333333333381
1,1,0,LogReg,7,W2,0.233333333,0.766666667,0.825870647,0.1606666666666667,0.08000000000000004,-0.005833333333333279
1,1,0,SVC,7,X,0.166666667,0.811666667,0.860321384,0.21716666666666665,0.06949999999999998,-0.0030000000000000248
1,1,0,SVC,7,W1,0.196666667,0.801666667,0.852173913,0.1918333333333333,0.07849999999999997,-0.002333333333333376
1,1,0,SVC,7,W2,0.231666667,0.751666667,0.820697954,0.1418333333333334,0.05850000000000005,-0.00516666666666663
1,1,0,RF-C,7,X,0.181666667,0.818333333,0.863237139,0.22650000000000006,0.08383333333333336,0.007333333333333347
1,1,0,RF-C,7,W1,0.188333333,0.811666667,0.857503153,0.20983333333333332,0.08633333333333329,0.013499999999999956
1,1,0,RF-C,7,W2,0.243333333,0.756666667,0.822384428,0.1536666666666667,0.07283333333333337,0.0045000000000000595
1,1,0,XGBoost-C,7,X,0.175,0.796666667,0.845959596,0.22033333333333333,0.07899999999999996,0.014333333333333299
1,1,0,XGBoost-C,7,W1,0.193333333,0.753333333,0.807792208,0.1643333333333333,0.053666666666666626,0.004833333333333301
1,1,0,XGBoost-C,7,W2,0.241666667,0.71,0.781954887,0.127,0.05133333333333331,-0.00716666666666671
1,1,0,MLP-C,7,X,0.17,0.83,0.869897959,0.242,0.08883333333333328,-0.005333333333333368
1,1,0,MLP-C,7,W1,0.19,0.81,0.852331606,0.2123333333333334,0.09183333333333336,0.011833333333333385
1,1,0,MLP-C,7,W2,0.221666667,0.778333333,0.833541927,0.1735,0.09349999999999999,0.006500000000000006
1,1,0,LogReg,8,X,0.18,0.82,0.861182519,0.22633333333333328,0.08516666666666663,0.005666666666666631
1,1,0,LogReg,8,W1,0.195,0.805,0.854296389,0.19416666666666668,0.08866666666666671,0.008833333333333382
1,1,0,LogReg,8,W2,0.243333333,0.756666667,0.822384428,0.1428333333333334,0.06583333333333338,-0.004333333333333289
1,1,0,SVC,8,X,0.181666667,0.816666667,0.861809045,0.2233333333333333,0.07549999999999998,0.004833333333333301
1,1,0,SVC,8,W1,0.198333333,0.793333333,0.84691358,0.17783333333333334,0.07233333333333333,0.005166666666666675
1,1,0,SVC,8,W2,0.24,0.758333333,0.824242424,0.13949999999999999,0.06366666666666665,-0.0011666666666666826
1,1,0,RF-C,8,X,0.181666667,0.818333333,0.861499365,0.22483333333333336,0.07733333333333335,0.012166666666666682
1,1,0,RF-C,8,W1,0.205,0.795,0.848335388,0.1866666666666667,0.07400000000000005,0.009000000000000053
1,1,0,RF-C,8,W2,0.248333333,0.751666667,0.814906832,0.1398333333333334,0.059166666666666715,0.0013333333333333864
1,1,0,XGBoost-C,8,X,0.18,0.808333333,0.85237484,0.21583333333333338,0.08333333333333334,0.02350000000000001
1,1,0,XGBoost-C,8,W1,0.21,0.738333333,0.802515723,0.14649999999999994,0.04516666666666661,-0.013833333333333397
1,1,0,XGBoost-C,8,W2,0.243333333,0.73,0.78961039,0.13816666666666663,0.06199999999999998,0.02016666666666663
1,1,0,MLP-C,8,X,0.181666667,0.818333333,0.859354839,0.229,0.08733333333333335,0.003333333333333366
1,1,0,MLP-C,8,W1,0.2,0.8,0.84962406,0.1911666666666667,0.08533333333333336,0.0020000000000000686
1,1,0,MLP-C,8,W2,0.233333333,0.766666667,0.825870647,0.1568333333333334,0.08083333333333338,0.0028333333333333656
1,1,0,LogReg,9,X,0.195,0.805,0.855377009,0.19683333333333336,0.08250000000000005,0.0008333333333333859
1,1,0,LogReg,9,W1,0.225,0.775,0.833127318,0.16899999999999998,0.07850000000000003,0.002000000000000046
1,1,0,LogReg,9,W2,0.241666667,0.758333333,0.826762246,0.1275,0.08449999999999995,0.005666666666666642
1,1,0,SVC,9,X,0.191666667,0.806666667,0.857843137,0.1968333333333333,0.07866666666666665,0.0066666666666666315
1,1,0,SVC,9,W1,0.223333333,0.763333333,0.827669903,0.1485,0.06816666666666664,0.006499999999999983
1,1,0,SVC,9,W2,0.25,0.741666667,0.814371257,0.11583333333333337,0.06550000000000003,-0.0029999999999999584
1,1,0,RF-C,9,X,0.193333333,0.806666667,0.858190709,0.20283333333333328,0.07366666666666663,0.002166666666666639
1,1,0,RF-C,9,W1,0.236666667,0.763333333,0.822942643,0.15649999999999994,0.08266666666666664,0.022666666666666658
1,1,0,RF-C,9,W2,0.241666667,0.758333333,0.827586207,0.1348333333333333,0.08433333333333329,0.006999999999999951
1,1,0,XGBoost-C,9,X,0.193333333,0.766666667,0.823677582,0.17200000000000007,0.06100000000000004,3.3306690738754695e-17
1,1,0,XGBoost-C,9,W1,0.236666667,0.73,0.795969773,0.13499999999999995,0.06216666666666666,0.004333333333333333
1,1,0,XGBoost-C,9,W2,0.245,0.688333333,0.768277571,0.07966666666666666,0.044166666666666674,-0.017166666666666643
1,1,0,MLP-C,9,X,0.193333333,0.806666667,0.856790123,0.19699999999999998,0.08399999999999999,0.0049999999999999715
1,1,0,MLP-C,9,W1,0.22,0.78,0.829015544,0.17950000000000005,0.08783333333333336,0.001666666666666694
1,1,0,MLP-C,9,W2,0.253333333,0.746666667,0.81372549,0.12400000000000004,0.07333333333333338,-0.0019999999999999684
1,1,0,LogReg,10,X,0.21,0.79,0.838461538,0.19250000000000003,0.07383333333333333,0.0011666666666667047
1,1,0,LogReg,10,W1,0.216666667,0.783333333,0.835025381,0.18449999999999997,0.08333333333333331,0.0025000000000000022
1,1,0,LogReg,10,W2,0.248333333,0.751666667,0.814906832,0.14016666666666672,0.06983333333333337,0.0028333333333333544
1,1,0,SVC,10,X,0.21,0.786666667,0.837974684,0.18916666666666662,0.06583333333333329,0.00449999999999996
1,1,0,SVC,10,W1,0.22,0.771666667,0.82853567,0.1726666666666666,0.06666666666666662,-0.005333333333333368
1,1,0,SVC,10,W2,0.256666667,0.745,0.80754717,0.14616666666666667,0.05883333333333333,0.004166666666666674
1,1,0,RF-C,10,X,0.213333333,0.786666667,0.836317136,0.1958333333333333,0.06466666666666662,0.0066666666666666315
1,1,0,RF-C,10,W1,0.211666667,0.788333333,0.839036755,0.1958333333333333,0.08433333333333333,0.01033333333333335
1,1,0,RF-C,10,W2,0.26,0.74,0.800511509,0.15366666666666667,0.05850000000000001,0.007833333333333326
1,1,0,XGBoost-C,10,X,0.208333333,0.771666667,0.824133504,0.18999999999999995,0.053666666666666606,0.0051666666666666085
1,1,0,XGBoost-C,10,W1,0.226666667,0.733333333,0.793281654,0.15216666666666662,0.04266666666666662,-0.005666666666666709
1,1,0,XGBoost-C,10,W2,0.258333333,0.685,0.756756757,0.1058333333333334,0.026333333333333386,-0.003333333333333277
1,1,0,MLP-C,10,X,0.206666667,0.793333333,0.840616967,0.20116666666666666,0.07549999999999998,0.005833333333333324
1,1,0,MLP-C,10,W1,0.215,0.785,0.836501901,0.184,0.08583333333333336,0.004833333333333367
1,1,0,MLP-C,10,W2,0.251666667,0.748333333,0.80465718,0.15383333333333332,0.07183333333333329,0.008166666666666633
1,1,1,LogReg,1,X,0.156666667,0.843333333,0.885085575,0.07300000000000005,0.2453333333333334,-0.002666666666666617
1,1,1,LogReg,1,W1,0.173333333,0.826666667,0.869346734,0.05166666666666665,0.2475,-1.1102230246251566e-17
1,1,1,LogReg,1,W2,0.165,0.835,0.876712329,0.04966666666666664,0.25116666666666665,0.0019999999999999684
1,1,1,SVC,1,X,0.163333333,0.84,0.880299252,0.06233333333333331,0.2513333333333333,-0.0038333333333333665
1,1,1,SVC,1,W1,0.173333333,0.823333333,0.86716792,0.04300000000000004,0.24233333333333337,-0.004499999999999971
1,1,1,SVC,1,W2,0.158333333,0.833333333,0.875621891,0.04533333333333337,0.25133333333333335,0.0016666666666667162
1,1,1,RF-C,1,X,0.158333333,0.841666667,0.880803011,0.059666666666666666,0.25383333333333336,0.005333333333333334
1,1,1,RF-C,1,W1,0.166666667,0.833333333,0.873737374,0.04833333333333336,0.25550000000000006,0.0021666666666667056
1,1,1,RF-C,1,W2,0.156666667,0.843333333,0.8825,0.05316666666666673,0.25950000000000006,0.0015000000000000568
1,1,1,XGBoost-C,1,X,0.153333333,0.823333333,0.863402062,0.06650000000000003,0.2396666666666667,0.005166666666666708
1,1,1,XGBoost-C,1,W1,0.155,0.815,0.857142857,0.04649999999999993,0.25116666666666665,0.009666666666666612
1,1,1,XGBoost-C,1,W2,0.148333333,0.805,0.851711027,0.04033333333333339,0.2301666666666667,0.003666666666666718
1,1,1,MLP-C,1,X,0.155,0.845,0.886168911,0.06833333333333333,0.253,0.0011666666666666381
1,1,1,MLP-C,1,W1,0.165,0.835,0.873563218,0.05883333333333329,0.2656666666666666,0.0024999999999999467
1,1,1,MLP-C,1,W2,0.153333333,0.846666667,0.884130982,0.06183333333333335,0.266,0.007333333333333325
1,1,1,LogReg,2,X,0.218333333,0.781666667,0.833121019,0.0498333333333333,0.19383333333333327,0.002499999999999958
1,1,1,LogReg,2,W1,0.216666667,0.783333333,0.835025381,0.048166666666666656,0.20033333333333334,0.0028333333333333322
1,1,1,LogReg,2,W2,0.221666667,0.778333333,0.831003812,0.04249999999999998,0.20316666666666666,0.0018333333333333424
1,1,1,SVC,2,X,0.23,0.771666667,0.824583867,0.0456666666666666,0.18766666666666662,-0.00033333333333337436
1,1,1,SVC,2,W1,0.22,0.775,0.828025478,0.04633333333333336,0.1926666666666667,-0.001499999999999968
1,1,1,SVC,2,W2,0.226666667,0.766666667,0.819587629,0.037333333333333406,0.19300000000000006,0.0016666666666667162
1,1,1,RF-C,2,X,0.216666667,0.783333333,0.829842932,0.06533333333333333,0.20616666666666666,0.012833333333333353
1,1,1,RF-C,2,W1,0.221666667,0.778333333,0.827048114,0.05866666666666666,0.20183333333333336,0.005499999999999994
1,1,1,RF-C,2,W2,0.236666667,0.763333333,0.811671088,0.030999999999999982,0.21149999999999994,0.004333333333333289
1,1,1,XGBoost-C,2,X,0.215,0.768333333,0.818774446,0.05883333333333331,0.1953333333333333,0.01366666666666665
1,1,1,XGBoost-C,2,W1,0.228333333,0.746666667,0.803108808,0.03883333333333337,0.18616666666666667,0.005666666666666709
1,1,1,XGBoost-C,2,W2,0.228333333,0.748333333,0.801576873,0.03099999999999996,0.18099999999999997,0.007999999999999962
1,1,1,MLP-C,2,X,0.221666667,0.778333333,0.82147651,0.05999999999999998,0.21183333333333332,0.007166666666666666
1,1,1,MLP-C,2,W1,0.225,0.775,0.824447334,0.04533333333333336,0.20233333333333334,0.0038333333333333774
1,1,1,MLP-C,2,W2,0.233333333,0.766666667,0.814814815,0.04116666666666672,0.20650000000000007,0.004833333333333367
1,1,1,LogReg,3,X,0.183333333,0.816666667,0.863861386,0.07283333333333332,0.21866666666666665,-0.0011666666666666826
1,1,1,LogReg,3,W1,0.188333333,0.811666667,0.858218319,0.06449999999999997,0.22416666666666663,0.010499999999999943
1,1,1,LogReg,3,W2,0.201666667,0.798333333,0.849689441,0.045000000000000005,0.21233333333333335,0.0011666666666666713
1,1,1,SVC,3,X,0.188333333,0.806666667,0.855721393,0.06383333333333333,0.21133333333333332,-0.00966666666666668
1,1,1,SVC,3,W1,0.19,0.805,0.853566959,0.059833333333333405,0.2166666666666667,0.0038333333333333774
1,1,1,SVC,3,W2,0.203333333,0.791666667,0.845869297,0.04049999999999996,0.20449999999999996,-0.0026666666666667173
1,1,1,RF-C,3,X,0.19,0.81,0.857142857,0.058666666666666735,0.22350000000000003,-0.0044999999999999485
1,1,1,RF-C,3,W1,0.196666667,0.803333333,0.857142857,0.05400000000000003,0.21749999999999997,0.011
1,1,1,RF-C,3,W2,0.201666667,0.798333333,0.85080148,0.03583333333333334,0.2181666666666667,0.004833333333333323
1,1,1,XGBoost-C,3,X,0.178333333,0.78,0.831202046,0.054000000000000034,0.19633333333333336,0.00750000000000004
1,1,1,XGBoost-C,3,W1,0.205,0.775,0.827586207,0.052000000000000025,0.19066666666666668,0.019166666666666676
1,1,1,XGBoost-C,3,W2,0.198333333,0.75,0.8046875,0.031500000000000014,0.17766666666666664,0.009000000000000008
1,1,1,MLP-C,3,X,0.18,0.82,0.862944162,0.07633333333333328,0.23383333333333328,0.0001666666666666261
1,1,1,MLP-C,3,W1,0.198333333,0.801666667,0.848792884,0.05549999999999996,0.21783333333333327,0.002833333333333299
1,1,1,MLP-C,3,W2,0.201666667,0.798333333,0.845859873,0.05,0.22216666666666668,0.0003333333333333299
1,1,1,LogReg,4,X,0.186666667,0.813333333,0.859296482,0.04700000000000003,0.22733333333333333,0.0008333333333333526
1,1,1,LogReg,4,W1,0.198333333,0.801666667,0.852173913,0.03116666666666663,0.21916666666666665,0.0008333333333332971
1,1,1,LogReg,4,W2,0.2,0.8,0.851851852,0.027000000000000045,0.22250000000000006,-0.00016666666666665942
1,1,1,SVC,4,X,0.188333333,0.811666667,0.859627329,0.04366666666666665,0.22216666666666662,0.0028333333333332876
1,1,1,SVC,4,W1,0.203333333,0.796666667,0.849382716,0.027166666666666638,0.21149999999999997,-0.0006666666666667043
1,1,1,SVC,4,W2,0.205,0.788333333,0.847172082,0.020999999999999998,0.20349999999999996,-0.003333333333333355
1,1,1,RF-C,4,X,0.188333333,0.811666667,0.858926342,0.05116666666666666,0.22816666666666663,0.02416666666666666
1,1,1,RF-C,4,W1,0.2,0.8,0.851851852,0.030500000000000037,0.22100000000000003,0.004666666666666708
1,1,1,RF-C,4,W2,0.2,0.8,0.85472155,0.027833333333333387,0.22166666666666676,0.011333333333333384
1,1,1,XGBoost-C,4,X,0.195,0.781666667,0.83480454,0.03816666666666663,0.1998333333333333,0.01849999999999996
1,1,1,XGBoost-C,4,W1,0.205,0.768333333,0.824716267,0.02833333333333331,0.1913333333333333,0.0023333333333333097
1,1,1,XGBoost-C,4,W2,0.206666667,0.766666667,0.824120603,0.016833333333333388,0.19066666666666673,0.004500000000000071
1,1,1,MLP-C,4,X,0.175,0.825,0.865900383,0.05866666666666663,0.2411666666666666,0.008333333333333304
1,1,1,MLP-C,4,W1,0.196666667,0.803333333,0.852130326,0.033500000000000016,0.2226666666666667,0.0028333333333333322
1,1,1,MLP-C,4,W2,0.19,0.81,0.857855362,0.036666666666666715,0.23350000000000004,0.012000000000000044
1,1,1,LogReg,5,X,0.19,0.81,0.857855362,0.06383333333333338,0.2098333333333334,-0.0001666666666666261
1,1,1,LogReg,5,W1,0.2,0.8,0.851116625,0.05616666666666672,0.20516666666666672,-0.0014999999999999569
1,1,1,LogReg,5,W2,0.193333333,0.806666667,0.854271357,0.06216666666666663,0.21599999999999997,0.0001666666666666372
1,1,1,SVC,5,X,0.191666667,0.796666667,0.852657005,0.05166666666666664,0.18866666666666662,0.0016666666666666386
1,1,1,SVC,5,W1,0.2,0.79,0.848192771,0.049333333333333375,0.1826666666666667,0.004833333333333379
1,1,1,SVC,5,W2,0.2,0.79,0.846715328,0.04616666666666669,0.1936666666666667,-0.0009999999999999788
1,1,1,RF-C,5,X,0.191666667,0.808333333,0.857142857,0.06316666666666668,0.21083333333333334,0.006999999999999995
1,1,1,RF-C,5,W1,0.188333333,0.811666667,0.858926342,0.07116666666666664,0.21183333333333332,0.02583333333333333
1,1,1,RF-C,5,W2,0.196666667,0.803333333,0.853598015,0.04400000000000004,0.21316666666666673,0.008500000000000008
1,1,1,XGBoost-C,5,X,0.19,0.773333333,0.828282828,0.053666666666666654,0.1833333333333333,0.002333333333333332
1,1,1,XGBoost-C,5,W1,0.198333333,0.78,0.830769231,0.04916666666666669,0.18816666666666673,0.015500000000000024
1,1,1,XGBoost-C,5,W2,0.183333333,0.773333333,0.826530612,0.05199999999999999,0.19349999999999998,0.0115
1,1,1,MLP-C,5,X,0.19,0.81,0.852713178,0.06783333333333338,0.2181666666666667,0.004666666666666708
1,1,1,MLP-C,5,W1,0.196666667,0.803333333,0.853598015,0.06316666666666669,0.2006666666666667,0.009833333333333338
1,1,1,MLP-C,5,W2,0.193333333,0.806666667,0.852417303,0.059499999999999956,0.21799999999999997,0.001833333333333298
1,1,1,LogReg,6,X,0.183333333,0.816666667,0.861111111,0.08416666666666664,0.21149999999999997,0.0023333333333333205
1,1,1,LogReg,6,W1,0.21,0.79,0.844059406,0.048333333333333374,0.1871666666666667,0.0028333333333333877
1,1,1,LogReg,6,W2,0.21,0.79,0.839694656,0.052833333333333385,0.19883333333333336,0.006000000000000028
1,1,1,SVC,6,X,0.188333333,0.805,0.852830189,0.06816666666666674,0.20333333333333337,0.0011666666666667047
1,1,1,SVC,6,W1,0.216666667,0.771666667,0.829813665,0.026666666666666616,0.172,-0.009666666666666702
1,1,1,SVC,6,W2,0.211666667,0.781666667,0.838071693,0.04233333333333329,0.18449999999999994,0.001833333333333298
1,1,1,RF-C,6,X,0.205,0.795,0.847204969,0.049166666666666727,0.20216666666666674,-0.0001666666666666372
1,1,1,RF-C,6,W1,0.22,0.78,0.831632653,0.039166666666666704,0.18900000000000003,0.004500000000000037
1,1,1,RF-C,6,W2,0.218333333,0.781666667,0.836861768,0.04316666666666661,0.19466666666666663,0.0009999999999999788
1,1,1,XGBoost-C,6,X,0.196666667,0.765,0.81759379,0.054833333333333345,0.16983333333333336,0.005833333333333346
1,1,1,XGBoost-C,6,W1,0.228333333,0.763333333,0.816062176,0.05016666666666665,0.17783333333333332,0.009166666666666646
1,1,1,XGBoost-C,6,W2,0.216666667,0.745,0.80155642,0.027500000000000004,0.16449999999999998,-0.001333333333333331
1,1,1,MLP-C,6,X,0.191666667,0.808333333,0.850843061,0.07933333333333335,0.2066666666666667,0.0008333333333333193
1,1,1,MLP-C,6,W1,0.211666667,0.788333333,0.837803321,0.04966666666666668,0.191,0.0004999999999999894
1,1,1,MLP-C,6,W2,0.208333333,0.791666667,0.840764331,0.05516666666666663,0.2041666666666666,0.007499999999999962
1,1,1,LogReg,7,X,0.193333333,0.806666667,0.853904282,0.0813333333333333,0.19649999999999998,0.001499999999999968
1,1,1,LogReg,7,W1,0.2,0.8,0.847328244,0.06566666666666672,0.19016666666666673,0.001333333333333364
1,1,1,LogReg,7,W2,0.201666667,0.798333333,0.849315068,0.06033333333333335,0.20750000000000002,0.000666666666666682
1,1,1,SVC,7,X,0.2,0.785,0.843256379,0.06100000000000001,0.17083333333333336,-0.002166666666666628
1,1,1,SVC,7,W1,0.206666667,0.776666667,0.834975369,0.04449999999999995,0.16316666666666663,-0.0038333333333333774
1,1,1,SVC,7,W2,0.201666667,0.778333333,0.839565742,0.045333333333333316,0.18416666666666665,-0.01033333333333335
1,1,1,RF-C,7,X,0.195,0.805,0.854296389,0.08383333333333337,0.19383333333333339,0.013166666666666715
1,1,1,RF-C,7,W1,0.211666667,0.788333333,0.840652447,0.064,0.1925,0.012500000000000022
1,1,1,RF-C,7,W2,0.195,0.805,0.855377009,0.061666666666666724,0.21800000000000005,0.01933333333333339
1,1,1,XGBoost-C,7,X,0.195,0.773333333,0.83,0.07483333333333332,0.1748333333333333,0.002499999999999991
1,1,1,XGBoost-C,7,W1,0.215,0.741666667,0.804539723,0.03650000000000003,0.15483333333333335,-0.017833333333333312
1,1,1,XGBoost-C,7,W2,0.195,0.765,0.821744627,0.05350000000000003,0.18216666666666667,0.01583333333333333
1,1,1,MLP-C,7,X,0.19,0.81,0.856423174,0.08366666666666672,0.1976666666666667,0.0035000000000000365
1,1,1,MLP-C,7,W1,0.196666667,0.803333333,0.848717949,0.06883333333333333,0.19983333333333336,0.004999999999999993
1,1,1,MLP-C,7,W2,0.191666667,0.808333333,0.854981084,0.06750000000000002,0.2206666666666667,0.00249999999999998
1,1,1,LogReg,8,X,0.188333333,0.811666667,0.856780735,0.07699999999999997,0.22016666666666662,0.001833333333333287
1,1,1,LogReg,8,W1,0.206666667,0.793333333,0.846153846,0.05233333333333334,0.21000000000000002,0.0
1,1,1,LogReg,8,W2,0.216666667,0.783333333,0.840686275,0.0355,0.20949999999999996,0.0008333333333333415
1,1,1,SVC,8,X,0.183333333,0.808333333,0.856787049,0.06816666666666668,0.21083333333333334,0.0005000000000000115
1,1,1,SVC,8,W1,0.203333333,0.795,0.847583643,0.054333333333333365,0.21050000000000005,0.00650000000000005
1,1,1,SVC,8,W2,0.221666667,0.773333333,0.832512315,0.025,0.1963333333333333,-0.0058333333333333345
1,1,1,RF-C,8,X,0.185,0.815,0.861076345,0.06866666666666661,0.22466666666666663,0.003999999999999937
1,1,1,RF-C,8,W1,0.2,0.8,0.85,0.060166666666666715,0.2201666666666667,0.008833333333333382
1,1,1,RF-C,8,W2,0.213333333,0.786666667,0.844282238,0.0258333333333333,0.21033333333333332,0.008666666666666633
1,1,1,XGBoost-C,8,X,0.188333333,0.793333333,0.841836735,0.07783333333333334,0.19016666666666668,0.01366666666666667
1,1,1,XGBoost-C,8,W1,0.201666667,0.755,0.81321474,0.04383333333333335,0.18333333333333335,-0.003999999999999992
1,1,1,XGBoost-C,8,W2,0.215,0.755,0.81321474,0.03383333333333334,0.19083333333333333,0.0
1,1,1,MLP-C,8,X,0.183333333,0.816666667,0.861460957,0.08349999999999999,0.21399999999999997,0.009666666666666657
1,1,1,MLP-C,8,W1,0.193333333,0.806666667,0.854636591,0.06883333333333333,0.22333333333333333,0.014333333333333309
1,1,1,MLP-C,8,W2,0.218333333,0.781666667,0.837670384,0.02799999999999996,0.20783333333333326,-0.00016666666666670382
1,1,1,LogReg,9,X,0.18,0.82,0.860465116,0.07399999999999994,0.22083333333333327,0.001499999999999968
1,1,1,LogReg,9,W1,0.205,0.795,0.842105263,0.04616666666666671,0.2121666666666667,-0.0001666666666666261
1,1,1,LogReg,9,W2,0.188333333,0.811666667,0.857861635,0.056833333333333305,0.22149999999999997,0.0008333333333333193
1,1,1,SVC,9,X,0.186666667,0.815,0.857142857,0.07233333333333328,0.2106666666666666,-0.00016666666666671494
1,1,1,SVC,9,W1,0.206666667,0.793333333,0.842639594,0.05016666666666666,0.2046666666666667,0.006166666666666665
1,1,1,SVC,9,W2,0.19,0.81,0.857142857,0.06366666666666673,0.21450000000000005,0.0028333333333333656
1,1,1,RF-C,9,X,0.181666667,0.818333333,0.858990944,0.0831666666666667,0.2241666666666667,0.00983333333333335
1,1,1,RF-C,9,W1,0.205,0.795,0.842105263,0.04350000000000006,0.21100000000000002,-0.0008333333333332971
1,1,1,RF-C,9,W2,0.188333333,0.811666667,0.854942234,0.06116666666666665,0.22816666666666663,0.004499999999999971
1,1,1,XGBoost-C,9,X,0.186666667,0.8,0.844155844,0.07600000000000004,0.21150000000000002,0.008166666666666688
1,1,1,XGBoost-C,9,W1,0.203333333,0.763333333,0.815584416,0.043666666666666645,0.189,-0.01000000000000002
1,1,1,XGBoost-C,9,W2,0.196666667,0.756666667,0.809895833,0.04633333333333337,0.1911666666666667,-0.012499999999999945
1,1,1,MLP-C,9,X,0.185,0.815,0.854521625,0.06716666666666661,0.22449999999999998,0.003499999999999959
1,1,1,MLP-C,9,W1,0.198333333,0.801666667,0.842800528,0.05449999999999997,0.2288333333333333,0.0019999999999999463
1,1,1,MLP-C,9,W2,0.188333333,0.811666667,0.85151117,0.062,0.23466666666666666,0.0029999999999999914
1,1,1,LogReg,10,X,0.193333333,0.806666667,0.853535354,0.07216666666666664,0.2128333333333333,0.0066666666666666315
1,1,1,LogReg,10,W1,0.205,0.795,0.844892812,0.05700000000000003,0.2126666666666667,0.0031666666666667065
1,1,1,LogReg,10,W2,0.2,0.8,0.850374065,0.05366666666666672,0.2198333333333334,0.004000000000000059
1,1,1,SVC,10,X,0.2,0.791666667,0.841972187,0.056999999999999974,0.20799999999999996,-0.0011666666666667047
1,1,1,SVC,10,W1,0.211666667,0.781666667,0.832694764,0.046499999999999944,0.2056666666666666,-0.0028333333333333765
1,1,1,SVC,10,W2,0.21,0.786666667,0.837974684,0.0478333333333333,0.21349999999999994,-0.0016666666666667162
1,1,1,RF-C,10,X,0.208333333,0.791666667,0.844333748,0.0668333333333333,0.20999999999999996,-2.2204460492503132e-17
1,1,1,RF-C,10,W1,0.206666667,0.793333333,0.845,0.05466666666666668,0.21800000000000003,0.0025000000000000022
1,1,1,RF-C,10,W2,0.218333333,0.781666667,0.838471023,0.04449999999999996,0.20399999999999996,-0.006166666666666709
1,1,1,XGBoost-C,10,X,0.2,0.763333333,0.81462141,0.05116666666666665,0.1898333333333333,-0.008499999999999997
1,1,1,XGBoost-C,10,W1,0.206666667,0.743333333,0.801033592,0.03333333333333329,0.18283333333333332,-0.012833333333333363
1,1,1,XGBoost-C,10,W2,0.213333333,0.745,0.80155642,0.02316666666666666,0.198,-0.005166666666666664
1,1,1,MLP-C,10,X,0.196666667,0.803333333,0.849489796,0.06883333333333334,0.21233333333333332,-0.0008333333333333415
1,1,1,MLP-C,10,W1,0.2,0.8,0.836512262,0.0726666666666667,0.2433333333333334,0.0026666666666666948
1,1,1,MLP-C,10,W2,0.208333333,0.791666667,0.841168996,0.05049999999999999,0.22016666666666662,0.0023333333333332984
1,1,2,LogReg,1,X,0.166666667,0.833333333,0.867724868,0.17800000000000005,0.18016666666666667,0.0018333333333333756
1,1,2,LogReg,1,W1,0.205,0.795,0.838370565,0.1321666666666667,0.1621666666666667,0.005333333333333379
1,1,2,LogReg,1,W2,0.238333333,0.761666667,0.814526589,0.09116666666666672,0.15233333333333338,0.0018333333333333756
1,1,2,SVC,1,X,0.165,0.825,0.862023653,0.17049999999999996,0.16449999999999995,0.0004999999999999672
1,1,2,SVC,1,W1,0.205,0.791666667,0.834437086,0.13099999999999995,0.15849999999999997,0.002166666666666628
1,1,2,SVC,1,W2,0.238333333,0.756666667,0.815656566,0.0796666666666667,0.13483333333333342,-0.0003333333333332966
1,1,2,RF-C,1,X,0.17,0.83,0.863270777,0.17249999999999996,0.18183333333333335,0.01966666666666661
1,1,2,RF-C,1,W1,0.201666667,0.798333333,0.838018742,0.132,0.1706666666666667,0.016166666666666697
1,1,2,RF-C,1,W2,0.235,0.765,0.816644993,0.08433333333333334,0.15583333333333335,0.006166666666666665
1,1,2,XGBoost-C,1,X,0.166666667,0.805,0.840816327,0.14516666666666672,0.16200000000000006,0.00933333333333337
1,1,2,XGBoost-C,1,W1,0.19,0.781666667,0.824631861,0.12399999999999997,0.15066666666666664,0.015499999999999948
1,1,2,XGBoost-C,1,W2,0.225,0.748333333,0.798397864,0.08016666666666664,0.14733333333333326,0.009999999999999953
1,1,2,MLP-C,1,X,0.165,0.835,0.868874172,0.18066666666666661,0.1823333333333333,0.003999999999999981
1,1,2,MLP-C,1,W1,0.206666667,0.793333333,0.83197832,0.13216666666666668,0.1665,0.006999999999999995
1,1,2,MLP-C,1,W2,0.223333333,0.776666667,0.82642487,0.09866666666666661,0.15249999999999994,0.024666666666666625
1,1,2,LogReg,2,X,0.14,0.86,0.888888889,0.1853333333333333,0.20183333333333336,0.0005000000000000115
1,1,2,LogReg,2,W1,0.178333333,0.821666667,0.856760375,0.14016666666666666,0.18433333333333332,0.0
1,1,2,LogReg,2,W2,0.203333333,0.796666667,0.84073107,0.10349999999999997,0.17116666666666663,0.003499999999999959
1,1,2,SVC,2,X,0.145,0.858333333,0.887417219,0.18299999999999994,0.1981666666666666,0.003666666666666607
1,1,2,SVC,2,W1,0.183333333,0.81,0.849604222,0.12633333333333338,0.16916666666666672,-0.004499999999999926
1,1,2,SVC,2,W2,0.196666667,0.798333333,0.84306096,0.1075,0.1685,0.0030000000000000027
1,1,2,RF-C,2,X,0.138333333,0.861666667,0.890356671,0.18800000000000003,0.20333333333333337,0.010833333333333361
1,1,2,RF-C,2,W1,0.181666667,0.818333333,0.856767411,0.13483333333333336,0.17700000000000005,0.014666666666666672
1,1,2,RF-C,2,W2,0.193333333,0.806666667,0.848167539,0.11683333333333334,0.17799999999999994,0.009666666666666624
1,1,2,XGBoost-C,2,X,0.133333333,0.815,0.849797023,0.15766666666666662,0.17283333333333328,-0.013500000000000045
1,1,2,XGBoost-C,2,W1,0.173333333,0.785,0.826379542,0.1121666666666667,0.15550000000000003,2.2204460492503132e-17
1,1,2,XGBoost-C,2,W2,0.181666667,0.788333333,0.831341301,0.11099999999999999,0.17466666666666666,0.01183333333333334
1,1,2,MLP-C,2,X,0.138333333,0.861666667,0.890356671,0.18633333333333335,0.20233333333333334,0.007833333333333359
1,1,2,MLP-C,2,W1,0.176666667,0.823333333,0.857908847,0.1436666666666667,0.18416666666666667,0.003333333333333366
1,1,2,MLP-C,2,W2,0.195,0.805,0.844207723,0.11400000000000006,0.1806666666666667,0.004333333333333367
1,1,2,LogReg,3,X,0.161666667,0.838333333,0.875481386,0.16850000000000004,0.15433333333333343,0.003166666666666695
1,1,2,LogReg,3,W1,0.185,0.815,0.85413929,0.14916666666666661,0.16333333333333327,0.0034999999999999363
1,1,2,LogReg,3,W2,0.193333333,0.806666667,0.852040816,0.13099999999999995,0.15399999999999997,0.001833333333333309
1,1,2,SVC,3,X,0.163333333,0.836666667,0.873385013,0.16766666666666666,0.15316666666666667,0.0071666666666666875
1,1,2,SVC,3,W1,0.19,0.81,0.854961832,0.13483333333333336,0.15483333333333338,0.005000000000000049
1,1,2,SVC,3,W2,0.196666667,0.798333333,0.847029077,0.11716666666666668,0.14183333333333334,-0.0025000000000000022
1,1,2,RF-C,3,X,0.166666667,0.833333333,0.869451697,0.1621666666666667,0.16083333333333338,0.01750000000000005
1,1,2,RF-C,3,W1,0.175,0.825,0.861660079,0.15983333333333333,0.17333333333333328,0.03366666666666662
1,1,2,RF-C,3,W2,0.191666667,0.808333333,0.851994852,0.12116666666666669,0.16699999999999998,0.010666666666666668
1,1,2,XGBoost-C,3,X,0.173333333,0.803333333,0.844327177,0.14900000000000002,0.1428333333333333,-0.00216666666666665
1,1,2,XGBoost-C,3,W1,0.185,0.801666667,0.844036697,0.14216666666666666,0.14983333333333332,0.0273333333333333
1,1,2,XGBoost-C,3,W2,0.193333333,0.771666667,0.820445609,0.1061666666666666,0.1318333333333333,0.015666666666666617
1,1,2,MLP-C,3,X,0.163333333,0.836666667,0.871052632,0.17416666666666666,0.1585,0.0028333333333333322
1,1,2,MLP-C,3,W1,0.185,0.815,0.85413929,0.14916666666666661,0.16333333333333327,0.002999999999999936
1,1,2,MLP-C,3,W2,0.195,0.805,0.848249027,0.13216666666666668,0.15683333333333338,0.0026666666666666948
1,1,2,LogReg,4,X,0.156666667,0.843333333,0.875661376,0.18400000000000002,0.17266666666666672,0.002333333333333376
1,1,2,LogReg,4,W1,0.168333333,0.831666667,0.864064603,0.15916666666666665,0.18400000000000002,0.0050000000000000044
1,1,2,LogReg,4,W2,0.198333333,0.801666667,0.847240051,0.11599999999999996,0.17366666666666658,0.0023333333333332984
1,1,2,SVC,4,X,0.158333333,0.836666667,0.871052632,0.1753333333333333,0.1673333333333333,-0.003833333333333322
1,1,2,SVC,4,W1,0.175,0.815,0.849797023,0.14399999999999996,0.17433333333333328,-0.006666666666666698
1,1,2,SVC,4,W2,0.196666667,0.806666667,0.848167539,0.11616666666666667,0.18883333333333333,0.005833333333333313
1,1,2,RF-C,4,X,0.155,0.845,0.874831763,0.18999999999999995,0.17566666666666664,0.009166666666666634
1,1,2,RF-C,4,W1,0.175,0.825,0.855967078,0.14983333333333332,0.18449999999999994,0.008666666666666623
1,1,2,RF-C,4,W2,0.193333333,0.806666667,0.848958333,0.11433333333333331,0.1936666666666666,0.007999999999999974
1,1,2,XGBoost-C,4,X,0.148333333,0.823333333,0.855585831,0.17383333333333334,0.165,-0.012166666666666636
1,1,2,XGBoost-C,4,W1,0.17,0.773333333,0.814713896,0.10566666666666664,0.13599999999999998,-0.01283333333333334
1,1,2,XGBoost-C,4,W2,0.195,0.765,0.81124498,0.10416666666666667,0.16316666666666668,-0.012333333333333318
1,1,2,MLP-C,4,X,0.153333333,0.846666667,0.877005348,0.18716666666666665,0.17833333333333334,0.004333333333333344
1,1,2,MLP-C,4,W1,0.17,0.83,0.862903226,0.15716666666666662,0.1828333333333333,0.003499999999999981
1,1,2,MLP-C,4,W2,0.191666667,0.808333333,0.847277556,0.124,0.19283333333333336,0.002333333333333354
1,1,2,LogReg,5,X,0.178333333,0.821666667,0.860495437,0.18083333333333332,0.156,0.002333333333333332
1,1,2,LogReg,5,W1,0.198333333,0.801666667,0.844850065,0.14649999999999996,0.15016666666666662,0.0033333333333332993
1,1,2,LogReg,5,W2,0.211666667,0.788333333,0.836970475,0.13016666666666668,0.14916666666666667,0.0026666666666666726
1,1,2,SVC,5,X,0.181666667,0.813333333,0.855670103,0.17850000000000005,0.1436666666666667,-0.0013333333333332975
1,1,2,SVC,5,W1,0.196666667,0.8,0.84496124,0.15050000000000002,0.14200000000000004,4.4408920985006264e-17
1,1,2,SVC,5,W2,0.213333333,0.786666667,0.838790932,0.13349999999999995,0.1371666666666666,0.005333333333333312
1,1,2,RF-C,5,X,0.178333333,0.821666667,0.860858257,0.18466666666666667,0.1585,0.01483333333333331
1,1,2,RF-C,5,W1,0.205,0.795,0.840052016,0.14516666666666672,0.14750000000000002,0.005666666666666709
1,1,2,RF-C,5,W2,0.218333333,0.781666667,0.833121019,0.13033333333333327,0.14099999999999996,0.006333333333333279
1,1,2,XGBoost-C,5,X,0.185,0.788333333,0.831788079,0.16166666666666663,0.1375,0.006833333333333335
1,1,2,XGBoost-C,5,W1,0.208333333,0.768333333,0.812920592,0.12433333333333332,0.12266666666666666,0.0019999999999999797
1,1,2,XGBoost-C,5,W2,0.21,0.746666667,0.799472296,0.10533333333333336,0.1103333333333334,0.001333333333333364
1,1,2,MLP-C,5,X,0.173333333,0.826666667,0.864229765,0.18983333333333335,0.16183333333333333,0.004833333333333334
1,1,2,MLP-C,5,W1,0.195,0.805,0.845849802,0.15516666666666673,0.15400000000000003,0.009000000000000053
1,1,2,MLP-C,5,W2,0.211666667,0.788333333,0.839443742,0.13899999999999998,0.1428333333333333,0.0036666666666666735
1,1,2,LogReg,6,X,0.16,0.84,0.876606684,0.20049999999999996,0.16933333333333328,0.0009999999999999564
1,1,2,LogReg,6,W1,0.18,0.82,0.863636364,0.17166666666666663,0.16399999999999998,0.002499999999999958
1,1,2,LogReg,6,W2,0.218333333,0.781666667,0.836045056,0.12149999999999998,0.16199999999999998,0.005499999999999961
1,1,2,SVC,6,X,0.161666667,0.835,0.875471698,0.18899999999999997,0.16499999999999995,0.0001666666666666372
1,1,2,SVC,6,W1,0.183333333,0.805,0.855377009,0.15133333333333338,0.15183333333333338,-0.00749999999999994
1,1,2,SVC,6,W2,0.22,0.776666667,0.831234257,0.1211666666666666,0.15866666666666665,0.0016666666666666162
1,1,2,RF-C,6,X,0.173333333,0.826666667,0.867007673,0.18666666666666668,0.15933333333333333,-0.00016666666666668162
1,1,2,RF-C,6,W1,0.185,0.815,0.859671302,0.1669999999999999,0.16049999999999992,0.001999999999999935
1,1,2,RF-C,6,W2,0.213333333,0.786666667,0.837563452,0.1293333333333333,0.16799999999999998,0.004833333333333289
1,1,2,XGBoost-C,6,X,0.168333333,0.79,0.838046272,0.15266666666666673,0.1266666666666667,-0.01666666666666663
1,1,2,XGBoost-C,6,W1,0.183333333,0.783333333,0.831168831,0.14233333333333334,0.13266666666666665,0.0008333333333333304
1,1,2,XGBoost-C,6,W2,0.215,0.738333333,0.795838752,0.09616666666666662,0.13099999999999995,0.002833333333333299
1,1,2,MLP-C,6,X,0.155,0.845,0.881528662,0.2086666666666666,0.17149999999999999,0.002499999999999958
1,1,2,MLP-C,6,W1,0.17,0.83,0.870229008,0.17949999999999994,0.17683333333333331,0.010333333333333306
1,1,2,MLP-C,6,W2,0.216666667,0.783333333,0.834183673,0.13549999999999995,0.162,0.0014999999999999903
1,1,2,LogReg,7,X,0.181666667,0.818333333,0.859354839,0.15283333333333338,0.18633333333333338,0.002000000000000035
1,1,2,LogReg,7,W1,0.188333333,0.811666667,0.855683269,0.1375,0.19116666666666665,-0.0023333333333333426
1,1,2,LogReg,7,W2,0.208333333,0.791666667,0.838292367,0.11133333333333333,0.17949999999999994,0.0023333333333332984
1,1,2,SVC,7,X,0.185,0.818333333,0.860435339,0.14733333333333337,0.18450000000000003,0.00033333333333336325
1,1,2,SVC,7,W1,0.191666667,0.796666667,0.845959596,0.11466666666666663,0.17783333333333332,0.001499999999999968
1,1,2,SVC,7,W2,0.208333333,0.775,0.828462516,0.09500000000000001,0.16250000000000003,0.00033333333333336325
1,1,2,RF-C,7,X,0.188333333,0.811666667,0.854193548,0.14750000000000002,0.18449999999999997,-0.001333333333333342
1,1,2,RF-C,7,W1,0.203333333,0.796666667,0.845177665,0.12049999999999997,0.18166666666666662,0.008166666666666645
1,1,2,RF-C,7,W2,0.213333333,0.786666667,0.837563452,0.10166666666666661,0.17199999999999993,0.005999999999999983
1,1,2,XGBoost-C,7,X,0.183333333,0.788333333,0.834419817,0.1325,0.16166666666666668,-0.004333333333333333
1,1,2,XGBoost-C,7,W1,0.193333333,0.778333333,0.827048114,0.11616666666666667,0.16916666666666663,0.008499999999999985
1,1,2,XGBoost-C,7,W2,0.206666667,0.768333333,0.818300654,0.10266666666666664,0.16299999999999995,0.0043333333333333
1,1,2,MLP-C,7,X,0.176666667,0.823333333,0.861618799,0.15883333333333335,0.19450000000000003,0.0008333333333333526
1,1,2,MLP-C,7,W1,0.185,0.815,0.855656697,0.1396666666666666,0.19883333333333328,0.0009999999999999564
1,1,2,MLP-C,7,W2,0.206666667,0.793333333,0.838961039,0.11350000000000002,0.18233333333333332,0.002000000000000013
1,1,2,LogReg,8,X,0.168333333,0.831666667,0.867279895,0.173,0.17033333333333334,0.0016666666666666718
1,1,2,LogReg,8,W1,0.183333333,0.816666667,0.853333333,0.15399999999999997,0.1685,0.002166666666666672
1,1,2,LogReg,8,W2,0.203333333,0.796666667,0.844783715,0.11366666666666662,0.15699999999999997,0.001999999999999935
1,1,2,SVC,8,X,0.166666667,0.83,0.865079365,0.17233333333333328,0.16999999999999998,0.002333333333333287
1,1,2,SVC,8,W1,0.188333333,0.798333333,0.843467012,0.13266666666666665,0.15433333333333338,-0.006333333333333313
1,1,2,SVC,8,W2,0.21,0.788333333,0.8386277,0.10416666666666666,0.152,0.003166666666666673
1,1,2,RF-C,8,X,0.161666667,0.838333333,0.872870249,0.19333333333333338,0.166,0.010166666666666713
1,1,2,RF-C,8,W1,0.195,0.805,0.845849802,0.14833333333333337,0.1643333333333334,0.010333333333333384
1,1,2,RF-C,8,W2,0.221666667,0.778333333,0.829268293,0.09233333333333332,0.15283333333333332,0.0
1,1,2,XGBoost-C,8,X,0.158333333,0.816666667,0.85013624,0.16566666666666666,0.16266666666666665,-1.1102230246251566e-17
1,1,2,XGBoost-C,8,W1,0.185,0.778333333,0.823373174,0.1298333333333333,0.1445,0.005499999999999994
1,1,2,XGBoost-C,8,W2,0.216666667,0.743333333,0.795755968,0.08866666666666663,0.13349999999999998,-0.006500000000000039
1,1,2,MLP-C,8,X,0.163333333,0.836666667,0.868983957,0.18216666666666664,0.1795,0.006333333333333335
1,1,2,MLP-C,8,W1,0.178333333,0.821666667,0.854024557,0.16133333333333333,0.182,0.00016666666666665942
1,1,2,MLP-C,8,W2,0.208333333,0.791666667,0.838709677,0.1118333333333333,0.1598333333333333,0.0006666666666666377
1,1,2,LogReg,9,X,0.14,0.86,0.88365651,0.18566666666666665,0.20600000000000002,0.002666666666666662
1,1,2,LogReg,9,W1,0.17,0.83,0.858333333,0.14999999999999997,0.20099999999999998,0.0
1,1,2,LogReg,9,W2,0.19,0.81,0.83943662,0.12116666666666673,0.19433333333333333,-0.0003333333333332744
1,1,2,SVC,9,X,0.138333333,0.856666667,0.880886427,0.19116666666666668,0.1963333333333334,0.002666666666666662
1,1,2,SVC,9,W1,0.17,0.811666667,0.845839018,0.13616666666666669,0.1743333333333333,-0.009166666666666667
1,1,2,SVC,9,W2,0.188333333,0.796666667,0.831955923,0.11416666666666664,0.17383333333333334,0.003499999999999959
1,1,2,RF-C,9,X,0.141666667,0.858333333,0.881118881,0.18466666666666662,0.20316666666666658,0.003333333333333266
1,1,2,RF-C,9,W1,0.181666667,0.818333333,0.851296044,0.14433333333333337,0.1831666666666667,-0.001499999999999968
1,1,2,RF-C,9,W2,0.205,0.795,0.835781041,0.11483333333333337,0.17233333333333337,0.002333333333333354
1,1,2,XGBoost-C,9,X,0.145,0.833333333,0.861878453,0.17933333333333334,0.18833333333333335,0.0063333333333333575
1,1,2,XGBoost-C,9,W1,0.176666667,0.776666667,0.816438356,0.1141666666666666,0.16116666666666662,-0.014166666666666716
1,1,2,XGBoost-C,9,W2,0.201666667,0.758333333,0.797202797,0.0988333333333333,0.1553333333333333,0.007999999999999962
1,1,2,MLP-C,9,X,0.14,0.86,0.882352941,0.18916666666666665,0.2076666666666666,0.0008333333333333415
1,1,2,MLP-C,9,W1,0.168333333,0.831666667,0.859527121,0.15166666666666667,0.20316666666666666,0.002000000000000013
1,1,2,MLP-C,9,W2,0.191666667,0.808333333,0.839160839,0.12033333333333336,0.1925,-0.0023333333333333426
1,1,2,LogReg,10,X,0.13,0.87,0.896,0.20600000000000002,0.19366666666666665,0.0
1,1,2,LogReg,10,W1,0.153333333,0.846666667,0.877984085,0.17233333333333337,0.1846666666666667,-0.001000000000000012
1,1,2,LogReg,10,W2,0.18,0.82,0.852861035,0.14133333333333326,0.19216666666666662,0.00033333333333330774
1,1,2,SVC,10,X,0.136666667,0.861666667,0.888888889,0.19233333333333336,0.1856666666666667,0.0025000000000000465
1,1,2,SVC,10,W1,0.158333333,0.84,0.871657754,0.17283333333333334,0.17516666666666664,0.0058333333333333015
1,1,2,SVC,10,W2,0.185,0.79,0.835509138,0.1123333333333334,0.15583333333333335,0.0010000000000000453
1,1,2,RF-C,10,X,0.14,0.86,0.886178862,0.1983333333333333,0.18366666666666664,0.010499999999999976
1,1,2,RF-C,10,W1,0.158333333,0.841666667,0.871447903,0.17816666666666667,0.18083333333333335,0.014333333333333342
1,1,2,RF-C,10,W2,0.203333333,0.796666667,0.840314136,0.12349999999999994,0.16333333333333327,0.0029999999999999584
1,1,2,XGBoost-C,10,X,0.138333333,0.843333333,0.871934605,0.18633333333333338,0.1723333333333334,0.019500000000000028
1,1,2,XGBoost-C,10,W1,0.158333333,0.811666667,0.845417237,0.15483333333333332,0.15549999999999997,0.011333333333333296
1,1,2,XGBoost-C,10,W2,0.195,0.76,0.808,0.08716666666666668,0.14866666666666667,-0.007166666666666666
1,1,2,MLP-C,10,X,0.13,0.87,0.894308943,0.20249999999999999,0.19716666666666666,0.01699999999999997
1,1,2,MLP-C,10,W1,0.161666667,0.838333333,0.868385346,0.17683333333333334,0.17633333333333337,0.0035000000000000252
1,1,2,MLP-C,10,W2,0.181666667,0.818333333,0.851296044,0.13883333333333334,0.19016666666666668,-0.0023333333333332984
2,0,0,LogReg,1,X,0.18875,0.81125,0.816077954,0.246375,0.08362500000000002,0.001375000000000015
2,0,0,LogReg,1,W1,0.205,0.795,0.796526055,0.22975000000000004,0.09587500000000004,0.0006250000000000422
2,0,0,LogReg,1,W2,0.25375,0.74625,0.755716005,0.18087499999999995,0.07974999999999997,0.0013749999999999596
2,0,0,SVC,1,X,0.18,0.8175,0.822384428,0.256625,0.093625,0.0036250000000000006
2,0,0,SVC,1,W1,0.19625,0.80125,0.803461063,0.236125,0.10837500000000003,0.009125000000000027
2,0,0,SVC,1,W2,0.25,0.75125,0.760529483,0.18649999999999994,0.08437499999999998,-0.0017500000000000183
2,0,0,RF-C,1,X,0.185,0.815,0.82038835,0.25562499999999994,0.08812499999999994,0.0023749999999999384
2,0,0,RF-C,1,W1,0.2075,0.7925,0.797560976,0.23837499999999995,0.09174999999999998,0.0018749999999999821
2,0,0,RF-C,1,W2,0.24375,0.75625,0.763636364,0.20112499999999994,0.08299999999999999,0.005874999999999975
2,0,0,XGBoost-C,1,X,0.1825,0.79125,0.794081381,0.23800000000000004,0.08325000000000002,0.007250000000000023
2,0,0,XGBoost-C,1,W1,0.20625,0.73875,0.7454324,0.17712500000000003,0.07350000000000002,-0.00874999999999998
2,0,0,XGBoost-C,1,W2,0.2475,0.7225,0.728606357,0.16725000000000004,0.08762500000000004,0.0015000000000000458
2,0,0,MLP-C,1,X,0.18375,0.81625,0.822249093,0.252,0.08825000000000002,0.0031250000000000444
2,0,0,MLP-C,1,W1,0.205,0.795,0.797530864,0.23224999999999998,0.09500000000000006,-0.0011249999999999427
2,0,0,MLP-C,1,W2,0.2425,0.7575,0.76849642,0.19537499999999994,0.08874999999999997,-0.0013750000000000262
2,0,0,LogReg,2,X,0.21625,0.78375,0.784557908,0.23099999999999993,0.05299999999999996,0.00012499999999993072
2,0,0,LogReg,2,W1,0.2475,0.7525,0.748091603,0.19587499999999994,0.06999999999999994,-0.0015000000000000347
2,0,0,LogReg,2,W2,0.28375,0.71625,0.712294043,0.15700000000000008,0.05675000000000004,-0.0007499999999999507
2,0,0,SVC,2,X,0.21625,0.785,0.782828283,0.23600000000000004,0.057625000000000016,0.0007500000000000395
2,0,0,SVC,2,W1,0.24375,0.745,0.734375,0.188,0.060999999999999985,0.0018749999999999821
2,0,0,SVC,2,W2,0.2775,0.7225,0.716836735,0.16025000000000006,0.06762500000000003,0.009000000000000018
2,0,0,RF-C,2,X,0.21125,0.78875,0.78023407,0.26449999999999996,0.02624999999999995,0.002624999999999977
2,0,0,RF-C,2,W1,0.2575,0.7425,0.73857868,0.19750000000000006,0.06250000000000006,0.02300000000000004
2,0,0,RF-C,2,W2,0.2825,0.7175,0.718905473,0.16387500000000005,0.06162500000000003,0.011250000000000015
2,0,0,XGBoost-C,2,X,0.2075,0.73875,0.731016731,0.19875000000000004,0.029500000000000016,-0.017249999999999977
2,0,0,XGBoost-C,2,W1,0.255,0.74,0.732647815,0.18887499999999996,0.06637499999999999,0.02712499999999999
2,0,0,XGBoost-C,2,W2,0.28125,0.68875,0.688360451,0.14287499999999997,0.050624999999999976,-0.0005000000000000337
2,0,0,MLP-C,2,X,0.21,0.79,0.791044776,0.23512500000000003,0.06012500000000004,0.0046250000000000345
2,0,0,MLP-C,2,W1,0.24625,0.75375,0.749044586,0.19750000000000006,0.07000000000000003,0.00012500000000004174
2,0,0,MLP-C,2,W2,0.27875,0.72125,0.717363752,0.15937499999999993,0.06537499999999995,0.0026249999999999442
2,0,0,LogReg,3,X,0.23375,0.76625,0.759330759,0.21312499999999995,0.05824999999999999,0.0
2,0,0,LogReg,3,W1,0.2625,0.7375,0.729381443,0.17875000000000005,0.06850000000000003,-0.0008749999999999702
2,0,0,LogReg,3,W2,0.25625,0.74375,0.737516005,0.178375,0.08475000000000002,0.0002499999999999947
2,0,0,SVC,3,X,0.23375,0.76,0.75257732,0.20750000000000002,0.052750000000000005,-0.0050000000000000044
2,0,0,SVC,3,W1,0.255,0.7425,0.735218509,0.18475000000000005,0.07137500000000005,0.00125000000000004
2,0,0,SVC,3,W2,0.24875,0.7525,0.744186047,0.19174999999999992,0.08887499999999995,0.013249999999999939
2,0,0,RF-C,3,X,0.22625,0.77375,0.764629389,0.22500000000000003,0.06400000000000004,0.006750000000000045
2,0,0,RF-C,3,W1,0.25875,0.74125,0.73011734,0.18587499999999996,0.06499999999999996,0.003999999999999971
2,0,0,RF-C,3,W2,0.26125,0.73875,0.737766625,0.181875,0.073875,0.01662500000000001
2,0,0,XGBoost-C,3,X,0.225,0.745,0.74563591,0.19975,0.056625000000000016,0.0011249999999999982
2,0,0,XGBoost-C,3,W1,0.25125,0.70125,0.700125471,0.15175000000000005,0.04462500000000005,-0.016749999999999952
2,0,0,XGBoost-C,3,W2,0.2625,0.6925,0.688607595,0.146625,0.0485,-0.0058749999999999965
2,0,0,MLP-C,3,X,0.22625,0.77375,0.762778506,0.2196250000000001,0.06600000000000006,0.003375000000000039
2,0,0,MLP-C,3,W1,0.25,0.75,0.753694581,0.19137500000000002,0.08175,0.0002499999999999947
2,0,0,MLP-C,3,W2,0.2525,0.7475,0.742346939,0.18075000000000005,0.08800000000000006,0.0012500000000000289
2,0,0,LogReg,4,X,0.1875,0.8125,0.817073171,0.251,0.08775,0.00187499999999996
2,0,0,LogReg,4,W1,0.23,0.77,0.773399015,0.20124999999999998,0.07912500000000001,0.0012500000000000178
2,0,0,LogReg,4,W2,0.255,0.745,0.751219512,0.171625,0.09437499999999999,-0.0018750000000000155
2,0,0,SVC,4,X,0.19,0.8,0.804400978,0.23950000000000005,0.07575000000000004,-0.005374999999999963
2,0,0,SVC,4,W1,0.22625,0.77625,0.779284834,0.20975000000000002,0.08325,0.0073749999999999875
2,0,0,SVC,4,W2,0.25375,0.74375,0.74969475,0.172,0.09250000000000003,0.0012500000000000178
2,0,0,RF-C,4,X,0.18875,0.81125,0.812887237,0.24962500000000004,0.09150000000000005,0.008875000000000022
2,0,0,RF-C,4,W1,0.235,0.765,0.767901235,0.19950000000000004,0.06875,0.0076250000000000154
2,0,0,RF-C,4,W2,0.25125,0.74875,0.759281437,0.18025000000000002,0.09687500000000004,0.001625000000000043
2,0,0,XGBoost-C,4,X,0.18625,0.785,0.789215686,0.22362500000000002,0.07837500000000003,-0.002124999999999966
2,0,0,XGBoost-C,4,W1,0.2275,0.7325,0.735802469,0.17200000000000001,0.05812500000000002,-0.006999999999999973
2,0,0,XGBoost-C,4,W2,0.24,0.7175,0.730952381,0.14725,0.08137500000000003,0.005000000000000027
2,0,0,MLP-C,4,X,0.18125,0.81875,0.823386114,0.25737499999999996,0.09274999999999997,0.00874999999999997
2,0,0,MLP-C,4,W1,0.2275,0.7725,0.775308642,0.20199999999999996,0.08074999999999997,0.0031249999999999776
2,0,0,MLP-C,4,W2,0.2525,0.7475,0.753658537,0.17337500000000006,0.09912500000000005,0.003125000000000033
2,0,0,LogReg,5,X,0.205,0.795,0.8,0.24162500000000006,0.06987500000000002,0.0037500000000000424
2,0,0,LogReg,5,W1,0.25,0.75,0.750623441,0.18325,0.05287499999999999,0.002499999999999991
2,0,0,LogReg,5,W2,0.2625,0.7375,0.744525547,0.17175,0.07700000000000004,0.012125000000000052
2,0,0,SVC,5,X,0.20125,0.795,0.802409639,0.24337500000000006,0.06925000000000005,0.004000000000000048
2,0,0,SVC,5,W1,0.245,0.7525,0.759124088,0.18799999999999994,0.06399999999999996,0.007499999999999929
2,0,0,SVC,5,W2,0.25875,0.73375,0.737361282,0.164625,0.0805,0.011875000000000014
2,0,0,RF-C,5,X,0.195,0.805,0.811138015,0.2600000000000001,0.08137500000000006,0.012625000000000042
2,0,0,RF-C,5,W1,0.235,0.765,0.770171149,0.20437500000000003,0.07725000000000001,0.009875000000000023
2,0,0,RF-C,5,W2,0.26625,0.73375,0.746126341,0.173625,0.077625,0.008250000000000035
2,0,0,XGBoost-C,5,X,0.19,0.78125,0.787363305,0.23625,0.06875,0.013374999999999993
2,0,0,XGBoost-C,5,W1,0.245,0.73875,0.741016109,0.183625,0.07175000000000002,-0.0005000000000000004
2,0,0,XGBoost-C,5,W2,0.265,0.6975,0.70631068,0.142875,0.06537499999999999,0.003125000000000011
2,0,0,MLP-C,5,X,0.20375,0.79625,0.801944107,0.242125,0.07025,0.004375000000000018
2,0,0,MLP-C,5,W1,0.24125,0.75875,0.773207991,0.193125,0.06325000000000004,-0.0024999999999999467
2,0,0,MLP-C,5,W2,0.25875,0.74125,0.749697703,0.16974999999999998,0.08387499999999998,0.01449999999999998
2,0,0,LogReg,6,X,0.2175,0.7825,0.786764706,0.23537499999999997,0.07812499999999997,0.0017499999999999849
2,0,0,LogReg,6,W1,0.255,0.745,0.74563591,0.190125,0.0745,0.0021249999999999993
2,0,0,LogReg,6,W2,0.26625,0.73375,0.740560292,0.180875,0.08100000000000002,-0.0028749999999999943
2,0,0,SVC,6,X,0.21875,0.7775,0.782926829,0.23112499999999997,0.07249999999999995,0.0027499999999999526
2,0,0,SVC,6,W1,0.25625,0.74,0.743842365,0.18387499999999996,0.07737499999999999,-0.0035000000000000252
2,0,0,SVC,6,W2,0.2625,0.735,0.745192308,0.17775,0.08674999999999998,-0.002000000000000024
2,0,0,RF-C,6,X,0.21875,0.78125,0.785276074,0.23712499999999997,0.07312499999999997,0.006374999999999987
2,0,0,RF-C,6,W1,0.26,0.74,0.741935484,0.191125,0.07987499999999999,-0.0011250000000000205
2,0,0,RF-C,6,W2,0.26625,0.73375,0.749116608,0.17612500000000003,0.08575000000000002,0.002750000000000008
2,0,0,XGBoost-C,6,X,0.21375,0.7575,0.756892231,0.20699999999999993,0.06812499999999995,-0.007875000000000031
2,0,0,XGBoost-C,6,W1,0.255,0.71875,0.716981132,0.16349999999999998,0.07587499999999998,-0.0009999999999999898
2,0,0,XGBoost-C,6,W2,0.26,0.69375,0.707287933,0.134875,0.05624999999999997,0.007874999999999965
2,0,0,MLP-C,6,X,0.21625,0.78375,0.787207872,0.23624999999999993,0.08012499999999995,0.0019999999999999575
2,0,0,MLP-C,6,W1,0.2525,0.7475,0.748129676,0.19337500000000005,0.07862500000000004,0.005250000000000044
2,0,0,MLP-C,6,W2,0.26125,0.73875,0.744186047,0.18525000000000005,0.0855,0.0021250000000000214
2,0,0,LogReg,7,X,0.22,0.78,0.786924939,0.23437500000000006,0.08025000000000002,0.00425000000000002
2,0,0,LogReg,7,W1,0.24125,0.75875,0.764920828,0.20587500000000003,0.08300000000000002,0.0003750000000000586
2,0,0,LogReg,7,W2,0.265,0.735,0.747016706,0.1815,0.08312499999999998,0.002499999999999991
2,0,0,SVC,7,X,0.21625,0.78,0.783251232,0.23712500000000009,0.07712500000000001,0.002000000000000024
2,0,0,SVC,7,W1,0.24375,0.75125,0.762812872,0.20149999999999996,0.07537499999999996,-0.005625000000000024
2,0,0,SVC,7,W2,0.26,0.74125,0.753277712,0.18549999999999994,0.09299999999999997,0.004249999999999965
2,0,0,RF-C,7,X,0.22125,0.77875,0.781750925,0.24275000000000002,0.07700000000000005,0.006625000000000036
2,0,0,RF-C,7,W1,0.25375,0.74625,0.757467145,0.20474999999999993,0.07049999999999998,0.014749999999999975
2,0,0,RF-C,7,W2,0.2675,0.7325,0.742788462,0.18100000000000002,0.08662500000000004,0.005000000000000049
2,0,0,XGBoost-C,7,X,0.22875,0.76375,0.766378245,0.22325000000000003,0.06387500000000006,0.014500000000000035
2,0,0,XGBoost-C,7,W1,0.24625,0.70875,0.72294887,0.16624999999999995,0.041625,-0.003875000000000006
2,0,0,XGBoost-C,7,W2,0.2625,0.68875,0.7039239,0.13974999999999999,0.05849999999999996,-0.004125000000000023
2,0,0,MLP-C,7,X,0.215,0.785,0.789215686,0.23887500000000003,0.08375000000000005,0.0063750000000000195
2,0,0,MLP-C,7,W1,0.235,0.765,0.767901235,0.21387500000000004,0.08862500000000002,0.0055000000000000274
2,0,0,MLP-C,7,W2,0.255,0.745,0.757142857,0.1845,0.09912499999999999,0.0073749999999999875
2,0,0,LogReg,8,X,0.1775,0.8225,0.825123153,0.26875,0.08287500000000002,-0.003124999999999989
2,0,0,LogReg,8,W1,0.1925,0.8075,0.809405941,0.2535,0.09775,0.004624999999999979
2,0,0,LogReg,8,W2,0.2475,0.7525,0.755555556,0.19837499999999997,0.07137499999999994,-0.0021250000000000322
2,0,0,SVC,8,X,0.17125,0.81875,0.819875776,0.26349999999999996,0.07824999999999999,-0.007000000000000029
2,0,0,SVC,8,W1,0.19625,0.79625,0.798017348,0.24075000000000002,0.08650000000000001,-0.0016249999999999876
2,0,0,SVC,8,W2,0.2325,0.7625,0.770531401,0.209,0.07974999999999997,0.00824999999999997
2,0,0,RF-C,8,X,0.17,0.83,0.832098765,0.28312499999999996,0.08424999999999995,0.009624999999999972
2,0,0,RF-C,8,W1,0.225,0.775,0.777227723,0.24012500000000006,0.05312500000000001,0.00025000000000001686
2,0,0,RF-C,8,W2,0.23,0.77,0.776699029,0.22762500000000002,0.07387500000000002,0.012375000000000047
2,0,0,XGBoost-C,8,X,0.165,0.7975,0.796992481,0.24362499999999998,0.08149999999999999,0.0003749999999999809
2,0,0,XGBoost-C,8,W1,0.21375,0.75,0.745547074,0.1935,0.07225,0.00824999999999998
2,0,0,XGBoost-C,8,W2,0.23875,0.7,0.697732997,0.14987499999999995,0.049999999999999954,-0.002000000000000013
2,0,0,MLP-C,8,X,0.17375,0.82625,0.82902829,0.27325000000000005,0.08775000000000002,0.0005000000000000337
2,0,0,MLP-C,8,W1,0.19125,0.80875,0.810408922,0.254625,0.10024999999999995,0.004249999999999965
2,0,0,MLP-C,8,W2,0.24,0.76,0.764127764,0.20512500000000006,0.07687500000000001,0.0017500000000000183
2,0,0,LogReg,9,X,0.21875,0.78125,0.786845311,0.2395,0.06475,-0.0012500000000000067
2,0,0,LogReg,9,W1,0.2475,0.7525,0.762019231,0.20449999999999996,0.06724999999999995,-0.0016250000000000541
2,0,0,LogReg,9,W2,0.2775,0.7225,0.73381295,0.17450000000000002,0.05325000000000003,-0.0014999999999999458
2,0,0,SVC,9,X,0.21375,0.78375,0.788766789,0.2432499999999999,0.06624999999999995,0.0008749999999999259
2,0,0,SVC,9,W1,0.2425,0.7625,0.770531401,0.21462499999999993,0.07512499999999994,0.00762499999999996
2,0,0,SVC,9,W2,0.27,0.72875,0.736969697,0.182125,0.058125,0.0063750000000000195
2,0,0,RF-C,9,X,0.2175,0.7825,0.788321168,0.24375,0.06624999999999999,0.0022499999999999742
2,0,0,RF-C,9,W1,0.24,0.76,0.768115942,0.21800000000000003,0.07650000000000001,0.002375000000000016
2,0,0,RF-C,9,W2,0.2775,0.7225,0.733173077,0.175375,0.06000000000000004,0.002000000000000035
2,0,0,XGBoost-C,9,X,0.20875,0.7325,0.744630072,0.19975000000000007,0.04262500000000004,-0.010249999999999971
2,0,0,XGBoost-C,9,W1,0.23,0.70125,0.70746634,0.16175,0.03787500000000005,-0.018624999999999968
2,0,0,XGBoost-C,9,W2,0.27,0.6925,0.702898551,0.15437499999999998,0.049375,0.00012500000000000843
2,0,0,MLP-C,9,X,0.21375,0.78625,0.790184049,0.24462499999999995,0.067,0.002625000000000022
2,0,0,MLP-C,9,W1,0.2325,0.7675,0.7675,0.21974999999999997,0.08074999999999996,0.00012499999999997512
2,0,0,MLP-C,9,W2,0.27,0.73,0.729323308,0.179375,0.07099999999999998,0.008374999999999988
2,0,0,LogReg,10,X,0.19125,0.80875,0.805095541,0.25025,0.09512499999999999,0.0011249999999999537
2,0,0,LogReg,10,W1,0.23875,0.76125,0.753548387,0.19787499999999997,0.08137499999999999,0.0003749999999999698
2,0,0,LogReg,10,W2,0.24875,0.75125,0.752179328,0.18812499999999996,0.07212499999999998,-0.0028750000000000164
2,0,0,SVC,10,X,0.1925,0.8,0.797468354,0.24325000000000005,0.08500000000000005,0.00012500000000003063
2,0,0,SVC,10,W1,0.2375,0.75625,0.746423927,0.19299999999999998,0.07874999999999996,-0.0040000000000000036
2,0,0,SVC,10,W2,0.23625,0.7625,0.759493671,0.19999999999999996,0.08149999999999998,0.0066249999999999695
2,0,0,RF-C,10,X,0.2,0.8,0.796954315,0.25,0.09375000000000006,0.017250000000000033
2,0,0,RF-C,10,W1,0.2425,0.7575,0.75255102,0.19349999999999995,0.09299999999999994,0.019749999999999955
2,0,0,RF-C,10,W2,0.24125,0.75875,0.760842627,0.21037500000000006,0.07112500000000001,0.00750000000000004
2,0,0,XGBoost-C,10,X,0.2,0.76125,0.758533502,0.21187500000000004,0.06587499999999999,-0.0036250000000000115
2,0,0,XGBoost-C,10,W1,0.24125,0.725,0.719387755,0.16699999999999998,0.06912499999999998,-0.0007500000000000174
2,0,0,XGBoost-C,10,W2,0.245,0.7025,0.703241895,0.15562500000000004,0.04375,-0.01762499999999999
2,0,0,MLP-C,10,X,0.19,0.81,0.807106599,0.25287500000000007,0.09562500000000004,0.003375000000000028
2,0,0,MLP-C,10,W1,0.235,0.765,0.757105943,0.20349999999999996,0.08237500000000003,0.0032500000000000085
2,0,0,MLP-C,10,W2,0.23875,0.76125,0.754182754,0.19787500000000002,0.08199999999999999,0.006999999999999984
2,0,1,LogReg,1,X,0.195,0.805,0.806451613,0.09825000000000003,0.253875,0.0006250000000000422
2,0,1,LogReg,1,W1,0.20125,0.79875,0.797992472,0.08262499999999998,0.262125,0.002499999999999969
2,0,1,LogReg,1,W2,0.23625,0.76375,0.764044944,0.04612500000000005,0.22575000000000003,-0.00012499999999997512
2,0,1,SVC,1,X,0.19,0.805,0.806451613,0.09875000000000003,0.256375,0.0008750000000000479
2,0,1,SVC,1,W1,0.20125,0.79625,0.79650437,0.08262500000000002,0.25875000000000004,0.00787500000000001
2,0,1,SVC,1,W2,0.23375,0.765,0.764411028,0.047125000000000014,0.22837500000000005,0.0007500000000000174
2,0,1,RF-C,1,X,0.20375,0.79625,0.798017348,0.095875,0.2535,0.012500000000000034
2,0,1,RF-C,1,W1,0.20625,0.79375,0.794007491,0.08137499999999995,0.26037499999999997,0.009499999999999953
2,0,1,RF-C,1,W2,0.2275,0.7725,0.771929825,0.06087499999999996,0.23224999999999998,0.013749999999999974
2,0,1,XGBoost-C,1,X,0.2025,0.755,0.76097561,0.07150000000000001,0.210875,-0.0016249999999999986
2,0,1,XGBoost-C,1,W1,0.20375,0.7525,0.754342432,0.05649999999999995,0.21487499999999998,0.0034999999999999363
2,0,1,XGBoost-C,1,W2,0.22375,0.75375,0.759462759,0.05250000000000001,0.20625,0.0025000000000000243
2,0,1,MLP-C,1,X,0.19375,0.80625,0.807930607,0.1,0.255,0.001375000000000004
2,0,1,MLP-C,1,W1,0.20125,0.79875,0.797992472,0.08287499999999995,0.26199999999999996,0.002624999999999955
2,0,1,MLP-C,1,W2,0.23,0.77,0.773399015,0.06100000000000002,0.23062500000000002,0.005000000000000027
2,0,1,LogReg,2,X,0.1875,0.8125,0.815270936,0.088,0.260625,-0.0012499999999999844
2,0,1,LogReg,2,W1,0.195,0.805,0.805970149,0.07650000000000004,0.263375,-0.0033749999999999392
2,0,1,LogReg,2,W2,0.2075,0.7925,0.795061728,0.060624999999999984,0.25425,0.0017499999999999849
2,0,1,SVC,2,X,0.185,0.8,0.804400978,0.07600000000000004,0.24737500000000007,-0.007249999999999979
2,0,1,SVC,2,W1,0.1925,0.79875,0.796460177,0.07262499999999997,0.25837499999999997,-0.0032500000000000528
2,0,1,SVC,2,W2,0.2075,0.7875,0.791154791,0.05362499999999996,0.248,0.0016249999999999876
2,0,1,RF-C,2,X,0.18875,0.81125,0.814723926,0.08275000000000002,0.26112500000000005,0.005875000000000008
2,0,1,RF-C,2,W1,0.2,0.8,0.801488834,0.06512500000000004,0.2643750000000001,-0.0019999999999999463
2,0,1,RF-C,2,W2,0.20125,0.79875,0.801479655,0.07699999999999997,0.26075,0.01949999999999995
2,0,1,XGBoost-C,2,X,0.1875,0.7875,0.792682927,0.07974999999999999,0.23712499999999997,0.009499999999999975
2,0,1,XGBoost-C,2,W1,0.19125,0.75625,0.757763975,0.04524999999999998,0.21724999999999994,-0.0076250000000000154
2,0,1,XGBoost-C,2,W2,0.2075,0.77,0.776155718,0.06375,0.242125,0.013375000000000015
2,0,1,MLP-C,2,X,0.18625,0.81375,0.816276202,0.08874999999999998,0.262125,-0.00012500000000003063
2,0,1,MLP-C,2,W1,0.19375,0.80625,0.806491885,0.08237500000000002,0.263,0.0003750000000000031
2,0,1,MLP-C,2,W2,0.20125,0.79875,0.802453988,0.07649999999999997,0.256125,0.016749999999999966
2,0,1,LogReg,3,X,0.1975,0.8025,0.801507538,0.060375,0.252625,-0.00012500000000001955
2,0,1,LogReg,3,W1,0.21125,0.78875,0.789013733,0.04474999999999994,0.25162499999999993,-0.0006250000000000422
2,0,1,LogReg,3,W2,0.2175,0.7825,0.78030303,0.02849999999999998,0.25825,-0.002000000000000035
2,0,1,SVC,3,X,0.19625,0.7975,0.796482412,0.06062499999999997,0.24737499999999998,-0.0031250000000000223
2,0,1,SVC,3,W1,0.20625,0.78,0.780548628,0.03875000000000002,0.24312499999999998,-0.007374999999999965
2,0,1,SVC,3,W2,0.215,0.77875,0.776796974,0.02675000000000004,0.253,-0.0024999999999999467
2,0,1,RF-C,3,X,0.19625,0.80375,0.802017654,0.061499999999999944,0.260625,0.0029999999999999584
2,0,1,RF-C,3,W1,0.2075,0.7925,0.791457286,0.03875000000000001,0.26475,0.0012499999999999844
2,0,1,RF-C,3,W2,0.22,0.78,0.780548628,0.023375000000000035,0.257625,0.0005000000000000115
2,0,1,XGBoost-C,3,X,0.19375,0.76875,0.767879548,0.042750000000000066,0.22512500000000002,-0.006999999999999951
2,0,1,XGBoost-C,3,W1,0.21,0.76875,0.768460576,0.03312500000000003,0.23050000000000007,0.00862500000000005
2,0,1,XGBoost-C,3,W2,0.22,0.7625,0.759493671,0.03449999999999996,0.23062499999999994,0.009749999999999958
2,0,1,MLP-C,3,X,0.19375,0.80625,0.806491885,0.06450000000000003,0.2558750000000001,0.003125
2,0,1,MLP-C,3,W1,0.2025,0.7975,0.803874092,0.05649999999999998,0.261125,0.0016249999999999876
2,0,1,MLP-C,3,W2,0.21125,0.78875,0.781371281,0.035874999999999956,0.26425,0.0011249999999999537
2,0,1,LogReg,4,X,0.19875,0.80125,0.806804374,0.08325000000000002,0.244125,0.0
2,0,1,LogReg,4,W1,0.1975,0.8025,0.807317073,0.07925,0.253,0.0
2,0,1,LogReg,4,W2,0.22625,0.77375,0.780606061,0.040250000000000064,0.23612500000000006,-0.0002499999999999947
2,0,1,SVC,4,X,0.1975,0.8025,0.809178744,0.07924999999999996,0.251375,-0.0003750000000000031
2,0,1,SVC,4,W1,0.19625,0.8025,0.810096154,0.07675,0.257125,0.0033749999999999948
2,0,1,SVC,4,W2,0.22625,0.7725,0.78177458,0.038999999999999965,0.23812499999999998,-0.001625000000000043
2,0,1,RF-C,4,X,0.2025,0.7975,0.800982801,0.067,0.250625,0.0021249999999999993
2,0,1,RF-C,4,W1,0.19875,0.80125,0.808202654,0.07025,0.26175000000000004,0.008625000000000039
2,0,1,RF-C,4,W2,0.21875,0.78125,0.788391778,0.03537499999999999,0.25637499999999996,-0.00012499999999998623
2,0,1,XGBoost-C,4,X,0.19625,0.76625,0.772228989,0.05462499999999998,0.21875,-0.0015000000000000124
2,0,1,XGBoost-C,4,W1,0.195,0.76125,0.762732919,0.05212499999999998,0.21012499999999998,0.0018749999999999934
2,0,1,XGBoost-C,4,W2,0.2225,0.7425,0.755344418,0.028250000000000042,0.20312500000000006,-0.003999999999999959
2,0,1,MLP-C,4,X,0.19625,0.80375,0.810615199,0.08574999999999995,0.24787499999999998,0.002874999999999961
2,0,1,MLP-C,4,W1,0.195,0.805,0.806930693,0.08587500000000005,0.25462500000000005,0.004750000000000043
2,0,1,MLP-C,4,W2,0.225,0.775,0.782082324,0.04137500000000003,0.23762500000000003,0.0009999999999999788
2,0,1,LogReg,5,X,0.20875,0.79125,0.795092025,0.06450000000000002,0.25187499999999996,-0.003874999999999984
2,0,1,LogReg,5,W1,0.2125,0.7875,0.792176039,0.059999999999999984,0.24512499999999998,0.0003749999999999698
2,0,1,LogReg,5,W2,0.21875,0.78125,0.786845311,0.04775,0.260125,-0.0010000000000000009
2,0,1,SVC,5,X,0.21,0.7875,0.78960396,0.06899999999999998,0.24312499999999998,-0.0025000000000000135
2,0,1,SVC,5,W1,0.2075,0.78375,0.786683107,0.056999999999999953,0.23687499999999995,-0.008125000000000049
2,0,1,SVC,5,W2,0.21875,0.77875,0.780669145,0.04300000000000007,0.25650000000000006,-0.0008749999999999481
2,0,1,RF-C,5,X,0.21,0.79,0.792592593,0.07075000000000004,0.247875,0.0005000000000000449
2,0,1,RF-C,5,W1,0.20375,0.79625,0.799507995,0.06762500000000003,0.249875,0.010625000000000029
2,0,1,RF-C,5,W2,0.21375,0.78625,0.789667897,0.042499999999999996,0.26925,0.00462499999999999
2,0,1,XGBoost-C,5,X,0.2075,0.7675,0.774818402,0.07124999999999997,0.22624999999999998,0.0017499999999999627
2,0,1,XGBoost-C,5,W1,0.20125,0.77875,0.785454545,0.07062500000000005,0.23450000000000001,0.008250000000000058
2,0,1,XGBoost-C,5,W2,0.2125,0.7425,0.746928747,0.024000000000000056,0.22862500000000008,-0.002624999999999955
2,0,1,MLP-C,5,X,0.2025,0.7975,0.794416244,0.06599999999999999,0.25799999999999995,-0.0012500000000000067
2,0,1,MLP-C,5,W1,0.2025,0.7975,0.799007444,0.070875,0.2517499999999999,0.007874999999999988
2,0,1,MLP-C,5,W2,0.2125,0.7875,0.791666667,0.052874999999999985,0.26725,0.004499999999999993
2,0,1,LogReg,6,X,0.21125,0.78875,0.797118848,0.06024999999999995,0.24737499999999998,0.003249999999999964
2,0,1,LogReg,6,W1,0.2175,0.7825,0.789855072,0.05037499999999997,0.24837499999999996,0.0009999999999999898
2,0,1,LogReg,6,W2,0.225,0.775,0.783653846,0.034000000000000016,0.250625,0.0005000000000000115
2,0,1,SVC,6,X,0.20875,0.79,0.796610169,0.05825000000000004,0.24937500000000004,0.0025000000000000577
2,0,1,SVC,6,W1,0.20875,0.7825,0.788834951,0.044999999999999964,0.25512499999999994,0.0017499999999999517
2,0,1,SVC,6,W2,0.21625,0.7825,0.791866029,0.038124999999999985,0.26362499999999994,-0.002750000000000008
2,0,1,RF-C,6,X,0.21,0.79,0.793611794,0.06412500000000004,0.2502500000000001,0.009250000000000036
2,0,1,RF-C,6,W1,0.20875,0.79125,0.79708384,0.05950000000000003,0.261375,0.012249999999999994
2,0,1,RF-C,6,W2,0.21875,0.78125,0.78368356,0.0375,0.266125,0.001749999999999996
2,0,1,XGBoost-C,6,X,0.20875,0.7575,0.759305211,0.04724999999999996,0.22412499999999996,-0.007250000000000057
2,0,1,XGBoost-C,6,W1,0.21,0.7475,0.749379653,0.03550000000000005,0.21487500000000007,-0.008999999999999942
2,0,1,XGBoost-C,6,W2,0.21375,0.73875,0.746051033,0.02712500000000003,0.22025000000000006,-0.017374999999999995
2,0,1,MLP-C,6,X,0.2075,0.7925,0.797066015,0.06212499999999997,0.25512499999999994,0.00874999999999999
2,0,1,MLP-C,6,W1,0.2125,0.7875,0.792176039,0.05562499999999996,0.25287499999999996,0.003749999999999987
2,0,1,MLP-C,6,W2,0.215,0.785,0.792771084,0.041000000000000036,0.2635,-0.0003749999999999698
2,0,1,LogReg,7,X,0.205,0.795,0.786458333,0.07162500000000004,0.23575000000000007,0.001125000000000076
2,0,1,LogReg,7,W1,0.21375,0.78625,0.780487805,0.057125000000000016,0.22937499999999997,0.00012500000000003063
2,0,1,LogReg,7,W2,0.21875,0.78125,0.77243173,0.046874999999999986,0.235875,0.003249999999999975
2,0,1,SVC,7,X,0.20375,0.79625,0.788586252,0.07075000000000001,0.23987500000000006,0.0031250000000000223
2,0,1,SVC,7,W1,0.2075,0.7925,0.784974093,0.06437499999999997,0.23575,0.0058749999999999965
2,0,1,SVC,7,W2,0.22,0.78,0.77377892,0.04637500000000001,0.23712500000000003,0.006750000000000034
2,0,1,RF-C,7,X,0.20625,0.79375,0.787644788,0.059374999999999956,0.24349999999999997,0.0062499999999999665
2,0,1,RF-C,7,W1,0.21125,0.78875,0.783610755,0.06012499999999996,0.24212499999999998,0.003249999999999953
2,0,1,RF-C,7,W2,0.22125,0.77875,0.772200772,0.06275000000000006,0.23875000000000002,0.015500000000000059
2,0,1,XGBoost-C,7,X,0.205,0.76625,0.758709677,0.06737499999999999,0.21862499999999999,-0.006750000000000034
2,0,1,XGBoost-C,7,W1,0.20625,0.76125,0.754813864,0.05562499999999998,0.21637500000000004,-0.0021250000000000214
2,0,1,XGBoost-C,7,W2,0.2225,0.7425,0.734536082,0.044500000000000026,0.21587500000000004,0.0033750000000000503
2,0,1,MLP-C,7,X,0.20125,0.79875,0.795425667,0.07299999999999995,0.23974999999999996,0.0026249999999999663
2,0,1,MLP-C,7,W1,0.20625,0.79375,0.788189987,0.06562499999999996,0.23999999999999994,0.008999999999999942
2,0,1,MLP-C,7,W2,0.215,0.785,0.777777778,0.05500000000000003,0.24062500000000003,0.011250000000000027
2,0,1,LogReg,8,X,0.205,0.795,0.78974359,0.08387500000000005,0.24175000000000005,0.00187500000000006
2,0,1,LogReg,8,W1,0.22,0.78,0.77721519,0.06475000000000003,0.23025000000000007,0.0002499999999999947
2,0,1,LogReg,8,W2,0.22375,0.77625,0.773704172,0.05637499999999999,0.23637499999999995,0.0011249999999999871
2,0,1,SVC,8,X,0.20375,0.79625,0.79021879,0.08712500000000002,0.24300000000000005,0.0003750000000000253
2,0,1,SVC,8,W1,0.2025,0.78,0.774936061,0.06775000000000002,0.22925,-0.0041249999999999785
2,0,1,SVC,8,W2,0.2225,0.77375,0.769426752,0.04887500000000006,0.23537500000000006,-0.000499999999999956
2,0,1,RF-C,8,X,0.21375,0.78625,0.780487805,0.07024999999999999,0.23937499999999998,-0.002749999999999986
2,0,1,RF-C,8,W1,0.21375,0.78625,0.780487805,0.07249999999999998,0.23712499999999997,0.011999999999999988
2,0,1,RF-C,8,W2,0.21875,0.78125,0.776500639,0.06675000000000002,0.246625,0.011374999999999991
2,0,1,XGBoost-C,8,X,0.2025,0.7575,0.748704663,0.07362499999999995,0.20399999999999996,-0.005375000000000052
2,0,1,XGBoost-C,8,W1,0.2125,0.7625,0.755784062,0.06437499999999997,0.21187499999999998,0.010249999999999959
2,0,1,XGBoost-C,8,W2,0.21875,0.74625,0.747826087,0.05912499999999997,0.21174999999999997,-0.005375000000000007
2,0,1,MLP-C,8,X,0.2025,0.7975,0.793367347,0.08812499999999998,0.24199999999999994,-0.0005000000000000004
2,0,1,MLP-C,8,W1,0.21375,0.78625,0.781609195,0.073375,0.2425,0.0058749999999999965
2,0,1,MLP-C,8,W2,0.22,0.78,0.772020725,0.058625000000000024,0.24175000000000005,0.009250000000000026
2,0,1,LogReg,9,X,0.21625,0.78375,0.776196636,0.07324999999999995,0.24312499999999995,0.002999999999999936
2,0,1,LogReg,9,W1,0.23,0.77,0.764705882,0.05262500000000001,0.24025000000000007,-0.0022499999999999855
2,0,1,LogReg,9,W2,0.235,0.765,0.754569191,0.03925000000000002,0.24787500000000007,0.0006250000000000089
2,0,1,SVC,9,X,0.20875,0.78125,0.771838331,0.069375,0.24524999999999997,-0.004624999999999979
2,0,1,SVC,9,W1,0.23,0.76625,0.759948652,0.04824999999999997,0.23937499999999998,-0.005250000000000021
2,0,1,SVC,9,W2,0.2325,0.7675,0.758441558,0.038499999999999965,0.25512499999999994,-0.0016250000000000541
2,0,1,RF-C,9,X,0.21875,0.78125,0.768211921,0.06325,0.25250000000000006,-0.0006249999999999977
2,0,1,RF-C,9,W1,0.2325,0.7675,0.761538462,0.044249999999999956,0.24299999999999997,0.006749999999999945
2,0,1,RF-C,9,W2,0.23375,0.76625,0.758709677,0.038249999999999985,0.25425000000000003,0.006374999999999997
2,0,1,XGBoost-C,9,X,0.22,0.7425,0.73857868,0.05212500000000007,0.20275000000000004,-0.017749999999999953
2,0,1,XGBoost-C,9,W1,0.23125,0.73375,0.72935197,0.03750000000000002,0.20025000000000004,-0.00824999999999999
2,0,1,XGBoost-C,9,W2,0.225,0.74625,0.744010088,0.04162499999999997,0.22949999999999995,0.004499999999999971
2,0,1,MLP-C,9,X,0.2075,0.7925,0.778666667,0.08099999999999997,0.24874999999999994,0.005249999999999977
2,0,1,MLP-C,9,W1,0.22625,0.77375,0.768837803,0.05350000000000005,0.24900000000000003,0.003250000000000042
2,0,1,MLP-C,9,W2,0.23,0.77,0.761038961,0.04275000000000003,0.25275,0.005250000000000021
2,0,1,LogReg,10,X,0.20125,0.79875,0.796460177,0.07674999999999998,0.25137499999999996,0.0009999999999999675
2,0,1,LogReg,10,W1,0.2125,0.7875,0.784263959,0.0645,0.24587499999999998,-0.004750000000000021
2,0,1,LogReg,10,W2,0.21,0.79,0.785714286,0.060625000000000026,0.257,0.0023750000000000602
2,0,1,SVC,10,X,0.19875,0.78625,0.78544542,0.06475000000000002,0.2425,-0.010125000000000006
2,0,1,SVC,10,W1,0.205,0.7925,0.791457286,0.06962499999999996,0.251,0.0011249999999999982
2,0,1,SVC,10,W2,0.21125,0.78875,0.784163474,0.057499999999999926,0.2588749999999999,0.00487499999999993
2,0,1,RF-C,10,X,0.20625,0.79375,0.794007491,0.060499999999999964,0.26249999999999996,0.004874999999999974
2,0,1,RF-C,10,W1,0.2075,0.7925,0.789873418,0.07574999999999997,0.25187499999999996,0.009124999999999994
2,0,1,RF-C,10,W2,0.2275,0.7725,0.77020202,0.02999999999999997,0.2572499999999999,0.002124999999999966
2,0,1,XGBoost-C,10,X,0.1975,0.77625,0.777085928,0.072625,0.228625,0.01562499999999999
2,0,1,XGBoost-C,10,W1,0.2075,0.75375,0.750316857,0.044500000000000026,0.22175000000000003,0.0038750000000000173
2,0,1,XGBoost-C,10,W2,0.22,0.74875,0.748435544,0.03400000000000003,0.21749999999999997,0.010500000000000032
2,0,1,MLP-C,10,X,0.20125,0.79875,0.796460177,0.07662499999999997,0.251375,0.0012499999999999623
2,0,1,MLP-C,10,W1,0.205,0.795,0.792929293,0.07250000000000004,0.25050000000000006,-0.001499999999999968
2,0,1,MLP-C,10,W2,0.21,0.79,0.785714286,0.06050000000000002,0.257,0.001875000000000049
2,0,2,LogReg,1,X,0.1775,0.8225,0.82160804,0.188625,0.18375,0.0002499999999999947
2,0,2,LogReg,1,W1,0.20375,0.79625,0.795994994,0.15812500000000002,0.175375,0.002000000000000024
2,0,2,LogReg,1,W2,0.2425,0.7575,0.756892231,0.12049999999999994,0.16149999999999992,0.001124999999999976
2,0,2,SVC,1,X,0.1775,0.82375,0.821292776,0.19062499999999996,0.18175,0.002875000000000005
2,0,2,SVC,1,W1,0.205,0.79375,0.790874525,0.15762499999999996,0.16924999999999996,-0.0005000000000000449
2,0,2,SVC,1,W2,0.235,0.76,0.75879397,0.12212500000000001,0.16425,0.0008750000000000036
2,0,2,RF-C,1,X,0.17875,0.82125,0.819216182,0.18525000000000003,0.18475000000000003,0.0010000000000000343
2,0,2,RF-C,1,W1,0.21125,0.78875,0.787954831,0.15437499999999996,0.16549999999999992,0.003999999999999948
2,0,2,RF-C,1,W2,0.2275,0.7725,0.774752475,0.13024999999999998,0.17762499999999998,0.011999999999999966
2,0,2,XGBoost-C,1,X,0.1775,0.795,0.792929293,0.16875,0.15787500000000004,-0.0012499999999999512
2,0,2,XGBoost-C,1,W1,0.21,0.7625,0.755784062,0.13387499999999997,0.14112499999999994,-0.0002500000000000391
2,0,2,XGBoost-C,1,W2,0.225,0.76625,0.766541823,0.13587499999999997,0.167625,0.019124999999999993
2,0,2,MLP-C,1,X,0.175,0.825,0.826732673,0.18899999999999997,0.19224999999999995,-0.0002500000000000502
2,0,2,MLP-C,1,W1,0.20375,0.79625,0.795994994,0.15812500000000002,0.175375,0.002000000000000024
2,0,2,MLP-C,1,W2,0.2325,0.7675,0.7680798,0.13012499999999994,0.16799999999999993,0.01387499999999996
2,0,2,LogReg,2,X,0.15875,0.84125,0.846060606,0.21125000000000008,0.18775000000000003,0.0012500000000000623
2,0,2,LogReg,2,W1,0.185,0.815,0.821686747,0.17462499999999995,0.19062499999999996,0.0041249999999999456
2,0,2,LogReg,2,W2,0.22125,0.77875,0.782822086,0.13837500000000005,0.16862500000000005,0.000500000000000067
2,0,2,SVC,2,X,0.15625,0.82625,0.836277974,0.19575000000000004,0.17112500000000003,-0.008874999999999966
2,0,2,SVC,2,W1,0.18375,0.81875,0.827995255,0.17575,0.19849999999999998,0.008499999999999975
2,0,2,SVC,2,W2,0.21875,0.78,0.789473684,0.14037500000000003,0.175625,0.00737500000000002
2,0,2,RF-C,2,X,0.16375,0.83625,0.846424385,0.19862500000000002,0.18687500000000004,0.003375000000000039
2,0,2,RF-C,2,W1,0.18625,0.81375,0.820697954,0.16349999999999998,0.19949999999999996,0.005374999999999963
2,0,2,RF-C,2,W2,0.21875,0.78125,0.787878788,0.137125,0.17462499999999997,0.00575
2,0,2,XGBoost-C,2,X,0.165,0.80125,0.8113879,0.173375,0.166375,0.0006250000000000089
2,0,2,XGBoost-C,2,W1,0.18125,0.77375,0.782713085,0.14025000000000004,0.16725000000000007,0.0027500000000000523
2,0,2,XGBoost-C,2,W2,0.22375,0.75375,0.760631835,0.125,0.15562500000000004,0.008375000000000054
2,0,2,MLP-C,2,X,0.15375,0.84625,0.851628468,0.21724999999999994,0.19224999999999992,0.0021249999999999546
2,0,2,MLP-C,2,W1,0.1725,0.8275,0.83492823,0.19225000000000003,0.19962500000000002,0.008875000000000032
2,0,2,MLP-C,2,W2,0.22125,0.77875,0.783882784,0.13775000000000004,0.17200000000000001,0.0010000000000000675
2,0,2,LogReg,3,X,0.18,0.82,0.82396088,0.20074999999999993,0.15024999999999994,0.000749999999999984
2,0,2,LogReg,3,W1,0.2125,0.7875,0.788557214,0.17149999999999999,0.15324999999999994,0.0002499999999999947
2,0,2,LogReg,3,W2,0.2475,0.7525,0.7525,0.11449999999999994,0.14099999999999993,0.0004999999999999894
2,0,2,SVC,3,X,0.17625,0.82,0.822660099,0.19849999999999995,0.15649999999999994,0.0021249999999999438
2,0,2,SVC,3,W1,0.2075,0.7875,0.788557214,0.1685,0.15362499999999996,0.0021249999999999993
2,0,2,SVC,3,W2,0.24375,0.7475,0.750617284,0.11112500000000006,0.14012500000000006,-0.005499999999999938
2,0,2,RF-C,3,X,0.1775,0.8225,0.824257426,0.20900000000000002,0.15550000000000003,0.00375000000000002
2,0,2,RF-C,3,W1,0.20875,0.79125,0.793060719,0.1695,0.15475,0.009250000000000013
2,0,2,RF-C,3,W2,0.24125,0.75875,0.764346764,0.11425000000000005,0.16000000000000006,-0.0016249999999999431
2,0,2,XGBoost-C,3,X,0.17625,0.7875,0.788557214,0.17699999999999996,0.14462499999999995,-0.009750000000000026
2,0,2,XGBoost-C,3,W1,0.21,0.7475,0.7475,0.13600000000000007,0.12212500000000004,-0.011624999999999941
2,0,2,XGBoost-C,3,W2,0.235,0.73125,0.731585518,0.11349999999999996,0.13912499999999994,0.0007499999999999507
2,0,2,MLP-C,3,X,0.17125,0.82875,0.83190184,0.20812499999999998,0.161625,0.009124999999999984
2,0,2,MLP-C,3,W1,0.20875,0.79125,0.793060719,0.17412500000000003,0.16012500000000002,0.0045000000000000265
2,0,2,MLP-C,3,W2,0.24375,0.75625,0.757763975,0.11849999999999997,0.14500000000000002,0.005124999999999991
2,0,2,LogReg,4,X,0.1875,0.8125,0.812030075,0.17537500000000006,0.173,0.0012500000000000067
2,0,2,LogReg,4,W1,0.21625,0.78375,0.779054917,0.14237499999999995,0.16737499999999997,-0.006875000000000064
2,0,2,LogReg,4,W2,0.22375,0.77625,0.777639752,0.1265,0.17724999999999996,0.0006249999999999867
2,0,2,SVC,4,X,0.1875,0.81,0.811414392,0.17600000000000002,0.16750000000000007,0.00025000000000006126
2,0,2,SVC,4,W1,0.21,0.7875,0.783163265,0.14599999999999996,0.16887499999999997,-0.0033750000000000056
2,0,2,SVC,4,W2,0.22375,0.76875,0.776299879,0.12937500000000005,0.16537500000000005,-0.0027499999999999747
2,0,2,RF-C,4,X,0.18625,0.81375,0.815365551,0.17787499999999995,0.1765,0.005874999999999952
2,0,2,RF-C,4,W1,0.205,0.795,0.795,0.154125,0.17525000000000004,-0.0011249999999999537
2,0,2,RF-C,4,W2,0.22,0.78,0.781637717,0.13050000000000006,0.18400000000000002,-0.0029999999999999584
2,0,2,XGBoost-C,4,X,0.18,0.7975,0.79950495,0.169875,0.157125,0.008874999999999977
2,0,2,XGBoost-C,4,W1,0.2025,0.75625,0.755332497,0.11812499999999995,0.14712499999999998,-0.007625000000000026
2,0,2,XGBoost-C,4,W2,0.21875,0.7425,0.748166259,0.10075000000000005,0.14850000000000005,-0.0029999999999999693
2,0,2,MLP-C,4,X,0.18125,0.81875,0.816687737,0.18312499999999998,0.18024999999999997,0.0032499999999999864
2,0,2,MLP-C,4,W1,0.20875,0.79125,0.788874842,0.14400000000000004,0.18262499999999998,-0.005499999999999994
2,0,2,MLP-C,4,W2,0.21875,0.78125,0.781523096,0.133,0.18262499999999998,0.006375000000000008
2,0,2,LogReg,5,X,0.1675,0.8325,0.833746898,0.21075,0.17075,-0.002499999999999991
2,0,2,LogReg,5,W1,0.19375,0.80625,0.808405439,0.16987500000000003,0.16550000000000004,0.0003750000000000031
2,0,2,LogReg,5,W2,0.22,0.78,0.778337531,0.14337500000000003,0.15150000000000005,0.0042500000000000315
2,0,2,SVC,5,X,0.16625,0.825,0.825436409,0.19662499999999997,0.16949999999999996,-0.005250000000000055
2,0,2,SVC,5,W1,0.19125,0.8075,0.80604534,0.167125,0.17025,-1.1102230246251566e-17
2,0,2,SVC,5,W2,0.22125,0.77875,0.774522293,0.14312500000000009,0.14825000000000005,0.0017500000000000514
2,0,2,RF-C,5,X,0.16875,0.83125,0.829760404,0.20837500000000006,0.17350000000000007,0.009500000000000054
2,0,2,RF-C,5,W1,0.18375,0.81625,0.817843866,0.18012500000000004,0.17587500000000006,0.006000000000000017
2,0,2,RF-C,5,W2,0.22375,0.77625,0.771974522,0.1405,0.149125,0.008124999999999983
2,0,2,XGBoost-C,5,X,0.17,0.79625,0.794968553,0.17862499999999998,0.14662500000000003,-0.0064999999999999945
2,0,2,XGBoost-C,5,W1,0.1875,0.78,0.782178218,0.14950000000000002,0.15087500000000004,-0.0018749999999999821
2,0,2,XGBoost-C,5,W2,0.22,0.75875,0.75844806,0.13812500000000003,0.14675000000000002,0.009250000000000036
2,0,2,MLP-C,5,X,0.16375,0.83625,0.837670384,0.21237500000000004,0.17762500000000006,0.0010000000000000453
2,0,2,MLP-C,5,W1,0.1925,0.8075,0.80798005,0.16925,0.16462500000000002,0.0026249999999999997
2,0,2,MLP-C,5,W2,0.21625,0.78375,0.780735108,0.16124999999999995,0.14662499999999995,0.005499999999999927
2,0,2,LogReg,6,X,0.17125,0.82875,0.83065513,0.20087499999999997,0.176375,-0.00025000000000001686
2,0,2,LogReg,6,W1,0.20125,0.79875,0.805320435,0.162125,0.17774999999999996,0.0016249999999999542
2,0,2,LogReg,6,W2,0.21,0.79,0.793611794,0.14900000000000002,0.17562500000000006,-0.0006249999999999756
2,0,2,SVC,6,X,0.17125,0.82375,0.82527881,0.19524999999999998,0.17287499999999997,-0.004250000000000009
2,0,2,SVC,6,W1,0.2,0.7975,0.803874092,0.162375,0.17575,0.0027499999999999747
2,0,2,SVC,6,W2,0.20125,0.79625,0.799507995,0.15387499999999998,0.1855,0.003125000000000011
2,0,2,RF-C,6,X,0.16625,0.83375,0.835599506,0.20087499999999997,0.18899999999999995,0.010250000000000004
2,0,2,RF-C,6,W1,0.1975,0.8025,0.810096154,0.17675,0.177,-0.0012500000000000289
2,0,2,RF-C,6,W2,0.195,0.805,0.806451613,0.16350000000000003,0.19012500000000004,0.016250000000000063
2,0,2,XGBoost-C,6,X,0.16375,0.8275,0.82962963,0.20237500000000003,0.18662499999999999,0.013875000000000026
2,0,2,XGBoost-C,6,W1,0.19375,0.77125,0.780312125,0.1465,0.16149999999999998,-0.007875000000000021
2,0,2,XGBoost-C,6,W2,0.19625,0.76875,0.772447724,0.14312500000000003,0.15937500000000004,0.015875000000000063
2,0,2,MLP-C,6,X,0.16375,0.83625,0.833545108,0.20862500000000006,0.18200000000000005,0.0018750000000000377
2,0,2,MLP-C,6,W1,0.2,0.8,0.797979798,0.16262500000000005,0.17925000000000002,-0.0006249999999999534
2,0,2,MLP-C,6,W2,0.20375,0.79625,0.8,0.15812500000000002,0.18475000000000003,0.00537500000000003
2,0,2,LogReg,7,X,0.1825,0.8175,0.817042607,0.171125,0.18762500000000001,-0.0005000000000000004
2,0,2,LogReg,7,W1,0.20375,0.79625,0.79445145,0.14362500000000003,0.187,0.001000000000000012
2,0,2,LogReg,7,W2,0.22875,0.77125,0.768647282,0.11837500000000001,0.18,-0.0008749999999999924
2,0,2,SVC,7,X,0.175,0.8175,0.8175,0.16949999999999998,0.18750000000000006,0.004125000000000012
2,0,2,SVC,7,W1,0.2,0.78375,0.780735108,0.13174999999999995,0.17462499999999997,-0.004375000000000051
2,0,2,SVC,7,W2,0.22,0.77875,0.779576588,0.12512500000000004,0.18775000000000006,0.007375000000000053
2,0,2,RF-C,7,X,0.18125,0.81875,0.817610063,0.16824999999999996,0.18674999999999997,0.011624999999999963
2,0,2,RF-C,7,W1,0.20625,0.79375,0.791929382,0.12549999999999994,0.19962499999999994,0.009624999999999962
2,0,2,RF-C,7,W2,0.2225,0.7775,0.773536896,0.11624999999999999,0.19337499999999996,0.01337499999999998
2,0,2,XGBoost-C,7,X,0.1825,0.81375,0.813982522,0.16999999999999998,0.18974999999999997,0.01237499999999997
2,0,2,XGBoost-C,7,W1,0.19875,0.76375,0.75862069,0.11675000000000005,0.16550000000000004,-0.0007499999999999729
2,0,2,XGBoost-C,7,W2,0.21,0.75125,0.754623921,0.10799999999999996,0.17325,0.017124999999999956
2,0,2,MLP-C,7,X,0.1775,0.8225,0.82160804,0.18525,0.18262499999999998,0.00575000000000001
2,0,2,MLP-C,7,W1,0.19875,0.80125,0.798479087,0.1485,0.190875,0.006625000000000003
2,0,2,MLP-C,7,W2,0.22125,0.77875,0.776796974,0.12750000000000003,0.18625000000000008,0.006500000000000061
2,0,2,LogReg,8,X,0.18625,0.81375,0.810191083,0.19049999999999997,0.15062499999999995,0.0003749999999999809
2,0,2,LogReg,8,W1,0.21,0.79,0.789473684,0.15737500000000004,0.156,0.0028750000000000607
2,0,2,LogReg,8,W2,0.2275,0.7725,0.773067332,0.13162499999999996,0.157125,0.003249999999999953
2,0,2,SVC,8,X,0.18375,0.81,0.81,0.18687500000000007,0.14887500000000004,-0.005624999999999936
2,0,2,SVC,8,W1,0.21,0.78125,0.78314746,0.14412499999999998,0.15387499999999998,-0.006125000000000014
2,0,2,SVC,8,W2,0.225,0.76,0.762376238,0.11937500000000005,0.14800000000000005,-0.011125000000000006
2,0,2,RF-C,8,X,0.18625,0.81375,0.812578616,0.190625,0.14675,-0.00575000000000001
2,0,2,RF-C,8,W1,0.20875,0.79125,0.790988736,0.15625000000000003,0.16412500000000002,0.003375000000000028
2,0,2,RF-C,8,W2,0.2275,0.7725,0.775308642,0.12537499999999996,0.16224999999999995,0.0033749999999999614
2,0,2,XGBoost-C,8,X,0.185,0.7925,0.791457286,0.168375,0.14625,-0.0038750000000000286
2,0,2,XGBoost-C,8,W1,0.20875,0.75625,0.757160648,0.128625,0.13749999999999996,-0.005625000000000014
2,0,2,XGBoost-C,8,W2,0.22125,0.73875,0.744186047,0.10775000000000001,0.130375,3.3306690738754695e-17
2,0,2,MLP-C,8,X,0.17875,0.82125,0.825396825,0.19875000000000004,0.16200000000000006,0.006250000000000022
2,0,2,MLP-C,8,W1,0.21,0.79,0.789473684,0.15687500000000004,0.15625000000000006,0.0031250000000000444
2,0,2,MLP-C,8,W2,0.22375,0.77625,0.776529338,0.13337500000000002,0.16225,0.006375000000000008
2,0,2,LogReg,9,X,0.16875,0.83125,0.826700899,0.19350000000000003,0.18525000000000005,0.0013750000000000485
2,0,2,LogReg,9,W1,0.2175,0.7825,0.775193798,0.13424999999999995,0.16549999999999998,0.012124999999999964
2,0,2,LogReg,9,W2,0.215,0.785,0.779487179,0.13225000000000003,0.18675000000000003,0.0028750000000000164
2,0,2,SVC,9,X,0.17125,0.825,0.819587629,0.18899999999999995,0.17399999999999996,-0.002625000000000044
2,0,2,SVC,9,W1,0.215,0.77,0.761658031,0.12375,0.15137500000000004,-0.00412499999999999
2,0,2,SVC,9,W2,0.2125,0.78125,0.775928297,0.12937499999999996,0.17875000000000002,0.0018749999999999934
2,0,2,RF-C,9,X,0.16875,0.83125,0.826700899,0.19737500000000002,0.18400000000000002,0.00862500000000005
2,0,2,RF-C,9,W1,0.2225,0.7775,0.772378517,0.12537499999999996,0.16699999999999998,0.01074999999999996
2,0,2,RF-C,9,W2,0.22375,0.77625,0.770806658,0.12162500000000001,0.18150000000000002,-0.00012500000000000843
2,0,2,XGBoost-C,9,X,0.17375,0.7975,0.792838875,0.17737499999999998,0.15987499999999996,0.003124999999999989
2,0,2,XGBoost-C,9,W1,0.2175,0.74875,0.737940026,0.11237500000000003,0.14387500000000003,0.005750000000000033
2,0,2,XGBoost-C,9,W2,0.225,0.74625,0.742712294,0.10587499999999997,0.15762499999999996,-0.004750000000000043
2,0,2,MLP-C,9,X,0.16625,0.83375,0.829705506,0.197125,0.18487499999999998,0.003999999999999971
2,0,2,MLP-C,9,W1,0.21875,0.78125,0.774193548,0.132375,0.1645,0.011249999999999993
2,0,2,MLP-C,9,W2,0.2125,0.7875,0.779220779,0.13374999999999998,0.18724999999999997,0.005999999999999972
2,0,2,LogReg,10,X,0.1875,0.8125,0.814814815,0.1805,0.16950000000000004,-0.0006249999999999867
2,0,2,LogReg,10,W1,0.20875,0.79125,0.791510612,0.146375,0.175375,0.004625000000000023
2,0,2,LogReg,10,W2,0.2275,0.7725,0.777506112,0.11949999999999994,0.17549999999999993,0.0013749999999999706
2,0,2,SVC,10,X,0.18375,0.81125,0.814268143,0.18062500000000004,0.169375,-0.001749999999999996
2,0,2,SVC,10,W1,0.20625,0.7925,0.79093199,0.14837499999999998,0.17674999999999996,0.004749999999999999
2,0,2,SVC,10,W2,0.22875,0.76875,0.773561812,0.11825000000000005,0.17225000000000004,-0.0031249999999999668
2,0,2,RF-C,10,X,0.1825,0.8175,0.821515892,0.19025,0.18587499999999998,0.01200000000000001
2,0,2,RF-C,10,W1,0.21875,0.78125,0.782608696,0.138875,0.17174999999999999,0.005624999999999991
2,0,2,RF-C,10,W2,0.23,0.77,0.773955774,0.12437500000000004,0.17012500000000003,0.011750000000000005
2,0,2,XGBoost-C,10,X,0.1825,0.80875,0.811808118,0.18387499999999996,0.17462499999999997,0.006374999999999987
2,0,2,XGBoost-C,10,W1,0.21125,0.75125,0.758201701,0.11574999999999998,0.15524999999999994,-0.0026250000000000327
2,0,2,XGBoost-C,10,W2,0.22875,0.7325,0.737100737,0.09562500000000004,0.13775000000000004,-0.01337499999999996
2,0,2,MLP-C,10,X,0.17375,0.82625,0.822023047,0.19275000000000003,0.18612500000000004,0.006125000000000047
2,0,2,MLP-C,10,W1,0.20125,0.79875,0.799501868,0.15712499999999996,0.18175,0.010624999999999985
2,0,2,MLP-C,10,W2,0.22125,0.77875,0.783353733,0.12362500000000005,0.18462500000000007,0.004375000000000051
2,1,0,LogReg,1,X,0.2225,0.7775,0.832391714,0.19037500000000002,0.054124999999999965,0.0019999999999999575
2,1,0,LogReg,1,W1,0.245,0.755,0.815789474,0.16625,0.05900000000000001,-0.0012499999999999844
2,1,0,LogReg,1,W2,0.26875,0.73125,0.799627213,0.1278749999999999,0.06024999999999995,0.0013749999999999706
2,1,0,SVC,1,X,0.2225,0.7775,0.832391714,0.19224999999999998,0.05349999999999996,0.0017499999999999517
2,1,0,SVC,1,W1,0.24,0.75,0.815498155,0.1595,0.05349999999999998,-0.0014999999999999792
2,1,0,SVC,1,W2,0.2675,0.72125,0.796718323,0.10662499999999994,0.05787499999999994,-0.0006250000000000422
2,1,0,RF-C,1,X,0.2175,0.7825,0.835538752,0.19974999999999996,0.055624999999999966,0.0071249999999999595
2,1,0,RF-C,1,W1,0.245,0.755,0.818853974,0.15912500000000002,0.056624999999999995,0.004875000000000018
2,1,0,RF-C,1,W2,0.27125,0.72875,0.802187785,0.11687500000000002,0.056624999999999995,0.005000000000000016
2,1,0,XGBoost-C,1,X,0.2125,0.77,0.823416507,0.198,0.06762500000000002,0.01875000000000001
2,1,0,XGBoost-C,1,W1,0.24375,0.73875,0.8,0.154875,0.06175000000000004,0.013375000000000026
2,1,0,XGBoost-C,1,W2,0.27,0.685,0.757225434,0.09900000000000005,0.03462500000000007,-0.008749999999999957
2,1,0,MLP-C,1,X,0.21625,0.78375,0.836018957,0.19824999999999995,0.05899999999999994,0.005874999999999964
2,1,0,MLP-C,1,W1,0.2425,0.7575,0.817669173,0.16862499999999994,0.06099999999999996,0.00012499999999996403
2,1,0,MLP-C,1,W2,0.27,0.73,0.799628942,0.126125,0.058499999999999976,0.0002499999999999947
2,1,0,LogReg,2,X,0.1925,0.8075,0.854442344,0.21275,0.076875,-0.0003750000000000253
2,1,0,LogReg,2,W1,0.2425,0.7575,0.820702403,0.15187499999999993,0.06174999999999994,0.004249999999999965
2,1,0,LogReg,2,W2,0.25375,0.74625,0.8101029,0.14124999999999996,0.060249999999999956,0.001874999999999971
2,1,0,SVC,2,X,0.19125,0.79875,0.850510678,0.19762499999999997,0.06862499999999996,-0.0027500000000000415
2,1,0,SVC,2,W1,0.2475,0.75375,0.818097876,0.14887500000000004,0.06325000000000003,0.0018750000000000377
2,1,0,SVC,2,W2,0.25625,0.74625,0.811162791,0.13662499999999994,0.05962499999999997,0.008374999999999966
2,1,0,RF-C,2,X,0.195,0.805,0.854477612,0.21112500000000006,0.06687500000000006,0.0035000000000000252
2,1,0,RF-C,2,W1,0.2425,0.7575,0.8173258,0.15887499999999993,0.05774999999999993,0.004249999999999943
2,1,0,RF-C,2,W2,0.26125,0.73875,0.804855275,0.13587500000000002,0.057125,0.016250000000000032
2,1,0,XGBoost-C,2,X,0.195,0.76875,0.824976348,0.17587500000000003,0.05412500000000005,-0.007874999999999976
2,1,0,XGBoost-C,2,W1,0.2425,0.725,0.79047619,0.13362499999999997,0.04237499999999996,-0.0018750000000000045
2,1,0,XGBoost-C,2,W2,0.265,0.7075,0.776290631,0.10637500000000004,0.04025000000000001,-0.000749999999999984
2,1,0,MLP-C,2,X,0.19,0.81,0.856060606,0.21637500000000004,0.07912500000000004,0.0003750000000000475
2,1,0,MLP-C,2,W1,0.245,0.755,0.815789474,0.151875,0.06212500000000001,0.004000000000000015
2,1,0,MLP-C,2,W2,0.25375,0.74625,0.80794702,0.14275,0.06224999999999997,0.0023749999999999384
2,1,0,LogReg,3,X,0.2225,0.7775,0.835185185,0.19487499999999996,0.061749999999999985,-0.0011250000000000426
2,1,0,LogReg,3,W1,0.23125,0.76875,0.828544949,0.17175,0.06875000000000006,-0.003874999999999962
2,1,0,LogReg,3,W2,0.26,0.74,0.81294964,0.133125,0.06399999999999997,-0.004375000000000018
2,1,0,SVC,3,X,0.22375,0.77625,0.83800905,0.18175,0.06224999999999997,-0.003750000000000009
2,1,0,SVC,3,W1,0.23125,0.75375,0.823318386,0.14650000000000002,0.05362500000000002,-0.006374999999999975
2,1,0,SVC,3,W2,0.25125,0.74625,0.819555556,0.13249999999999998,0.07237499999999997,0.0019999999999999684
2,1,0,RF-C,3,X,0.21625,0.78375,0.840846366,0.19674999999999992,0.06974999999999995,0.003749999999999942
2,1,0,RF-C,3,W1,0.24125,0.75875,0.820130475,0.16275000000000003,0.06662500000000003,0.005000000000000037
2,1,0,RF-C,3,W2,0.25375,0.74625,0.8166215,0.14337499999999997,0.07199999999999997,0.009874999999999967
2,1,0,XGBoost-C,3,X,0.21875,0.7675,0.825515947,0.18024999999999997,0.06937499999999996,0.006374999999999964
2,1,0,XGBoost-C,3,W1,0.2325,0.72125,0.79255814,0.12987499999999996,0.05499999999999994,-0.006625000000000059
2,1,0,XGBoost-C,3,W2,0.2525,0.715,0.788104089,0.12049999999999997,0.057374999999999954,0.0019999999999999797
2,1,0,MLP-C,3,X,0.21875,0.78125,0.83781279,0.19650000000000004,0.06537499999999999,1.1102230246251566e-17
2,1,0,MLP-C,3,W1,0.225,0.775,0.831144465,0.18087500000000004,0.07987500000000002,0.00025000000000000575
2,1,0,MLP-C,3,W2,0.25875,0.74125,0.810612992,0.14112499999999994,0.06612499999999996,0.0023749999999999718
2,1,0,LogReg,4,X,0.14875,0.85125,0.890925756,0.23499999999999996,0.09112499999999996,0.0023749999999999718
2,1,0,LogReg,4,W1,0.1925,0.8075,0.861759425,0.18875,0.07137499999999998,0.0022499999999999964
2,1,0,LogReg,4,W2,0.23,0.77,0.836589698,0.133,0.06325000000000001,0.003125000000000011
2,1,0,SVC,4,X,0.14875,0.84875,0.890892696,0.22824999999999998,0.08675000000000002,0.003000000000000014
2,1,0,SVC,4,W1,0.19625,0.7975,0.856127886,0.17124999999999999,0.06262500000000001,-0.005000000000000027
2,1,0,SVC,4,W2,0.2325,0.76,0.831282953,0.118,0.05775000000000001,-0.005124999999999968
2,1,0,RF-C,4,X,0.15,0.85,0.890710383,0.236125,0.0885,0.014374999999999994
2,1,0,RF-C,4,W1,0.195,0.805,0.860215054,0.1823750000000001,0.07112500000000005,0.0060000000000000496
2,1,0,RF-C,4,W2,0.23625,0.76375,0.836928387,0.11862500000000002,0.06487500000000006,0.0038750000000000507
2,1,0,XGBoost-C,4,X,0.1525,0.81,0.857943925,0.20425000000000004,0.07325000000000005,-0.010749999999999949
2,1,0,XGBoost-C,4,W1,0.1925,0.765,0.826887661,0.15650000000000003,0.05800000000000001,-0.0006249999999999756
2,1,0,XGBoost-C,4,W2,0.22375,0.72875,0.801463861,0.10987499999999999,0.05725000000000002,-0.008624999999999994
2,1,0,MLP-C,4,X,0.14125,0.85875,0.89546716,0.24100000000000002,0.09875,0.00787500000000001
2,1,0,MLP-C,4,W1,0.18125,0.81875,0.86536676,0.20799999999999996,0.08687500000000001,0.00462499999999999
2,1,0,MLP-C,4,W2,0.22875,0.77125,0.834688347,0.14262499999999997,0.06949999999999999,0.003749999999999987
2,1,0,LogReg,5,X,0.175,0.825,0.867674858,0.23937499999999998,0.07949999999999996,0.0047499999999999765
2,1,0,LogReg,5,W1,0.2,0.8,0.849340866,0.20725000000000007,0.06912500000000006,-0.001124999999999965
2,1,0,LogReg,5,W2,0.24875,0.75125,0.817263545,0.146625,0.05299999999999997,0.003624999999999978
2,1,0,SVC,5,X,0.17375,0.82375,0.868101029,0.23500000000000001,0.0735,0.0011249999999999871
2,1,0,SVC,5,W1,0.2,0.795,0.84981685,0.19200000000000003,0.05975000000000004,0.00125000000000004
2,1,0,SVC,5,W2,0.25875,0.7325,0.804029304,0.12500000000000006,0.034875000000000045,-0.014749999999999963
2,1,0,RF-C,5,X,0.18,0.82,0.865420561,0.23612499999999992,0.06587499999999993,-0.0023750000000000494
2,1,0,RF-C,5,W1,0.20125,0.79875,0.848541863,0.20299999999999999,0.07212499999999997,0.011999999999999955
2,1,0,RF-C,5,W2,0.2525,0.7475,0.813308688,0.14562500000000006,0.04862500000000005,-0.0006249999999999645
2,1,0,XGBoost-C,5,X,0.1775,0.785,0.834296724,0.20212500000000003,0.059875000000000025,-0.008124999999999983
2,1,0,XGBoost-C,5,W1,0.20375,0.75125,0.808837656,0.17162499999999997,0.06024999999999997,-0.0022500000000000185
2,1,0,XGBoost-C,5,W2,0.25375,0.70875,0.777459408,0.11737500000000001,0.05325,-0.00012500000000003063
2,1,0,MLP-C,5,X,0.1775,0.8225,0.865275142,0.2395,0.07637500000000001,0.003125000000000011
2,1,0,MLP-C,5,W1,0.1925,0.8075,0.854716981,0.21349999999999997,0.080375,0.011625000000000007
2,1,0,MLP-C,5,W2,0.24875,0.75125,0.815227484,0.15399999999999997,0.04374999999999997,0.0003749999999999809
2,1,0,LogReg,6,X,0.205,0.795,0.84469697,0.19750000000000006,0.06375000000000004,0.0012500000000000623
2,1,0,LogReg,6,W1,0.23625,0.76375,0.819828408,0.16162500000000005,0.05987500000000003,0.0035000000000000473
2,1,0,LogReg,6,W2,0.22875,0.77125,0.831336406,0.160375,0.08249999999999999,0.005124999999999991
2,1,0,SVC,6,X,0.205,0.79,0.844444444,0.19000000000000003,0.048250000000000015,0.00125000000000004
2,1,0,SVC,6,W1,0.2375,0.75375,0.815370197,0.154375,0.04900000000000003,-0.0009999999999999564
2,1,0,SVC,6,W2,0.23125,0.7575,0.824593128,0.14787499999999998,0.06549999999999993,-0.004500000000000048
2,1,0,RF-C,6,X,0.2,0.8,0.850187266,0.21087500000000006,0.05262500000000005,0.00750000000000004
2,1,0,RF-C,6,W1,0.23375,0.76625,0.822748815,0.17262499999999997,0.06987499999999998,0.008624999999999983
2,1,0,RF-C,6,W2,0.2325,0.7675,0.827777778,0.16137499999999996,0.07349999999999997,0.010624999999999963
2,1,0,XGBoost-C,6,X,0.20125,0.77625,0.828379674,0.183625,0.059125,0.008375000000000011
2,1,0,XGBoost-C,6,W1,0.23875,0.74125,0.8,0.15037499999999998,0.05674999999999997,0.005374999999999974
2,1,0,XGBoost-C,6,W2,0.2225,0.7275,0.79472693,0.13362500000000002,0.06487500000000004,0.011375000000000047
2,1,0,MLP-C,6,X,0.20375,0.79625,0.845789972,0.20012499999999997,0.06462500000000002,0.003250000000000042
2,1,0,MLP-C,6,W1,0.2325,0.7675,0.822857143,0.17649999999999996,0.07012499999999995,0.02212499999999996
2,1,0,MLP-C,6,W2,0.23125,0.76875,0.82464455,0.16587500000000005,0.08350000000000005,0.002250000000000041
2,1,0,LogReg,7,X,0.2125,0.7875,0.839319471,0.19737499999999994,0.05462499999999998,-0.0022500000000000076
2,1,0,LogReg,7,W1,0.22,0.78,0.839708561,0.17037500000000003,0.07000000000000003,0.0018750000000000377
2,1,0,LogReg,7,W2,0.255,0.745,0.8125,0.127125,0.06087499999999998,-0.0004999999999999894
2,1,0,SVC,7,X,0.19375,0.79,0.844444444,0.18975000000000003,0.05200000000000003,0.0025000000000000577
2,1,0,SVC,7,W1,0.2225,0.765,0.831541219,0.14437500000000006,0.05699999999999998,-0.00724999999999999
2,1,0,SVC,7,W2,0.2525,0.7375,0.813829787,0.11050000000000004,0.04812500000000005,-0.001499999999999968
2,1,0,RF-C,7,X,0.205,0.795,0.845574388,0.20812500000000006,0.05825000000000004,0.004375000000000029
2,1,0,RF-C,7,W1,0.21625,0.78375,0.841720037,0.17862499999999995,0.08237499999999993,0.010249999999999971
2,1,0,RF-C,7,W2,0.2475,0.7525,0.822262118,0.12524999999999994,0.06674999999999995,0.01699999999999994
2,1,0,XGBoost-C,7,X,0.21,0.7625,0.819734345,0.18337499999999995,0.04712499999999997,-0.014125000000000054
2,1,0,XGBoost-C,7,W1,0.2225,0.75375,0.817084494,0.16112500000000005,0.06525000000000002,-0.0016249999999999654
2,1,0,XGBoost-C,7,W2,0.25375,0.6925,0.773062731,0.099375,0.025500000000000023,-0.018374999999999996
2,1,0,MLP-C,7,X,0.21,0.79,0.843866171,0.18962500000000002,0.05437500000000005,-0.0013749999999999596
2,1,0,MLP-C,7,W1,0.22125,0.77875,0.83776352,0.1670000000000001,0.07037500000000005,0.0008750000000000479
2,1,0,MLP-C,7,W2,0.25,0.75,0.815498155,0.1345,0.06612499999999999,0.0032499999999999972
2,1,0,LogReg,8,X,0.2025,0.7975,0.842412451,0.20299999999999993,0.07662499999999998,-0.0026250000000000327
2,1,0,LogReg,8,W1,0.22375,0.77625,0.828708134,0.17275000000000001,0.08124999999999998,0.0019999999999999905
2,1,0,LogReg,8,W2,0.25625,0.74375,0.801932367,0.13575,0.08850000000000002,0.0002499999999999947
2,1,0,SVC,8,X,0.1975,0.79,0.839694656,0.187375,0.06800000000000005,-0.0007499999999999729
2,1,0,SVC,8,W1,0.22625,0.77375,0.830365511,0.16350000000000003,0.07387500000000005,0.0033750000000000724
2,1,0,SVC,8,W2,0.255,0.74125,0.804162725,0.12774999999999997,0.08437499999999995,0.004499999999999971
2,1,0,RF-C,8,X,0.20125,0.79875,0.843840931,0.21024999999999996,0.07199999999999998,0.007124999999999948
2,1,0,RF-C,8,W1,0.23,0.77,0.824091778,0.16925,0.07262500000000002,0.011750000000000016
2,1,0,RF-C,8,W2,0.255,0.745,0.806818182,0.12762500000000002,0.09,0.006624999999999992
2,1,0,XGBoost-C,8,X,0.19875,0.77,0.819960861,0.173375,0.05750000000000001,0.007125000000000004
2,1,0,XGBoost-C,8,W1,0.23125,0.74875,0.805043647,0.14950000000000002,0.06137500000000001,0.01262500000000002
2,1,0,XGBoost-C,8,W2,0.25875,0.71,0.776493256,0.11412499999999995,0.07362499999999995,0.0028749999999999496
2,1,0,MLP-C,8,X,0.20125,0.79875,0.843232717,0.20424999999999996,0.07787499999999996,-0.0013750000000000596
2,1,0,MLP-C,8,W1,0.22,0.78,0.832061069,0.17375000000000002,0.085,0.011125000000000006
2,1,0,MLP-C,8,W2,0.25375,0.74625,0.8,0.14224999999999993,0.09649999999999997,0.0002499999999999836
2,1,0,LogReg,9,X,0.165,0.835,0.876404494,0.24849999999999994,0.08337499999999995,0.0013749999999999706
2,1,0,LogReg,9,W1,0.19125,0.80875,0.858725762,0.21712499999999996,0.07599999999999998,0.0026249999999999442
2,1,0,LogReg,9,W2,0.21125,0.78875,0.845096242,0.18662499999999996,0.08049999999999993,0.0026249999999999442
2,1,0,SVC,9,X,0.165,0.8325,0.875232775,0.23825,0.08137500000000004,-0.0016249999999999876
2,1,0,SVC,9,W1,0.18875,0.805,0.856353591,0.21200000000000005,0.07087500000000005,0.0038750000000000507
2,1,0,SVC,9,W2,0.215,0.78,0.84057971,0.17725000000000005,0.07025000000000002,0.0023750000000000273
2,1,0,RF-C,9,X,0.16,0.84,0.876923077,0.26012500000000005,0.09987499999999996,0.009499999999999953
2,1,0,RF-C,9,W1,0.20125,0.79875,0.847969783,0.213,0.07124999999999994,0.0066249999999999695
2,1,0,RF-C,9,W2,0.2225,0.7775,0.840501792,0.17387499999999997,0.06662499999999996,0.0017499999999999627
2,1,0,XGBoost-C,9,X,0.15875,0.8025,0.847490347,0.236125,0.07274999999999998,-0.0020000000000000018
2,1,0,XGBoost-C,9,W1,0.19875,0.785,0.837429112,0.20775000000000005,0.07500000000000002,0.01637500000000004
2,1,0,XGBoost-C,9,W2,0.2175,0.7275,0.790384615,0.13625000000000004,0.05425000000000004,-0.0007499999999999507
2,1,0,MLP-C,9,X,0.165,0.835,0.87755102,0.24112499999999995,0.08187499999999996,0.001499999999999968
2,1,0,MLP-C,9,W1,0.19625,0.80375,0.852304798,0.21475,0.07024999999999995,0.003624999999999945
2,1,0,MLP-C,9,W2,0.2125,0.7875,0.84375,0.18674999999999997,0.07987499999999999,0.003750000000000009
2,1,0,LogReg,10,X,0.16875,0.83125,0.869312682,0.24062500000000003,0.09400000000000006,0.0017500000000000627
2,1,0,LogReg,10,W1,0.21125,0.78875,0.836714976,0.18762499999999996,0.08774999999999997,0.0004999999999999672
2,1,0,LogReg,10,W2,0.23375,0.76625,0.822748815,0.16374999999999998,0.07749999999999999,0.0004999999999999894
2,1,0,SVC,10,X,0.17125,0.81,0.855787476,0.21500000000000002,0.07162500000000005,-0.011499999999999955
2,1,0,SVC,10,W1,0.20875,0.7825,0.836158192,0.17649999999999993,0.08524999999999998,-0.0025000000000000135
2,1,0,SVC,10,W2,0.235,0.7625,0.823747681,0.15487499999999996,0.07499999999999996,-0.001625000000000032
2,1,0,RF-C,10,X,0.1775,0.8225,0.863198459,0.23025,0.0895,0.013250000000000007
2,1,0,RF-C,10,W1,0.2125,0.7875,0.839319471,0.18174999999999994,0.08699999999999997,0.001874999999999971
2,1,0,RF-C,10,W2,0.22125,0.77875,0.831908832,0.17925000000000008,0.09275000000000004,0.00962500000000006
2,1,0,XGBoost-C,10,X,0.17625,0.7975,0.84148728,0.21412499999999998,0.07637499999999998,0.012499999999999989
2,1,0,XGBoost-C,10,W1,0.2075,0.7475,0.804263566,0.14900000000000005,0.06800000000000005,-0.006499999999999939
2,1,0,XGBoost-C,10,W2,0.22625,0.74375,0.801932367,0.150375,0.07387500000000002,0.006875000000000031
2,1,0,MLP-C,10,X,0.1725,0.8275,0.864970646,0.238125,0.08875000000000002,0.0025000000000000243
2,1,0,MLP-C,10,W1,0.20625,0.79375,0.839650146,0.19162499999999996,0.09462499999999997,0.0012499999999999623
2,1,0,MLP-C,10,W2,0.2275,0.7725,0.825670498,0.17412499999999995,0.08449999999999996,0.006124999999999959
2,1,1,LogReg,1,X,0.16375,0.83625,0.874400767,0.09312500000000005,0.22925000000000004,0.0023750000000000602
2,1,1,LogReg,1,W1,0.18375,0.81625,0.859330144,0.06875,0.22675,0.0011250000000000648
2,1,1,LogReg,1,W2,0.185,0.815,0.857142857,0.06512499999999993,0.2258749999999999,0.0006249999999999867
2,1,1,SVC,1,X,0.16125,0.8325,0.872380952,0.08862500000000002,0.2265,0.0011249999999999982
2,1,1,SVC,1,W1,0.18375,0.80125,0.850704225,0.05162500000000002,0.20237500000000003,-0.0029999999999999914
2,1,1,SVC,1,W2,0.18875,0.80375,0.850902184,0.05499999999999997,0.21437499999999993,-0.001875000000000049
2,1,1,RF-C,1,X,0.17,0.83,0.871212121,0.07599999999999997,0.23074999999999993,0.007249999999999967
2,1,1,RF-C,1,W1,0.1875,0.8125,0.855769231,0.075125,0.22512499999999996,0.007124999999999981
2,1,1,RF-C,1,W2,0.18375,0.81625,0.858517806,0.07125000000000004,0.22750000000000004,0.020750000000000025
2,1,1,XGBoost-C,1,X,0.16875,0.8075,0.851637765,0.07812500000000001,0.207,0.0036250000000000006
2,1,1,XGBoost-C,1,W1,0.18625,0.79875,0.844444444,0.07299999999999997,0.21062499999999998,0.009624999999999984
2,1,1,XGBoost-C,1,W2,0.1925,0.79,0.837837838,0.055000000000000035,0.20712500000000006,0.00850000000000003
2,1,1,MLP-C,1,X,0.16,0.84,0.875486381,0.09612499999999996,0.24174999999999996,0.012749999999999961
2,1,1,MLP-C,1,W1,0.17875,0.82125,0.862895494,0.07537500000000005,0.23187500000000005,0.003000000000000047
2,1,1,MLP-C,1,W2,0.185,0.815,0.857142857,0.06474999999999995,0.22574999999999995,0.000749999999999984
2,1,1,LogReg,2,X,0.1925,0.8075,0.854442344,0.08000000000000002,0.20750000000000002,0.002374999999999994
2,1,1,LogReg,2,W1,0.19125,0.8075,0.851351351,0.07075,0.225875,0.0016249999999999986
2,1,1,LogReg,2,W2,0.19375,0.80625,0.851957975,0.06362500000000001,0.225875,0.004000000000000026
2,1,1,SVC,2,X,0.19125,0.805,0.853383459,0.07325000000000005,0.20687500000000006,0.00037500000000003644
2,1,1,SVC,2,W1,0.1925,0.80125,0.851817335,0.06450000000000003,0.21075000000000005,-0.010124999999999985
2,1,1,SVC,2,W2,0.1975,0.795,0.848428835,0.04937500000000002,0.20900000000000002,-0.002499999999999958
2,1,1,RF-C,2,X,0.19,0.81,0.854684512,0.08425000000000003,0.22100000000000003,0.016625000000000056
2,1,1,RF-C,2,W1,0.1925,0.8075,0.855263158,0.061125,0.229,0.002874999999999983
2,1,1,RF-C,2,W2,0.19875,0.80125,0.850704225,0.05775000000000001,0.22237500000000004,0.004750000000000021
2,1,1,XGBoost-C,2,X,0.1925,0.77375,0.826794258,0.05550000000000005,0.18937500000000002,-0.005999999999999961
2,1,1,XGBoost-C,2,W1,0.1925,0.76625,0.819323671,0.047875,0.1875,-0.011875000000000014
2,1,1,XGBoost-C,2,W2,0.2025,0.7625,0.818007663,0.042749999999999955,0.19199999999999998,0.0012499999999999734
2,1,1,MLP-C,2,X,0.19125,0.80875,0.854146806,0.07562499999999997,0.21362499999999995,0.003249999999999964
2,1,1,MLP-C,2,W1,0.19125,0.80875,0.853588517,0.07412499999999997,0.22574999999999998,-0.0007500000000000284
2,1,1,MLP-C,2,W2,0.195,0.805,0.849420849,0.06037500000000003,0.22975000000000007,0.004875000000000041
2,1,1,LogReg,3,X,0.1925,0.8075,0.855263158,0.074875,0.19862500000000002,0.0014999999999999792
2,1,1,LogReg,3,W1,0.20125,0.79875,0.847682119,0.059749999999999956,0.19849999999999995,0.0012499999999999512
2,1,1,LogReg,3,W2,0.2075,0.7925,0.844859813,0.05249999999999997,0.20074999999999998,0.000749999999999984
2,1,1,SVC,3,X,0.1875,0.81125,0.859795729,0.07825000000000001,0.19962500000000002,0.0025000000000000243
2,1,1,SVC,3,W1,0.20375,0.78875,0.84249767,0.05174999999999994,0.18562499999999996,-0.0038750000000000507
2,1,1,SVC,3,W2,0.205,0.79375,0.848206072,0.058374999999999955,0.19299999999999995,0.00012499999999998623
2,1,1,RF-C,3,X,0.19625,0.80375,0.854764107,0.06549999999999997,0.20024999999999996,0.00187499999999996
2,1,1,RF-C,3,W1,0.19875,0.80125,0.850141376,0.07200000000000004,0.19987500000000002,0.0033750000000000056
2,1,1,RF-C,3,W2,0.205,0.795,0.846728972,0.05700000000000003,0.20212500000000003,-0.000749999999999984
2,1,1,XGBoost-C,3,X,0.1925,0.79,0.84120983,0.07975000000000003,0.19650000000000004,0.005625000000000047
2,1,1,XGBoost-C,3,W1,0.1925,0.775,0.830508475,0.06562500000000003,0.179875,-0.0037499999999999643
2,1,1,XGBoost-C,3,W2,0.20125,0.77,0.823076923,0.05525000000000002,0.18875000000000003,-0.009375
2,1,1,MLP-C,3,X,0.1925,0.8075,0.855263158,0.07537499999999998,0.19874999999999998,0.0016249999999999765
2,1,1,MLP-C,3,W1,0.1975,0.8025,0.850661626,0.06537499999999999,0.20074999999999998,0.005249999999999988
2,1,1,MLP-C,3,W2,0.19625,0.80375,0.85340803,0.06674999999999995,0.21087499999999998,0.005999999999999961
2,1,1,LogReg,4,X,0.15875,0.84125,0.880974695,0.08400000000000005,0.23212500000000005,0.001875000000000049
2,1,1,LogReg,4,W1,0.165,0.835,0.875236295,0.07387499999999997,0.24099999999999996,0.0004999999999999672
2,1,1,LogReg,4,W2,0.18125,0.81875,0.863849765,0.05499999999999997,0.23499999999999996,0.0004999999999999894
2,1,1,SVC,4,X,0.15625,0.83875,0.880444856,0.077125,0.22949999999999998,0.0036249999999999893
2,1,1,SVC,4,W1,0.16125,0.83375,0.877192982,0.06499999999999997,0.23324999999999996,0.0019999999999999905
2,1,1,SVC,4,W2,0.17875,0.82,0.867647059,0.05487499999999995,0.22712499999999994,0.0029999999999999584
2,1,1,RF-C,4,X,0.15875,0.84125,0.880526811,0.08312500000000006,0.23737500000000003,0.0031250000000000665
2,1,1,RF-C,4,W1,0.1625,0.8375,0.877819549,0.06737500000000002,0.24087500000000003,0.009750000000000036
2,1,1,RF-C,4,W2,0.185,0.815,0.861940299,0.04549999999999994,0.22799999999999992,-0.0021250000000000656
2,1,1,XGBoost-C,4,X,0.15875,0.79375,0.841802493,0.05549999999999995,0.19812499999999997,-0.010500000000000042
2,1,1,XGBoost-C,4,W1,0.16625,0.795,0.844990548,0.055000000000000035,0.20500000000000002,-0.00749999999999994
2,1,1,XGBoost-C,4,W2,0.18625,0.78875,0.841314554,0.050499999999999955,0.20462499999999992,0.0004999999999999449
2,1,1,MLP-C,4,X,0.15625,0.84375,0.882186616,0.08400000000000002,0.24275000000000002,0.004874999999999996
2,1,1,MLP-C,4,W1,0.15875,0.84125,0.880974695,0.08137500000000006,0.23625000000000002,0.010375000000000068
2,1,1,MLP-C,4,W2,0.18,0.82,0.86259542,0.056999999999999953,0.23599999999999993,0.005999999999999961
2,1,1,LogReg,5,X,0.19625,0.80375,0.848309179,0.07212499999999997,0.20749999999999996,0.0007499999999999729
2,1,1,LogReg,5,W1,0.20625,0.79375,0.842406877,0.06087499999999994,0.19812499999999997,0.004749999999999965
2,1,1,LogReg,5,W2,0.20625,0.79375,0.84270734,0.05087499999999996,0.20649999999999996,0.0019999999999999684
2,1,1,SVC,5,X,0.19875,0.79875,0.845933014,0.06837499999999998,0.19324999999999998,0.0036249999999999672
2,1,1,SVC,5,W1,0.2075,0.7925,0.840690979,0.06237499999999996,0.195375,0.005999999999999983
2,1,1,SVC,5,W2,0.20625,0.795,0.846153846,0.053000000000000026,0.20212500000000003,0.0042500000000000315
2,1,1,RF-C,5,X,0.205,0.795,0.844106464,0.049125000000000044,0.20575000000000004,0.003750000000000053
2,1,1,RF-C,5,W1,0.21375,0.78625,0.831858407,0.04849999999999999,0.202,0.003375000000000028
2,1,1,RF-C,5,W2,0.2075,0.7925,0.840690979,0.05824999999999999,0.2045,0.0050000000000000044
2,1,1,XGBoost-C,5,X,0.1975,0.765,0.817475728,0.04875,0.17149999999999999,-0.004999999999999982
2,1,1,XGBoost-C,5,W1,0.19625,0.76875,0.819863681,0.05725000000000002,0.17900000000000005,0.006750000000000056
2,1,1,XGBoost-C,5,W2,0.2075,0.75625,0.811229429,0.039249999999999986,0.17075,0.0006249999999999867
2,1,1,MLP-C,5,X,0.195,0.805,0.848543689,0.07612500000000004,0.20562500000000003,0.0038750000000000286
2,1,1,MLP-C,5,W1,0.20625,0.79375,0.839650146,0.05962499999999996,0.20624999999999996,0.003624999999999956
2,1,1,MLP-C,5,W2,0.195,0.805,0.85,0.07500000000000007,0.21500000000000002,0.013375000000000036
2,1,1,LogReg,6,X,0.1825,0.8175,0.861742424,0.05550000000000001,0.22974999999999998,0.0005000000000000337
2,1,1,LogReg,6,W1,0.1775,0.8225,0.863461538,0.05437499999999999,0.23924999999999996,0.0006249999999999977
2,1,1,LogReg,6,W2,0.18375,0.81625,0.858789625,0.05012500000000002,0.24625000000000002,0.0035000000000000365
2,1,1,SVC,6,X,0.1775,0.8225,0.865784499,0.06362500000000001,0.234375,0.005375000000000019
2,1,1,SVC,6,W1,0.1775,0.81,0.856332703,0.045000000000000054,0.22437500000000005,-0.00187499999999996
2,1,1,SVC,6,W2,0.18375,0.8025,0.852336449,0.037625,0.22412499999999996,-0.00012499999999999735
2,1,1,RF-C,6,X,0.165,0.835,0.873804971,0.07837499999999999,0.25125000000000003,0.011124999999999963
2,1,1,RF-C,6,W1,0.185,0.815,0.858778626,0.06224999999999995,0.23387499999999997,0.009124999999999949
2,1,1,RF-C,6,W2,0.18625,0.81375,0.859301228,0.03874999999999995,0.242375,0.002499999999999958
2,1,1,XGBoost-C,6,X,0.1725,0.805,0.85,0.06762500000000005,0.21462500000000007,-0.004624999999999946
2,1,1,XGBoost-C,6,W1,0.1825,0.79125,0.838958534,0.051874999999999984,0.22000000000000003,-0.009499999999999998
2,1,1,XGBoost-C,6,W2,0.18875,0.77625,0.827718961,0.034375,0.210875,-0.0030000000000000248
2,1,1,MLP-C,6,X,0.17625,0.82375,0.864813039,0.06262499999999996,0.236875,0.005625000000000002
2,1,1,MLP-C,6,W1,0.175,0.825,0.863547758,0.05637499999999997,0.24737499999999996,0.0011249999999999537
2,1,1,MLP-C,6,W2,0.18375,0.81625,0.858789625,0.05037500000000002,0.24625000000000002,0.00375000000000002
2,1,1,LogReg,7,X,0.19,0.81,0.853846154,0.05387500000000005,0.2230000000000001,-0.00012499999999999735
2,1,1,LogReg,7,W1,0.19625,0.80375,0.849760766,0.042874999999999976,0.22499999999999995,-0.0005000000000000337
2,1,1,LogReg,7,W2,0.19375,0.80625,0.851390221,0.04625000000000003,0.232875,0.0
2,1,1,SVC,7,X,0.19,0.8125,0.859022556,0.05437500000000001,0.221875,0.004749999999999999
2,1,1,SVC,7,W1,0.1925,0.8025,0.852059925,0.0385,0.21387499999999998,0.0002499999999999836
2,1,1,SVC,7,W2,0.195,0.7975,0.849442379,0.03412499999999998,0.21412499999999995,-0.00375000000000002
2,1,1,RF-C,7,X,0.17875,0.82125,0.861835749,0.07075000000000005,0.22962500000000002,0.010500000000000032
2,1,1,RF-C,7,W1,0.19375,0.80625,0.854460094,0.03800000000000001,0.220125,0.008000000000000007
2,1,1,RF-C,7,W2,0.1975,0.8025,0.852059925,0.04237499999999998,0.223,0.009625000000000005
2,1,1,XGBoost-C,7,X,0.18125,0.795,0.840466926,0.06587500000000004,0.20162500000000003,0.001250000000000051
2,1,1,XGBoost-C,7,W1,0.1975,0.77375,0.826462128,0.02750000000000006,0.19175000000000003,0.00962500000000004
2,1,1,XGBoost-C,7,W2,0.19625,0.7925,0.840996169,0.060624999999999984,0.22362499999999996,0.013124999999999975
2,1,1,MLP-C,7,X,0.18625,0.81375,0.853490659,0.06299999999999997,0.234375,-0.0002499999999999947
2,1,1,MLP-C,7,W1,0.19375,0.80625,0.851390221,0.04575000000000001,0.228375,0.00025000000000000575
2,1,1,MLP-C,7,W2,0.1925,0.8075,0.852207294,0.04825,0.23425,0.0
2,1,1,LogReg,8,X,0.1825,0.8175,0.862781955,0.087375,0.21925,0.002000000000000035
2,1,1,LogReg,8,W1,0.20875,0.79125,0.844651163,0.052250000000000005,0.2015,0.002750000000000019
2,1,1,LogReg,8,W2,0.21,0.79,0.842401501,0.05475000000000002,0.21600000000000003,0.0013750000000000485
2,1,1,SVC,8,X,0.18625,0.8,0.851024209,0.06850000000000003,0.19925000000000007,-0.0017499999999999517
2,1,1,SVC,8,W1,0.2025,0.78625,0.843263061,0.05037499999999999,0.19437500000000002,0.002875000000000005
2,1,1,SVC,8,W2,0.20875,0.79,0.84501845,0.05287500000000005,0.21112500000000006,0.007250000000000057
2,1,1,RF-C,8,X,0.1975,0.8025,0.853159851,0.049124999999999995,0.21875,0.002499999999999969
2,1,1,RF-C,8,W1,0.21,0.79,0.842401501,0.056250000000000036,0.20437500000000006,0.008125000000000026
2,1,1,RF-C,8,W2,0.22125,0.77875,0.835041938,0.03037500000000005,0.21737500000000004,0.0003750000000000586
2,1,1,XGBoost-C,8,X,0.1925,0.75625,0.81551561,0.03912499999999998,0.17537499999999998,-0.023250000000000014
2,1,1,XGBoost-C,8,W1,0.21,0.76375,0.819484241,0.045875000000000034,0.18350000000000005,0.0007500000000000395
2,1,1,XGBoost-C,8,W2,0.21375,0.73375,0.799245994,0.019000000000000006,0.17262500000000003,-0.005499999999999982
2,1,1,MLP-C,8,X,0.185,0.815,0.860640301,0.08712499999999995,0.21624999999999991,0.0
2,1,1,MLP-C,8,W1,0.21,0.79,0.839388145,0.06300000000000004,0.2045,0.0010000000000000564
2,1,1,MLP-C,8,W2,0.205,0.795,0.846153846,0.06137500000000005,0.2196250000000001,0.006625000000000059
2,1,1,LogReg,9,X,0.175,0.825,0.869158879,0.07137499999999994,0.23012499999999997,-0.000500000000000056
2,1,1,LogReg,9,W1,0.19875,0.80125,0.851540616,0.04487500000000002,0.20987499999999998,0.0018750000000000045
2,1,1,LogReg,9,W2,0.19,0.81,0.860294118,0.05225000000000006,0.22237500000000007,4.4408920985006264e-17
2,1,1,SVC,9,X,0.17625,0.815,0.863720074,0.058999999999999955,0.21512499999999993,-0.0015000000000000458
2,1,1,SVC,9,W1,0.1975,0.80125,0.855059253,0.04287500000000002,0.20625000000000004,0.003125000000000011
2,1,1,SVC,9,W2,0.19125,0.8025,0.857657658,0.0415,0.20962500000000003,0.0036249999999999893
2,1,1,RF-C,9,X,0.17875,0.82125,0.868202765,0.05950000000000003,0.22900000000000004,0.005750000000000033
2,1,1,RF-C,9,W1,0.19625,0.80375,0.855032318,0.04587499999999998,0.21287499999999998,0.005499999999999961
2,1,1,RF-C,9,W2,0.19125,0.80875,0.859504132,0.050999999999999976,0.22525,0.0023749999999999605
2,1,1,XGBoost-C,9,X,0.17625,0.78375,0.837863168,0.049624999999999954,0.19574999999999995,-0.005125000000000069
2,1,1,XGBoost-C,9,W1,0.19625,0.77625,0.828379674,0.046374999999999986,0.191375,0.0002499999999999947
2,1,1,XGBoost-C,9,W2,0.18875,0.77625,0.830972616,0.040374999999999994,0.19199999999999998,0.004874999999999974
2,1,1,MLP-C,9,X,0.1725,0.8275,0.87054409,0.07825000000000001,0.23275,0.004625000000000023
2,1,1,MLP-C,9,W1,0.19375,0.80625,0.853358562,0.05450000000000003,0.21987500000000004,0.001000000000000023
2,1,1,MLP-C,9,W2,0.18375,0.81625,0.864014801,0.05987500000000001,0.22800000000000004,0.010250000000000026
2,1,1,LogReg,10,X,0.1825,0.81625,0.858517806,0.06850000000000003,0.22400000000000003,-0.0007499999999999619
2,1,1,LogReg,10,W1,0.18375,0.81625,0.858244937,0.06287500000000004,0.22600000000000006,-0.001499999999999968
2,1,1,LogReg,10,W2,0.195,0.805,0.849129594,0.046375000000000055,0.22737500000000005,0.00025000000000006126
2,1,1,SVC,10,X,0.17625,0.82,0.862857143,0.07199999999999997,0.22524999999999995,0.0006249999999999534
2,1,1,SVC,10,W1,0.1825,0.8075,0.853053435,0.05550000000000001,0.21587499999999996,-0.006750000000000011
2,1,1,SVC,10,W2,0.1975,0.79875,0.847682119,0.04124999999999995,0.21662499999999993,-0.0008750000000000369
2,1,1,RF-C,10,X,0.1725,0.8275,0.868068834,0.07262500000000001,0.240875,-0.0002499999999999836
2,1,1,RF-C,10,W1,0.185,0.815,0.858778626,0.057749999999999954,0.22787499999999997,0.0002499999999999392
2,1,1,RF-C,10,W2,0.195,0.805,0.850574713,0.04662500000000005,0.22837500000000005,0.0035000000000000586
2,1,1,XGBoost-C,10,X,0.18,0.79375,0.839650146,0.06787499999999996,0.21062499999999992,-0.0036250000000000336
2,1,1,XGBoost-C,10,W1,0.18125,0.78875,0.834799609,0.05612499999999994,0.20787499999999995,0.0047499999999999435
2,1,1,XGBoost-C,10,W2,0.19625,0.77,0.823416507,0.026500000000000024,0.19962500000000002,-0.00712499999999997
2,1,1,MLP-C,10,X,0.18125,0.81875,0.859632139,0.06524999999999999,0.23037499999999994,-0.0008749999999999814
2,1,1,MLP-C,10,W1,0.18375,0.81625,0.858244937,0.06275000000000004,0.2267500000000001,-0.001499999999999968
2,1,1,MLP-C,10,W2,0.19375,0.80625,0.850818094,0.04862500000000003,0.22800000000000004,0.0026250000000000106
2,1,2,LogReg,1,X,0.1725,0.8275,0.86627907,0.16725000000000004,0.16775,0.0031250000000000223
2,1,2,LogReg,1,W1,0.19625,0.80375,0.846829268,0.13574999999999995,0.17249999999999996,0.0021249999999999546
2,1,2,LogReg,1,W2,0.22,0.78,0.83011583,0.10162500000000001,0.16100000000000003,-0.001499999999999968
2,1,2,SVC,1,X,0.18,0.81875,0.860710855,0.1585,0.157625,-0.0022500000000000185
2,1,2,SVC,1,W1,0.19875,0.7975,0.843023256,0.13162499999999996,0.1605,-0.0036250000000000115
2,1,2,SVC,1,W2,0.21875,0.7725,0.827977316,0.09137499999999997,0.14937499999999995,-0.0010000000000000453
2,1,2,RF-C,1,X,0.17375,0.82625,0.8633235,0.17237500000000003,0.16987500000000003,0.011000000000000043
2,1,2,RF-C,1,W1,0.1925,0.8075,0.849902534,0.13699999999999998,0.18,0.007499999999999995
2,1,2,RF-C,1,W2,0.22,0.78,0.832380952,0.09537500000000002,0.16599999999999998,0.0025000000000000243
2,1,2,XGBoost-C,1,X,0.17875,0.80875,0.849261084,0.16,0.1514999999999999,0.0027499999999999747
2,1,2,XGBoost-C,1,W1,0.19375,0.76875,0.818092429,0.10700000000000003,0.13987500000000005,-0.013624999999999953
2,1,2,XGBoost-C,1,W2,0.2175,0.76625,0.821734986,0.09862499999999998,0.14237499999999997,0.0036249999999999893
2,1,2,MLP-C,1,X,0.17125,0.82875,0.864490603,0.171875,0.17162499999999997,0.0052499999999999995
2,1,2,MLP-C,1,W1,0.195,0.805,0.843373494,0.14237500000000006,0.17237500000000008,0.004625000000000057
2,1,2,MLP-C,1,W2,0.21625,0.78375,0.832201746,0.10424999999999993,0.16424999999999995,0.0007499999999999507
2,1,2,LogReg,2,X,0.17125,0.82875,0.866080156,0.17962499999999998,0.16087499999999996,0.0030000000000000027
2,1,2,LogReg,2,W1,0.195,0.805,0.849129594,0.14100000000000001,0.15850000000000003,0.0037500000000000424
2,1,2,LogReg,2,W2,0.2075,0.7925,0.839458414,0.1295,0.16087499999999996,0.0023749999999999718
2,1,2,SVC,2,X,0.1725,0.81875,0.861244019,0.16699999999999998,0.14425,0.004624999999999979
2,1,2,SVC,2,W1,0.195,0.79625,0.84490961,0.132125,0.14824999999999997,-0.004749999999999988
2,1,2,SVC,2,W2,0.2075,0.78375,0.835707502,0.12224999999999997,0.14387499999999992,0.003624999999999934
2,1,2,RF-C,2,X,0.17375,0.82625,0.865179437,0.17737500000000006,0.15237500000000004,0.004125000000000057
2,1,2,RF-C,2,W1,0.19875,0.80125,0.848137536,0.13312500000000002,0.15475000000000003,0.0018750000000000155
2,1,2,RF-C,2,W2,0.215,0.785,0.836501901,0.12000000000000002,0.15162500000000004,0.006125000000000036
2,1,2,XGBoost-C,2,X,0.17375,0.79625,0.84097561,0.15425,0.14037500000000003,-0.011124999999999986
2,1,2,XGBoost-C,2,W1,0.19625,0.77375,0.82375852,0.12637500000000007,0.13612500000000005,-0.0031249999999999334
2,1,2,XGBoost-C,2,W2,0.21625,0.74125,0.803044719,0.09649999999999995,0.11512499999999995,-0.012000000000000033
2,1,2,MLP-C,2,X,0.17125,0.82875,0.866080156,0.17975,0.16074999999999995,0.0021249999999999993
2,1,2,MLP-C,2,W1,0.1975,0.8025,0.846899225,0.13899999999999998,0.15662499999999996,0.0016249999999999765
2,1,2,MLP-C,2,W2,0.205,0.795,0.840155945,0.13175000000000006,0.16437500000000002,0.006250000000000045
2,1,2,LogReg,3,X,0.15,0.85,0.87755102,0.19999999999999996,0.17524999999999996,0.0017499999999999849
2,1,2,LogReg,3,W1,0.18625,0.81375,0.850251256,0.160125,0.16624999999999995,0.001124999999999976
2,1,2,LogReg,3,W2,0.21625,0.78375,0.827172827,0.11924999999999994,0.15724999999999995,0.0012499999999999734
2,1,2,SVC,3,X,0.15,0.845,0.874747475,0.19049999999999997,0.17462499999999995,0.00012499999999997512
2,1,2,SVC,3,W1,0.18625,0.8,0.843444227,0.14200000000000004,0.15387500000000004,-0.0033749999999999614
2,1,2,SVC,3,W2,0.21625,0.76875,0.817374136,0.09912500000000005,0.14600000000000005,-0.0011249999999999537
2,1,2,RF-C,3,X,0.15,0.85,0.879032258,0.20099999999999998,0.17337499999999997,0.005249999999999966
2,1,2,RF-C,3,W1,0.20125,0.79875,0.843232717,0.13412499999999997,0.15262499999999993,0.0002499999999999392
2,1,2,RF-C,3,W2,0.2225,0.7775,0.821643287,0.11087499999999997,0.15737499999999996,0.008124999999999948
2,1,2,XGBoost-C,3,X,0.14625,0.805,0.838842975,0.16362500000000008,0.14975000000000002,-0.004249999999999943
2,1,2,XGBoost-C,3,W1,0.1925,0.77625,0.819738167,0.129625,0.141625,0.004624999999999979
2,1,2,XGBoost-C,3,W2,0.2225,0.7475,0.796370968,0.09700000000000006,0.13537500000000008,-0.012499999999999945
2,1,2,MLP-C,3,X,0.145,0.855,0.880412371,0.20675,0.18162499999999998,0.005999999999999983
2,1,2,MLP-C,3,W1,0.1875,0.8125,0.848790323,0.15887500000000002,0.16499999999999998,1.1102230246251566e-17
2,1,2,MLP-C,3,W2,0.21125,0.78875,0.829465187,0.12537499999999996,0.16449999999999992,0.0041249999999999785
2,1,2,LogReg,4,X,0.155,0.845,0.882352941,0.18287499999999995,0.15562499999999996,0.003999999999999948
2,1,2,LogReg,4,W1,0.18375,0.81625,0.861712135,0.14250000000000002,0.150625,-0.00124999999999994
2,1,2,LogReg,4,W2,0.20125,0.79875,0.846812559,0.12449999999999994,0.15849999999999997,0.002874999999999961
2,1,2,SVC,4,X,0.15625,0.84375,0.881964117,0.17512500000000003,0.15925,0.003874999999999995
2,1,2,SVC,4,W1,0.17375,0.8175,0.86329588,0.136375,0.154125,-0.0018749999999999821
2,1,2,SVC,4,W2,0.19625,0.8025,0.853159851,0.123,0.168125,0.008374999999999999
2,1,2,RF-C,4,X,0.15625,0.84375,0.881065652,0.17662499999999998,0.16699999999999998,0.010249999999999992
2,1,2,RF-C,4,W1,0.18,0.82,0.864661654,0.13787499999999994,0.16274999999999995,0.0023749999999999605
2,1,2,RF-C,4,W2,0.1925,0.8075,0.854716981,0.1285,0.17625,0.0125
2,1,2,XGBoost-C,4,X,0.15625,0.81875,0.857142857,0.16549999999999998,0.13574999999999998,0.007249999999999979
2,1,2,XGBoost-C,4,W1,0.18,0.7925,0.839147287,0.12624999999999997,0.13987500000000003,0.002875000000000005
2,1,2,XGBoost-C,4,W2,0.195,0.76125,0.816169394,0.09937499999999998,0.14187500000000003,-0.005500000000000005
2,1,2,MLP-C,4,X,0.15125,0.84875,0.886597938,0.17787500000000006,0.16224999999999998,0.005625000000000002
2,1,2,MLP-C,4,W1,0.17625,0.82375,0.865842055,0.14625000000000002,0.160375,0.006749999999999978
2,1,2,MLP-C,4,W2,0.195,0.805,0.855822551,0.12912500000000002,0.15987500000000004,0.0035000000000000365
2,1,2,LogReg,5,X,0.15875,0.84125,0.875855327,0.18887500000000007,0.16512500000000002,-0.002374999999999949
2,1,2,LogReg,5,W1,0.18375,0.81625,0.857419981,0.15462500000000004,0.16812500000000002,-0.002249999999999963
2,1,2,LogReg,5,W2,0.2025,0.7975,0.841176471,0.134375,0.164375,0.00212500000000001
2,1,2,SVC,5,X,0.1575,0.84375,0.878286271,0.18775000000000003,0.16687499999999997,0.0022500000000000076
2,1,2,SVC,5,W1,0.18375,0.81625,0.858244937,0.15150000000000002,0.17050000000000004,0.000250000000000028
2,1,2,SVC,5,W2,0.20375,0.79,0.838150289,0.12612500000000001,0.15775000000000003,-0.0017499999999999627
2,1,2,RF-C,5,X,0.15875,0.84125,0.874876847,0.19287500000000007,0.16100000000000003,0.005250000000000044
2,1,2,RF-C,5,W1,0.19625,0.80375,0.846529814,0.14300000000000002,0.15587499999999993,0.0006249999999999534
2,1,2,RF-C,5,W2,0.205,0.795,0.838899804,0.13487500000000002,0.16662500000000002,-0.0019999999999999463
2,1,2,XGBoost-C,5,X,0.15625,0.8075,0.846613546,0.170125,0.14024999999999999,-0.007250000000000012
2,1,2,XGBoost-C,5,W1,0.18875,0.77625,0.824337586,0.13199999999999998,0.137125,-0.00787500000000001
2,1,2,XGBoost-C,5,W2,0.1925,0.77,0.818181818,0.12250000000000001,0.149125,-0.007749999999999979
2,1,2,MLP-C,5,X,0.15,0.85,0.880239521,0.19862499999999997,0.17375,0.004624999999999979
2,1,2,MLP-C,5,W1,0.1825,0.8175,0.857699805,0.15937499999999996,0.16799999999999998,-0.0026249999999999885
2,1,2,MLP-C,5,W2,0.20125,0.79875,0.842001963,0.13537499999999997,0.16499999999999995,0.002874999999999961
2,1,2,LogReg,6,X,0.17875,0.82125,0.857711443,0.16312500000000002,0.168375,-0.0019999999999999575
2,1,2,LogReg,6,W1,0.1975,0.8025,0.84418146,0.13612499999999997,0.165375,-0.00012500000000001955
2,1,2,LogReg,6,W2,0.20875,0.79125,0.839577329,0.11912500000000001,0.16787500000000005,0.0007500000000000174
2,1,2,SVC,6,X,0.17125,0.82125,0.860487805,0.16425000000000006,0.16212500000000002,0.0017500000000000293
2,1,2,SVC,6,W1,0.19625,0.79625,0.841901067,0.13150000000000003,0.15387500000000004,-0.002124999999999988
2,1,2,SVC,6,W2,0.21125,0.79,0.840304183,0.12325000000000005,0.16162500000000005,0.000500000000000056
2,1,2,RF-C,6,X,0.1775,0.8225,0.859683794,0.166875,0.16574999999999998,0.005875000000000019
2,1,2,RF-C,6,W1,0.18875,0.81125,0.851815505,0.14387500000000003,0.175375,0.017125000000000012
2,1,2,RF-C,6,W2,0.22,0.78,0.833333333,0.10625,0.15637500000000007,-0.0033749999999999614
2,1,2,XGBoost-C,6,X,0.1675,0.805,0.845238095,0.15287500000000004,0.15712500000000004,0.0005000000000000337
2,1,2,XGBoost-C,6,W1,0.19125,0.78625,0.829511466,0.12737499999999996,0.1645,-0.0022499999999999964
2,1,2,XGBoost-C,6,W2,0.21875,0.755,0.806706114,0.092625,0.148875,0.004375000000000018
2,1,2,MLP-C,6,X,0.17125,0.82875,0.863952334,0.174125,0.17137499999999997,0.008499999999999997
2,1,2,MLP-C,6,W1,0.19125,0.80875,0.848664688,0.14299999999999996,0.17137499999999997,0.0022499999999999742
2,1,2,MLP-C,6,W2,0.2075,0.7925,0.839458414,0.12062499999999998,0.170375,0.004624999999999979
2,1,2,LogReg,7,X,0.165,0.835,0.871345029,0.17312499999999997,0.17512499999999995,0.003624999999999945
2,1,2,LogReg,7,W1,0.18125,0.81875,0.859632139,0.1455,0.177,0.0016249999999999654
2,1,2,LogReg,7,W2,0.20625,0.79375,0.841498559,0.11187499999999997,0.16087499999999993,0.0019999999999999575
2,1,2,SVC,7,X,0.16625,0.82625,0.865440465,0.16675,0.16500000000000004,-0.002124999999999966
2,1,2,SVC,7,W1,0.1825,0.805,0.85199241,0.13762500000000003,0.16025000000000006,-0.0029999999999999584
2,1,2,SVC,7,W2,0.20875,0.7875,0.83992467,0.10974999999999997,0.14862499999999995,-0.005750000000000033
2,1,2,RF-C,7,X,0.17375,0.82625,0.864917396,0.16862500000000002,0.16737500000000008,-0.0011249999999999537
2,1,2,RF-C,7,W1,0.1875,0.8125,0.857685009,0.141125,0.168625,0.00249999999999998
2,1,2,RF-C,7,W2,0.215,0.785,0.831041257,0.11612500000000003,0.15687500000000001,0.0011250000000000316
2,1,2,XGBoost-C,7,X,0.17,0.79875,0.84106614,0.14862499999999998,0.14962499999999995,-0.008000000000000052
2,1,2,XGBoost-C,7,W1,0.19125,0.78625,0.832844575,0.12537500000000001,0.15962500000000002,-0.0016249999999999986
2,1,2,XGBoost-C,7,W2,0.20375,0.765,0.81640625,0.10412500000000002,0.1395,0.00012500000000000843
2,1,2,MLP-C,7,X,0.16375,0.83625,0.870425321,0.17812500000000003,0.17800000000000007,0.0038750000000000286
2,1,2,MLP-C,7,W1,0.17375,0.82625,0.865179437,0.15337500000000004,0.18425000000000002,0.0055000000000000274
2,1,2,MLP-C,7,W2,0.20375,0.79625,0.842815815,0.11700000000000003,0.1655,0.0026250000000000106
2,1,2,LogReg,8,X,0.16,0.84,0.87250996,0.19387499999999994,0.17962499999999998,0.003499999999999959
2,1,2,LogReg,8,W1,0.195,0.805,0.844,0.14325000000000004,0.16187500000000005,0.0026250000000000327
2,1,2,LogReg,8,W2,0.19,0.81,0.849802372,0.14262500000000006,0.18262500000000004,0.0003750000000000475
2,1,2,SVC,8,X,0.16125,0.83375,0.867132867,0.19099999999999998,0.176,-0.002375000000000016
2,1,2,SVC,8,W1,0.19875,0.8,0.843137255,0.13775000000000004,0.15737500000000004,0.0013750000000000372
2,1,2,SVC,8,W2,0.1975,0.80125,0.84548105,0.13375000000000004,0.17287500000000003,-0.005374999999999974
2,1,2,RF-C,8,X,0.15375,0.84625,0.87662989,0.2042499999999999,0.18612499999999993,0.009249999999999958
2,1,2,RF-C,8,W1,0.19,0.81,0.848303393,0.15250000000000008,0.16912500000000005,0.00912500000000005
2,1,2,RF-C,8,W2,0.1925,0.8075,0.851637765,0.13199999999999998,0.18650000000000003,-0.001000000000000012
2,1,2,XGBoost-C,8,X,0.15375,0.8225,0.857142857,0.178375,0.16725,-0.0011249999999999982
2,1,2,XGBoost-C,8,W1,0.19,0.775,0.817444219,0.12162500000000001,0.142625,-0.01387499999999997
2,1,2,XGBoost-C,8,W2,0.185,0.76875,0.815920398,0.11812500000000004,0.14875000000000008,-0.014874999999999939
2,1,2,MLP-C,8,X,0.1575,0.8425,0.872469636,0.20550000000000007,0.18175000000000002,0.006750000000000011
2,1,2,MLP-C,8,W1,0.19,0.81,0.848906561,0.14600000000000005,0.16787500000000005,0.005500000000000049
2,1,2,MLP-C,8,W2,0.19125,0.80875,0.846539619,0.14887499999999995,0.18687499999999996,0.0007499999999999507
2,1,2,LogReg,9,X,0.15625,0.84375,0.874371859,0.167625,0.18425,-0.00012499999999999735
2,1,2,LogReg,9,W1,0.1875,0.8125,0.849699399,0.124125,0.166375,0.0002499999999999947
2,1,2,LogReg,9,W2,0.19125,0.80875,0.846539619,0.11837499999999998,0.190375,0.0003749999999999698
2,1,2,SVC,9,X,0.16125,0.83625,0.869130869,0.16625000000000006,0.16800000000000007,-0.0023749999999999718
2,1,2,SVC,9,W1,0.19,0.80875,0.850731707,0.12174999999999996,0.16299999999999995,-0.0036250000000000227
2,1,2,SVC,9,W2,0.18875,0.81125,0.853255588,0.12287500000000003,0.18725000000000003,0.005875000000000008
2,1,2,RF-C,9,X,0.15625,0.84375,0.872579001,0.1785,0.1795,0.015000000000000003
2,1,2,RF-C,9,W1,0.17125,0.82875,0.860913706,0.14875,0.18687499999999999,0.01037499999999999
2,1,2,RF-C,9,W2,0.18375,0.81625,0.854599407,0.12612500000000004,0.19037500000000002,0.007375000000000032
2,1,2,XGBoost-C,9,X,0.15125,0.83375,0.864699898,0.16849999999999998,0.16775,0.006374999999999987
2,1,2,XGBoost-C,9,W1,0.1725,0.78875,0.830150754,0.11687499999999998,0.15024999999999994,-0.013625000000000031
2,1,2,XGBoost-C,9,W2,0.1875,0.77875,0.822467402,0.10325000000000004,0.16550000000000004,-0.004999999999999938
2,1,2,MLP-C,9,X,0.15375,0.84625,0.875379939,0.16724999999999995,0.18974999999999995,0.005624999999999958
2,1,2,MLP-C,9,W1,0.17875,0.82125,0.855701312,0.13725000000000004,0.17625000000000002,0.01212500000000002
2,1,2,MLP-C,9,W2,0.19,0.81,0.847389558,0.12050000000000002,0.19212500000000005,0.00012500000000003063
2,1,2,LogReg,10,X,0.18,0.82,0.857142857,0.15674999999999997,0.16612499999999994,0.0009999999999999675
2,1,2,LogReg,10,W1,0.19375,0.80625,0.846686449,0.13587500000000002,0.17887500000000003,0.0007499999999999951
2,1,2,LogReg,10,W2,0.21125,0.78875,0.834476004,0.11937499999999994,0.17387499999999995,0.0024999999999999467
2,1,2,SVC,10,X,0.18,0.82125,0.860487805,0.15700000000000003,0.16575,0.0015000000000000568
2,1,2,SVC,10,W1,0.19,0.8075,0.849609375,0.13525000000000004,0.173,0.0009999999999999788
2,1,2,SVC,10,W2,0.21,0.79,0.837524178,0.12012500000000004,0.17462500000000003,0.005125000000000035
2,1,2,RF-C,10,X,0.18,0.82,0.858546169,0.15374999999999997,0.15912499999999996,0.0003749999999999698
2,1,2,RF-C,10,W1,0.1925,0.8075,0.849315068,0.13587500000000002,0.17975,0.005499999999999982
2,1,2,RF-C,10,W2,0.2075,0.7925,0.835968379,0.130875,0.177375,0.02174999999999998
2,1,2,XGBoost-C,10,X,0.18125,0.795,0.835671343,0.13712500000000005,0.14550000000000005,-0.00824999999999997
2,1,2,XGBoost-C,10,W1,0.1925,0.78,0.826086957,0.11737500000000001,0.15812500000000002,0.0042500000000000315
2,1,2,XGBoost-C,10,W2,0.21125,0.75875,0.809099901,0.10512500000000005,0.14512500000000006,0.006250000000000045
2,1,2,MLP-C,10,X,0.1775,0.8225,0.859126984,0.15537499999999999,0.1705,0.003875000000000006
2,1,2,MLP-C,10,W1,0.18625,0.81375,0.849646821,0.140375,0.19324999999999998,0.007499999999999962
2,1,2,MLP-C,10,W2,0.2075,0.7925,0.833667335,0.11875,0.18137499999999995,0.00412499999999999
