Num_units,Intercept,Influence_level,Model,Replication,Measurement,Loss,Accuracy,F1_score,Imp_F,Imp_Z1,Imp_Z2
0,0,0,LogReg,1,W1,0.2425,0.7575,0.762836186,0.18074999999999997,0.06849999999999995,0.0004999999999999672
0,0,0,LogReg,1,W2,0.25,0.75,0.75,0.18125,0.08574999999999999,-0.003499999999999981
0,0,0,LogReg,1,X1,0.185,0.815,0.815920398,0.24900000000000003,0.08699999999999994,0.0
0,0,0,LogReg,1,X2,0.1875,0.8125,0.815724816,0.2625,0.07575,0.0
0,0,0,SVC,1,W1,0.2275,0.765,0.77294686,0.19175000000000003,0.06625,-0.0044999999999999814
0,0,0,SVC,1,W2,0.24,0.7575,0.750642674,0.18724999999999994,0.09924999999999995,0.00499999999999996
0,0,0,SVC,1,X1,0.18,0.7975,0.802919708,0.22624999999999998,0.06524999999999997,0.0019999999999999797
0,0,0,SVC,1,X2,0.1825,0.81,0.810945274,0.2587500000000001,0.07825000000000006,0.0007500000000000506
0,0,0,RF-C,1,W1,0.23,0.77,0.775609756,0.2145,0.06975000000000003,0.0022500000000000298
0,0,0,RF-C,1,W2,0.2275,0.7725,0.769620253,0.20474999999999993,0.11024999999999996,0.03724999999999997
0,0,0,RF-C,1,X1,0.1825,0.8175,0.817042607,0.2645,0.07175000000000001,0.005000000000000016
0,0,0,RF-C,1,X2,0.1725,0.8275,0.825316456,0.27775000000000005,0.1015,0.01775000000000001
0,0,0,XGBoost-C,1,W1,0.2225,0.715,0.719211823,0.17474999999999996,0.05624999999999995,-0.015000000000000046
0,0,0,XGBoost-C,1,W2,0.225,0.73,0.727272727,0.15974999999999998,0.09074999999999998,0.018999999999999982
0,0,0,XGBoost-C,1,X1,0.1975,0.76,0.753846154,0.19674999999999998,0.04575000000000001,-0.023999999999999987
0,0,0,XGBoost-C,1,X2,0.155,0.7875,0.788029925,0.24425,0.07874999999999997,-0.01325000000000004
0,0,0,MLP-C,1,W1,0.2325,0.7675,0.769230769,0.19149999999999995,0.07649999999999994,-0.0012500000000000289
0,0,0,MLP-C,1,W2,0.2325,0.7675,0.765743073,0.20124999999999998,0.10224999999999995,0.006749999999999967
0,0,0,MLP-C,1,X1,0.185,0.815,0.815920398,0.24900000000000003,0.08699999999999994,0.0
0,0,0,MLP-C,1,X2,0.18,0.82,0.821782178,0.26925,0.08449999999999994,0.002499999999999958
0,0,0,LogReg,2,W1,0.2275,0.7725,0.770780856,0.22499999999999995,0.09199999999999994,0.005499999999999972
0,0,0,LogReg,2,W2,0.3275,0.6725,0.682808717,0.12674999999999997,0.027750000000000007,0.0007499999999999729
0,0,0,LogReg,2,X1,0.2125,0.7875,0.784810127,0.24899999999999997,0.059749999999999956,-2.2204460492503132e-17
0,0,0,LogReg,2,X2,0.21,0.79,0.79,0.25950000000000006,0.047750000000000035,0.0007500000000000395
0,0,0,SVC,2,W1,0.2325,0.7625,0.76426799,0.21374999999999997,0.08549999999999995,0.0029999999999999584
0,0,0,SVC,2,W2,0.3275,0.6625,0.663341646,0.11824999999999997,0.025249999999999984,-0.005000000000000037
0,0,0,SVC,2,X1,0.21,0.7775,0.77581864,0.24149999999999996,0.05324999999999994,-0.004000000000000026
0,0,0,SVC,2,X2,0.21,0.785,0.780612245,0.25275000000000003,0.043500000000000025,-0.0007499999999999619
0,0,0,RF-C,2,W1,0.23,0.77,0.77,0.2285,0.08625000000000002,0.02025000000000001
0,0,0,RF-C,2,W2,0.315,0.685,0.675257732,0.1517500000000001,0.039000000000000055,0.0005000000000000227
0,0,0,RF-C,2,X1,0.2125,0.7875,0.785894207,0.24899999999999997,0.06924999999999998,0.019499999999999983
0,0,0,RF-C,2,X2,0.2125,0.7875,0.788029925,0.27025,0.03799999999999999,0.0014999999999999792
0,0,0,XGBoost-C,2,W1,0.225,0.725,0.731707317,0.19175,0.049749999999999975,-0.00125000000000004
0,0,0,XGBoost-C,2,W2,0.3225,0.6575,0.661728395,0.11674999999999995,0.03849999999999998,0.011499999999999977
0,0,0,XGBoost-C,2,X1,0.2125,0.77,0.77,0.23575000000000004,0.06225000000000003,0.02200000000000001
0,0,0,XGBoost-C,2,X2,0.21,0.77,0.774509804,0.24575000000000005,0.050000000000000024,0.018500000000000006
0,0,0,MLP-C,2,W1,0.2225,0.7775,0.77581864,0.22824999999999998,0.09899999999999998,0.009749999999999981
0,0,0,MLP-C,2,W2,0.325,0.675,0.684466019,0.13125000000000003,0.03275000000000006,-0.0027499999999999747
0,0,0,MLP-C,2,X1,0.195,0.805,0.805970149,0.25825000000000004,0.08550000000000005,0.028250000000000063
0,0,0,MLP-C,2,X2,0.21,0.79,0.79,0.2602500000000001,0.049750000000000016,0.0015000000000000347
0,0,0,LogReg,3,W1,0.23,0.77,0.768844221,0.22075,0.04850000000000002,0.002000000000000024
0,0,0,LogReg,3,W2,0.2725,0.7275,0.726817043,0.18250000000000002,0.05375000000000002,0.008750000000000036
0,0,0,LogReg,3,X1,0.1925,0.8075,0.80604534,0.255,0.06500000000000002,0.003749999999999987
0,0,0,LogReg,3,X2,0.18,0.82,0.806451613,0.28774999999999995,0.06874999999999995,-0.0012500000000000289
0,0,0,SVC,3,W1,0.215,0.78,0.785365854,0.23200000000000004,0.05400000000000001,0.017750000000000044
0,0,0,SVC,3,W2,0.2725,0.7225,0.717557252,0.17825000000000005,0.04475000000000001,0.011000000000000043
0,0,0,SVC,3,X1,0.18,0.815,0.815,0.2664999999999999,0.06674999999999995,0.01674999999999992
0,0,0,SVC,3,X2,0.1775,0.8225,0.812664908,0.29425,0.07125000000000001,-0.003249999999999975
0,0,0,RF-C,3,W1,0.21,0.79,0.792079208,0.2580000000000001,0.049250000000000016,0.013500000000000035
0,0,0,RF-C,3,W2,0.27,0.73,0.723076923,0.189,0.06724999999999999,0.012249999999999983
0,0,0,RF-C,3,X1,0.175,0.825,0.823232323,0.271,0.08799999999999995,0.02449999999999993
0,0,0,RF-C,3,X2,0.1675,0.8325,0.822281167,0.30575,0.07650000000000003,0.003750000000000031
0,0,0,XGBoost-C,3,W1,0.2125,0.74,0.738693467,0.19474999999999998,0.043500000000000004,0.0017499999999999849
0,0,0,XGBoost-C,3,W2,0.2775,0.6975,0.698254364,0.15675,0.063,0.030000000000000006
0,0,0,XGBoost-C,3,X1,0.185,0.79,0.787878788,0.24025000000000002,0.06925000000000003,0.014500000000000035
0,0,0,XGBoost-C,3,X2,0.17,0.795,0.784210526,0.26575000000000004,0.04650000000000003,0.00275000000000003
0,0,0,MLP-C,3,W1,0.21,0.79,0.797101449,0.23425,0.07175000000000005,0.036500000000000046
0,0,0,MLP-C,3,W2,0.2725,0.7275,0.726817043,0.18275000000000002,0.05375000000000002,0.00850000000000004
0,0,0,MLP-C,3,X1,0.185,0.815,0.808290155,0.26299999999999996,0.07499999999999994,0.002249999999999952
0,0,0,MLP-C,3,X2,0.1775,0.8225,0.809651475,0.29025,0.07150000000000001,0.00025000000000001686
0,0,0,LogReg,4,W1,0.245,0.755,0.762135922,0.21050000000000005,0.0655,0.0025000000000000465
0,0,0,LogReg,4,W2,0.27,0.73,0.744075829,0.17424999999999996,0.07299999999999998,0.009999999999999976
0,0,0,LogReg,4,X1,0.215,0.785,0.790243902,0.24075000000000008,0.05125000000000003,0.007000000000000029
0,0,0,LogReg,4,X2,0.1875,0.8125,0.817518248,0.2705,0.07474999999999998,0.0014999999999999903
0,0,0,SVC,4,W1,0.245,0.745,0.753623188,0.19775,0.05575000000000001,-0.009499999999999986
0,0,0,SVC,4,W2,0.275,0.7275,0.741092637,0.16825,0.07300000000000002,0.020250000000000035
0,0,0,SVC,4,X1,0.215,0.78,0.786407767,0.23775000000000004,0.04350000000000002,-0.0007499999999999619
0,0,0,SVC,4,X2,0.18,0.8175,0.823244552,0.26975,0.0845,0.0012500000000000178
0,0,0,RF-C,4,W1,0.2375,0.7625,0.772182254,0.2245,0.06974999999999999,0.012499999999999956
0,0,0,RF-C,4,W2,0.275,0.725,0.736842105,0.1875,0.06074999999999997,0.021999999999999985
0,0,0,RF-C,4,X1,0.205,0.795,0.801932367,0.26175000000000004,0.05000000000000003,0.0045000000000000265
0,0,0,RF-C,4,X2,0.1675,0.8325,0.834567901,0.28425,0.08725000000000002,0.026000000000000002
0,0,0,XGBoost-C,4,W1,0.23,0.73,0.740384615,0.17474999999999996,0.048249999999999994,0.014500000000000002
0,0,0,XGBoost-C,4,W2,0.2625,0.6875,0.701670644,0.12699999999999997,0.034999999999999996,0.013500000000000002
0,0,0,XGBoost-C,4,X1,0.1825,0.7875,0.795180723,0.24174999999999996,0.05574999999999998,0.026749999999999986
0,0,0,XGBoost-C,4,X2,0.175,0.8125,0.816625917,0.26725,0.10024999999999999,0.04475
0,0,0,MLP-C,4,W1,0.245,0.755,0.762135922,0.21025,0.06575,0.002000000000000046
0,0,0,MLP-C,4,W2,0.2625,0.7375,0.748201439,0.17950000000000005,0.07825000000000004,0.019750000000000066
0,0,0,MLP-C,4,X1,0.215,0.785,0.790243902,0.24125000000000005,0.05075000000000004,0.0067500000000000225
0,0,0,MLP-C,4,X2,0.1775,0.8225,0.825552826,0.2755,0.08049999999999999,0.011
0,0,0,LogReg,5,W1,0.22,0.78,0.781094527,0.23175000000000004,0.08350000000000002,0.0005000000000000227
0,0,0,LogReg,5,W2,0.2,0.8,0.806763285,0.24275000000000008,0.09125000000000004,-0.0014999999999999792
0,0,0,LogReg,5,X1,0.1875,0.8125,0.812030075,0.27399999999999997,0.1065,0.007749999999999979
0,0,0,LogReg,5,X2,0.175,0.825,0.830097087,0.267,0.07749999999999994,0.0009999999999999675
0,0,0,SVC,5,W1,0.215,0.775,0.778325123,0.22524999999999995,0.08225000000000002,-0.0012499999999999734
0,0,0,SVC,5,W2,0.2,0.7925,0.799031477,0.22999999999999998,0.08424999999999996,-0.0042500000000000315
0,0,0,SVC,5,X1,0.195,0.7825,0.787286064,0.23874999999999996,0.08449999999999996,-0.007250000000000034
0,0,0,SVC,5,X2,0.175,0.825,0.831730769,0.26774999999999993,0.08224999999999996,-5.551115123125783e-17
0,0,0,RF-C,5,W1,0.205,0.795,0.793969849,0.24575,0.10575000000000005,0.012750000000000039
0,0,0,RF-C,5,W2,0.1975,0.8025,0.804938272,0.24524999999999997,0.0955,0.014249999999999985
0,0,0,RF-C,5,X1,0.1975,0.8025,0.802992519,0.26225,0.10575000000000001,0.0007499999999999729
0,0,0,RF-C,5,X2,0.18,0.82,0.828571429,0.2659999999999999,0.08199999999999993,0.011499999999999944
0,0,0,XGBoost-C,5,W1,0.2175,0.7125,0.713216958,0.16625,0.06025000000000001,-0.021999999999999974
0,0,0,XGBoost-C,5,W2,0.215,0.715,0.723300971,0.15449999999999994,0.037499999999999964,-0.015500000000000036
0,0,0,XGBoost-C,5,X1,0.1925,0.735,0.743961353,0.19474999999999998,0.05899999999999998,-0.030000000000000016
0,0,0,XGBoost-C,5,X2,0.18,0.7575,0.7695962,0.207,0.023249999999999948,-0.03700000000000007
0,0,0,MLP-C,5,W1,0.2125,0.7875,0.790123457,0.2395,0.08949999999999998,0.011499999999999988
0,0,0,MLP-C,5,W2,0.195,0.805,0.8125,0.24350000000000005,0.09875000000000005,0.0
0,0,0,MLP-C,5,X1,0.19,0.81,0.810945274,0.271,0.10450000000000004,0.006250000000000033
0,0,0,MLP-C,5,X2,0.1675,0.8325,0.835380835,0.2740000000000001,0.08375000000000002,0.0032500000000000194
0,0,0,LogReg,6,W1,0.2275,0.77,0.77,0.20075000000000004,0.09750000000000002,-0.00024999999999997247
0,0,0,LogReg,6,W2,0.265,0.735,0.735,0.19724999999999998,0.06324999999999999,0.001499999999999968
0,0,0,LogReg,6,X1,0.19,0.81,0.81,0.24475000000000008,0.10500000000000007,-0.002249999999999952
0,0,0,LogReg,6,X2,0.1825,0.8175,0.812339332,0.27649999999999997,0.05525000000000002,-0.0002499999999999947
0,0,0,SVC,6,W1,0.23,0.765,0.758974359,0.19450000000000003,0.10125000000000002,-0.008999999999999985
0,0,0,SVC,6,W2,0.2625,0.735,0.733668342,0.19575,0.05799999999999998,0.006249999999999978
0,0,0,SVC,6,X1,0.175,0.82,0.818181818,0.2537499999999999,0.12174999999999994,0.003499999999999959
0,0,0,SVC,6,X2,0.1775,0.7975,0.791773779,0.2532499999999999,0.03399999999999999,-0.00425000000000002
0,0,0,RF-C,6,W1,0.23,0.77,0.765306122,0.21350000000000002,0.08725000000000001,0.008750000000000036
0,0,0,RF-C,6,W2,0.2725,0.7275,0.726817043,0.19200000000000003,0.046750000000000035,0.0072500000000000455
0,0,0,RF-C,6,X1,0.1775,0.8225,0.826405868,0.26525000000000004,0.11775000000000002,0.007250000000000012
0,0,0,RF-C,6,X2,0.175,0.825,0.820512821,0.27149999999999996,0.07424999999999995,0.02624999999999993
0,0,0,XGBoost-C,6,W1,0.2275,0.7175,0.701846966,0.16600000000000004,0.08025000000000002,0.000250000000000028
0,0,0,XGBoost-C,6,W2,0.28,0.6875,0.695863747,0.14625,0.05275,0.010249999999999981
0,0,0,XGBoost-C,6,X1,0.1575,0.79,0.793103448,0.22725000000000004,0.10375000000000005,0.012000000000000033
0,0,0,XGBoost-C,6,X2,0.1825,0.78,0.775510204,0.22500000000000003,0.045500000000000006,-0.0007499999999999729
0,0,0,MLP-C,6,W1,0.2225,0.7775,0.776942356,0.20725,0.10549999999999997,0.00249999999999998
0,0,0,MLP-C,6,W2,0.26,0.74,0.737373737,0.20074999999999998,0.06624999999999999,0.002499999999999969
0,0,0,MLP-C,6,X1,0.1725,0.8275,0.828784119,0.2615,0.13274999999999998,0.015500000000000003
0,0,0,MLP-C,6,X2,0.1775,0.8225,0.816537468,0.281,0.06050000000000003,0.0015000000000000347
0,0,0,LogReg,7,W1,0.205,0.795,0.793969849,0.253,0.08025000000000004,0.004750000000000009
0,0,0,LogReg,7,W2,0.255,0.745,0.731578947,0.20849999999999996,0.028249999999999987,-0.006750000000000001
0,0,0,LogReg,7,X1,0.185,0.815,0.814070352,0.28049999999999997,0.06849999999999994,-0.00375000000000002
0,0,0,LogReg,7,X2,0.1925,0.8075,0.797900262,0.277,0.041,0.00024999999999997247
0,0,0,SVC,7,W1,0.2075,0.79,0.792079208,0.24525000000000002,0.07025000000000003,0.014750000000000051
0,0,0,SVC,7,W2,0.24,0.7525,0.736,0.21449999999999997,0.032249999999999945,-0.003750000000000053
0,0,0,SVC,7,X1,0.17,0.8125,0.813895782,0.273,0.06774999999999998,-0.0022499999999999855
0,0,0,SVC,7,X2,0.195,0.805,0.796875,0.274,0.035250000000000045,0.001000000000000023
0,0,0,RF-C,7,W1,0.2075,0.7925,0.788804071,0.25549999999999995,0.06624999999999996,0.015000000000000003
0,0,0,RF-C,7,W2,0.2325,0.7675,0.746594005,0.23374999999999999,0.04174999999999994,0.010749999999999992
0,0,0,RF-C,7,X1,0.18,0.82,0.819095477,0.28824999999999995,0.06399999999999996,-0.0007500000000000395
0,0,0,RF-C,7,X2,0.1925,0.8075,0.796833773,0.275,0.04875,0.010749999999999971
0,0,0,XGBoost-C,7,W1,0.2,0.73,0.725888325,0.19024999999999997,0.03574999999999998,0.01449999999999998
0,0,0,XGBoost-C,7,W2,0.2375,0.7075,0.696103896,0.15850000000000003,0.029500000000000005,0.0005000000000000337
0,0,0,XGBoost-C,7,X1,0.165,0.8,0.795918367,0.24925000000000003,0.07250000000000004,0.018750000000000065
0,0,0,XGBoost-C,7,X2,0.1925,0.77,0.761658031,0.23325,0.03724999999999999,-0.01599999999999998
0,0,0,MLP-C,7,W1,0.2025,0.7975,0.79389313,0.25249999999999995,0.07974999999999997,0.010749999999999982
0,0,0,MLP-C,7,W2,0.2375,0.7625,0.751958225,0.22249999999999998,0.04524999999999994,0.006999999999999951
0,0,0,MLP-C,7,X1,0.1775,0.8225,0.822055138,0.28675,0.07500000000000001,0.007750000000000012
0,0,0,MLP-C,7,X2,0.19,0.81,0.80104712,0.2795,0.042250000000000065,0.0025000000000000135
0,0,0,LogReg,8,W1,0.2325,0.7675,0.77037037,0.23699999999999996,0.06549999999999996,-0.000250000000000028
0,0,0,LogReg,8,W2,0.2325,0.7675,0.754617414,0.19849999999999995,0.10774999999999997,-0.00025000000000001686
0,0,0,LogReg,8,X1,0.1725,0.8275,0.825316456,0.30374999999999996,0.07650000000000003,-0.0027499999999999747
0,0,0,LogReg,8,X2,0.1375,0.8625,0.857881137,0.2920000000000001,0.09550000000000006,0.01150000000000002
0,0,0,SVC,8,W1,0.2225,0.7675,0.778042959,0.23199999999999993,0.07074999999999995,0.005749999999999977
0,0,0,SVC,8,W2,0.23,0.755,0.74611399,0.1875,0.08925000000000001,-0.006999999999999995
0,0,0,SVC,8,X1,0.175,0.8275,0.825316456,0.30100000000000005,0.08100000000000002,0.002000000000000013
0,0,0,SVC,8,X2,0.1475,0.8475,0.842377261,0.28300000000000003,0.08350000000000005,0.003000000000000014
0,0,0,RF-C,8,W1,0.22,0.78,0.783251232,0.25225000000000003,0.06525000000000003,0.012000000000000044
0,0,0,RF-C,8,W2,0.2375,0.7625,0.753246753,0.2079999999999999,0.09624999999999996,0.007999999999999962
0,0,0,RF-C,8,X1,0.17,0.83,0.83,0.30599999999999994,0.07674999999999998,-0.00025000000000001686
0,0,0,RF-C,8,X2,0.1525,0.8475,0.846347607,0.29225,0.06650000000000003,0.005000000000000027
0,0,0,XGBoost-C,8,W1,0.2275,0.72,0.730769231,0.20575000000000002,0.041249999999999974,0.010749999999999982
0,0,0,XGBoost-C,8,W2,0.2375,0.7125,0.701298701,0.15350000000000003,0.07025000000000002,0.025000000000000033
0,0,0,XGBoost-C,8,X1,0.17,0.7825,0.783042394,0.2565,0.05224999999999996,-0.009000000000000041
0,0,0,XGBoost-C,8,X2,0.1425,0.81,0.806122449,0.25800000000000006,0.06725000000000006,-0.0072499999999999344
0,0,0,MLP-C,8,W1,0.2275,0.7725,0.774193548,0.24499999999999997,0.07399999999999993,0.003249999999999975
0,0,0,MLP-C,8,W2,0.22,0.78,0.773195876,0.20600000000000004,0.12100000000000004,0.0005000000000000449
0,0,0,MLP-C,8,X1,0.17,0.83,0.827411168,0.30599999999999994,0.07824999999999996,-0.001000000000000023
0,0,0,MLP-C,8,X2,0.14,0.86,0.855670103,0.292,0.0925,0.010749999999999982
0,0,0,LogReg,9,W1,0.2175,0.7825,0.772845953,0.2345,0.06499999999999997,-0.00025000000000001686
0,0,0,LogReg,9,W2,0.26,0.74,0.74,0.19449999999999998,0.06524999999999997,0.001499999999999968
0,0,0,LogReg,9,X1,0.195,0.805,0.793650794,0.26550000000000007,0.07100000000000006,-0.001499999999999968
0,0,0,LogReg,9,X2,0.21,0.79,0.792079208,0.24725000000000003,0.07125000000000005,0.004750000000000032
0,0,0,SVC,9,W1,0.2125,0.7825,0.774025974,0.233,0.06349999999999997,0.003999999999999971
0,0,0,SVC,9,W2,0.2625,0.7375,0.736842105,0.18900000000000003,0.06350000000000003,0.00750000000000004
0,0,0,SVC,9,X1,0.19,0.8025,0.798982188,0.26225,0.06474999999999997,0.004999999999999982
0,0,0,SVC,9,X2,0.205,0.7775,0.780246914,0.23749999999999996,0.05124999999999996,-0.00750000000000004
0,0,0,RF-C,9,W1,0.2125,0.7875,0.776902887,0.23199999999999993,0.07574999999999998,0.012499999999999989
0,0,0,RF-C,9,W2,0.265,0.735,0.741463415,0.18224999999999997,0.06949999999999998,0.006499999999999973
0,0,0,RF-C,9,X1,0.1975,0.8025,0.797953964,0.2587499999999999,0.07174999999999998,0.011499999999999977
0,0,0,RF-C,9,X2,0.215,0.785,0.787128713,0.25375000000000003,0.04350000000000004,0.006250000000000056
0,0,0,XGBoost-C,9,W1,0.2175,0.7725,0.762402089,0.21349999999999997,0.08749999999999994,0.023249999999999948
0,0,0,XGBoost-C,9,W2,0.255,0.675,0.675,0.12825000000000003,0.035750000000000046,-0.026499999999999958
0,0,0,XGBoost-C,9,X1,0.19,0.7625,0.750656168,0.21299999999999994,0.056499999999999974,0.0047499999999999435
0,0,0,XGBoost-C,9,X2,0.2,0.7575,0.759305211,0.21099999999999994,0.05274999999999998,-0.010750000000000037
0,0,0,MLP-C,9,W1,0.21,0.79,0.77173913,0.24225000000000002,0.07950000000000004,0.01650000000000005
0,0,0,MLP-C,9,W2,0.26,0.74,0.74,0.19499999999999998,0.06499999999999997,0.002249999999999963
0,0,0,MLP-C,9,X1,0.1925,0.8075,0.798955614,0.26799999999999996,0.071,0.001499999999999968
0,0,0,MLP-C,9,X2,0.21,0.79,0.795121951,0.24775000000000005,0.07025000000000003,0.0007500000000000174
0,0,0,LogReg,10,W1,0.2625,0.7375,0.728682171,0.19250000000000006,0.05500000000000003,0.0002500000000000391
0,0,0,LogReg,10,W2,0.2625,0.7375,0.716981132,0.18850000000000006,0.06700000000000003,0.009500000000000054
0,0,0,LogReg,10,X1,0.23,0.77,0.765306122,0.2245,0.06375000000000003,-0.002499999999999969
0,0,0,LogReg,10,X2,0.21,0.79,0.77540107,0.24275000000000002,0.06550000000000004,0.00025000000000001686
0,0,0,SVC,10,W1,0.2625,0.73,0.723076923,0.17825000000000002,0.05624999999999995,-0.0017500000000000293
0,0,0,SVC,10,W2,0.27,0.7275,0.699724518,0.19225000000000006,0.05550000000000003,0.001000000000000023
0,0,0,SVC,10,X1,0.23,0.7675,0.754617414,0.22474999999999995,0.06274999999999996,-1.1102230246251566e-17
0,0,0,SVC,10,X2,0.205,0.785,0.771276596,0.24475000000000002,0.05350000000000003,-0.0049999999999999715
0,0,0,RF-C,10,W1,0.2525,0.7475,0.737662338,0.20325000000000007,0.06350000000000004,0.0012500000000000178
0,0,0,RF-C,10,W2,0.2775,0.7225,0.672566372,0.20475000000000004,0.029250000000000033,-0.0002499999999999836
0,0,0,RF-C,10,X1,0.22,0.78,0.765957447,0.23575,0.07250000000000004,0.012250000000000039
0,0,0,RF-C,10,X2,0.215,0.785,0.767567568,0.253,0.051000000000000024,-0.0009999999999999675
0,0,0,XGBoost-C,10,W1,0.2575,0.7,0.695431472,0.14524999999999993,0.04449999999999995,-0.015500000000000024
0,0,0,XGBoost-C,10,W2,0.27,0.665,0.635869565,0.13825000000000004,0.027500000000000035,-0.0064999999999999615
0,0,0,XGBoost-C,10,X1,0.215,0.7425,0.73657289,0.19300000000000006,0.062000000000000055,-0.004249999999999943
0,0,0,XGBoost-C,10,X2,0.21,0.775,0.766839378,0.25375000000000003,0.06175000000000004,0.02150000000000003
0,0,0,MLP-C,10,W1,0.26,0.74,0.731958763,0.193,0.05874999999999997,0.0027499999999999634
0,0,0,MLP-C,10,W2,0.2625,0.7375,0.716981132,0.18850000000000006,0.06675000000000002,0.009500000000000054
0,0,0,MLP-C,10,X1,0.2175,0.7825,0.777493606,0.23199999999999993,0.08299999999999999,0.0029999999999999584
0,0,0,MLP-C,10,X2,0.205,0.795,0.779569892,0.24650000000000008,0.06425000000000004,0.0017500000000000404
0,0,1,LogReg,1,W1,0.2225,0.7775,0.794457275,0.08924999999999997,0.22000000000000003,0.0
0,0,1,LogReg,1,W2,0.2325,0.7675,0.780141844,0.05224999999999996,0.21525,-0.00025000000000001686
0,0,1,LogReg,1,X1,0.235,0.765,0.777251185,0.08200000000000002,0.1915,-0.00024999999999997247
0,0,1,LogReg,1,X2,0.185,0.815,0.828703704,0.11849999999999997,0.22299999999999995,-0.000250000000000028
0,0,1,SVC,1,W1,0.2275,0.765,0.781395349,0.0785,0.205,-0.000749999999999984
0,0,1,SVC,1,W2,0.215,0.7825,0.793349169,0.06524999999999996,0.23424999999999993,0.010249999999999981
0,0,1,SVC,1,X1,0.2375,0.7575,0.7695962,0.07474999999999996,0.18049999999999994,-4.4408920985006264e-17
0,0,1,SVC,1,X2,0.185,0.815,0.82629108,0.11824999999999997,0.22824999999999993,-0.000500000000000056
0,0,1,RF-C,1,W1,0.215,0.785,0.8,0.09225000000000003,0.22575000000000003,0.015500000000000036
0,0,1,RF-C,1,W2,0.2175,0.7825,0.791366906,0.06474999999999995,0.23299999999999996,0.011749999999999993
0,0,1,RF-C,1,X1,0.23,0.77,0.784037559,0.07950000000000003,0.20075000000000004,-0.004499999999999971
0,0,1,RF-C,1,X2,0.1825,0.8175,0.832183908,0.086,0.26275,0.017249999999999988
0,0,1,XGBoost-C,1,W1,0.22,0.745,0.758293839,0.06774999999999999,0.184,0.0064999999999999945
0,0,1,XGBoost-C,1,W2,0.22,0.755,0.775229358,0.07200000000000001,0.19550000000000003,0.005250000000000021
0,0,1,XGBoost-C,1,X1,0.225,0.74,0.751196172,0.0645,0.179,0.006749999999999978
0,0,1,XGBoost-C,1,X2,0.1875,0.7825,0.794326241,0.09724999999999999,0.19,-0.0030000000000000248
0,0,1,MLP-C,1,W1,0.2225,0.7775,0.794457275,0.09124999999999997,0.21949999999999995,0.0004999999999999672
0,0,1,MLP-C,1,W2,0.23,0.77,0.777777778,0.055000000000000014,0.21575000000000003,0.001000000000000023
0,0,1,MLP-C,1,X1,0.23,0.77,0.796460177,0.08625000000000002,0.197,-0.0017499999999999849
0,0,1,MLP-C,1,X2,0.1825,0.8175,0.829039813,0.12175000000000002,0.22774999999999998,0.000250000000000028
0,0,1,LogReg,2,W1,0.1925,0.8075,0.810810811,0.0875,0.24625,-0.0022500000000000076
0,0,1,LogReg,2,W2,0.2225,0.7775,0.780246914,0.06124999999999996,0.24274999999999997,-0.0015000000000000234
0,0,1,LogReg,2,X1,0.165,0.835,0.838235294,0.12024999999999997,0.26349999999999996,0.0027499999999999634
0,0,1,LogReg,2,X2,0.1875,0.8125,0.816625917,0.11200000000000002,0.26425,-0.0002499999999999947
0,0,1,SVC,2,W1,0.18,0.7975,0.802919708,0.07699999999999999,0.2365,-0.004000000000000015
0,0,1,SVC,2,W2,0.2225,0.7725,0.782816229,0.05674999999999997,0.23774999999999996,-0.0025000000000000356
0,0,1,SVC,2,X1,0.1625,0.82,0.826086957,0.10649999999999996,0.2505,0.004249999999999976
0,0,1,SVC,2,X2,0.185,0.805,0.811594203,0.10750000000000007,0.25275000000000003,-0.004749999999999954
0,0,1,RF-C,2,W1,0.2125,0.7875,0.794188862,0.05849999999999998,0.25,0.007499999999999984
0,0,1,RF-C,2,W2,0.2325,0.7675,0.776978417,0.048249999999999946,0.23749999999999996,0.005749999999999977
0,0,1,RF-C,2,X1,0.17,0.83,0.834951456,0.11574999999999998,0.26425,0.012999999999999966
0,0,1,RF-C,2,X2,0.19,0.81,0.815533981,0.11075000000000004,0.2542500000000001,-0.002499999999999958
0,0,1,XGBoost-C,2,W1,0.2075,0.77,0.768844221,0.06475000000000002,0.21100000000000002,-0.0029999999999999805
0,0,1,XGBoost-C,2,W2,0.235,0.7325,0.735802469,0.04075000000000004,0.1940000000000001,0.003000000000000036
0,0,1,XGBoost-C,2,X1,0.1725,0.815,0.816831683,0.11274999999999995,0.25049999999999994,0.02349999999999993
0,0,1,XGBoost-C,2,X2,0.185,0.7675,0.766917293,0.07649999999999997,0.21724999999999994,-0.005250000000000044
0,0,1,MLP-C,2,W1,0.1925,0.8075,0.810810811,0.087,0.24674999999999997,-0.002000000000000013
0,0,1,MLP-C,2,W2,0.2175,0.7825,0.784119107,0.07199999999999998,0.24474999999999997,0.002249999999999963
0,0,1,MLP-C,2,X1,0.165,0.835,0.838235294,0.11949999999999998,0.263,0.0027499999999999634
0,0,1,MLP-C,2,X2,0.1775,0.8225,0.825552826,0.12349999999999998,0.26999999999999996,0.015500000000000014
0,0,1,LogReg,3,W1,0.255,0.745,0.751219512,0.027000000000000003,0.21575000000000003,0.002499999999999969
0,0,1,LogReg,3,W2,0.23,0.77,0.766497462,0.07300000000000004,0.21750000000000003,-0.00249999999999998
0,0,1,LogReg,3,X1,0.245,0.755,0.755,0.04500000000000002,0.21375000000000002,0.006999999999999973
0,0,1,LogReg,3,X2,0.2,0.8,0.791666667,0.11950000000000002,0.21875000000000006,0.006000000000000028
0,0,1,SVC,3,W1,0.2525,0.74,0.745098039,0.022749999999999992,0.20925,-0.0015000000000000234
0,0,1,SVC,3,W2,0.2125,0.78,0.776649746,0.07525000000000004,0.2245,0.0072500000000000455
0,0,1,SVC,3,X1,0.25,0.7375,0.742014742,0.02675000000000004,0.19975000000000007,-0.012999999999999956
0,0,1,SVC,3,X2,0.2025,0.7875,0.778067885,0.11324999999999999,0.2065,0.0009999999999999675
0,0,1,RF-C,3,W1,0.25,0.75,0.739583333,0.016749999999999977,0.2355,0.009749999999999991
0,0,1,RF-C,3,W2,0.2125,0.7875,0.776902887,0.08274999999999998,0.22674999999999995,0.010249999999999971
0,0,1,RF-C,3,X1,0.245,0.755,0.742105263,0.025,0.23650000000000002,0.0067499999999999895
0,0,1,RF-C,3,X2,0.2,0.8,0.790575916,0.11450000000000002,0.2272500000000001,0.003750000000000031
0,0,1,XGBoost-C,3,W1,0.26,0.715,0.712121212,0.015749999999999976,0.19149999999999995,-0.005000000000000049
0,0,1,XGBoost-C,3,W2,0.22,0.7425,0.740554156,0.07400000000000004,0.20075000000000004,0.012000000000000056
0,0,1,XGBoost-C,3,X1,0.2475,0.72,0.725490196,0.032249999999999945,0.18599999999999997,-0.009500000000000041
0,0,1,XGBoost-C,3,X2,0.1975,0.745,0.742424242,0.08925,0.17250000000000001,-0.013500000000000002
0,0,1,MLP-C,3,W1,0.2525,0.7475,0.757793765,0.032500000000000064,0.21350000000000008,0.014250000000000063
0,0,1,MLP-C,3,W2,0.2275,0.7725,0.769620253,0.07474999999999997,0.21949999999999997,-0.00125000000000004
0,0,1,MLP-C,3,X1,0.245,0.755,0.755,0.04400000000000002,0.21175000000000002,0.008499999999999985
0,0,1,MLP-C,3,X2,0.2,0.8,0.791666667,0.12000000000000006,0.21825000000000006,0.00800000000000004
0,0,1,LogReg,4,W1,0.22,0.78,0.785365854,0.07575000000000004,0.23900000000000005,0.004250000000000054
0,0,1,LogReg,4,W2,0.215,0.785,0.789215686,0.09700000000000003,0.20950000000000002,0.01375000000000005
0,0,1,LogReg,4,X1,0.2125,0.7875,0.794188862,0.09149999999999997,0.21974999999999997,0.0017499999999999738
0,0,1,LogReg,4,X2,0.23,0.77,0.777777778,0.1005,0.172,0.004000000000000026
0,0,1,SVC,4,W1,0.205,0.7625,0.767726161,0.055749999999999966,0.22099999999999995,-0.010250000000000026
0,0,1,SVC,4,W2,0.215,0.78,0.787439614,0.09150000000000001,0.20625,0.010500000000000042
0,0,1,SVC,4,X1,0.19,0.775,0.782608696,0.07850000000000003,0.21150000000000002,-0.008999999999999998
0,0,1,SVC,4,X2,0.21,0.78,0.791469194,0.11075000000000004,0.18275000000000002,0.014500000000000035
0,0,1,RF-C,4,W1,0.2475,0.7525,0.756756757,0.06324999999999996,0.2149999999999999,-0.008750000000000025
0,0,1,RF-C,4,W2,0.23,0.77,0.773399015,0.07400000000000004,0.18875000000000003,0.019000000000000027
0,0,1,RF-C,4,X1,0.2325,0.7675,0.776978417,0.07749999999999999,0.20349999999999996,-0.0032500000000000306
0,0,1,RF-C,4,X2,0.2275,0.7725,0.774193548,0.10199999999999995,0.17774999999999994,0.0019999999999999905
0,0,1,XGBoost-C,4,W1,0.25,0.7275,0.733496333,0.045000000000000026,0.18325000000000005,-0.006249999999999989
0,0,1,XGBoost-C,4,W2,0.2275,0.74,0.75,0.06549999999999999,0.17275000000000001,0.003499999999999959
0,0,1,XGBoost-C,4,X1,0.225,0.735,0.743961353,0.06374999999999997,0.1685,-0.01775000000000001
0,0,1,XGBoost-C,4,X2,0.22,0.7575,0.762836186,0.09424999999999994,0.17599999999999993,0.006249999999999945
0,0,1,MLP-C,4,W1,0.22,0.78,0.785365854,0.07650000000000004,0.23900000000000005,0.003750000000000031
0,0,1,MLP-C,4,W2,0.2075,0.7925,0.799031477,0.10225,0.21549999999999997,0.01975
0,0,1,MLP-C,4,X1,0.205,0.795,0.809302326,0.09775000000000003,0.22525000000000003,-0.0004999999999999782
0,0,1,MLP-C,4,X2,0.225,0.775,0.783653846,0.10500000000000002,0.17725000000000002,0.011500000000000043
0,0,1,LogReg,5,W1,0.1825,0.8175,0.805333333,0.057500000000000016,0.2745000000000001,1.1102230246251566e-17
0,0,1,LogReg,5,W2,0.1875,0.8125,0.798927614,0.05549999999999998,0.2715,0.002749999999999986
0,0,1,LogReg,5,X1,0.19,0.81,0.798941799,0.057750000000000065,0.26225000000000004,3.3306690738754695e-17
0,0,1,LogReg,5,X2,0.1875,0.8125,0.796747967,0.0635,0.255,0.004749999999999999
0,0,1,SVC,5,W1,0.1875,0.805,0.798969072,0.05000000000000006,0.26300000000000007,-0.007999999999999941
0,0,1,SVC,5,W2,0.18,0.82,0.801104972,0.05974999999999995,0.27424999999999994,0.007749999999999935
0,0,1,SVC,5,X1,0.1925,0.8025,0.793733681,0.05149999999999999,0.25425,-0.0012500000000000289
0,0,1,SVC,5,X2,0.1875,0.805,0.79144385,0.05700000000000005,0.24225000000000008,-0.0019999999999999684
0,0,1,RF-C,5,W1,0.195,0.805,0.798969072,0.048000000000000057,0.2652500000000001,-0.011249999999999937
0,0,1,RF-C,5,W2,0.185,0.815,0.801075269,0.04924999999999996,0.27599999999999997,0.0072499999999999344
0,0,1,RF-C,5,X1,0.19,0.81,0.806122449,0.04925000000000006,0.2720000000000001,-0.006499999999999939
0,0,1,RF-C,5,X2,0.1825,0.8175,0.805333333,0.07475,0.25549999999999995,0.019999999999999973
0,0,1,XGBoost-C,5,W1,0.18,0.7675,0.757180157,0.04199999999999996,0.23625,-0.0042500000000000315
0,0,1,XGBoost-C,5,W2,0.1825,0.8,0.774011299,0.06125000000000003,0.25550000000000006,0.02475000000000005
0,0,1,XGBoost-C,5,X1,0.1925,0.7725,0.759894459,0.053749999999999964,0.23124999999999996,0.004249999999999965
0,0,1,XGBoost-C,5,X2,0.165,0.7875,0.764542936,0.056999999999999974,0.2285,0.021999999999999985
0,0,1,MLP-C,5,W1,0.175,0.825,0.817708333,0.06799999999999998,0.28474999999999995,0.003249999999999975
0,0,1,MLP-C,5,W2,0.185,0.815,0.801075269,0.05724999999999993,0.2739999999999999,0.004499999999999926
0,0,1,MLP-C,5,X1,0.1875,0.8125,0.801061008,0.060250000000000005,0.2655,0.0012499999999999955
0,0,1,MLP-C,5,X2,0.1825,0.8175,0.802168022,0.06849999999999999,0.25725000000000003,0.007750000000000012
0,0,1,LogReg,6,W1,0.2075,0.7925,0.793017456,0.08675,0.25049999999999994,0.0014999999999999792
0,0,1,LogReg,6,W2,0.245,0.755,0.763285024,0.044000000000000004,0.22149999999999997,0.0017500000000000183
0,0,1,LogReg,6,X1,0.1975,0.8025,0.804938272,0.10924999999999999,0.24825,0.001499999999999968
0,0,1,LogReg,6,X2,0.1775,0.8225,0.826405868,0.12775,0.25425000000000003,0.0015000000000000234
0,0,1,SVC,6,W1,0.205,0.79,0.78680203,0.08075000000000006,0.2475,-0.0004999999999999672
0,0,1,SVC,6,W2,0.235,0.7575,0.777011494,0.05124999999999995,0.22524999999999995,-0.0015000000000000347
0,0,1,SVC,6,X1,0.195,0.7925,0.79093199,0.095,0.2385,-0.004250000000000043
0,0,1,SVC,6,X2,0.1825,0.8075,0.810810811,0.11925,0.23749999999999996,-0.00425000000000002
0,0,1,RF-C,6,W1,0.22,0.78,0.777777778,0.07200000000000004,0.2455,0.006750000000000034
0,0,1,RF-C,6,W2,0.2375,0.7625,0.775413712,0.05424999999999995,0.23499999999999993,0.020999999999999942
0,0,1,RF-C,6,X1,0.1975,0.8025,0.801007557,0.0985,0.2565,0.003499999999999992
0,0,1,RF-C,6,X2,0.19,0.81,0.815533981,0.11300000000000007,0.24975000000000006,-0.0027499999999999413
0,0,1,XGBoost-C,6,W1,0.2175,0.7325,0.735802469,0.06225000000000004,0.19175,-0.011749999999999983
0,0,1,XGBoost-C,6,W2,0.2425,0.715,0.72195122,0.035499999999999976,0.19249999999999995,-0.012750000000000029
0,0,1,XGBoost-C,6,X1,0.1975,0.755,0.759803922,0.09050000000000002,0.21849999999999997,-0.006999999999999984
0,0,1,XGBoost-C,6,X2,0.18,0.76,0.765853659,0.08800000000000002,0.19849999999999998,0.007500000000000007
0,0,1,MLP-C,6,W1,0.2,0.8,0.795918367,0.09025000000000005,0.258,0.00750000000000004
0,0,1,MLP-C,6,W2,0.235,0.765,0.780373832,0.062250000000000014,0.2325,0.0035000000000000365
0,0,1,MLP-C,6,X1,0.1975,0.8025,0.803970223,0.10974999999999997,0.24600000000000005,0.0009999999999999788
0,0,1,MLP-C,6,X2,0.1775,0.8225,0.826405868,0.12625000000000003,0.255,0.0
0,0,1,LogReg,7,W1,0.2375,0.7625,0.753246753,0.07774999999999997,0.20399999999999996,0.0009999999999999675
0,0,1,LogReg,7,W2,0.2625,0.7375,0.731457801,0.05625000000000004,0.1955,0.007750000000000035
0,0,1,LogReg,7,X1,0.215,0.785,0.773684211,0.10550000000000001,0.2205,0.0025000000000000356
0,0,1,LogReg,7,X2,0.24,0.76,0.76119403,0.08975000000000001,0.199,0.0012500000000000178
0,0,1,SVC,7,W1,0.235,0.75,0.742268041,0.06549999999999999,0.1905,-0.009499999999999986
0,0,1,SVC,7,W2,0.26,0.73,0.721649485,0.04524999999999996,0.18549999999999994,0.004249999999999987
0,0,1,SVC,7,X1,0.215,0.7675,0.757180157,0.09074999999999994,0.207,-0.010750000000000037
0,0,1,SVC,7,X2,0.2325,0.765,0.76142132,0.09025000000000002,0.20200000000000004,0.007000000000000039
0,0,1,RF-C,7,W1,0.22,0.78,0.768421053,0.08700000000000004,0.22375000000000003,0.028000000000000025
0,0,1,RF-C,7,W2,0.2425,0.7575,0.756892231,0.06674999999999996,0.22174999999999995,0.01949999999999994
0,0,1,RF-C,7,X1,0.2325,0.7675,0.76092545,0.08549999999999995,0.20424999999999996,-0.000250000000000028
0,0,1,RF-C,7,X2,0.22,0.78,0.784313725,0.10525000000000002,0.21075000000000008,0.019500000000000038
0,0,1,XGBoost-C,7,W1,0.2325,0.715,0.703125,0.056999999999999974,0.15849999999999997,0.00024999999999997247
0,0,1,XGBoost-C,7,W2,0.2375,0.725,0.731707317,0.06374999999999999,0.185,-0.0022500000000000298
0,0,1,XGBoost-C,7,X1,0.21,0.7425,0.725333333,0.07400000000000004,0.18100000000000005,-0.00024999999999996135
0,0,1,XGBoost-C,7,X2,0.2025,0.75,0.753694581,0.091,0.1925,0.02174999999999998
0,0,1,MLP-C,7,W1,0.2325,0.7675,0.762148338,0.07999999999999999,0.20424999999999996,0.0029999999999999693
0,0,1,MLP-C,7,W2,0.245,0.755,0.743455497,0.08325,0.20975000000000002,0.027750000000000007
0,0,1,MLP-C,7,X1,0.2125,0.7875,0.778067885,0.10649999999999997,0.22400000000000003,0.0029999999999999805
0,0,1,MLP-C,7,X2,0.2125,0.7875,0.789081886,0.11824999999999997,0.2185,0.028249999999999987
0,0,1,LogReg,8,W1,0.2025,0.7975,0.809411765,0.09299999999999999,0.23475000000000001,0.001499999999999968
0,0,1,LogReg,8,W2,0.2175,0.7825,0.784119107,0.07649999999999998,0.229,0.0049999999999999715
0,0,1,LogReg,8,X1,0.1875,0.8125,0.821852732,0.11400000000000002,0.24275000000000002,0.0009999999999999788
0,0,1,LogReg,8,X2,0.185,0.815,0.815920398,0.11949999999999997,0.2397499999999999,-0.0025000000000000243
0,0,1,SVC,8,W1,0.205,0.7925,0.809195402,0.08524999999999996,0.23775,-0.007750000000000035
0,0,1,SVC,8,W2,0.2175,0.77,0.768844221,0.06000000000000003,0.21375000000000002,-0.004499999999999971
0,0,1,SVC,8,X1,0.1925,0.78,0.798165138,0.08400000000000002,0.21800000000000003,-0.009499999999999986
0,0,1,SVC,8,X2,0.18,0.815,0.81773399,0.11774999999999994,0.22649999999999998,0.005499999999999949
0,0,1,RF-C,8,W1,0.2075,0.7925,0.805620609,0.09075,0.24349999999999997,0.018499999999999982
0,0,1,RF-C,8,W2,0.2325,0.7675,0.765743073,0.06049999999999998,0.21799999999999997,0.008499999999999952
0,0,1,RF-C,8,X1,0.2025,0.7975,0.811188811,0.10499999999999998,0.23399999999999999,0.003499999999999981
0,0,1,RF-C,8,X2,0.1925,0.8075,0.810810811,0.10750000000000001,0.23325000000000004,0.012999999999999989
0,0,1,XGBoost-C,8,W1,0.2,0.7425,0.757647059,0.05700000000000005,0.19775000000000004,-0.009999999999999943
0,0,1,XGBoost-C,8,W2,0.215,0.71,0.708542714,0.032249999999999966,0.16249999999999995,-0.012500000000000034
0,0,1,XGBoost-C,8,X1,0.1975,0.75,0.76635514,0.06625,0.19449999999999998,-0.023999999999999976
0,0,1,XGBoost-C,8,X2,0.1825,0.775,0.775,0.08900000000000002,0.2185,-0.003249999999999964
0,0,1,MLP-C,8,W1,0.2,0.8,0.812206573,0.09900000000000006,0.23675000000000007,0.0022500000000000185
0,0,1,MLP-C,8,W2,0.205,0.795,0.793969849,0.08225000000000005,0.23950000000000005,0.011250000000000038
0,0,1,MLP-C,8,X1,0.1875,0.8125,0.821852732,0.11500000000000003,0.24325000000000002,-0.0005000000000000004
0,0,1,MLP-C,8,X2,0.185,0.815,0.815920398,0.11949999999999997,0.2397499999999999,-0.00275000000000003
0,0,1,LogReg,9,W1,0.205,0.795,0.8,0.06950000000000003,0.23650000000000002,-0.0002499999999999836
0,0,1,LogReg,9,W2,0.23,0.77,0.768844221,0.07900000000000003,0.2285,0.004500000000000037
0,0,1,LogReg,9,X1,0.2025,0.7975,0.802919708,0.08224999999999999,0.22949999999999998,-0.0037500000000000424
0,0,1,LogReg,9,X2,0.205,0.795,0.7960199,0.11300000000000003,0.21775000000000003,0.00800000000000003
0,0,1,SVC,9,W1,0.205,0.8025,0.807785888,0.07099999999999998,0.24899999999999997,0.003999999999999971
0,0,1,SVC,9,W2,0.235,0.7675,0.769230769,0.07749999999999994,0.22299999999999995,0.005499999999999982
0,0,1,SVC,9,X1,0.1975,0.8025,0.802992519,0.08725000000000001,0.2395,-0.00375000000000002
0,0,1,SVC,9,X2,0.2125,0.7725,0.778588808,0.09049999999999996,0.19599999999999995,-0.0067500000000000225
0,0,1,RF-C,9,W1,0.1825,0.8175,0.824096386,0.077,0.27925000000000005,0.012249999999999983
0,0,1,RF-C,9,W2,0.2225,0.7775,0.782396088,0.09074999999999996,0.22924999999999995,0.01749999999999998
0,0,1,RF-C,9,X1,0.19,0.81,0.81372549,0.06425000000000004,0.271,-0.005499999999999949
0,0,1,RF-C,9,X2,0.225,0.775,0.777227723,0.07350000000000002,0.22250000000000006,0.00850000000000003
0,0,1,XGBoost-C,9,W1,0.19,0.7625,0.76426799,0.05499999999999996,0.22049999999999997,-0.004000000000000026
0,0,1,XGBoost-C,9,W2,0.2275,0.74,0.741293532,0.07999999999999999,0.19724999999999998,0.018499999999999982
0,0,1,XGBoost-C,9,X1,0.195,0.78,0.784313725,0.07350000000000004,0.22275,0.006000000000000038
0,0,1,XGBoost-C,9,X2,0.2175,0.7425,0.741854637,0.08025000000000004,0.17750000000000005,-0.015749999999999965
0,0,1,MLP-C,9,W1,0.205,0.795,0.8,0.06925000000000003,0.23675000000000002,0.0012500000000000067
0,0,1,MLP-C,9,W2,0.2225,0.7775,0.779156328,0.08499999999999996,0.23575,0.008499999999999975
0,0,1,MLP-C,9,X1,0.19,0.81,0.81372549,0.09075000000000007,0.2512500000000001,0.00650000000000005
0,0,1,MLP-C,9,X2,0.205,0.795,0.7960199,0.11150000000000007,0.21825,0.00800000000000004
0,0,1,LogReg,10,W1,0.1925,0.8075,0.823798627,0.09125,0.2385,0.0037499999999999756
0,0,1,LogReg,10,W2,0.2525,0.7475,0.756626506,0.05500000000000005,0.19650000000000006,-0.0012499999999999512
0,0,1,LogReg,10,X1,0.185,0.815,0.834821429,0.10624999999999996,0.2392499999999999,0.004249999999999932
0,0,1,LogReg,10,X2,0.2125,0.7875,0.795180723,0.11524999999999994,0.22000000000000003,-0.0027500000000000523
0,0,1,SVC,10,W1,0.1875,0.8075,0.822170901,0.09574999999999999,0.24074999999999996,-0.0022500000000000076
0,0,1,SVC,10,W2,0.245,0.7525,0.761445783,0.05774999999999995,0.20799999999999996,-0.0015000000000000347
0,0,1,SVC,10,X1,0.1875,0.7975,0.815489749,0.0925,0.22299999999999995,-0.004750000000000032
0,0,1,SVC,10,X2,0.21,0.7775,0.783454988,0.10124999999999998,0.217,-0.008250000000000035
0,0,1,RF-C,10,W1,0.1975,0.8025,0.81498829,0.06799999999999998,0.2625,-0.004250000000000009
0,0,1,RF-C,10,W2,0.245,0.755,0.766666667,0.05450000000000003,0.22349999999999998,-0.0019999999999999797
0,0,1,RF-C,10,X1,0.185,0.815,0.829493088,0.08474999999999992,0.25249999999999995,0.003249999999999953
0,0,1,RF-C,10,X2,0.2225,0.7775,0.788598575,0.09374999999999997,0.221,-0.004750000000000021
0,0,1,XGBoost-C,10,W1,0.1825,0.7475,0.768878719,0.06200000000000004,0.19425000000000003,-0.0042499999999999535
0,0,1,XGBoost-C,10,W2,0.245,0.715,0.724637681,0.060249999999999984,0.18874999999999997,-0.016500000000000035
0,0,1,XGBoost-C,10,X1,0.19,0.7525,0.771362587,0.07174999999999994,0.18374999999999994,-0.026000000000000068
0,0,1,XGBoost-C,10,X2,0.2025,0.71,0.721153846,0.05799999999999996,0.15749999999999995,-0.04025000000000003
0,0,1,MLP-C,10,W1,0.185,0.815,0.829493088,0.10224999999999995,0.24599999999999994,0.006749999999999934
0,0,1,MLP-C,10,W2,0.23,0.77,0.766497462,0.07200000000000004,0.22149999999999997,0.0005000000000000227
0,0,1,MLP-C,10,X1,0.1775,0.8225,0.838268793,0.11000000000000001,0.254,0.001000000000000023
0,0,1,MLP-C,10,X2,0.2075,0.7925,0.804705882,0.11999999999999997,0.22299999999999995,0.0009999999999999788
0,0,2,LogReg,1,W1,0.1925,0.8075,0.813559322,0.17325,0.19674999999999995,-0.00025000000000001686
0,0,2,LogReg,1,W2,0.2375,0.7625,0.763092269,0.12674999999999995,0.14749999999999994,-3.3306690738754695e-17
0,0,2,LogReg,1,X1,0.1825,0.8175,0.824940048,0.18000000000000002,0.1875,0.0007500000000000284
0,0,2,LogReg,1,X2,0.155,0.845,0.848780488,0.22624999999999998,0.16274999999999998,0.0
0,0,2,SVC,1,W1,0.19,0.8025,0.810551559,0.16199999999999998,0.1915,0.006499999999999983
0,0,2,SVC,1,W2,0.2275,0.76,0.76,0.13000000000000003,0.14150000000000001,3.3306690738754695e-17
0,0,2,SVC,1,X1,0.185,0.8125,0.820143885,0.17124999999999999,0.1835,0.0019999999999999905
0,0,2,SVC,1,X2,0.16,0.845,0.848780488,0.22624999999999992,0.172,0.0044999999999999814
0,0,2,RF-C,1,W1,0.195,0.805,0.814285714,0.16675,0.18825000000000003,0.007750000000000023
0,0,2,RF-C,1,W2,0.225,0.775,0.768041237,0.14900000000000002,0.15450000000000003,0.010500000000000042
0,0,2,RF-C,1,X1,0.185,0.815,0.823809524,0.18324999999999994,0.18924999999999997,0.007749999999999924
0,0,2,RF-C,1,X2,0.16,0.84,0.841584158,0.22849999999999993,0.16074999999999995,0.00249999999999998
0,0,2,XGBoost-C,1,W1,0.2025,0.7775,0.787589499,0.14424999999999993,0.16574999999999998,0.010749999999999971
0,0,2,XGBoost-C,1,W2,0.23,0.705,0.709359606,0.09074999999999996,0.09424999999999996,-0.02050000000000003
0,0,2,XGBoost-C,1,X1,0.185,0.775,0.789719626,0.15125,0.15075000000000002,-0.009999999999999976
0,0,2,XGBoost-C,1,X2,0.1575,0.8125,0.811083123,0.19775,0.1385,0.0007500000000000062
0,0,2,MLP-C,1,W1,0.1875,0.8125,0.817518248,0.17775,0.20125,0.0
0,0,2,MLP-C,1,W2,0.2325,0.7675,0.765743073,0.13349999999999998,0.14899999999999997,0.005999999999999961
0,0,2,MLP-C,1,X1,0.1825,0.8175,0.824940048,0.17850000000000002,0.18775000000000003,-0.0004999999999999782
0,0,2,MLP-C,1,X2,0.155,0.845,0.848780488,0.22624999999999998,0.15974999999999998,0.00024999999999997247
0,0,2,LogReg,2,W1,0.2,0.8,0.81981982,0.15350000000000005,0.16250000000000003,-0.0004999999999999672
0,0,2,LogReg,2,W2,0.2425,0.7575,0.762836186,0.12249999999999997,0.14374999999999996,-0.002250000000000041
0,0,2,LogReg,2,X1,0.1575,0.8425,0.853828306,0.20575000000000002,0.17700000000000005,0.0045000000000000265
0,0,2,LogReg,2,X2,0.1575,0.8425,0.842105263,0.22350000000000003,0.16325000000000003,0.0
0,0,2,SVC,2,W1,0.19,0.81,0.826484018,0.15700000000000008,0.17575000000000007,0.00500000000000006
0,0,2,SVC,2,W2,0.24,0.745,0.739795918,0.11374999999999999,0.13474999999999998,-0.0032500000000000306
0,0,2,SVC,2,X1,0.1525,0.8425,0.854503464,0.2045,0.18425000000000002,-0.00249999999999998
0,0,2,SVC,2,X2,0.1575,0.83,0.829145729,0.21574999999999997,0.1465,0.0004999999999999782
0,0,2,RF-C,2,W1,0.2075,0.7925,0.809195402,0.14775,0.164,0.003999999999999971
0,0,2,RF-C,2,W2,0.245,0.755,0.75862069,0.12675000000000003,0.155,0.02150000000000001
0,0,2,RF-C,2,X1,0.1525,0.8475,0.858468677,0.21400000000000002,0.18525,0.0067500000000000225
0,0,2,RF-C,2,X2,0.1675,0.8325,0.830379747,0.21750000000000003,0.15275000000000002,0.0002500000000000391
0,0,2,XGBoost-C,2,W1,0.2075,0.76,0.780821918,0.12575000000000003,0.1265,-0.0047499999999999765
0,0,2,XGBoost-C,2,W2,0.2525,0.7375,0.732824427,0.12325000000000004,0.14400000000000004,0.009750000000000036
0,0,2,XGBoost-C,2,X1,0.1475,0.8,0.814814815,0.17750000000000005,0.14875000000000008,-0.013749999999999962
0,0,2,XGBoost-C,2,X2,0.16,0.785,0.780612245,0.17350000000000004,0.11850000000000001,-0.018499999999999982
0,0,2,MLP-C,2,W1,0.1925,0.8075,0.824601367,0.1565,0.17074999999999999,0.00249999999999998
0,0,2,MLP-C,2,W2,0.2375,0.7625,0.767726161,0.12424999999999993,0.14949999999999994,0.005249999999999988
0,0,2,MLP-C,2,X1,0.155,0.845,0.854460094,0.2102499999999999,0.18175,0.002749999999999986
0,0,2,MLP-C,2,X2,0.15,0.85,0.849246231,0.23049999999999998,0.17099999999999999,0.006499999999999973
0,0,2,LogReg,3,W1,0.19,0.81,0.81372549,0.17625000000000005,0.15275000000000008,-0.005749999999999944
0,0,2,LogReg,3,W2,0.2325,0.7675,0.773722628,0.15174999999999997,0.14024999999999999,-0.009250000000000026
0,0,2,LogReg,3,X1,0.1575,0.8425,0.844444444,0.21700000000000003,0.1685,-0.0009999999999999788
0,0,2,LogReg,3,X2,0.16,0.84,0.844660194,0.23324999999999996,0.17074999999999996,0.0009999999999999675
0,0,2,SVC,3,W1,0.18,0.8075,0.809876543,0.18175,0.14425,-0.008499999999999997
0,0,2,SVC,3,W2,0.22,0.7875,0.794188862,0.17074999999999996,0.16424999999999998,0.004749999999999988
0,0,2,SVC,3,X1,0.1575,0.835,0.835820896,0.21424999999999997,0.16674999999999995,0.0007499999999999729
0,0,2,SVC,3,X2,0.16,0.8275,0.832929782,0.22150000000000003,0.15375,-0.005999999999999983
0,0,2,RF-C,3,W1,0.1725,0.8275,0.827930175,0.19825,0.16275,0.015500000000000014
0,0,2,RF-C,3,W2,0.2275,0.7725,0.780722892,0.15674999999999997,0.15949999999999992,0.002249999999999963
0,0,2,RF-C,3,X1,0.17,0.83,0.831683168,0.22699999999999995,0.14474999999999996,0.008249999999999957
0,0,2,RF-C,3,X2,0.1575,0.8425,0.84596577,0.23400000000000007,0.17425000000000002,0.013250000000000062
0,0,2,XGBoost-C,3,W1,0.17,0.8025,0.805896806,0.18424999999999997,0.13025,0.00774999999999999
0,0,2,XGBoost-C,3,W2,0.215,0.7125,0.720194647,0.11300000000000002,0.10425,-0.019499999999999983
0,0,2,XGBoost-C,3,X1,0.17,0.8125,0.813895782,0.195,0.13224999999999998,-0.0030000000000000027
0,0,2,XGBoost-C,3,X2,0.1575,0.8075,0.814457831,0.20549999999999996,0.13775,0.003749999999999987
0,0,2,MLP-C,3,W1,0.1725,0.8275,0.827930175,0.19525,0.17375000000000004,0.0037500000000000424
0,0,2,MLP-C,3,W2,0.21,0.79,0.794117647,0.15575000000000006,0.18775000000000003,0.01700000000000005
0,0,2,MLP-C,3,X1,0.155,0.845,0.84729064,0.22049999999999992,0.17074999999999999,0.00024999999999997247
0,0,2,MLP-C,3,X2,0.1575,0.8425,0.84596577,0.23500000000000001,0.17000000000000004,0.005000000000000016
0,0,2,LogReg,4,W1,0.195,0.805,0.796875,0.18375000000000002,0.18675000000000005,0.00125000000000004
0,0,2,LogReg,4,W2,0.19,0.81,0.807106599,0.18550000000000005,0.17525000000000007,0.0017500000000000404
0,0,2,LogReg,4,X1,0.155,0.845,0.839378238,0.22199999999999998,0.19449999999999998,0.0004999999999999672
0,0,2,LogReg,4,X2,0.125,0.875,0.871794872,0.27649999999999997,0.17850000000000002,-0.0012499999999999734
0,0,2,SVC,4,W1,0.1975,0.795,0.788659794,0.167,0.18650000000000003,-0.00974999999999997
0,0,2,SVC,4,W2,0.1875,0.81,0.808080808,0.18375000000000008,0.17325000000000004,0.0017500000000000514
0,0,2,SVC,4,X1,0.1525,0.84,0.834196891,0.217,0.19749999999999995,-0.000250000000000028
0,0,2,SVC,4,X2,0.125,0.87,0.866666667,0.26975000000000005,0.17225000000000001,0.003749999999999987
0,0,2,RF-C,4,W1,0.2025,0.7975,0.78961039,0.16999999999999998,0.18849999999999997,0.019999999999999983
0,0,2,RF-C,4,W2,0.2,0.8,0.795918367,0.18125000000000005,0.16375000000000006,0.000250000000000028
0,0,2,RF-C,4,X1,0.1775,0.8225,0.820253165,0.20525000000000002,0.17600000000000002,0.0035000000000000144
0,0,2,RF-C,4,X2,0.145,0.855,0.854271357,0.26199999999999996,0.15899999999999997,0.00724999999999999
0,0,2,XGBoost-C,4,W1,0.1975,0.7575,0.745406824,0.12974999999999998,0.1445,0.006749999999999956
0,0,2,XGBoost-C,4,W2,0.1875,0.7775,0.772378517,0.17524999999999996,0.14524999999999996,0.005749999999999955
0,0,2,XGBoost-C,4,X1,0.1575,0.81,0.804123711,0.18975000000000006,0.16525000000000006,0.013500000000000057
0,0,2,XGBoost-C,4,X2,0.145,0.8375,0.83627204,0.23725000000000002,0.14800000000000002,0.0022500000000000185
0,0,2,MLP-C,4,W1,0.1875,0.8125,0.808184143,0.19024999999999997,0.19949999999999998,0.003999999999999981
0,0,2,MLP-C,4,W2,0.1825,0.8175,0.816120907,0.19075,0.17950000000000002,0.008999999999999998
0,0,2,MLP-C,4,X1,0.1475,0.8525,0.845953003,0.2272500000000001,0.20400000000000004,0.007000000000000029
0,0,2,MLP-C,4,X2,0.1225,0.8775,0.874680307,0.27775,0.18149999999999994,0.0019999999999999575
0,0,2,LogReg,5,W1,0.2175,0.7825,0.779746835,0.17575,0.13474999999999995,0.003499999999999981
0,0,2,LogReg,5,W2,0.195,0.805,0.8,0.18300000000000008,0.17000000000000007,0.0007500000000000395
0,0,2,LogReg,5,X1,0.1775,0.8225,0.81748072,0.22449999999999998,0.14075,0.0025000000000000356
0,0,2,LogReg,5,X2,0.13,0.87,0.871921182,0.25525,0.17875,0.0
0,0,2,SVC,5,W1,0.22,0.7775,0.774683544,0.17474999999999996,0.13074999999999998,-0.00800000000000003
0,0,2,SVC,5,W2,0.1925,0.8025,0.793733681,0.178,0.17074999999999999,-0.0040000000000000365
0,0,2,SVC,5,X1,0.18,0.815,0.81122449,0.21574999999999997,0.14149999999999996,-0.007250000000000034
0,0,2,SVC,5,X2,0.1225,0.8725,0.872817955,0.25850000000000006,0.18525000000000005,0.00125000000000004
0,0,2,RF-C,5,W1,0.205,0.795,0.791878173,0.187,0.14975000000000002,0.007000000000000029
0,0,2,RF-C,5,W2,0.19,0.81,0.806122449,0.18975000000000009,0.17825000000000008,0.02625000000000004
0,0,2,RF-C,5,X1,0.1875,0.8125,0.808184143,0.21525,0.13874999999999998,0.0014999999999999903
0,0,2,RF-C,5,X2,0.1275,0.8725,0.874074074,0.261,0.18100000000000002,0.01425000000000003
0,0,2,XGBoost-C,5,W1,0.2125,0.74,0.737373737,0.14349999999999996,0.12574999999999997,-0.01725000000000001
0,0,2,XGBoost-C,5,W2,0.18,0.76,0.764705882,0.15899999999999997,0.13225000000000003,-0.0032499999999999864
0,0,2,XGBoost-C,5,X1,0.1875,0.7925,0.784415584,0.19849999999999998,0.14075,-0.003000000000000036
0,0,2,XGBoost-C,5,X2,0.125,0.855,0.856435644,0.2525,0.16999999999999998,0.01499999999999999
0,0,2,MLP-C,5,W1,0.215,0.785,0.781725888,0.18350000000000002,0.13325000000000004,0.000250000000000028
0,0,2,MLP-C,5,W2,0.1725,0.8275,0.83046683,0.20575000000000002,0.188,0.019000000000000006
0,0,2,MLP-C,5,X1,0.175,0.825,0.821428571,0.23099999999999996,0.13949999999999993,0.0009999999999999788
0,0,2,MLP-C,5,X2,0.125,0.875,0.87745098,0.25775000000000003,0.1885,0.003749999999999987
0,0,2,LogReg,6,W1,0.2275,0.7725,0.774193548,0.18575,0.12074999999999995,0.0019999999999999575
0,0,2,LogReg,6,W2,0.2075,0.7925,0.795061728,0.146,0.18024999999999997,0.0009999999999999788
0,0,2,LogReg,6,X1,0.1625,0.8375,0.841075795,0.253,0.16550000000000004,0.005000000000000037
0,0,2,LogReg,6,X2,0.165,0.835,0.839805825,0.21049999999999996,0.16424999999999995,0.002499999999999958
0,0,2,SVC,6,W1,0.23,0.765,0.770731707,0.18325000000000002,0.11825000000000004,0.0017500000000000293
0,0,2,SVC,6,W2,0.2025,0.7875,0.789081886,0.13399999999999998,0.17624999999999996,-0.0070000000000000175
0,0,2,SVC,6,X1,0.165,0.815,0.818627451,0.22824999999999998,0.14824999999999994,-0.010000000000000042
0,0,2,SVC,6,X2,0.155,0.835,0.83902439,0.21075,0.15499999999999994,-0.0010000000000000453
0,0,2,RF-C,6,W1,0.2275,0.7725,0.780722892,0.18924999999999997,0.11949999999999998,0.0004999999999999672
0,0,2,RF-C,6,W2,0.2075,0.7925,0.793017456,0.15349999999999997,0.17824999999999996,0.012999999999999979
0,0,2,RF-C,6,X1,0.1875,0.8125,0.816625917,0.23075,0.14675,0.0014999999999999903
0,0,2,RF-C,6,X2,0.1475,0.8525,0.855036855,0.23800000000000004,0.168,0.02400000000000003
0,0,2,XGBoost-C,6,W1,0.23,0.7475,0.751842752,0.17750000000000007,0.09600000000000006,-0.0014999999999999458
0,0,2,XGBoost-C,6,W2,0.1975,0.75,0.751243781,0.13325,0.15075,0.009999999999999986
0,0,2,XGBoost-C,6,X1,0.185,0.765,0.765,0.18024999999999997,0.10550000000000001,-0.025749999999999985
0,0,2,XGBoost-C,6,X2,0.1675,0.8175,0.818858561,0.20124999999999998,0.155,0.014749999999999996
0,0,2,MLP-C,6,W1,0.2275,0.7725,0.774193548,0.18549999999999994,0.12199999999999997,0.0009999999999999788
0,0,2,MLP-C,6,W2,0.1975,0.8025,0.804938272,0.14225000000000002,0.19424999999999998,0.006999999999999984
0,0,2,MLP-C,6,X1,0.1625,0.8375,0.841075795,0.25275000000000003,0.16525000000000004,0.004500000000000037
0,0,2,MLP-C,6,X2,0.1625,0.8375,0.841849148,0.21625,0.15750000000000003,0.002250000000000052
0,0,2,LogReg,7,W1,0.1875,0.8125,0.804177546,0.16975,0.202,0.006999999999999984
0,0,2,LogReg,7,W2,0.2275,0.7725,0.762402089,0.11799999999999997,0.17849999999999994,0.003249999999999975
0,0,2,LogReg,7,X1,0.1675,0.8325,0.830379747,0.20375000000000004,0.19225000000000003,0.003750000000000009
0,0,2,LogReg,7,X2,0.14,0.86,0.857142857,0.22999999999999998,0.20099999999999998,-0.0027500000000000415
0,0,2,SVC,7,W1,0.19,0.795,0.787564767,0.16275000000000003,0.17875000000000005,-0.005499999999999982
0,0,2,SVC,7,W2,0.23,0.765,0.755208333,0.11300000000000002,0.173,0.001000000000000012
0,0,2,SVC,7,X1,0.1725,0.825,0.823232323,0.20400000000000001,0.17874999999999996,-0.0015000000000000347
0,0,2,SVC,7,X2,0.1375,0.8625,0.860050891,0.23500000000000004,0.19875000000000004,0.002250000000000041
0,0,2,RF-C,7,W1,0.195,0.805,0.797927461,0.17225000000000007,0.18675000000000005,0.008750000000000036
0,0,2,RF-C,7,W2,0.2375,0.7625,0.749340369,0.11974999999999995,0.17949999999999997,0.004249999999999965
0,0,2,RF-C,7,X1,0.18,0.82,0.8125,0.16299999999999995,0.20599999999999996,0.0019999999999999575
0,0,2,RF-C,7,X2,0.125,0.875,0.871134021,0.25,0.20949999999999996,0.025
0,0,2,XGBoost-C,7,W1,0.195,0.7725,0.763636364,0.15099999999999997,0.16874999999999996,0.00874999999999998
0,0,2,XGBoost-C,7,W2,0.24,0.7325,0.722077922,0.11000000000000006,0.15625000000000006,-0.003999999999999971
0,0,2,XGBoost-C,7,X1,0.175,0.795,0.788659794,0.17650000000000005,0.16050000000000003,-0.00824999999999997
0,0,2,XGBoost-C,7,X2,0.135,0.8375,0.832041344,0.21625,0.18375,0.008750000000000046
0,0,2,MLP-C,7,W1,0.19,0.81,0.803108808,0.16650000000000004,0.19650000000000006,0.005250000000000044
0,0,2,MLP-C,7,W2,0.2275,0.7725,0.762402089,0.11850000000000001,0.181,0.003999999999999971
0,0,2,MLP-C,7,X1,0.1675,0.8325,0.831234257,0.20175,0.19224999999999998,0.005000000000000037
0,0,2,MLP-C,7,X2,0.135,0.865,0.862244898,0.23625,0.203,0.0044999999999999814
0,0,2,LogReg,8,W1,0.2175,0.7825,0.770448549,0.16149999999999998,0.1525,-0.006750000000000034
0,0,2,LogReg,8,W2,0.22,0.78,0.775510204,0.15175000000000005,0.16275000000000003,0.0025000000000000356
0,0,2,LogReg,8,X1,0.1775,0.8225,0.81462141,0.21350000000000002,0.16175,-0.00024999999999996135
0,0,2,LogReg,8,X2,0.1675,0.8325,0.832917706,0.22949999999999998,0.15750000000000003,0.0025000000000000356
0,0,2,SVC,8,W1,0.2175,0.765,0.75,0.14975,0.13374999999999998,-0.01449999999999999
0,0,2,SVC,8,W2,0.21,0.79,0.785714286,0.16600000000000004,0.16975000000000004,0.014000000000000045
0,0,2,SVC,8,X1,0.1775,0.82,0.808510638,0.21424999999999997,0.16049999999999992,-0.004500000000000048
0,0,2,SVC,8,X2,0.1575,0.8175,0.820638821,0.21875,0.1405,-0.00774999999999999
0,0,2,RF-C,8,W1,0.2175,0.7825,0.770448549,0.16724999999999995,0.15774999999999997,0.005249999999999977
0,0,2,RF-C,8,W2,0.24,0.76,0.755102041,0.14625,0.151,-0.005749999999999989
0,0,2,RF-C,8,X1,0.1775,0.8225,0.812664908,0.21975000000000003,0.16774999999999998,-0.0009999999999999788
0,0,2,RF-C,8,X2,0.175,0.825,0.824120603,0.21349999999999994,0.15799999999999997,0.006249999999999978
0,0,2,XGBoost-C,8,W1,0.2175,0.74,0.724867725,0.144,0.12250000000000001,-0.010250000000000004
0,0,2,XGBoost-C,8,W2,0.235,0.705,0.686170213,0.09349999999999994,0.11399999999999995,-0.015250000000000041
0,0,2,XGBoost-C,8,X1,0.185,0.8025,0.789333333,0.20049999999999998,0.15324999999999997,-0.002750000000000008
0,0,2,XGBoost-C,8,X2,0.1625,0.785,0.781725888,0.17600000000000002,0.11850000000000005,-0.02899999999999996
0,0,2,MLP-C,8,W1,0.205,0.795,0.779569892,0.17375000000000002,0.16625000000000006,0.004750000000000032
0,0,2,MLP-C,8,W2,0.2175,0.7825,0.778625954,0.15774999999999997,0.16275,0.0009999999999999675
0,0,2,MLP-C,8,X1,0.175,0.825,0.815789474,0.21724999999999994,0.16424999999999995,0.0012499999999999623
0,0,2,MLP-C,8,X2,0.1675,0.8325,0.832917706,0.22875,0.1575,0.002750000000000019
0,0,2,LogReg,9,W1,0.17,0.83,0.834951456,0.18449999999999994,0.20774999999999996,0.007999999999999974
0,0,2,LogReg,9,W2,0.225,0.775,0.781553398,0.13625000000000004,0.16925000000000004,0.004500000000000037
0,0,2,LogReg,9,X1,0.1525,0.8475,0.852300242,0.2085,0.2015,-0.003499999999999959
0,0,2,LogReg,9,X2,0.1875,0.8125,0.819277108,0.19874999999999998,0.15375,-0.0020000000000000018
0,0,2,SVC,9,W1,0.1775,0.8275,0.832116788,0.18725,0.1975,0.009500000000000019
0,0,2,SVC,9,W2,0.225,0.77,0.771144279,0.1265,0.1635,0.0015000000000000347
0,0,2,SVC,9,X1,0.1525,0.8425,0.850356295,0.20650000000000004,0.1935,-0.002499999999999969
0,0,2,SVC,9,X2,0.175,0.82,0.826086957,0.20049999999999996,0.16874999999999996,0.003249999999999964
0,0,2,RF-C,9,W1,0.1825,0.8175,0.821515892,0.17425,0.18875000000000003,0.008999999999999998
0,0,2,RF-C,9,W2,0.23,0.77,0.771144279,0.12200000000000003,0.16025000000000003,0.012250000000000028
0,0,2,RF-C,9,X1,0.14,0.86,0.866028708,0.217,0.21200000000000002,0.016749999999999998
0,0,2,RF-C,9,X2,0.1825,0.8175,0.824096386,0.20074999999999998,0.16225,0.00874999999999999
0,0,2,XGBoost-C,9,W1,0.1675,0.81,0.815533981,0.1710000000000001,0.18200000000000005,0.021250000000000057
0,0,2,XGBoost-C,9,W2,0.2325,0.72,0.722772277,0.09924999999999998,0.12074999999999995,-0.006000000000000028
0,0,2,XGBoost-C,9,X1,0.1425,0.8425,0.849642005,0.20975000000000002,0.19050000000000003,0.025250000000000015
0,0,2,XGBoost-C,9,X2,0.1825,0.78,0.783251232,0.174,0.12300000000000003,-0.0014999999999999792
0,0,2,MLP-C,9,W1,0.17,0.83,0.834951456,0.18374999999999994,0.20824999999999996,0.007999999999999962
0,0,2,MLP-C,9,W2,0.22,0.78,0.785365854,0.14450000000000002,0.17125000000000004,0.007750000000000023
0,0,2,MLP-C,9,X1,0.1425,0.8575,0.860635697,0.21775000000000003,0.20825000000000005,0.0015000000000000234
0,0,2,MLP-C,9,X2,0.1775,0.8225,0.828915663,0.20024999999999998,0.16699999999999998,0.009250000000000003
0,0,2,LogReg,10,W1,0.1625,0.8375,0.837092732,0.21325000000000002,0.17450000000000002,0.0012500000000000289
0,0,2,LogReg,10,W2,0.2225,0.7775,0.784503632,0.12799999999999995,0.142,0.0017499999999999849
0,0,2,LogReg,10,X1,0.1625,0.8375,0.837905237,0.22000000000000003,0.15375,-0.0029999999999999693
0,0,2,LogReg,10,X2,0.1225,0.8775,0.880195599,0.24825,0.19774999999999995,-0.002000000000000024
0,0,2,SVC,10,W1,0.1525,0.845,0.845,0.21649999999999997,0.17975,0.00974999999999997
0,0,2,SVC,10,W2,0.23,0.7725,0.78177458,0.12324999999999997,0.14074999999999996,-0.003250000000000042
0,0,2,SVC,10,X1,0.1525,0.835,0.836633663,0.22099999999999995,0.15024999999999994,-0.0035000000000000252
0,0,2,SVC,10,X2,0.115,0.89,0.892156863,0.263,0.20875000000000005,0.009250000000000026
0,0,2,RF-C,10,W1,0.1575,0.8425,0.839694656,0.22750000000000004,0.18175000000000002,0.007250000000000034
0,0,2,RF-C,10,W2,0.2325,0.7675,0.774818402,0.12374999999999994,0.13099999999999995,-0.0012500000000000289
0,0,2,RF-C,10,X1,0.1625,0.8375,0.837092732,0.2325,0.159,0.01475000000000003
0,0,2,RF-C,10,X2,0.1175,0.8825,0.886198547,0.26125,0.19874999999999993,0.0027499999999999526
0,0,2,XGBoost-C,10,W1,0.1425,0.7825,0.784119107,0.183,0.12899999999999998,-0.013500000000000035
0,0,2,XGBoost-C,10,W2,0.22,0.7325,0.737100737,0.11400000000000003,0.11125000000000003,-0.007999999999999974
0,0,2,XGBoost-C,10,X1,0.165,0.82,0.820895522,0.2059999999999999,0.1484999999999999,0.01174999999999995
0,0,2,XGBoost-C,10,X2,0.11,0.8475,0.853717026,0.22500000000000003,0.179,3.3306690738754695e-17
0,0,2,MLP-C,10,W1,0.16,0.84,0.84079602,0.21749999999999997,0.17649999999999996,0.003249999999999975
0,0,2,MLP-C,10,W2,0.225,0.775,0.782608696,0.1305,0.1355,0.005000000000000037
0,0,2,MLP-C,10,X1,0.16,0.84,0.84079602,0.22549999999999998,0.15599999999999997,-0.0007500000000000284
0,0,2,MLP-C,10,X2,0.1125,0.8875,0.889434889,0.25925,0.20799999999999996,0.007999999999999974
0,1,0,LogReg,1,W1,0.1675,0.8325,0.86888454,0.24225000000000002,0.08400000000000002,0.0060000000000000496
0,1,0,LogReg,1,W2,0.2425,0.7575,0.813102119,0.18074999999999994,0.038999999999999944,0.00449999999999996
0,1,0,LogReg,1,X1,0.14,0.86,0.891472868,0.26999999999999996,0.088,0.009499999999999986
0,1,0,LogReg,1,X2,0.17,0.83,0.865612648,0.26225,0.05224999999999995,0.0029999999999999805
0,1,0,SVC,1,W1,0.17,0.815,0.857692308,0.21749999999999994,0.06374999999999996,-0.010250000000000047
0,1,0,SVC,1,W2,0.255,0.7375,0.799235182,0.16225000000000006,0.025500000000000033,-0.01174999999999996
0,1,0,SVC,1,X1,0.1525,0.84,0.873015873,0.25749999999999995,0.07624999999999998,-0.009500000000000031
0,1,0,SVC,1,X2,0.1725,0.8225,0.862135922,0.24775,0.05425000000000002,-0.000749999999999984
0,1,0,RF-C,1,W1,0.175,0.825,0.864341085,0.24049999999999994,0.06599999999999998,0.0029999999999999693
0,1,0,RF-C,1,W2,0.2425,0.7575,0.813102119,0.18424999999999997,0.045499999999999964,0.013749999999999929
0,1,0,RF-C,1,X1,0.1525,0.8475,0.882917466,0.27475000000000005,0.06175000000000004,0.004500000000000037
0,1,0,RF-C,1,X2,0.1775,0.8225,0.857715431,0.261,0.042,0.009500000000000008
0,1,0,XGBoost-C,1,W1,0.1775,0.7825,0.825651303,0.18974999999999997,0.06974999999999999,0.005499999999999982
0,1,0,XGBoost-C,1,W2,0.2525,0.7175,0.774451098,0.14175000000000004,0.02150000000000002,0.012750000000000029
0,1,0,XGBoost-C,1,X1,0.145,0.8225,0.858846918,0.24425000000000002,0.078,0.014749999999999996
0,1,0,XGBoost-C,1,X2,0.1725,0.7925,0.834331337,0.2355,0.030999999999999993,0.013499999999999979
0,1,0,MLP-C,1,W1,0.1625,0.8375,0.872798434,0.24500000000000002,0.09100000000000003,0.003250000000000042
0,1,0,MLP-C,1,W2,0.2425,0.7575,0.813819578,0.17999999999999994,0.039499999999999945,0.0037499999999999643
0,1,0,MLP-C,1,X1,0.145,0.855,0.884462151,0.27349999999999997,0.08474999999999999,0.002499999999999991
0,1,0,MLP-C,1,X2,0.165,0.835,0.870588235,0.26325,0.05974999999999997,0.0012499999999999734
0,1,0,LogReg,2,W1,0.2025,0.7975,0.843930636,0.1895,0.08899999999999998,0.007499999999999984
0,1,0,LogReg,2,W2,0.2325,0.7675,0.823529412,0.17774999999999994,0.06324999999999995,0.0017499999999999738
0,1,0,LogReg,2,X1,0.185,0.815,0.853754941,0.21624999999999991,0.08224999999999996,0.006999999999999918
0,1,0,LogReg,2,X2,0.16,0.84,0.871485944,0.27699999999999997,0.06574999999999998,0.0012499999999999623
0,1,0,SVC,2,W1,0.2025,0.7825,0.833013436,0.18349999999999994,0.06624999999999998,0.003999999999999959
0,1,0,SVC,2,W2,0.2325,0.7625,0.818355641,0.17299999999999996,0.06149999999999996,-0.0005000000000000337
0,1,0,SVC,2,X1,0.19,0.8,0.845559846,0.20050000000000007,0.06650000000000005,-0.0037499999999999535
0,1,0,SVC,2,X2,0.165,0.835,0.869565217,0.2645,0.06974999999999998,-0.0005000000000000227
0,1,0,RF-C,2,W1,0.2175,0.7825,0.832369942,0.18124999999999997,0.06724999999999996,0.010499999999999976
0,1,0,RF-C,2,W2,0.235,0.765,0.81640625,0.18275000000000002,0.07400000000000002,0.012250000000000006
0,1,0,RF-C,2,X1,0.1975,0.8025,0.845401174,0.209,0.06549999999999999,0.010249999999999971
0,1,0,RF-C,2,X2,0.1525,0.8475,0.877755511,0.279,0.07950000000000003,0.007000000000000039
0,1,0,XGBoost-C,2,W1,0.21,0.73,0.787401575,0.14724999999999996,0.03075000000000001,0.0009999999999999898
0,1,0,XGBoost-C,2,W2,0.2375,0.7275,0.78243513,0.15500000000000005,0.05225000000000004,3.3306690738754695e-17
0,1,0,XGBoost-C,2,X1,0.1975,0.7675,0.815109344,0.17524999999999996,0.06099999999999996,0.008499999999999985
0,1,0,XGBoost-C,2,X2,0.155,0.805,0.844621514,0.24150000000000005,0.06350000000000006,-0.0012499999999999512
0,1,0,MLP-C,2,W1,0.2025,0.7975,0.843326886,0.18925,0.08899999999999998,0.006999999999999984
0,1,0,MLP-C,2,W2,0.2125,0.7875,0.834951456,0.20099999999999998,0.08799999999999998,0.006249999999999978
0,1,0,MLP-C,2,X1,0.185,0.815,0.853754941,0.21674999999999994,0.08274999999999993,0.004249999999999943
0,1,0,MLP-C,2,X2,0.1475,0.8525,0.879837067,0.28650000000000003,0.08575000000000005,0.011250000000000038
0,1,0,LogReg,3,W1,0.1775,0.8225,0.863723608,0.23275,0.07349999999999998,0.0015000000000000458
0,1,0,LogReg,3,W2,0.215,0.785,0.835877863,0.20150000000000007,0.05175000000000003,0.00275000000000003
0,1,0,LogReg,3,X1,0.1475,0.8525,0.885436893,0.27825,0.06600000000000003,0.002000000000000024
0,1,0,LogReg,3,X2,0.1575,0.8425,0.877192982,0.27625,0.05125000000000002,0.0035000000000000252
0,1,0,SVC,3,W1,0.185,0.81,0.858208955,0.20525000000000007,0.07450000000000002,-0.0019999999999999463
0,1,0,SVC,3,W2,0.2175,0.7625,0.821092279,0.17749999999999994,0.02724999999999993,-0.013000000000000034
0,1,0,SVC,3,X1,0.1425,0.845,0.88030888,0.26375,0.06949999999999998,-0.0007500000000000395
0,1,0,SVC,3,X2,0.16,0.8275,0.865497076,0.25975000000000004,0.0395,-0.0014999999999999903
0,1,0,RF-C,3,W1,0.1875,0.8125,0.858757062,0.2205,0.06700000000000002,-0.003499999999999981
0,1,0,RF-C,3,W2,0.225,0.775,0.82421875,0.2045,0.03975000000000002,0.006000000000000028
0,1,0,RF-C,3,X1,0.155,0.845,0.879844961,0.27274999999999994,0.07399999999999997,0.008499999999999985
0,1,0,RF-C,3,X2,0.165,0.835,0.870588235,0.2765,0.05499999999999996,-0.0005000000000000337
0,1,0,XGBoost-C,3,W1,0.18,0.7775,0.825147348,0.18799999999999997,0.05474999999999998,0.02174999999999998
0,1,0,XGBoost-C,3,W2,0.235,0.7175,0.772635815,0.16075000000000003,0.049750000000000016,-0.016749999999999977
0,1,0,XGBoost-C,3,X1,0.15,0.8125,0.853228963,0.24575,0.05025000000000002,0.014500000000000002
0,1,0,XGBoost-C,3,X2,0.1575,0.82,0.861538462,0.2572499999999999,0.06124999999999997,0.0059999999999999385
0,1,0,MLP-C,3,W1,0.1775,0.8225,0.863723608,0.23225,0.07425000000000001,0.0017500000000000404
0,1,0,MLP-C,3,W2,0.2125,0.7875,0.835589942,0.205,0.048999999999999974,0.005749999999999977
0,1,0,MLP-C,3,X1,0.1525,0.8475,0.879207921,0.279,0.06675000000000006,0.000250000000000028
0,1,0,MLP-C,3,X2,0.1575,0.8425,0.876712329,0.278,0.04775000000000003,-0.0009999999999999788
0,1,0,LogReg,4,W1,0.1975,0.8025,0.847195358,0.2045,0.082,0.0009999999999999788
0,1,0,LogReg,4,W2,0.2525,0.7475,0.809073724,0.17225000000000007,0.040250000000000064,0.0035000000000000252
0,1,0,LogReg,4,X1,0.185,0.815,0.859315589,0.22849999999999998,0.08924999999999995,0.002999999999999936
0,1,0,LogReg,4,X2,0.1475,0.8525,0.888468809,0.28250000000000003,0.06325000000000003,0.006500000000000039
0,1,0,SVC,4,W1,0.1975,0.7775,0.835489834,0.17049999999999996,0.05774999999999997,-0.01325000000000005
0,1,0,SVC,4,W2,0.255,0.725,0.796296296,0.13999999999999996,0.030499999999999982,-0.00800000000000004
0,1,0,SVC,4,X1,0.1975,0.7875,0.834307992,0.1975,0.06874999999999999,-0.013500000000000045
0,1,0,SVC,4,X2,0.145,0.85,0.88372093,0.2875,0.05624999999999999,0.0017499999999999849
0,1,0,RF-C,4,W1,0.22,0.78,0.835205993,0.18425000000000002,0.05800000000000003,-0.005999999999999983
0,1,0,RF-C,4,W2,0.2575,0.7425,0.803059273,0.17100000000000004,0.047250000000000056,0.0005000000000000449
0,1,0,RF-C,4,X1,0.2075,0.7925,0.836935167,0.20649999999999996,0.06974999999999999,-0.0035000000000000252
0,1,0,RF-C,4,X2,0.1475,0.8525,0.884540117,0.2975000000000001,0.06350000000000003,0.013000000000000045
0,1,0,XGBoost-C,4,W1,0.2075,0.7375,0.800759013,0.15550000000000005,0.036500000000000046,-0.015249999999999953
0,1,0,XGBoost-C,4,W2,0.265,0.6975,0.768642447,0.12974999999999998,0.037,-0.004499999999999971
0,1,0,XGBoost-C,4,X1,0.2,0.745,0.797619048,0.16899999999999998,0.031999999999999994,-0.025249999999999995
0,1,0,XGBoost-C,4,X2,0.16,0.8025,0.846601942,0.24849999999999994,0.04,-0.003000000000000014
0,1,0,MLP-C,4,W1,0.1925,0.8075,0.846307385,0.21875,0.0895,0.0029999999999999805
0,1,0,MLP-C,4,W2,0.25,0.75,0.809885932,0.17775,0.045000000000000005,0.002499999999999958
0,1,0,MLP-C,4,X1,0.1925,0.8075,0.849315068,0.21875,0.086,0.005749999999999977
0,1,0,MLP-C,4,X2,0.1475,0.8525,0.884086444,0.29125000000000006,0.05700000000000004,0.0
0,1,0,LogReg,5,W1,0.2175,0.7825,0.838589981,0.17824999999999996,0.07899999999999999,0.0014999999999999792
0,1,0,LogReg,5,W2,0.26,0.74,0.807407407,0.16249999999999998,0.04799999999999999,0.0009999999999999675
0,1,0,LogReg,5,X1,0.19,0.81,0.860805861,0.21175000000000005,0.07225000000000005,0.0010000000000000343
0,1,0,LogReg,5,X2,0.1675,0.8325,0.867326733,0.27874999999999994,0.07750000000000003,-0.0019999999999999905
0,1,0,SVC,5,W1,0.2175,0.78,0.84,0.16875,0.07550000000000003,0.0035000000000000252
0,1,0,SVC,5,W2,0.2625,0.725,0.802158273,0.14024999999999999,0.04049999999999998,-0.005250000000000032
0,1,0,SVC,5,X1,0.1875,0.8125,0.860335196,0.22075,0.07675000000000001,0.0009999999999999898
0,1,0,SVC,5,X2,0.16,0.825,0.86381323,0.26474999999999993,0.07849999999999997,0.00575
0,1,0,RF-C,5,W1,0.22,0.78,0.835205993,0.18175000000000002,0.07325000000000002,0.014500000000000035
0,1,0,RF-C,5,W2,0.255,0.745,0.806818182,0.1735,0.05725,0.002749999999999986
0,1,0,RF-C,5,X1,0.1975,0.8025,0.846601942,0.2145,0.08249999999999999,0.005999999999999983
0,1,0,RF-C,5,X2,0.165,0.835,0.870588235,0.2784999999999999,0.06974999999999996,0.005499999999999972
0,1,0,XGBoost-C,5,W1,0.2175,0.7375,0.799235182,0.13475,0.06750000000000003,0.02250000000000004
0,1,0,XGBoost-C,5,W2,0.2425,0.7,0.765625,0.14299999999999993,0.022249999999999936,-0.021000000000000053
0,1,0,XGBoost-C,5,X1,0.185,0.79,0.838461538,0.19675000000000004,0.07200000000000004,0.015750000000000042
0,1,0,XGBoost-C,5,X2,0.165,0.7625,0.813359528,0.20799999999999996,0.03624999999999995,-0.021750000000000037
0,1,0,MLP-C,5,W1,0.21,0.79,0.842696629,0.18900000000000003,0.08950000000000001,0.009250000000000046
0,1,0,MLP-C,5,W2,0.25,0.75,0.812030075,0.1785,0.056000000000000015,0.00824999999999998
0,1,0,MLP-C,5,X1,0.1775,0.8225,0.864761905,0.23550000000000004,0.08650000000000002,0.017749999999999988
0,1,0,MLP-C,5,X2,0.1575,0.8425,0.873747495,0.293,0.08450000000000003,0.00275000000000003
0,1,0,LogReg,6,W1,0.225,0.775,0.826254826,0.19425,0.052000000000000005,-0.0019999999999999905
0,1,0,LogReg,6,W2,0.255,0.745,0.805343511,0.18150000000000002,0.039749999999999994,0.0064999999999999945
0,1,0,LogReg,6,X1,0.1625,0.8375,0.868686869,0.26450000000000007,0.08075000000000002,0.0015000000000000234
0,1,0,LogReg,6,X2,0.2025,0.7975,0.847457627,0.23500000000000001,0.03075000000000001,0.0047499999999999765
0,1,0,SVC,6,W1,0.225,0.7725,0.820512821,0.19549999999999995,0.04499999999999995,-0.007000000000000029
0,1,0,SVC,6,W2,0.26,0.74,0.802281369,0.17624999999999996,0.038,0.00824999999999998
0,1,0,SVC,6,X1,0.1625,0.8275,0.862275449,0.25275000000000003,0.06975000000000002,0.004500000000000048
0,1,0,SVC,6,X2,0.195,0.81,0.852140078,0.2535000000000001,0.04350000000000006,0.015000000000000036
0,1,0,RF-C,6,W1,0.225,0.775,0.823529412,0.20550000000000007,0.055250000000000035,-0.010249999999999971
0,1,0,RF-C,6,W2,0.275,0.725,0.795539033,0.15675,0.02799999999999998,-0.005250000000000021
0,1,0,RF-C,6,X1,0.175,0.825,0.859437751,0.26099999999999995,0.06624999999999995,0.0004999999999999672
0,1,0,RF-C,6,X2,0.2075,0.7925,0.844277674,0.24524999999999997,0.014249999999999985,0.0019999999999999684
0,1,0,XGBoost-C,6,W1,0.205,0.7625,0.808853119,0.19175,0.06549999999999997,0.002499999999999958
0,1,0,XGBoost-C,6,W2,0.27,0.6825,0.755298651,0.13349999999999998,0.0235,-0.017000000000000005
0,1,0,XGBoost-C,6,X1,0.1625,0.795,0.832653061,0.21250000000000005,0.05600000000000005,0.005250000000000044
0,1,0,XGBoost-C,6,X2,0.205,0.76,0.811764706,0.225,0.017249999999999998,0.010250000000000014
0,1,0,MLP-C,6,W1,0.2175,0.7825,0.824242424,0.20999999999999996,0.05649999999999996,0.007749999999999968
0,1,0,MLP-C,6,W2,0.255,0.745,0.805343511,0.18124999999999997,0.039749999999999994,0.008499999999999962
0,1,0,MLP-C,6,X1,0.16,0.84,0.868852459,0.27075,0.08224999999999999,0.0029999999999999805
0,1,0,MLP-C,6,X2,0.21,0.79,0.832,0.24125000000000002,0.02675000000000004,0.0022500000000000298
0,1,0,LogReg,7,W1,0.1925,0.8075,0.856074766,0.21849999999999997,0.06425,0.003499999999999992
0,1,0,LogReg,7,W2,0.2425,0.7575,0.813819578,0.19324999999999998,0.04774999999999996,0.0029999999999999805
0,1,0,LogReg,7,X1,0.175,0.825,0.867424242,0.2392499999999999,0.053749999999999964,-0.0007500000000000284
0,1,0,LogReg,7,X2,0.155,0.845,0.880769231,0.28225,0.05924999999999997,-0.0035000000000000252
0,1,0,SVC,7,W1,0.195,0.79,0.847826087,0.19400000000000003,0.05075000000000004,-0.003499999999999981
0,1,0,SVC,7,W2,0.25,0.745,0.811111111,0.17825000000000002,0.027750000000000018,-0.003750000000000031
0,1,0,SVC,7,X1,0.1775,0.805,0.854477612,0.21650000000000005,0.03525000000000006,-0.01224999999999995
0,1,0,SVC,7,X2,0.155,0.83,0.868217054,0.26949999999999996,0.04524999999999996,-0.007250000000000023
0,1,0,RF-C,7,W1,0.2025,0.7975,0.850828729,0.21075,0.05849999999999996,0.0024999999999999467
0,1,0,RF-C,7,W2,0.2625,0.7375,0.80733945,0.15750000000000003,0.03450000000000007,-0.0022499999999999855
0,1,0,RF-C,7,X1,0.175,0.825,0.872262774,0.24349999999999997,0.04449999999999994,-0.00125000000000004
0,1,0,RF-C,7,X2,0.1575,0.8425,0.878612717,0.29100000000000004,0.06125000000000004,0.005000000000000037
0,1,0,XGBoost-C,7,W1,0.2,0.775,0.832089552,0.20175,0.04900000000000001,-0.0037499999999999756
0,1,0,XGBoost-C,7,W2,0.25,0.6925,0.76300578,0.13725000000000004,0.002000000000000013,-0.006249999999999989
0,1,0,XGBoost-C,7,X1,0.18,0.7925,0.842504744,0.21774999999999997,0.04449999999999997,-0.0067500000000000225
0,1,0,XGBoost-C,7,X2,0.15,0.795,0.840466926,0.23850000000000007,0.027000000000000045,-0.008499999999999962
0,1,0,MLP-C,7,W1,0.1925,0.8075,0.856074766,0.21749999999999997,0.06249999999999998,0.0029999999999999693
0,1,0,MLP-C,7,W2,0.245,0.755,0.811538462,0.19025000000000003,0.04575,0.003000000000000036
0,1,0,MLP-C,7,X1,0.1725,0.8275,0.868068834,0.2405,0.0635,0.0010000000000000453
0,1,0,MLP-C,7,X2,0.15,0.85,0.885057471,0.28474999999999995,0.06674999999999996,0.0004999999999999782
0,1,0,LogReg,8,W1,0.2175,0.7825,0.83172147,0.18349999999999994,0.06299999999999997,0.0019999999999999797
0,1,0,LogReg,8,W2,0.2475,0.7525,0.807017544,0.17324999999999996,0.05174999999999995,0.0034999999999999255
0,1,0,LogReg,8,X1,0.1775,0.8225,0.861056751,0.23550000000000004,0.07200000000000001,0.0035000000000000365
0,1,0,LogReg,8,X2,0.165,0.835,0.869047619,0.26749999999999996,0.06374999999999997,0.00024999999999997247
0,1,0,SVC,8,W1,0.225,0.7675,0.820809249,0.16975,0.043749999999999956,-0.002000000000000035
0,1,0,SVC,8,W2,0.2525,0.7425,0.799220273,0.16800000000000007,0.03900000000000007,-0.003749999999999942
0,1,0,SVC,8,X1,0.1825,0.805,0.848249027,0.22675,0.052750000000000054,-0.003499999999999959
0,1,0,SVC,8,X2,0.1725,0.825,0.861660079,0.25249999999999995,0.05424999999999995,-0.005750000000000022
0,1,0,RF-C,8,W1,0.2225,0.7775,0.831758034,0.17575,0.06549999999999997,0.00449999999999996
0,1,0,RF-C,8,W2,0.2575,0.7425,0.796039604,0.18350000000000005,0.04300000000000006,0.007250000000000034
0,1,0,RF-C,8,X1,0.185,0.815,0.857692308,0.23974999999999996,0.05324999999999998,0.0017499999999999517
0,1,0,RF-C,8,X2,0.1675,0.8325,0.869902913,0.26375000000000004,0.05875000000000004,0.002000000000000024
0,1,0,XGBoost-C,8,W1,0.2225,0.7225,0.786948177,0.14250000000000004,0.037250000000000026,-0.009999999999999976
0,1,0,XGBoost-C,8,W2,0.2525,0.7025,0.757637475,0.1525,0.033750000000000016,-0.005249999999999988
0,1,0,XGBoost-C,8,X1,0.1775,0.785,0.830708661,0.20675000000000007,0.058250000000000024,-0.0017499999999999627
0,1,0,XGBoost-C,8,X2,0.1725,0.7775,0.820925553,0.22925,0.02749999999999996,-0.017750000000000054
0,1,0,MLP-C,8,W1,0.2125,0.7875,0.828973843,0.20925,0.07749999999999999,0.0009999999999999675
0,1,0,MLP-C,8,W2,0.245,0.755,0.810077519,0.18625000000000003,0.04925,0.006000000000000005
0,1,0,MLP-C,8,X1,0.1775,0.8225,0.861056751,0.23575,0.07225000000000001,0.0037500000000000424
0,1,0,MLP-C,8,X2,0.1675,0.8325,0.866799205,0.26325000000000004,0.06425000000000003,0.002250000000000041
0,1,0,LogReg,9,W1,0.2175,0.7825,0.841530055,0.17149999999999999,0.07274999999999997,0.00824999999999998
0,1,0,LogReg,9,W2,0.2725,0.7275,0.79316888,0.12575000000000006,0.02950000000000006,0.0017500000000000293
0,1,0,LogReg,9,X1,0.18,0.82,0.868613139,0.21574999999999994,0.08574999999999995,0.0029999999999999693
0,1,0,LogReg,9,X2,0.19,0.81,0.85440613,0.22525000000000003,0.06100000000000007,0.001000000000000023
0,1,0,SVC,9,W1,0.225,0.77,0.832116788,0.16275000000000003,0.06100000000000002,0.0017500000000000183
0,1,0,SVC,9,W2,0.2825,0.71,0.784386617,0.10624999999999996,0.02124999999999998,-0.005500000000000038
0,1,0,SVC,9,X1,0.1825,0.805,0.856617647,0.20075000000000004,0.07800000000000004,-0.007249999999999967
0,1,0,SVC,9,X2,0.19,0.785,0.836501901,0.20099999999999998,0.04200000000000002,-0.015749999999999976
0,1,0,RF-C,9,W1,0.2225,0.7775,0.834264432,0.17949999999999994,0.08449999999999996,0.008499999999999985
0,1,0,RF-C,9,W2,0.2675,0.7325,0.797731569,0.13750000000000004,0.03875000000000005,0.005250000000000032
0,1,0,RF-C,9,X1,0.18,0.82,0.863117871,0.22899999999999995,0.08799999999999995,0.01899999999999994
0,1,0,RF-C,9,X2,0.195,0.805,0.846456693,0.23025000000000007,0.05075000000000004,0.017250000000000043
0,1,0,XGBoost-C,9,W1,0.2225,0.7575,0.816635161,0.17074999999999993,0.07449999999999996,-0.011000000000000043
0,1,0,XGBoost-C,9,W2,0.2675,0.7225,0.781925344,0.14525000000000005,0.04650000000000002,0.016250000000000053
0,1,0,XGBoost-C,9,X1,0.1725,0.79,0.842696629,0.203,0.07900000000000004,0.01900000000000005
0,1,0,XGBoost-C,9,X2,0.19,0.77,0.814516129,0.19200000000000003,0.03600000000000001,-0.011
0,1,0,MLP-C,9,W1,0.22,0.78,0.835820896,0.179,0.06925000000000003,0.006000000000000038
0,1,0,MLP-C,9,W2,0.2675,0.7325,0.800744879,0.12775000000000003,0.03600000000000005,0.004750000000000021
0,1,0,MLP-C,9,X1,0.175,0.825,0.871323529,0.21974999999999995,0.09099999999999996,0.007749999999999979
0,1,0,MLP-C,9,X2,0.1875,0.8125,0.856046065,0.229,0.06375,0.0002499999999999947
0,1,0,LogReg,10,W1,0.2125,0.7875,0.844606947,0.19024999999999997,0.06049999999999998,0.0014999999999999569
0,1,0,LogReg,10,W2,0.235,0.765,0.833922261,0.14600000000000005,0.06100000000000002,0.0027500000000000415
0,1,0,LogReg,10,X1,0.19,0.81,0.858208955,0.2245000000000001,0.060500000000000054,0.005000000000000027
0,1,0,LogReg,10,X2,0.1675,0.8325,0.874766355,0.24650000000000002,0.06925000000000003,0.0017500000000000293
0,1,0,SVC,10,W1,0.2075,0.79,0.842105263,0.191,0.06875000000000003,0.005000000000000027
0,1,0,SVC,10,W2,0.2325,0.7675,0.83539823,0.15224999999999997,0.06549999999999996,0.007999999999999985
0,1,0,SVC,10,X1,0.1875,0.805,0.853932584,0.21625000000000005,0.06450000000000004,0.002000000000000024
0,1,0,SVC,10,X2,0.17,0.825,0.869402985,0.24049999999999994,0.058749999999999955,-0.0007500000000000395
0,1,0,RF-C,10,W1,0.2,0.8,0.847328244,0.21725000000000003,0.08950000000000005,0.016250000000000042
0,1,0,RF-C,10,W2,0.24,0.76,0.827338129,0.14700000000000002,0.052000000000000025,0.006250000000000022
0,1,0,RF-C,10,X1,0.175,0.825,0.866412214,0.24099999999999994,0.07324999999999997,0.01424999999999994
0,1,0,RF-C,10,X2,0.1725,0.8275,0.871985158,0.24025000000000002,0.05575000000000002,0.008250000000000013
0,1,0,XGBoost-C,10,W1,0.2125,0.75,0.80620155,0.1695,0.04650000000000001,-0.0022500000000000076
0,1,0,XGBoost-C,10,W2,0.2325,0.7075,0.783733826,0.11250000000000004,0.0245,-0.0007499999999999729
0,1,0,XGBoost-C,10,X1,0.1825,0.815,0.857692308,0.24274999999999994,0.08124999999999993,0.008249999999999947
0,1,0,XGBoost-C,10,X2,0.1675,0.8125,0.859287054,0.2355,0.06375000000000001,0.006249999999999978
0,1,0,MLP-C,10,W1,0.19,0.81,0.853846154,0.21675000000000005,0.08875000000000004,0.023500000000000056
0,1,0,MLP-C,10,W2,0.225,0.775,0.839857651,0.16225,0.07275000000000001,0.016750000000000022
0,1,0,MLP-C,10,X1,0.1925,0.8075,0.854990584,0.22175000000000003,0.05874999999999998,0.0014999999999999903
0,1,0,MLP-C,10,X2,0.155,0.845,0.882575758,0.25975000000000004,0.08274999999999999,0.010999999999999977
0,1,1,LogReg,1,W1,0.1875,0.81,0.854961832,0.06550000000000007,0.22150000000000003,0.007000000000000029
0,1,1,LogReg,1,W2,0.2175,0.7825,0.827037773,0.06999999999999997,0.23274999999999996,0.0019999999999999575
0,1,1,LogReg,1,X1,0.1825,0.8175,0.859344894,0.08375,0.22399999999999998,0.0035000000000000144
0,1,1,LogReg,1,X2,0.205,0.795,0.839215686,0.09000000000000005,0.19950000000000004,0.0
0,1,1,SVC,1,W1,0.19,0.81,0.856060606,0.05850000000000004,0.22225000000000006,0.011000000000000043
0,1,1,SVC,1,W2,0.2175,0.77,0.816,0.05675000000000002,0.22300000000000003,-0.016249999999999997
0,1,1,SVC,1,X1,0.19,0.8,0.847328244,0.06350000000000003,0.20175000000000004,-0.006749999999999967
0,1,1,SVC,1,X2,0.205,0.79,0.833992095,0.09075000000000005,0.19350000000000003,-0.0012499999999999844
0,1,1,RF-C,1,W1,0.185,0.815,0.858778626,0.06399999999999995,0.22899999999999995,0.01849999999999994
0,1,1,RF-C,1,W2,0.225,0.775,0.818548387,0.057750000000000024,0.22874999999999995,0.009000000000000041
0,1,1,RF-C,1,X1,0.19,0.81,0.854961832,0.07450000000000004,0.21950000000000008,0.009500000000000041
0,1,1,RF-C,1,X2,0.205,0.795,0.836653386,0.10175000000000005,0.19725000000000004,0.004750000000000043
0,1,1,XGBoost-C,1,W1,0.19,0.775,0.822834646,0.05200000000000001,0.193,-0.004749999999999965
0,1,1,XGBoost-C,1,W2,0.2225,0.7375,0.786150713,0.04875000000000005,0.20200000000000004,0.0035000000000000365
0,1,1,XGBoost-C,1,X1,0.18,0.7675,0.81871345,0.05274999999999998,0.18449999999999994,0.006749999999999967
0,1,1,XGBoost-C,1,X2,0.2,0.76,0.807228916,0.07475000000000001,0.17375000000000002,-0.011999999999999988
0,1,1,MLP-C,1,W1,0.1875,0.8125,0.855491329,0.06849999999999999,0.229,0.00874999999999998
0,1,1,MLP-C,1,W2,0.2125,0.7875,0.830339321,0.07249999999999998,0.24049999999999994,0.005249999999999966
0,1,1,MLP-C,1,X1,0.185,0.815,0.856031128,0.08324999999999994,0.22549999999999998,0.004999999999999938
0,1,1,MLP-C,1,X2,0.2025,0.7975,0.838323353,0.09775000000000002,0.20074999999999998,0.0014999999999999792
0,1,1,LogReg,2,W1,0.19,0.81,0.861818182,0.07850000000000004,0.20650000000000004,0.0010000000000000453
0,1,1,LogReg,2,W2,0.19,0.81,0.856603774,0.06725000000000007,0.21825000000000006,0.004500000000000037
0,1,1,LogReg,2,X1,0.19,0.81,0.860805861,0.07850000000000006,0.18925000000000006,0.0015000000000000234
0,1,1,LogReg,2,X2,0.1725,0.8275,0.866019417,0.09875,0.22450000000000006,0.010750000000000037
0,1,1,SVC,2,W1,0.1925,0.8025,0.856102004,0.07074999999999998,0.1975,-0.01050000000000002
0,1,1,SVC,2,W2,0.1975,0.7975,0.847457627,0.05499999999999998,0.20799999999999996,-0.004750000000000021
0,1,1,SVC,2,X1,0.195,0.805,0.857142857,0.07675000000000005,0.19000000000000003,0.003000000000000036
0,1,1,SVC,2,X2,0.175,0.8075,0.849902534,0.09400000000000001,0.20325,0.000749999999999984
0,1,1,RF-C,2,W1,0.1925,0.8075,0.855534709,0.07975,0.21075,0.007999999999999997
0,1,1,RF-C,2,W2,0.205,0.795,0.844106464,0.033750000000000044,0.22450000000000006,0.00500000000000006
0,1,1,RF-C,2,X1,0.1925,0.8075,0.859232176,0.07275,0.19624999999999998,0.0017499999999999849
0,1,1,RF-C,2,X2,0.1925,0.8075,0.853889943,0.07699999999999999,0.205,-0.005499999999999994
0,1,1,XGBoost-C,2,W1,0.19,0.7725,0.827977316,0.047999999999999945,0.17149999999999993,-0.013000000000000057
0,1,1,XGBoost-C,2,W2,0.19,0.7225,0.782778865,0.02975000000000002,0.14725000000000002,-0.024999999999999967
0,1,1,XGBoost-C,2,X1,0.1775,0.775,0.831460674,0.06900000000000002,0.16700000000000004,0.0002500000000000391
0,1,1,XGBoost-C,2,X2,0.18,0.7625,0.814814815,0.06874999999999995,0.16174999999999998,-0.0032500000000000085
0,1,1,MLP-C,2,W1,0.18,0.82,0.868131868,0.08999999999999994,0.21999999999999992,0.003999999999999971
0,1,1,MLP-C,2,W2,0.1925,0.8075,0.853889943,0.06524999999999999,0.21949999999999997,0.003249999999999975
0,1,1,MLP-C,2,X1,0.1875,0.8125,0.861367837,0.0865,0.198,0.00874999999999999
0,1,1,MLP-C,2,X2,0.1725,0.8275,0.866019417,0.10075,0.22525000000000003,0.012000000000000021
0,1,1,LogReg,3,W1,0.21,0.79,0.833992095,0.07175000000000002,0.20250000000000004,0.002000000000000035
0,1,1,LogReg,3,W2,0.1825,0.8175,0.86252354,0.10700000000000003,0.21700000000000003,0.0015000000000000234
0,1,1,LogReg,3,X1,0.195,0.805,0.844621514,0.09300000000000003,0.21350000000000008,0.005000000000000027
0,1,1,LogReg,3,X2,0.195,0.805,0.851145038,0.09700000000000004,0.189,0.0060000000000000496
0,1,1,SVC,3,W1,0.2175,0.785,0.827309237,0.06475,0.20125,0.003000000000000036
0,1,1,SVC,3,W2,0.195,0.7875,0.841713222,0.0725,0.19024999999999997,-0.005750000000000033
0,1,1,SVC,3,X1,0.2075,0.795,0.836,0.08675000000000005,0.20650000000000004,-0.0004999999999999894
0,1,1,SVC,3,X2,0.1975,0.7975,0.84629981,0.09325,0.18375,0.005749999999999977
0,1,1,RF-C,3,W1,0.215,0.785,0.828,0.06350000000000001,0.21050000000000005,0.01325000000000004
0,1,1,RF-C,3,W2,0.2125,0.7875,0.841121495,0.061249999999999985,0.19424999999999998,0.007249999999999967
0,1,1,RF-C,3,X1,0.1925,0.8075,0.846307385,0.08574999999999998,0.22525,0.0125
0,1,1,RF-C,3,X2,0.195,0.805,0.853932584,0.09500000000000007,0.19450000000000006,0.004750000000000043
0,1,1,XGBoost-C,3,W1,0.2175,0.71,0.760330579,0.03949999999999996,0.15974999999999995,-0.007750000000000046
0,1,1,XGBoost-C,3,W2,0.2125,0.7475,0.807619048,0.05700000000000005,0.16675000000000004,-0.0007499999999999396
0,1,1,XGBoost-C,3,X1,0.1975,0.735,0.786290323,0.05724999999999998,0.15675,-0.009249999999999991
0,1,1,XGBoost-C,3,X2,0.2,0.765,0.819923372,0.07675000000000001,0.16150000000000003,0.006250000000000045
0,1,1,MLP-C,3,W1,0.225,0.775,0.814049587,0.062250000000000014,0.19300000000000003,0.0007500000000000174
0,1,1,MLP-C,3,W2,0.1825,0.8175,0.86252354,0.10625,0.21750000000000003,0.0015000000000000347
0,1,1,MLP-C,3,X1,0.2075,0.7925,0.82815735,0.08549999999999999,0.20675,-2.2204460492503132e-17
0,1,1,MLP-C,3,X2,0.1975,0.8025,0.84418146,0.098,0.19524999999999998,0.0007499999999999619
0,1,1,LogReg,4,W1,0.1675,0.8325,0.872380952,0.0865,0.24150000000000005,0.0027500000000000523
0,1,1,LogReg,4,W2,0.1875,0.8125,0.856596558,0.07275000000000001,0.23625,0.0002499999999999947
0,1,1,LogReg,4,X1,0.1625,0.8375,0.876660342,0.10024999999999999,0.24450000000000002,0.0
0,1,1,LogReg,4,X2,0.205,0.795,0.842911877,0.06275000000000003,0.20650000000000004,0.0
0,1,1,SVC,4,W1,0.1675,0.83,0.871698113,0.07974999999999993,0.24074999999999996,0.008999999999999975
0,1,1,SVC,4,W2,0.195,0.785,0.837735849,0.053250000000000054,0.20900000000000002,-0.006249999999999989
0,1,1,SVC,4,X1,0.16,0.815,0.860902256,0.07149999999999994,0.22049999999999992,-0.006500000000000039
0,1,1,SVC,4,X2,0.2025,0.7975,0.84148728,0.07074999999999997,0.21200000000000002,0.004499999999999971
0,1,1,RF-C,4,W1,0.1775,0.8225,0.864244742,0.077,0.24100000000000002,0.001000000000000012
0,1,1,RF-C,4,W2,0.1775,0.8225,0.863723608,0.08,0.24825000000000003,0.010000000000000009
0,1,1,RF-C,4,X1,0.1675,0.8325,0.870905588,0.09475000000000001,0.24074999999999996,0.020000000000000018
0,1,1,RF-C,4,X2,0.1775,0.8225,0.861056751,0.08725000000000001,0.24100000000000002,0.02174999999999999
0,1,1,XGBoost-C,4,W1,0.1675,0.7875,0.838095238,0.06049999999999998,0.20750000000000002,0.0019999999999999575
0,1,1,XGBoost-C,4,W2,0.195,0.785,0.833333333,0.05425000000000002,0.20950000000000002,0.0070000000000000505
0,1,1,XGBoost-C,4,X1,0.1725,0.7875,0.834307992,0.07174999999999998,0.192,-0.005500000000000016
0,1,1,XGBoost-C,4,X2,0.19,0.8,0.84063745,0.08225000000000005,0.22150000000000003,0.017750000000000044
0,1,1,MLP-C,4,W1,0.1625,0.8375,0.874274662,0.09250000000000003,0.24875000000000003,0.0035000000000000365
0,1,1,MLP-C,4,W2,0.19,0.81,0.852140078,0.07400000000000008,0.23650000000000002,0.009500000000000041
0,1,1,MLP-C,4,X1,0.1575,0.8425,0.88,0.10675000000000001,0.25050000000000006,0.005000000000000037
0,1,1,MLP-C,4,X2,0.1975,0.8025,0.841683367,0.07875,0.22475,0.00874999999999998
0,1,1,LogReg,5,W1,0.2025,0.7975,0.846880907,0.06074999999999999,0.19774999999999995,0.004499999999999971
0,1,1,LogReg,5,W2,0.1725,0.8275,0.869565217,0.07,0.22325,0.003000000000000036
0,1,1,LogReg,5,X1,0.195,0.805,0.851145038,0.07650000000000005,0.20000000000000004,-0.0019999999999999797
0,1,1,LogReg,5,X2,0.155,0.845,0.878431373,0.10899999999999996,0.23700000000000002,-0.0002500000000000391
0,1,1,SVC,5,W1,0.2025,0.79,0.844444444,0.057000000000000016,0.18650000000000003,0.002000000000000035
0,1,1,SVC,5,W2,0.1825,0.8125,0.858223062,0.05725,0.20825,-0.003999999999999992
0,1,1,SVC,5,X1,0.1875,0.805,0.853383459,0.08800000000000005,0.19750000000000006,0.004750000000000043
0,1,1,SVC,5,X2,0.1525,0.835,0.873076923,0.09874999999999996,0.22074999999999995,-0.0005000000000000227
0,1,1,RF-C,5,W1,0.195,0.805,0.854477612,0.06100000000000002,0.21025,0.008750000000000046
0,1,1,RF-C,5,W2,0.175,0.825,0.864341085,0.08574999999999995,0.22174999999999995,0.011499999999999955
0,1,1,RF-C,5,X1,0.1925,0.8075,0.856074766,0.07425,0.197,0.005749999999999989
0,1,1,RF-C,5,X2,0.1575,0.8425,0.876712329,0.10675000000000001,0.23375000000000004,0.010750000000000015
0,1,1,XGBoost-C,5,W1,0.2025,0.755,0.81509434,0.032750000000000015,0.1555,-0.014249999999999985
0,1,1,XGBoost-C,5,W2,0.1825,0.7625,0.814814815,0.04774999999999996,0.15349999999999994,-0.017500000000000036
0,1,1,XGBoost-C,5,X1,0.195,0.7725,0.826003824,0.07274999999999998,0.17499999999999996,-0.00850000000000004
0,1,1,XGBoost-C,5,X2,0.1625,0.8025,0.842942346,0.07974999999999997,0.2085,0.025500000000000012
0,1,1,MLP-C,5,W1,0.1975,0.8025,0.850094877,0.06399999999999999,0.2015,0.00824999999999998
0,1,1,MLP-C,5,W2,0.1775,0.8225,0.865275142,0.06450000000000002,0.22549999999999998,0.00375000000000002
0,1,1,MLP-C,5,X1,0.195,0.805,0.851711027,0.07700000000000004,0.19925000000000007,-0.0017499999999999849
0,1,1,MLP-C,5,X2,0.1525,0.8475,0.880626223,0.11325000000000003,0.24075000000000008,0.0022500000000000298
0,1,1,LogReg,6,W1,0.2175,0.7825,0.833013436,0.05549999999999997,0.21475,0.0027499999999999526
0,1,1,LogReg,6,W2,0.195,0.805,0.848249027,0.08525000000000006,0.21675000000000005,0.0005000000000000227
0,1,1,LogReg,6,X1,0.19,0.81,0.853846154,0.08400000000000005,0.23225000000000007,0.00025000000000000575
0,1,1,LogReg,6,X2,0.155,0.845,0.876984127,0.13799999999999996,0.23625,0.0022499999999999742
0,1,1,SVC,6,W1,0.215,0.7675,0.824858757,0.04474999999999997,0.19599999999999995,-0.009750000000000047
0,1,1,SVC,6,W2,0.21,0.7875,0.833005894,0.06824999999999999,0.20224999999999996,-0.002250000000000041
0,1,1,SVC,6,X1,0.1925,0.785,0.835877863,0.06275000000000003,0.20800000000000005,-0.013499999999999979
0,1,1,SVC,6,X2,0.1575,0.8425,0.877192982,0.13725000000000004,0.22200000000000003,0.006000000000000028
0,1,1,RF-C,6,W1,0.225,0.775,0.826254826,0.055000000000000014,0.20700000000000002,0.013000000000000034
0,1,1,RF-C,6,W2,0.215,0.785,0.825203252,0.07075000000000002,0.21150000000000008,0.014000000000000023
0,1,1,RF-C,6,X1,0.2125,0.7875,0.838095238,0.05224999999999996,0.22224999999999998,-0.0060000000000000496
0,1,1,RF-C,6,X2,0.1675,0.8325,0.867850099,0.13125000000000003,0.21200000000000005,0.013000000000000034
0,1,1,XGBoost-C,6,W1,0.2125,0.7325,0.793834297,0.027750000000000052,0.16950000000000004,-0.0027499999999999747
0,1,1,XGBoost-C,6,W2,0.2,0.7625,0.808853119,0.07149999999999995,0.18774999999999994,0.0047499999999999435
0,1,1,XGBoost-C,6,X1,0.21,0.74,0.798449612,0.030999999999999993,0.16549999999999998,-0.019999999999999973
0,1,1,XGBoost-C,6,X2,0.165,0.7975,0.83503055,0.09874999999999998,0.19649999999999998,0.010249999999999992
0,1,1,MLP-C,6,W1,0.2175,0.7825,0.832369942,0.05649999999999996,0.21724999999999994,0.006999999999999973
0,1,1,MLP-C,6,W2,0.205,0.795,0.836653386,0.07850000000000004,0.20575000000000004,0.0040000000000000365
0,1,1,MLP-C,6,X1,0.19,0.81,0.853281853,0.08925000000000005,0.23425000000000007,0.005750000000000033
0,1,1,MLP-C,6,X2,0.1475,0.8525,0.882703777,0.14450000000000002,0.23675000000000002,0.007000000000000029
0,1,1,LogReg,7,W1,0.175,0.825,0.864864865,0.06474999999999995,0.2462499999999999,0.007249999999999967
0,1,1,LogReg,7,W2,0.1975,0.8025,0.852336449,0.05699999999999998,0.21999999999999992,0.002249999999999952
0,1,1,LogReg,7,X1,0.1675,0.8325,0.871892925,0.079,0.24850000000000003,0.002000000000000035
0,1,1,LogReg,7,X2,0.1775,0.8225,0.868761553,0.09575,0.22600000000000003,0.0
0,1,1,SVC,7,W1,0.1775,0.81,0.853846154,0.05200000000000006,0.23600000000000007,-0.005499999999999949
0,1,1,SVC,7,W2,0.1975,0.7875,0.843462247,0.04099999999999997,0.20274999999999999,-0.010000000000000031
0,1,1,SVC,7,X1,0.175,0.8225,0.862669246,0.06875,0.2445,-0.007749999999999968
0,1,1,SVC,7,X2,0.18,0.8125,0.861367837,0.08775,0.2125,-0.0032499999999999864
0,1,1,RF-C,7,W1,0.1775,0.8225,0.860510806,0.069,0.26325000000000004,0.02074999999999998
0,1,1,RF-C,7,W2,0.185,0.815,0.862453532,0.07074999999999995,0.2312499999999999,-0.0040000000000000365
0,1,1,RF-C,7,X1,0.1725,0.8275,0.864440079,0.07525000000000001,0.24175,0.012500000000000022
0,1,1,RF-C,7,X2,0.175,0.825,0.868421053,0.10099999999999994,0.23474999999999996,0.010499999999999954
0,1,1,XGBoost-C,7,W1,0.1825,0.775,0.822134387,0.03500000000000003,0.21175000000000002,-0.006999999999999984
0,1,1,XGBoost-C,7,W2,0.1775,0.785,0.834615385,0.055750000000000036,0.21175000000000005,-0.006999999999999984
0,1,1,XGBoost-C,7,X1,0.1775,0.79,0.834645669,0.051500000000000025,0.20675000000000004,0.004750000000000043
0,1,1,XGBoost-C,7,X2,0.175,0.7825,0.832369942,0.06525,0.19324999999999998,0.0007499999999999729
0,1,1,MLP-C,7,W1,0.18,0.82,0.858823529,0.06299999999999994,0.24649999999999994,-0.0015000000000000234
0,1,1,MLP-C,7,W2,0.195,0.805,0.853932584,0.05875000000000004,0.2245,-0.0002499999999999947
0,1,1,MLP-C,7,X1,0.1625,0.8375,0.875239923,0.08825000000000002,0.2515,0.0030000000000000248
0,1,1,MLP-C,7,X2,0.1775,0.8225,0.868761553,0.0985,0.227,0.0007500000000000174
0,1,1,LogReg,8,W1,0.17,0.83,0.864,0.10999999999999996,0.22725,0.0024999999999999467
0,1,1,LogReg,8,W2,0.175,0.825,0.866412214,0.07574999999999994,0.246,-0.0005000000000000227
0,1,1,LogReg,8,X1,0.175,0.825,0.86328125,0.10574999999999994,0.20399999999999996,0.0
0,1,1,LogReg,8,X2,0.17,0.83,0.866666667,0.10124999999999995,0.23599999999999993,0.005499999999999982
0,1,1,SVC,8,W1,0.1675,0.81,0.853281853,0.08925000000000004,0.20575000000000004,-0.008749999999999935
0,1,1,SVC,8,W2,0.1725,0.8125,0.858223062,0.06600000000000002,0.22549999999999998,-0.006500000000000006
0,1,1,SVC,8,X1,0.18,0.8,0.843137255,0.08050000000000003,0.18825000000000003,-0.018749999999999944
0,1,1,SVC,8,X2,0.175,0.825,0.86381323,0.09599999999999995,0.23174999999999998,0.005749999999999977
0,1,1,RF-C,8,W1,0.1675,0.8325,0.867326733,0.11800000000000002,0.22875000000000006,0.004000000000000026
0,1,1,RF-C,8,W2,0.195,0.805,0.853383459,0.06325000000000006,0.22150000000000009,-0.0012499999999999734
0,1,1,RF-C,8,X1,0.1775,0.8225,0.857715431,0.10475000000000001,0.21875,0.007500000000000007
0,1,1,RF-C,8,X2,0.1825,0.8175,0.858252427,0.08549999999999999,0.23074999999999996,0.005499999999999982
0,1,1,XGBoost-C,8,W1,0.1625,0.77,0.817460317,0.06000000000000003,0.17625000000000002,-0.010499999999999976
0,1,1,XGBoost-C,8,W2,0.195,0.755,0.807843137,0.02699999999999999,0.18125000000000002,-0.01749999999999997
0,1,1,XGBoost-C,8,X1,0.1625,0.7825,0.822810591,0.07849999999999997,0.17775,-0.01050000000000002
0,1,1,XGBoost-C,8,X2,0.17,0.7975,0.83960396,0.08874999999999998,0.211,0.006999999999999984
0,1,1,MLP-C,8,W1,0.17,0.83,0.864,0.10999999999999996,0.22749999999999995,0.0024999999999999467
0,1,1,MLP-C,8,W2,0.165,0.835,0.873563218,0.08774999999999997,0.25599999999999995,0.004249999999999999
0,1,1,MLP-C,8,X1,0.175,0.825,0.858299595,0.10674999999999994,0.21524999999999994,0.0029999999999999693
0,1,1,MLP-C,8,X2,0.1725,0.8275,0.863905325,0.1,0.23325,0.006500000000000028
0,1,1,LogReg,9,W1,0.215,0.785,0.840740741,0.05025000000000003,0.213,0.0005000000000000337
0,1,1,LogReg,9,W2,0.225,0.775,0.832089552,0.02350000000000002,0.19425000000000003,-0.010249999999999992
0,1,1,LogReg,9,X1,0.205,0.795,0.850909091,0.05800000000000003,0.20750000000000002,0.012250000000000028
0,1,1,LogReg,9,X2,0.185,0.815,0.865454545,0.07749999999999993,0.20849999999999996,0.0012499999999999512
0,1,1,SVC,9,W1,0.2175,0.77,0.830258303,0.03625000000000002,0.1965,-0.005249999999999977
0,1,1,SVC,9,W2,0.22,0.7775,0.838475499,0.03249999999999997,0.18224999999999997,-0.003250000000000042
0,1,1,SVC,9,X1,0.225,0.7775,0.833020638,0.04549999999999995,0.19749999999999995,-0.0005000000000000115
0,1,1,SVC,9,X2,0.1825,0.815,0.862962963,0.07774999999999996,0.2062499999999999,0.0009999999999999564
0,1,1,RF-C,9,W1,0.2175,0.7825,0.836772983,0.043999999999999984,0.21524999999999994,0.005999999999999994
0,1,1,RF-C,9,W2,0.2025,0.7975,0.852994555,0.03374999999999999,0.20599999999999996,0.013749999999999984
0,1,1,RF-C,9,X1,0.1975,0.8025,0.851782364,0.06799999999999998,0.22999999999999998,0.005499999999999982
0,1,1,RF-C,9,X2,0.195,0.805,0.856088561,0.05925000000000004,0.19750000000000004,0.006250000000000033
0,1,1,XGBoost-C,9,W1,0.2175,0.7425,0.798434442,0.026000000000000058,0.17975000000000002,-0.01224999999999995
0,1,1,XGBoost-C,9,W2,0.2175,0.745,0.808270677,0.023999999999999987,0.18,-0.019499999999999983
0,1,1,XGBoost-C,9,X1,0.2,0.7525,0.812144213,0.03299999999999994,0.17149999999999993,-0.02050000000000004
0,1,1,XGBoost-C,9,X2,0.195,0.77,0.821705426,0.052250000000000005,0.18175000000000002,-0.017499999999999995
0,1,1,MLP-C,9,W1,0.21,0.79,0.843283582,0.05375000000000002,0.22100000000000003,0.0015000000000000347
0,1,1,MLP-C,9,W2,0.2075,0.7925,0.846580407,0.03849999999999998,0.21025,0.005499999999999982
0,1,1,MLP-C,9,X1,0.2125,0.7875,0.837476099,0.05874999999999998,0.20325,0.010499999999999987
0,1,1,MLP-C,9,X2,0.1825,0.8175,0.86654479,0.07624999999999998,0.19925,0.01399999999999999
0,1,1,LogReg,10,W1,0.2025,0.7975,0.852459016,0.06649999999999998,0.19025000000000003,0.005249999999999966
0,1,1,LogReg,10,W2,0.1875,0.8125,0.858757062,0.08399999999999999,0.21674999999999994,0.00249999999999998
0,1,1,LogReg,10,X1,0.195,0.805,0.853383459,0.08175000000000006,0.20125,0.0015000000000000347
0,1,1,LogReg,10,X2,0.1825,0.8175,0.857699805,0.091,0.20700000000000002,0.0032500000000000194
0,1,1,SVC,10,W1,0.21,0.785,0.842490842,0.058250000000000024,0.18450000000000003,-0.001499999999999968
0,1,1,SVC,10,W2,0.185,0.805,0.855018587,0.06950000000000006,0.20825000000000005,0.0007500000000000395
0,1,1,SVC,10,X1,0.1975,0.7825,0.841530055,0.06049999999999998,0.17274999999999996,-0.005750000000000022
0,1,1,SVC,10,X2,0.185,0.8175,0.8630394,0.08499999999999999,0.19624999999999998,0.007999999999999997
0,1,1,RF-C,10,W1,0.205,0.795,0.847583643,0.07825000000000003,0.20175000000000004,-0.004249999999999976
0,1,1,RF-C,10,W2,0.185,0.815,0.860377358,0.08124999999999996,0.22074999999999995,0.006749999999999934
0,1,1,RF-C,10,X1,0.205,0.795,0.848148148,0.07650000000000004,0.18950000000000006,-0.00024999999999996135
0,1,1,RF-C,10,X2,0.1825,0.8175,0.86252354,0.08925,0.20425,0.019999999999999997
0,1,1,XGBoost-C,10,W1,0.1975,0.7675,0.822179732,0.07349999999999998,0.18199999999999997,-0.01075000000000006
0,1,1,XGBoost-C,10,W2,0.18,0.775,0.823529412,0.06050000000000001,0.18250000000000005,0.000250000000000028
0,1,1,XGBoost-C,10,X1,0.205,0.755,0.812977099,0.05500000000000001,0.151,-0.004999999999999982
0,1,1,XGBoost-C,10,X2,0.185,0.795,0.83984375,0.08675000000000005,0.19025000000000003,0.015250000000000041
0,1,1,MLP-C,10,W1,0.2025,0.7975,0.845714286,0.06849999999999999,0.21174999999999997,0.00449999999999996
0,1,1,MLP-C,10,W2,0.1825,0.8175,0.860952381,0.09375000000000001,0.22599999999999998,0.030499999999999982
0,1,1,MLP-C,10,X1,0.1925,0.8075,0.854990584,0.08574999999999999,0.20774999999999996,0.002749999999999986
0,1,1,MLP-C,10,X2,0.1825,0.8175,0.857699805,0.091,0.20700000000000002,0.003750000000000009
0,1,2,LogReg,1,W1,0.1875,0.8125,0.844720497,0.1845,0.16275,0.00724999999999999
0,1,2,LogReg,1,W2,0.205,0.795,0.833333333,0.16225000000000006,0.16100000000000006,0.0
0,1,2,LogReg,1,X1,0.1625,0.8375,0.868154158,0.21725,0.16775,0.006000000000000017
0,1,2,LogReg,1,X2,0.1375,0.8625,0.887063655,0.24400000000000008,0.16925000000000004,0.004500000000000037
0,1,2,SVC,1,W1,0.17,0.8275,0.858316222,0.20550000000000002,0.177,0.027749999999999997
0,1,2,SVC,1,W2,0.21,0.785,0.825203252,0.15725000000000006,0.14825000000000005,0.0017500000000000404
0,1,2,SVC,1,X1,0.16,0.8375,0.865979381,0.22149999999999997,0.17,0.00425000000000002
0,1,2,SVC,1,X2,0.12,0.87,0.891666667,0.25575000000000003,0.17875000000000005,0.00924999999999998
0,1,2,RF-C,1,W1,0.195,0.805,0.838174274,0.18875000000000006,0.16900000000000004,0.019250000000000045
0,1,2,RF-C,1,W2,0.215,0.785,0.821576763,0.15975000000000006,0.14825000000000005,0.006000000000000038
0,1,2,RF-C,1,X1,0.16,0.84,0.866108787,0.22924999999999995,0.17874999999999996,0.011499999999999965
0,1,2,RF-C,1,X2,0.1325,0.8675,0.88981289,0.25100000000000006,0.16650000000000004,0.013500000000000045
0,1,2,XGBoost-C,1,W1,0.1825,0.7775,0.809421842,0.16424999999999995,0.15024999999999994,0.01124999999999996
0,1,2,XGBoost-C,1,W2,0.2125,0.7375,0.785276074,0.12825000000000006,0.10125000000000006,-0.012999999999999956
0,1,2,XGBoost-C,1,X1,0.1575,0.805,0.834042553,0.20200000000000004,0.14550000000000005,0.010250000000000037
0,1,2,XGBoost-C,1,X2,0.14,0.845,0.869747899,0.22699999999999995,0.15775,0.013749999999999984
0,1,2,MLP-C,1,W1,0.18,0.82,0.852459016,0.18999999999999995,0.16574999999999993,0.014249999999999919
0,1,2,MLP-C,1,W2,0.205,0.795,0.833333333,0.162,0.16050000000000003,0.0
0,1,2,MLP-C,1,X1,0.16,0.84,0.868312757,0.22199999999999998,0.176,0.002249999999999963
0,1,2,MLP-C,1,X2,0.1325,0.8675,0.890721649,0.25100000000000006,0.17350000000000007,0.007750000000000046
0,1,2,LogReg,2,W1,0.2075,0.7925,0.840690979,0.14375,0.133,0.003999999999999981
0,1,2,LogReg,2,W2,0.2125,0.7875,0.834951456,0.12024999999999997,0.15174999999999997,-0.0005000000000000227
0,1,2,LogReg,2,X1,0.1475,0.8525,0.887189293,0.203,0.17125000000000004,0.003000000000000036
0,1,2,LogReg,2,X2,0.15,0.85,0.885057471,0.194,0.17274999999999996,0.0019999999999999797
0,1,2,SVC,2,W1,0.195,0.7875,0.838709677,0.13924999999999996,0.12325,0.0004999999999999672
0,1,2,SVC,2,W2,0.21,0.775,0.826254826,0.10500000000000002,0.14150000000000001,-0.011749999999999972
0,1,2,SVC,2,X1,0.1525,0.8425,0.878143133,0.19375000000000003,0.16150000000000003,-0.005749999999999989
0,1,2,SVC,2,X2,0.1675,0.83,0.866141732,0.17849999999999996,0.16024999999999995,-0.004000000000000026
0,1,2,RF-C,2,W1,0.2025,0.7975,0.846880907,0.14325000000000002,0.13875,0.005999999999999983
0,1,2,RF-C,2,W2,0.215,0.785,0.833976834,0.11925000000000004,0.14750000000000005,0.005750000000000022
0,1,2,RF-C,2,X1,0.1525,0.8475,0.882917466,0.20575000000000004,0.16175000000000006,0.009000000000000041
0,1,2,RF-C,2,X2,0.16,0.84,0.874015748,0.19124999999999998,0.16349999999999998,0.00249999999999998
0,1,2,XGBoost-C,2,W1,0.2025,0.7525,0.806262231,0.11449999999999996,0.11174999999999993,-0.01700000000000005
0,1,2,XGBoost-C,2,W2,0.205,0.75,0.800796813,0.097,0.12375000000000003,-0.00824999999999999
0,1,2,XGBoost-C,2,X1,0.16,0.8125,0.852652259,0.177,0.1425,0.00724999999999999
0,1,2,XGBoost-C,2,X2,0.16,0.825,0.860557769,0.1809999999999999,0.16299999999999995,0.002749999999999986
0,1,2,MLP-C,2,W1,0.2,0.8,0.846743295,0.15875000000000006,0.13425000000000004,0.0
0,1,2,MLP-C,2,W2,0.2025,0.7975,0.838966203,0.12349999999999998,0.16475,0.004999999999999982
0,1,2,MLP-C,2,X1,0.155,0.845,0.877470356,0.20224999999999999,0.16599999999999998,0.0002499999999999947
0,1,2,MLP-C,2,X2,0.165,0.835,0.870588235,0.184,0.16524999999999995,0.002499999999999991
0,1,2,LogReg,3,W1,0.1825,0.8175,0.860952381,0.1465,0.17000000000000007,0.004250000000000009
0,1,2,LogReg,3,W2,0.205,0.795,0.834677419,0.14025000000000004,0.15950000000000006,0.0022500000000000298
0,1,2,LogReg,3,X1,0.14,0.86,0.88976378,0.19699999999999998,0.19549999999999995,0.0049999999999999715
0,1,2,LogReg,3,X2,0.12,0.88,0.903225806,0.24474999999999997,0.17925,0.0035000000000000252
0,1,2,SVC,3,W1,0.1925,0.8075,0.852772467,0.14225,0.156,-0.0032499999999999972
0,1,2,SVC,3,W2,0.22,0.77,0.808333333,0.13400000000000006,0.13500000000000006,-0.005499999999999972
0,1,2,SVC,3,X1,0.1425,0.845,0.88030888,0.176,0.18174999999999994,-0.002000000000000035
0,1,2,SVC,3,X2,0.13,0.865,0.887966805,0.23775000000000004,0.17,0.0019999999999999905
0,1,2,RF-C,3,W1,0.195,0.805,0.848837209,0.14225000000000004,0.14850000000000002,0.000500000000000067
0,1,2,RF-C,3,W2,0.23,0.77,0.81147541,0.1375,0.1315,-0.0014999999999999792
0,1,2,RF-C,3,X1,0.1475,0.8525,0.884086444,0.18700000000000006,0.184,0.015000000000000024
0,1,2,RF-C,3,X2,0.13,0.87,0.892116183,0.24325000000000002,0.1745,0.012749999999999984
0,1,2,XGBoost-C,3,W1,0.1775,0.7975,0.845124283,0.13374999999999998,0.14899999999999997,0.017249999999999998
0,1,2,XGBoost-C,3,W2,0.22,0.745,0.7875,0.12775,0.13224999999999998,0.005499999999999972
0,1,2,XGBoost-C,3,X1,0.1375,0.8275,0.863366337,0.16899999999999998,0.168,0.006000000000000028
0,1,2,XGBoost-C,3,X2,0.13,0.825,0.852320675,0.20599999999999996,0.13999999999999999,-0.0010000000000000453
0,1,2,MLP-C,3,W1,0.18,0.82,0.859375,0.14699999999999996,0.17024999999999996,0.006999999999999962
0,1,2,MLP-C,3,W2,0.21,0.79,0.825726141,0.14275,0.15900000000000003,0.004000000000000015
0,1,2,MLP-C,3,X1,0.1375,0.8625,0.891089109,0.19800000000000004,0.19750000000000006,0.0025000000000000356
0,1,2,MLP-C,3,X2,0.1225,0.8775,0.901010101,0.24574999999999997,0.17874999999999994,0.0012499999999999512
0,1,2,LogReg,4,W1,0.21,0.79,0.836575875,0.13625000000000007,0.14600000000000005,3.3306690738754695e-17
0,1,2,LogReg,4,W2,0.2125,0.7875,0.833659491,0.16075,0.12899999999999998,0.0017499999999999849
0,1,2,LogReg,4,X1,0.1675,0.8325,0.864097363,0.18625000000000003,0.17550000000000002,0.001000000000000012
0,1,2,LogReg,4,X2,0.1725,0.8275,0.861723447,0.20825,0.12600000000000003,-0.0029999999999999693
0,1,2,SVC,4,W1,0.2175,0.7775,0.825147348,0.12149999999999997,0.13524999999999995,-0.009500000000000041
0,1,2,SVC,4,W2,0.205,0.795,0.838582677,0.17175,0.14000000000000004,0.0007500000000000174
0,1,2,SVC,4,X1,0.17,0.8125,0.848484848,0.17124999999999999,0.15425,-0.001749999999999996
0,1,2,SVC,4,X2,0.1475,0.84,0.869918699,0.2205,0.13649999999999998,0.0019999999999999684
0,1,2,RF-C,4,W1,0.2225,0.7775,0.823762376,0.13074999999999995,0.13649999999999998,0.002499999999999991
0,1,2,RF-C,4,W2,0.21,0.79,0.833992095,0.17125000000000004,0.12675000000000003,0.006750000000000045
0,1,2,RF-C,4,X1,0.185,0.815,0.849593496,0.17624999999999996,0.15474999999999994,0.0027499999999999413
0,1,2,RF-C,4,X2,0.1575,0.8425,0.871165644,0.23225000000000007,0.13425000000000004,0.005500000000000038
0,1,2,XGBoost-C,4,W1,0.22,0.755,0.800813008,0.12174999999999998,0.12375000000000003,-0.0012499999999999955
0,1,2,XGBoost-C,4,W2,0.21,0.7275,0.783300199,0.12625000000000003,0.08550000000000005,-0.00924999999999997
0,1,2,XGBoost-C,4,X1,0.185,0.7875,0.826175869,0.15299999999999997,0.12325,-0.007250000000000023
0,1,2,XGBoost-C,4,X2,0.1575,0.8,0.834710744,0.19575000000000004,0.11100000000000006,-0.0017499999999999627
0,1,2,MLP-C,4,W1,0.2125,0.7875,0.828973843,0.13849999999999998,0.14975,0.002499999999999969
0,1,2,MLP-C,4,W2,0.2,0.8,0.832635983,0.17950000000000005,0.14575000000000005,0.008250000000000025
0,1,2,MLP-C,4,X1,0.1725,0.8275,0.859470468,0.17850000000000002,0.17775000000000002,-0.0007499999999999619
0,1,2,MLP-C,4,X2,0.1575,0.8425,0.863930886,0.23700000000000002,0.15075000000000002,2.2204460492503132e-17
0,1,2,LogReg,5,W1,0.165,0.835,0.866396761,0.19724999999999998,0.14899999999999997,0.0004999999999999894
0,1,2,LogReg,5,W2,0.2,0.8,0.84063745,0.18100000000000005,0.14150000000000004,0.006500000000000028
0,1,2,LogReg,5,X1,0.1525,0.8475,0.872651357,0.22700000000000004,0.13875,0.0005000000000000115
0,1,2,LogReg,5,X2,0.16,0.84,0.872,0.2365,0.13674999999999998,0.0022499999999999742
0,1,2,SVC,5,W1,0.1725,0.8275,0.857142857,0.1885,0.15050000000000002,0.006000000000000028
0,1,2,SVC,5,W2,0.195,0.79,0.834645669,0.16025000000000006,0.13400000000000004,-0.004499999999999971
0,1,2,SVC,5,X1,0.1575,0.8225,0.85177453,0.19424999999999998,0.12875,-0.004749999999999954
0,1,2,SVC,5,X2,0.165,0.8325,0.86185567,0.233,0.128,0.005750000000000033
0,1,2,RF-C,5,W1,0.1575,0.8425,0.869565217,0.20550000000000007,0.15925000000000003,0.016750000000000022
0,1,2,RF-C,5,W2,0.205,0.795,0.837944664,0.17625000000000002,0.13300000000000003,0.009500000000000031
0,1,2,RF-C,5,X1,0.15,0.85,0.876033058,0.22574999999999998,0.144,0.011249999999999982
0,1,2,RF-C,5,X2,0.155,0.845,0.869747899,0.24974999999999997,0.14225,0.007499999999999962
0,1,2,XGBoost-C,5,W1,0.1575,0.805,0.836820084,0.18450000000000005,0.12675000000000003,0.004000000000000048
0,1,2,XGBoost-C,5,W2,0.195,0.735,0.786290323,0.13799999999999996,0.10400000000000001,-0.02350000000000001
0,1,2,XGBoost-C,5,X1,0.1575,0.82,0.850622407,0.19899999999999993,0.11549999999999998,0.00024999999999995024
0,1,2,XGBoost-C,5,X2,0.155,0.82,0.850622407,0.22899999999999993,0.12649999999999992,-0.009000000000000041
0,1,2,MLP-C,5,W1,0.1625,0.8375,0.865424431,0.20225000000000004,0.16425000000000003,0.019750000000000024
0,1,2,MLP-C,5,W2,0.19,0.81,0.856060606,0.18550000000000008,0.14100000000000001,0.020750000000000025
0,1,2,MLP-C,5,X1,0.1525,0.8475,0.872651357,0.22600000000000006,0.13800000000000004,0.0
0,1,2,MLP-C,5,X2,0.16,0.84,0.867219917,0.238,0.14749999999999994,0.003999999999999971
0,1,2,LogReg,6,W1,0.1775,0.8225,0.857715431,0.15750000000000003,0.20400000000000001,0.0035000000000000252
0,1,2,LogReg,6,W2,0.24,0.76,0.804081633,0.15475,0.10499999999999998,-0.0017499999999999738
0,1,2,LogReg,6,X1,0.1575,0.8425,0.867924528,0.18825000000000003,0.20750000000000002,0.005000000000000049
0,1,2,LogReg,6,X2,0.155,0.845,0.87398374,0.24025,0.14075,-0.0007500000000000284
0,1,2,SVC,6,W1,0.1925,0.8075,0.843177189,0.146,0.19949999999999996,0.0067499999999999895
0,1,2,SVC,6,W2,0.23,0.7675,0.813627255,0.15799999999999995,0.11124999999999996,0.007499999999999984
0,1,2,SVC,6,X1,0.1525,0.8175,0.848861284,0.16075,0.18725,-0.005249999999999988
0,1,2,SVC,6,X2,0.145,0.8525,0.879345603,0.25200000000000006,0.14825000000000005,0.009250000000000026
0,1,2,RF-C,6,W1,0.1775,0.8225,0.85177453,0.17025,0.21550000000000002,-0.0012499999999999844
0,1,2,RF-C,6,W2,0.2325,0.7675,0.816568047,0.15949999999999995,0.10949999999999996,0.003999999999999981
0,1,2,RF-C,6,X1,0.16,0.84,0.866666667,0.18649999999999997,0.20425,-0.002750000000000019
0,1,2,RF-C,6,X2,0.1525,0.8475,0.872651357,0.25025000000000003,0.14800000000000002,0.0022500000000000298
0,1,2,XGBoost-C,6,W1,0.1725,0.78,0.80952381,0.14050000000000004,0.17625000000000005,0.010750000000000037
0,1,2,XGBoost-C,6,W2,0.2325,0.7325,0.779381443,0.13150000000000003,0.10725000000000004,-0.0034999999999999697
0,1,2,XGBoost-C,6,X1,0.1575,0.825,0.852941176,0.18974999999999995,0.19174999999999995,0.01599999999999996
0,1,2,XGBoost-C,6,X2,0.15,0.83,0.855319149,0.23324999999999996,0.1335,0.00249999999999998
0,1,2,MLP-C,6,W1,0.175,0.825,0.861111111,0.15924999999999995,0.20849999999999996,0.006249999999999978
0,1,2,MLP-C,6,W2,0.235,0.765,0.807377049,0.15975,0.11400000000000002,0.0017500000000000293
0,1,2,MLP-C,6,X1,0.155,0.845,0.868085106,0.19524999999999998,0.20824999999999996,0.004249999999999976
0,1,2,MLP-C,6,X2,0.155,0.845,0.87398374,0.2405,0.14049999999999999,-0.0007500000000000284
0,1,2,LogReg,7,W1,0.1925,0.8075,0.84057971,0.17375,0.15325,0.002499999999999958
0,1,2,LogReg,7,W2,0.19,0.81,0.850980392,0.13725000000000004,0.17425000000000007,0.00025000000000001686
0,1,2,LogReg,7,X1,0.155,0.845,0.873469388,0.22224999999999992,0.15724999999999997,0.002249999999999963
0,1,2,LogReg,7,X2,0.1575,0.8425,0.87063655,0.19250000000000003,0.16600000000000004,0.0007500000000000284
0,1,2,SVC,7,W1,0.1925,0.8025,0.836438923,0.16824999999999996,0.14899999999999997,-0.00375000000000002
0,1,2,SVC,7,W2,0.2,0.795,0.836,0.11775000000000002,0.16125000000000003,-0.007250000000000001
0,1,2,SVC,7,X1,0.1575,0.845,0.873469388,0.22374999999999998,0.15275,-0.0005000000000000337
0,1,2,SVC,7,X2,0.1575,0.83,0.859504132,0.17149999999999993,0.15999999999999998,-0.010750000000000037
0,1,2,RF-C,7,W1,0.2,0.8,0.836734694,0.16875000000000007,0.13925000000000004,-0.007249999999999967
0,1,2,RF-C,7,W2,0.1925,0.8075,0.843813387,0.12424999999999997,0.18275000000000002,0.0027499999999999747
0,1,2,RF-C,7,X1,0.1575,0.8425,0.872210953,0.20725000000000002,0.1665,0.0005000000000000449
0,1,2,RF-C,7,X2,0.1625,0.8375,0.867075665,0.17625000000000002,0.16725000000000004,0.01575000000000002
0,1,2,XGBoost-C,7,W1,0.205,0.77,0.808333333,0.14850000000000002,0.13375000000000004,-0.00974999999999997
0,1,2,XGBoost-C,7,W2,0.185,0.7775,0.819472617,0.11299999999999996,0.16224999999999995,0.007499999999999974
0,1,2,XGBoost-C,7,X1,0.1625,0.7675,0.803382664,0.15374999999999994,0.09474999999999996,-0.02750000000000006
0,1,2,XGBoost-C,7,X2,0.17,0.8075,0.843177189,0.15099999999999997,0.142,0.0019999999999999905
0,1,2,MLP-C,7,W1,0.19,0.81,0.841666667,0.17825000000000008,0.15800000000000006,0.003000000000000036
0,1,2,MLP-C,7,W2,0.19,0.81,0.850393701,0.13800000000000007,0.17950000000000005,0.0015000000000000347
0,1,2,MLP-C,7,X1,0.1525,0.8475,0.875255624,0.22575000000000003,0.16100000000000003,0.0015000000000000234
0,1,2,MLP-C,7,X2,0.15,0.85,0.876033058,0.20124999999999998,0.17399999999999993,0.002499999999999969
0,1,2,LogReg,8,W1,0.2175,0.7825,0.825651303,0.13499999999999995,0.12799999999999997,0.0029999999999999914
0,1,2,LogReg,8,W2,0.175,0.825,0.86,0.17699999999999996,0.17874999999999996,0.0004999999999999672
0,1,2,LogReg,8,X1,0.1675,0.8325,0.866799205,0.19725,0.15825,0.0017500000000000293
0,1,2,LogReg,8,X2,0.115,0.885,0.906122449,0.25349999999999995,0.17049999999999998,0.006250000000000033
0,1,2,SVC,8,W1,0.2075,0.785,0.829365079,0.13600000000000004,0.12625000000000003,0.0007500000000000174
0,1,2,SVC,8,W2,0.1775,0.815,0.856589147,0.16974999999999993,0.14824999999999994,0.008749999999999925
0,1,2,SVC,8,X1,0.1775,0.8175,0.852525253,0.18125,0.15,0.0032499999999999972
0,1,2,SVC,8,X2,0.1175,0.8825,0.905811623,0.25075,0.16874999999999993,0.005749999999999955
0,1,2,RF-C,8,W1,0.2,0.8,0.838709677,0.15675000000000003,0.14375000000000004,0.016250000000000032
0,1,2,RF-C,8,W2,0.1925,0.8075,0.848126233,0.16875,0.14625000000000002,0.01449999999999999
0,1,2,RF-C,8,X1,0.1625,0.8375,0.870259481,0.20375000000000001,0.17675000000000002,0.020750000000000036
0,1,2,RF-C,8,X2,0.11,0.89,0.912698413,0.26025000000000004,0.18175,0.01824999999999999
0,1,2,XGBoost-C,8,W1,0.21,0.7725,0.814663951,0.13274999999999998,0.12449999999999994,-2.2204460492503132e-17
0,1,2,XGBoost-C,8,W2,0.18,0.7625,0.804928131,0.13549999999999995,0.12849999999999998,-0.011500000000000033
0,1,2,XGBoost-C,8,X1,0.1625,0.8275,0.860606061,0.20600000000000002,0.17075,0.022250000000000002
0,1,2,XGBoost-C,8,X2,0.105,0.8625,0.890219561,0.24300000000000005,0.15575000000000006,0.013000000000000045
0,1,2,MLP-C,8,W1,0.1975,0.8025,0.835073069,0.17250000000000001,0.144,0.003999999999999981
0,1,2,MLP-C,8,W2,0.1775,0.8225,0.857142857,0.17550000000000004,0.17625000000000002,3.3306690738754695e-17
0,1,2,MLP-C,8,X1,0.1725,0.8275,0.860040568,0.20025000000000004,0.15100000000000002,0.008250000000000045
0,1,2,MLP-C,8,X2,0.1125,0.8875,0.90797546,0.25525,0.17374999999999993,0.0034999999999999697
0,1,2,LogReg,9,W1,0.19,0.81,0.846774194,0.14525000000000005,0.18375000000000002,0.0
0,1,2,LogReg,9,W2,0.1775,0.8225,0.858846918,0.18125,0.1645,0.006750000000000034
0,1,2,LogReg,9,X1,0.1625,0.8375,0.870259481,0.19150000000000003,0.18950000000000006,0.00375000000000002
0,1,2,LogReg,9,X2,0.11,0.89,0.911290323,0.25675000000000003,0.18300000000000002,0.00800000000000004
0,1,2,SVC,9,W1,0.195,0.8025,0.841683367,0.13474999999999998,0.178,-0.0005000000000000337
0,1,2,SVC,9,W2,0.1775,0.8075,0.848722986,0.1575,0.1565,0.00824999999999999
0,1,2,SVC,9,X1,0.1525,0.835,0.869047619,0.182,0.18975,-0.000250000000000028
0,1,2,SVC,9,X2,0.115,0.88,0.904,0.25200000000000006,0.16875,0.0017500000000000183
0,1,2,RF-C,9,W1,0.185,0.815,0.852,0.1459999999999999,0.19474999999999992,-0.0015000000000000124
0,1,2,RF-C,9,W2,0.185,0.815,0.853174603,0.17574999999999993,0.16749999999999995,0.013499999999999934
0,1,2,RF-C,9,X1,0.17,0.83,0.862903226,0.18524999999999997,0.18074999999999997,-0.00275000000000003
0,1,2,RF-C,9,X2,0.13,0.87,0.894736842,0.2515,0.16374999999999998,0.014249999999999995
0,1,2,XGBoost-C,9,W1,0.1725,0.76,0.806451613,0.12175000000000002,0.14175,-0.023999999999999987
0,1,2,XGBoost-C,9,W2,0.1825,0.7425,0.794411178,0.13150000000000003,0.10575000000000005,0.006500000000000039
0,1,2,XGBoost-C,9,X1,0.1725,0.8025,0.84040404,0.162,0.15575,0.0012499999999999955
0,1,2,XGBoost-C,9,X2,0.1225,0.86,0.889328063,0.24,0.15799999999999997,0.023750000000000004
0,1,2,MLP-C,9,W1,0.19,0.81,0.845528455,0.14825000000000005,0.18525000000000005,0.008250000000000025
0,1,2,MLP-C,9,W2,0.1775,0.8225,0.858846918,0.18075000000000002,0.164,0.006750000000000034
0,1,2,MLP-C,9,X1,0.16,0.84,0.872,0.19399999999999998,0.19374999999999995,0.005999999999999972
0,1,2,MLP-C,9,X2,0.11,0.89,0.911290323,0.258,0.18175000000000002,0.00750000000000004
0,1,2,LogReg,10,W1,0.19,0.81,0.845528455,0.17325000000000004,0.13950000000000004,0.005750000000000044
0,1,2,LogReg,10,W2,0.2375,0.7625,0.828209765,0.13399999999999995,0.09174999999999996,-0.0005000000000000337
0,1,2,LogReg,10,X1,0.145,0.855,0.884462151,0.22125,0.17850000000000002,0.005999999999999983
0,1,2,LogReg,10,X2,0.16,0.84,0.875968992,0.22049999999999997,0.12224999999999997,0.007749999999999968
0,1,2,SVC,10,W1,0.1975,0.79,0.837209302,0.14575000000000005,0.11575000000000002,-0.008999999999999963
0,1,2,SVC,10,W2,0.245,0.7425,0.807476636,0.12400000000000003,0.08275000000000005,-0.013999999999999947
0,1,2,SVC,10,X1,0.15,0.84,0.875486381,0.20399999999999996,0.16024999999999995,-0.0012500000000000289
0,1,2,SVC,10,X2,0.1525,0.8425,0.880455408,0.2245,0.11975000000000002,0.004750000000000032
0,1,2,RF-C,10,W1,0.1925,0.8075,0.850485437,0.16974999999999998,0.129,0.007749999999999979
0,1,2,RF-C,10,W2,0.2525,0.7475,0.806883365,0.13800000000000007,0.10075000000000005,0.009000000000000041
0,1,2,RF-C,10,X1,0.1475,0.8525,0.886319846,0.23000000000000004,0.16200000000000003,0.010750000000000037
0,1,2,RF-C,10,X2,0.1575,0.8425,0.876712329,0.23075,0.12100000000000004,0.012750000000000039
0,1,2,XGBoost-C,10,W1,0.19,0.7675,0.816568047,0.13999999999999999,0.11299999999999995,0.008749999999999957
0,1,2,XGBoost-C,10,W2,0.245,0.7125,0.77582846,0.09725,0.07375000000000001,-0.011499999999999965
0,1,2,XGBoost-C,10,X1,0.15,0.805,0.844621514,0.18750000000000006,0.13425000000000004,-0.00499999999999996
0,1,2,XGBoost-C,10,X2,0.16,0.8125,0.853228963,0.213,0.10800000000000001,0.005749999999999989
0,1,2,MLP-C,10,W1,0.1875,0.8125,0.847870183,0.1755,0.14150000000000001,0.00824999999999998
0,1,2,MLP-C,10,W2,0.2425,0.7575,0.81237911,0.14224999999999993,0.09499999999999995,0.000499999999999956
0,1,2,MLP-C,10,X1,0.145,0.855,0.884462151,0.22199999999999998,0.17825000000000002,0.005249999999999988
0,1,2,MLP-C,10,X2,0.1525,0.8475,0.879684418,0.23450000000000001,0.13100000000000006,0.009250000000000026
1,0,0,LogReg,1,W1,0.22,0.78,0.781456954,0.2301666666666667,0.0896666666666667,0.0
1,0,0,LogReg,1,W2,0.27,0.73,0.716783217,0.2033333333333333,0.03183333333333331,0.0
1,0,0,LogReg,1,X1,0.201666667,0.798333333,0.803889789,0.24916666666666668,0.08283333333333334,0.002166666666666672
1,0,0,LogReg,1,X2,0.176666667,0.823333333,0.821548822,0.2996666666666667,0.04950000000000003,0.000333333333333341
1,0,0,SVC,1,W1,0.223333333,0.773333333,0.777777778,0.2165,0.08983333333333333,-0.0025000000000000022
1,0,0,SVC,1,W2,0.275,0.723333333,0.706713781,0.19616666666666668,0.026500000000000044,0.0035000000000000473
1,0,0,SVC,1,X1,0.201666667,0.788333333,0.797448166,0.24266666666666667,0.07116666666666667,-0.004500000000000004
1,0,0,SVC,1,X2,0.176666667,0.815,0.809605489,0.2903333333333332,0.040166666666666614,-0.012500000000000044
1,0,0,RF-C,1,W1,0.213333333,0.786666667,0.790849673,0.2411666666666666,0.09516666666666661,0.011999999999999966
1,0,0,RF-C,1,W2,0.26,0.74,0.722419929,0.20749999999999996,0.04616666666666667,0.017166666666666653
1,0,0,RF-C,1,X1,0.193333333,0.806666667,0.813504823,0.25599999999999995,0.09366666666666663,0.009666666666666612
1,0,0,RF-C,1,X2,0.181666667,0.818333333,0.814310051,0.29300000000000004,0.04683333333333338,0.004333333333333367
1,0,0,XGBoost-C,1,W1,0.218333333,0.733333333,0.741100324,0.17983333333333323,0.06666666666666661,0.006166666666666598
1,0,0,XGBoost-C,1,W2,0.265,0.701666667,0.683185841,0.181,0.03333333333333331,0.007666666666666666
1,0,0,XGBoost-C,1,X1,0.203333333,0.773333333,0.781350482,0.22516666666666665,0.07549999999999998,-0.0011666666666666603
1,0,0,XGBoost-C,1,X2,0.185,0.783333333,0.778156997,0.25883333333333336,0.029166666666666674,-0.0013333333333333196
1,0,0,MLP-C,1,W1,0.22,0.78,0.781456954,0.23083333333333336,0.08933333333333335,0.0
1,0,0,MLP-C,1,W2,0.271666667,0.728333333,0.715532286,0.20233333333333342,0.030000000000000037,-0.0008333333333332971
1,0,0,MLP-C,1,X1,0.198333333,0.801666667,0.806504065,0.2538333333333333,0.0848333333333333,0.0029999999999999693
1,0,0,MLP-C,1,X2,0.173333333,0.826666667,0.821305842,0.30166666666666664,0.053666666666666675,0.0009999999999999898
1,0,0,LogReg,2,W1,0.23,0.77,0.77076412,0.22333333333333333,0.06183333333333334,-0.0001666666666666372
1,0,0,LogReg,2,W2,0.256666667,0.743333333,0.746710526,0.18849999999999995,0.05916666666666663,-0.0010000000000000343
1,0,0,LogReg,2,X1,0.186666667,0.813333333,0.813333333,0.26966666666666667,0.0701666666666667,0.0008333333333333415
1,0,0,LogReg,2,X2,0.173333333,0.826666667,0.831168831,0.27949999999999997,0.06433333333333333,0.005166666666666653
1,0,0,SVC,2,W1,0.228333333,0.761666667,0.758853288,0.2166666666666667,0.051166666666666714,-0.00366666666666664
1,0,0,SVC,2,W2,0.255,0.733333333,0.739413681,0.1833333333333333,0.04999999999999993,-0.007333333333333381
1,0,0,SVC,2,X1,0.185,0.806666667,0.805369128,0.2676666666666666,0.05849999999999998,-0.001333333333333353
1,0,0,SVC,2,X2,0.175,0.825,0.829268293,0.27583333333333326,0.06699999999999996,0.006333333333333302
1,0,0,RF-C,2,W1,0.225,0.775,0.771573604,0.244,0.05400000000000003,0.0035000000000000365
1,0,0,RF-C,2,W2,0.261666667,0.738333333,0.738768719,0.2081666666666666,0.039166666666666614,-0.0011666666666667047
1,0,0,RF-C,2,X1,0.18,0.82,0.821192053,0.2886666666666666,0.060666666666666626,0.0029999999999999584
1,0,0,RF-C,2,X2,0.163333333,0.836666667,0.841935484,0.304,0.06066666666666668,0.007833333333333336
1,0,0,XGBoost-C,2,W1,0.218333333,0.731666667,0.732113145,0.20316666666666666,0.04516666666666669,-0.002166666666666628
1,0,0,XGBoost-C,2,W2,0.245,0.718333333,0.7296,0.18016666666666667,0.0551666666666667,0.012833333333333386
1,0,0,XGBoost-C,2,X1,0.178333333,0.783333333,0.780405405,0.2435,0.060333333333333315,-0.0010000000000000009
1,0,0,XGBoost-C,2,X2,0.161666667,0.806666667,0.812903226,0.26783333333333337,0.06666666666666667,0.0026666666666666393
1,0,0,MLP-C,2,W1,0.223333333,0.776666667,0.777408638,0.2308333333333333,0.06749999999999995,0.005666666666666609
1,0,0,MLP-C,2,W2,0.251666667,0.748333333,0.751235585,0.19349999999999995,0.06599999999999996,-0.0008333333333333748
1,0,0,MLP-C,2,X1,0.185,0.815,0.81530782,0.2726666666666666,0.06999999999999995,0.0013333333333332641
1,0,0,MLP-C,2,X2,0.17,0.83,0.831125828,0.2846666666666666,0.06716666666666664,0.0001666666666666372
1,0,0,LogReg,3,W1,0.241666667,0.758333333,0.756302521,0.21499999999999994,0.044166666666666646,0.0008333333333333081
1,0,0,LogReg,3,W2,0.233333333,0.766666667,0.770491803,0.22900000000000004,0.05916666666666672,-0.009999999999999943
1,0,0,LogReg,3,X1,0.203333333,0.795,0.797364086,0.2531666666666667,0.05733333333333338,-0.0013333333333333086
1,0,0,LogReg,3,X2,0.16,0.84,0.84,0.31116666666666665,0.055833333333333304,-0.007666666666666699
1,0,0,SVC,3,W1,0.241666667,0.755,0.750424448,0.21133333333333332,0.04533333333333334,-0.007666666666666666
1,0,0,SVC,3,W2,0.218333333,0.775,0.776119403,0.23433333333333337,0.07066666666666668,0.0005000000000000449
1,0,0,SVC,3,X1,0.198333333,0.793333333,0.794701987,0.25000000000000006,0.057333333333333326,0.0003333333333333299
1,0,0,SVC,3,X2,0.156666667,0.831666667,0.831385643,0.3066666666666667,0.04650000000000001,-0.00883333333333335
1,0,0,RF-C,3,W1,0.23,0.77,0.773026316,0.23200000000000004,0.05266666666666668,0.019500000000000017
1,0,0,RF-C,3,W2,0.225,0.775,0.775374376,0.25033333333333335,0.05950000000000002,0.0035000000000000365
1,0,0,RF-C,3,X1,0.201666667,0.798333333,0.798668885,0.256,0.05616666666666666,0.008166666666666688
1,0,0,RF-C,3,X2,0.165,0.835,0.833613445,0.3105,0.04566666666666663,-0.006166666666666698
1,0,0,XGBoost-C,3,W1,0.235,0.763333333,0.765676568,0.22433333333333333,0.05949999999999996,0.018833333333333292
1,0,0,XGBoost-C,3,W2,0.22,0.74,0.742574257,0.21083333333333334,0.06349999999999999,-0.0001666666666666705
1,0,0,XGBoost-C,3,X1,0.196666667,0.775,0.780487805,0.22933333333333333,0.042666666666666665,0.003166666666666695
1,0,0,XGBoost-C,3,X2,0.156666667,0.818333333,0.819237148,0.2975,0.053166666666666695,0.00033333333333337436
1,0,0,MLP-C,3,W1,0.238333333,0.761666667,0.758853288,0.21833333333333335,0.04566666666666671,0.0031666666666667065
1,0,0,MLP-C,3,W2,0.216666667,0.783333333,0.782608696,0.24516666666666667,0.07633333333333331,0.008333333333333337
1,0,0,MLP-C,3,X1,0.2,0.8,0.800664452,0.2593333333333334,0.06283333333333338,0.002000000000000013
1,0,0,MLP-C,3,X2,0.16,0.84,0.840531561,0.31149999999999994,0.05549999999999998,-0.005166666666666708
1,0,0,LogReg,4,W1,0.243333333,0.756666667,0.74204947,0.21533333333333338,0.0421666666666667,0.002000000000000024
1,0,0,LogReg,4,W2,0.236666667,0.763333333,0.760135135,0.20716666666666664,0.060333333333333315,-0.0025000000000000356
1,0,0,LogReg,4,X1,0.193333333,0.806666667,0.797202797,0.2636666666666666,0.05299999999999997,0.009666666666666657
1,0,0,LogReg,4,X2,0.183333333,0.816666667,0.813559322,0.2685,0.05499999999999998,-0.003833333333333333
1,0,0,SVC,4,W1,0.24,0.758333333,0.741532977,0.21366666666666662,0.04283333333333329,-0.0008333333333333748
1,0,0,SVC,4,W2,0.233333333,0.763333333,0.758503401,0.20566666666666666,0.06199999999999998,-0.0036666666666666735
1,0,0,SVC,4,X1,0.193333333,0.796666667,0.785964912,0.2518333333333333,0.04266666666666663,-0.004166666666666719
1,0,0,SVC,4,X2,0.176666667,0.821666667,0.817094017,0.27266666666666667,0.057499999999999975,0.0023333333333333426
1,0,0,RF-C,4,W1,0.236666667,0.763333333,0.74822695,0.22349999999999995,0.034999999999999976,0.008333333333333304
1,0,0,RF-C,4,W2,0.228333333,0.771666667,0.763385147,0.22266666666666662,0.06433333333333327,0.00749999999999994
1,0,0,RF-C,4,X1,0.201666667,0.798333333,0.783542039,0.26916666666666667,0.03216666666666664,0.003833333333333333
1,0,0,RF-C,4,X2,0.17,0.83,0.825938567,0.2843333333333333,0.06949999999999996,0.016166666666666617
1,0,0,XGBoost-C,4,W1,0.223333333,0.74,0.731034483,0.1963333333333333,0.045166666666666654,0.004333333333333333
1,0,0,XGBoost-C,4,W2,0.228333333,0.751666667,0.752902156,0.1976666666666667,0.08233333333333338,0.025833333333333375
1,0,0,XGBoost-C,4,X1,0.183333333,0.788333333,0.776801406,0.24816666666666665,0.058333333333333334,0.007000000000000006
1,0,0,XGBoost-C,4,X2,0.171666667,0.808333333,0.804088586,0.26316666666666666,0.07083333333333335,0.008666666666666689
1,0,0,MLP-C,4,W1,0.228333333,0.771666667,0.742964353,0.22799999999999992,0.06216666666666661,0.009499999999999943
1,0,0,MLP-C,4,W2,0.231666667,0.768333333,0.760757315,0.21266666666666664,0.06566666666666666,0.0031666666666666397
1,0,0,MLP-C,4,X1,0.188333333,0.811666667,0.805507745,0.2673333333333333,0.058999999999999976,0.011166666666666648
1,0,0,MLP-C,4,X2,0.18,0.82,0.815068493,0.27266666666666656,0.05849999999999994,-0.003333333333333366
1,0,0,LogReg,5,W1,0.236666667,0.763333333,0.758503401,0.22616666666666668,0.050499999999999975,0.00033333333333330774
1,0,0,LogReg,5,W2,0.276666667,0.723333333,0.723333333,0.17150000000000004,0.04116666666666672,2.2204460492503132e-17
1,0,0,LogReg,5,X1,0.196666667,0.803333333,0.803986711,0.26533333333333337,0.05733333333333333,0.0
1,0,0,LogReg,5,X2,0.176666667,0.823333333,0.824503311,0.29016666666666663,0.06300000000000003,0.0008333333333333859
1,0,0,SVC,5,W1,0.236666667,0.763333333,0.755172414,0.22183333333333327,0.04866666666666662,0.0049999999999999715
1,0,0,SVC,5,W2,0.275,0.723333333,0.719594595,0.1728333333333334,0.04183333333333339,-0.0004999999999999672
1,0,0,SVC,5,X1,0.196666667,0.795,0.794657763,0.2561666666666667,0.04850000000000004,-0.0064999999999999615
1,0,0,SVC,5,X2,0.178333333,0.818333333,0.816806723,0.2848333333333333,0.05683333333333336,-0.001833333333333287
1,0,0,RF-C,5,W1,0.24,0.76,0.754266212,0.21866666666666665,0.04650000000000001,0.014333333333333354
1,0,0,RF-C,5,W2,0.25,0.75,0.743150685,0.19116666666666665,0.06466666666666665,0.03400000000000001
1,0,0,RF-C,5,X1,0.195,0.805,0.799313894,0.2736666666666667,0.05333333333333338,0.004833333333333379
1,0,0,RF-C,5,X2,0.186666667,0.813333333,0.810810811,0.2735,0.053166666666666695,0.018500000000000016
1,0,0,XGBoost-C,5,W1,0.233333333,0.73,0.721649485,0.19866666666666666,0.031999999999999994,0.0011666666666666492
1,0,0,XGBoost-C,5,W2,0.26,0.726666667,0.723905724,0.16300000000000003,0.05850000000000002,0.023333333333333352
1,0,0,XGBoost-C,5,X1,0.191666667,0.776666667,0.774410774,0.23866666666666664,0.05249999999999995,0.0028333333333332876
1,0,0,XGBoost-C,5,X2,0.19,0.791666667,0.789915966,0.24699999999999994,0.04116666666666663,0.0031666666666666397
1,0,0,MLP-C,5,W1,0.235,0.765,0.759795571,0.22716666666666666,0.05133333333333333,0.0016666666666666718
1,0,0,MLP-C,5,W2,0.263333333,0.736666667,0.740131579,0.18633333333333338,0.057500000000000016,0.00850000000000003
1,0,0,MLP-C,5,X1,0.191666667,0.808333333,0.810543657,0.2723333333333333,0.05716666666666668,-0.0031666666666666623
1,0,0,MLP-C,5,X2,0.176666667,0.823333333,0.824503311,0.28900000000000003,0.0631666666666667,0.0010000000000000564
1,0,0,LogReg,6,W1,0.216666667,0.783333333,0.780405405,0.22816666666666668,0.07783333333333332,0.001333333333333331
1,0,0,LogReg,6,W2,0.241666667,0.758333333,0.757929883,0.23099999999999996,0.05266666666666664,0.005666666666666642
1,0,0,LogReg,6,X1,0.19,0.81,0.807432432,0.2540000000000001,0.07933333333333338,0.0001666666666666927
1,0,0,LogReg,6,X2,0.176666667,0.823333333,0.819112628,0.292,0.06333333333333337,0.002666666666666706
1,0,0,SVC,6,W1,0.218333333,0.775,0.773109244,0.2208333333333333,0.06983333333333336,-0.004166666666666652
1,0,0,SVC,6,W2,0.243333333,0.758333333,0.756302521,0.2331666666666666,0.053666666666666626,0.008499999999999962
1,0,0,SVC,6,X1,0.191666667,0.798333333,0.793867121,0.246,0.07066666666666666,-0.002666666666666684
1,0,0,SVC,6,X2,0.178333333,0.808333333,0.797178131,0.2796666666666666,0.04483333333333335,-0.008333333333333314
1,0,0,RF-C,6,W1,0.218333333,0.781666667,0.778341794,0.23666666666666664,0.08266666666666662,0.006666666666666621
1,0,0,RF-C,6,W2,0.253333333,0.746666667,0.745819398,0.22900000000000004,0.030000000000000027,0.0015000000000000347
1,0,0,RF-C,6,X1,0.196666667,0.803333333,0.802675585,0.25333333333333335,0.07250000000000004,0.007833333333333336
1,0,0,RF-C,6,X2,0.185,0.815,0.80762565,0.2911666666666666,0.05483333333333329,0.00816666666666661
1,0,0,XGBoost-C,6,W1,0.221666667,0.741666667,0.741235392,0.18133333333333335,0.06633333333333337,0.010333333333333371
1,0,0,XGBoost-C,6,W2,0.245,0.703333333,0.696245734,0.1846666666666667,0.03450000000000005,-0.016666666666666653
1,0,0,XGBoost-C,6,X1,0.19,0.788333333,0.790082645,0.23066666666666666,0.07633333333333332,-0.004333333333333344
1,0,0,XGBoost-C,6,X2,0.186666667,0.77,0.759581882,0.2421666666666667,0.028500000000000025,-0.019166666666666665
1,0,0,MLP-C,6,W1,0.216666667,0.783333333,0.780405405,0.229,0.07683333333333332,0.0004999999999999894
1,0,0,MLP-C,6,W2,0.24,0.76,0.757575758,0.23333333333333334,0.055666666666666684,0.004666666666666664
1,0,0,MLP-C,6,X1,0.188333333,0.811666667,0.808149406,0.25616666666666665,0.08116666666666665,0.00466666666666663
1,0,0,MLP-C,6,X2,0.18,0.82,0.813148789,0.29016666666666663,0.05766666666666661,0.0044999999999999485
1,0,0,LogReg,7,W1,0.263333333,0.736666667,0.731292517,0.20883333333333337,0.03550000000000002,0.0015000000000000347
1,0,0,LogReg,7,W2,0.248333333,0.751666667,0.754530478,0.22683333333333336,0.04766666666666671,-0.0006666666666666043
1,0,0,LogReg,7,X1,0.226666667,0.773333333,0.772575251,0.24766666666666665,0.0443333333333333,-0.0025000000000000135
1,0,0,LogReg,7,X2,0.186666667,0.813333333,0.815181518,0.2961666666666667,0.06066666666666668,0.00016666666666668162
1,0,0,SVC,7,W1,0.258333333,0.738333333,0.728842832,0.21216666666666661,0.036666666666666625,0.0004999999999999782
1,0,0,SVC,7,W2,0.24,0.753333333,0.753333333,0.22583333333333327,0.04666666666666665,0.0028333333333332876
1,0,0,SVC,7,X1,0.221666667,0.783333333,0.778911565,0.25599999999999995,0.05866666666666666,0.008833333333333337
1,0,0,SVC,7,X2,0.186666667,0.805,0.807248764,0.2840000000000001,0.056000000000000036,-0.0021666666666666167
1,0,0,RF-C,7,W1,0.255,0.745,0.740237691,0.23183333333333328,0.021666666666666633,0.001333333333333331
1,0,0,RF-C,7,W2,0.226666667,0.773333333,0.772575251,0.2483333333333333,0.05666666666666664,0.02533333333333332
1,0,0,RF-C,7,X1,0.216666667,0.783333333,0.782608696,0.2603333333333333,0.05449999999999998,0.003666666666666685
1,0,0,RF-C,7,X2,0.183333333,0.816666667,0.818481848,0.29933333333333334,0.06033333333333331,0.011499999999999955
1,0,0,XGBoost-C,7,W1,0.256666667,0.728333333,0.725126476,0.2041666666666667,0.059833333333333384,0.009166666666666712
1,0,0,XGBoost-C,7,W2,0.241666667,0.735,0.739770867,0.205,0.05199999999999999,0.010666666666666658
1,0,0,XGBoost-C,7,X1,0.216666667,0.748333333,0.752052545,0.22666666666666666,0.04249999999999996,-0.013833333333333375
1,0,0,XGBoost-C,7,X2,0.181666667,0.795,0.798029557,0.2761666666666667,0.05416666666666672,0.014833333333333375
1,0,0,MLP-C,7,W1,0.261666667,0.738333333,0.73253833,0.21166666666666661,0.0336666666666666,0.0013333333333332975
1,0,0,MLP-C,7,W2,0.243333333,0.756666667,0.757475083,0.22833333333333342,0.053333333333333385,0.004500000000000037
1,0,0,MLP-C,7,X1,0.21,0.79,0.788590604,0.26366666666666666,0.061833333333333365,0.010000000000000042
1,0,0,MLP-C,7,X2,0.186666667,0.813333333,0.815181518,0.29666666666666675,0.06066666666666669,0.001333333333333353
1,0,0,LogReg,8,W1,0.218333333,0.781666667,0.770577933,0.23733333333333326,0.07016666666666661,-0.0021666666666667056
1,0,0,LogReg,8,W2,0.248333333,0.751666667,0.744425386,0.1996666666666667,0.05600000000000003,-0.0009999999999999564
1,0,0,LogReg,8,X1,0.155,0.845,0.840480274,0.30583333333333335,0.09249999999999999,0.0004999999999999672
1,0,0,LogReg,8,X2,0.15,0.85,0.847972973,0.3058333333333333,0.06566666666666666,0.00033333333333331885
1,0,0,SVC,8,W1,0.211666667,0.79,0.775800712,0.24800000000000008,0.07433333333333339,-0.0011666666666666158
1,0,0,SVC,8,W2,0.238333333,0.756666667,0.741134752,0.20550000000000007,0.0648333333333334,0.00716666666666671
1,0,0,SVC,8,X1,0.156666667,0.84,0.834482759,0.3005,0.08499999999999996,-4.4408920985006264e-17
1,0,0,SVC,8,X2,0.148333333,0.845,0.841025641,0.3015,0.06233333333333331,-0.0051666666666667195
1,0,0,RF-C,8,W1,0.211666667,0.788333333,0.773618538,0.24583333333333335,0.07099999999999998,0.0026666666666666726
1,0,0,RF-C,8,W2,0.233333333,0.766666667,0.759450172,0.2203333333333334,0.07516666666666674,0.01833333333333339
1,0,0,RF-C,8,X1,0.158333333,0.841666667,0.837049743,0.3063333333333333,0.08766666666666668,0.005999999999999994
1,0,0,RF-C,8,X2,0.14,0.86,0.857142857,0.3095,0.072,0.022833333333333306
1,0,0,XGBoost-C,8,W1,0.21,0.733333333,0.728813559,0.19083333333333327,0.05399999999999994,0.004666666666666597
1,0,0,XGBoost-C,8,W2,0.24,0.715,0.708688245,0.16066666666666665,0.047499999999999966,0.006333333333333313
1,0,0,XGBoost-C,8,X1,0.156666667,0.798333333,0.79245283,0.2605,0.06566666666666669,-0.013499999999999979
1,0,0,XGBoost-C,8,X2,0.14,0.836666667,0.834459459,0.287,0.06733333333333333,0.020833333333333336
1,0,0,MLP-C,8,W1,0.208333333,0.791666667,0.778761062,0.25549999999999995,0.07549999999999996,0.007166666666666632
1,0,0,MLP-C,8,W2,0.238333333,0.761666667,0.754716981,0.21150000000000002,0.0663333333333334,0.010500000000000042
1,0,0,MLP-C,8,X1,0.151666667,0.848333333,0.844444444,0.3078333333333334,0.0961666666666667,0.0001666666666666705
1,0,0,MLP-C,8,X2,0.143333333,0.856666667,0.85472973,0.31166666666666676,0.06933333333333336,0.005833333333333357
1,0,0,LogReg,9,W1,0.24,0.76,0.75257732,0.22983333333333333,0.067,-0.0018333333333333313
1,0,0,LogReg,9,W2,0.265,0.735,0.735440932,0.19716666666666666,0.057166666666666664,0.005333333333333312
1,0,0,LogReg,9,X1,0.195,0.805,0.797927461,0.271,0.08433333333333339,0.006666666666666698
1,0,0,LogReg,9,X2,0.16,0.84,0.843137255,0.30749999999999994,0.06633333333333331,0.0008333333333333081
1,0,0,SVC,9,W1,0.238333333,0.745,0.732984293,0.21116666666666664,0.057499999999999996,-0.008333333333333349
1,0,0,SVC,9,W2,0.265,0.735,0.736318408,0.19466666666666663,0.06116666666666665,-0.0005000000000000004
1,0,0,SVC,9,X1,0.198333333,0.798333333,0.791018998,0.265,0.08449999999999999,0.006666666666666665
1,0,0,SVC,9,X2,0.16,0.831666667,0.834154351,0.29583333333333334,0.05816666666666668,-0.006333333333333335
1,0,0,RF-C,9,W1,0.25,0.75,0.744897959,0.2206666666666667,0.06549999999999997,-0.002333333333333332
1,0,0,RF-C,9,W2,0.27,0.73,0.735294118,0.2013333333333333,0.04366666666666665,0.0008333333333333081
1,0,0,RF-C,9,X1,0.213333333,0.786666667,0.778546713,0.25216666666666665,0.06849999999999995,-0.004166666666666707
1,0,0,RF-C,9,X2,0.165,0.835,0.83797054,0.3058333333333333,0.05416666666666664,0.0014999999999999569
1,0,0,XGBoost-C,9,W1,0.251666667,0.7,0.689655172,0.1696666666666666,0.04283333333333329,-0.01716666666666672
1,0,0,XGBoost-C,9,W2,0.263333333,0.688333333,0.691927512,0.15500000000000003,0.052500000000000026,-0.006833333333333314
1,0,0,XGBoost-C,9,X1,0.203333333,0.755,0.746987952,0.223,0.04916666666666669,-0.011666666666666659
1,0,0,XGBoost-C,9,X2,0.171666667,0.798333333,0.79933665,0.27016666666666667,0.060333333333333336,-0.013000000000000012
1,0,0,MLP-C,9,W1,0.233333333,0.766666667,0.76109215,0.23483333333333337,0.06716666666666672,0.003666666666666718
1,0,0,MLP-C,9,W2,0.261666667,0.738333333,0.737018425,0.20066666666666663,0.05983333333333328,0.00666666666666661
1,0,0,MLP-C,9,X1,0.196666667,0.803333333,0.796551724,0.2701666666666666,0.0825,0.005333333333333345
1,0,0,MLP-C,9,X2,0.16,0.84,0.843137255,0.30633333333333324,0.06633333333333331,0.0016666666666666275
1,0,0,LogReg,10,W1,0.196666667,0.803333333,0.801346801,0.2501666666666667,0.08666666666666668,0.008166666666666678
1,0,0,LogReg,10,W2,0.21,0.79,0.793442623,0.2371666666666667,0.08416666666666671,0.001333333333333364
1,0,0,LogReg,10,X1,0.185,0.815,0.815920398,0.2656666666666666,0.06866666666666661,-0.0005000000000000449
1,0,0,LogReg,10,X2,0.176666667,0.823333333,0.829032258,0.2823333333333333,0.05683333333333335,0.004333333333333378
1,0,0,SVC,10,W1,0.195,0.806666667,0.800687285,0.25783333333333325,0.09049999999999997,0.0023333333333333097
1,0,0,SVC,10,W2,0.211666667,0.783333333,0.789644013,0.22799999999999998,0.08449999999999999,0.0016666666666666496
1,0,0,SVC,10,X1,0.186666667,0.81,0.808724832,0.2583333333333334,0.0643333333333334,-0.007499999999999929
1,0,0,SVC,10,X2,0.178333333,0.813333333,0.816993464,0.2783333333333334,0.04483333333333336,-0.005166666666666653
1,0,0,RF-C,10,W1,0.191666667,0.808333333,0.802065404,0.26083333333333336,0.08916666666666669,0.010833333333333351
1,0,0,RF-C,10,W2,0.22,0.78,0.787096774,0.22616666666666668,0.08750000000000004,0.009500000000000019
1,0,0,RF-C,10,X1,0.19,0.81,0.809364548,0.26133333333333336,0.06350000000000004,0.0018333333333333756
1,0,0,RF-C,10,X2,0.16,0.84,0.843648208,0.29850000000000004,0.07216666666666663,0.006999999999999962
1,0,0,XGBoost-C,10,W1,0.205,0.743333333,0.745874587,0.209,0.04266666666666662,0.002499999999999958
1,0,0,XGBoost-C,10,W2,0.216666667,0.715,0.71641791,0.1698333333333333,0.04733333333333328,-0.00850000000000003
1,0,0,XGBoost-C,10,X1,0.18,0.79,0.786440678,0.2471666666666667,0.05583333333333337,-0.0003333333333332966
1,0,0,XGBoost-C,10,X2,0.161666667,0.82,0.825806452,0.27749999999999997,0.07599999999999993,0.009666666666666612
1,0,0,MLP-C,10,W1,0.193333333,0.806666667,0.802721088,0.2548333333333333,0.09166666666666665,0.005999999999999972
1,0,0,MLP-C,10,W2,0.208333333,0.791666667,0.795417349,0.23816666666666664,0.08699999999999998,0.0006666666666666488
1,0,0,MLP-C,10,X1,0.181666667,0.818333333,0.819237148,0.2676666666666667,0.07416666666666669,0.00016666666666668162
1,0,0,MLP-C,10,X2,0.175,0.825,0.830371567,0.28816666666666657,0.05399999999999995,0.00283333333333331
1,0,1,LogReg,1,W1,0.201666667,0.798333333,0.793162393,0.07366666666666669,0.24516666666666667,0.0
1,0,1,LogReg,1,W2,0.223333333,0.776666667,0.771331058,0.0576666666666666,0.25066666666666665,0.0023333333333332984
1,0,1,LogReg,1,X1,0.196666667,0.803333333,0.797945205,0.09033333333333332,0.23833333333333334,-0.0005000000000000115
1,0,1,LogReg,1,X2,0.213333333,0.786666667,0.785234899,0.07833333333333328,0.2373333333333333,-0.00416666666666673
1,0,1,SVC,1,W1,0.198333333,0.801666667,0.796581197,0.07799999999999999,0.24933333333333332,0.0019999999999999684
1,0,1,SVC,1,W2,0.223333333,0.771666667,0.765008576,0.05233333333333325,0.2503333333333333,0.0008333333333332748
1,0,1,SVC,1,X1,0.19,0.811666667,0.805507745,0.09766666666666665,0.24816666666666665,0.008333333333333314
1,0,1,SVC,1,X2,0.208333333,0.791666667,0.789915966,0.08049999999999996,0.24433333333333335,0.0036666666666666293
1,0,1,RF-C,1,W1,0.195,0.805,0.804674457,0.09300000000000005,0.2503333333333334,0.012333333333333373
1,0,1,RF-C,1,W2,0.221666667,0.778333333,0.774193548,0.06733333333333331,0.259,0.011999999999999978
1,0,1,RF-C,1,X1,0.193333333,0.806666667,0.800687285,0.0708333333333333,0.262,0.006999999999999984
1,0,1,RF-C,1,X2,0.196666667,0.803333333,0.800675676,0.0906666666666667,0.2536666666666667,0.013166666666666682
1,0,1,XGBoost-C,1,W1,0.203333333,0.763333333,0.762541806,0.07566666666666665,0.22099999999999995,-0.003000000000000036
1,0,1,XGBoost-C,1,W2,0.218333333,0.751666667,0.748735245,0.05983333333333337,0.22733333333333333,-0.0003333333333332855
1,0,1,XGBoost-C,1,X1,0.191666667,0.758333333,0.752981261,0.06199999999999998,0.20716666666666664,-0.010833333333333361
1,0,1,XGBoost-C,1,X2,0.205,0.778333333,0.774193548,0.07983333333333334,0.22033333333333333,0.013833333333333319
1,0,1,MLP-C,1,W1,0.196666667,0.803333333,0.798634812,0.07799999999999999,0.2503333333333333,0.00216666666666665
1,0,1,MLP-C,1,W2,0.216666667,0.783333333,0.780405405,0.06583333333333331,0.26149999999999995,0.008833333333333327
1,0,1,MLP-C,1,X1,0.191666667,0.808333333,0.805414552,0.0996666666666667,0.24216666666666664,-0.0029999999999999805
1,0,1,MLP-C,1,X2,0.208333333,0.791666667,0.792013311,0.08199999999999996,0.24366666666666661,0.00366666666666664
1,0,1,LogReg,2,W1,0.18,0.82,0.813793103,0.09283333333333327,0.2748333333333333,0.004999999999999949
1,0,1,LogReg,2,W2,0.231666667,0.768333333,0.754850088,0.08449999999999998,0.20516666666666666,0.0009999999999999675
1,0,1,LogReg,2,X1,0.17,0.83,0.822916667,0.10599999999999996,0.27233333333333326,0.00466666666666663
1,0,1,LogReg,2,X2,0.215,0.785,0.779487179,0.11083333333333337,0.1935,-0.003833333333333311
1,0,1,SVC,2,W1,0.178333333,0.818333333,0.816806723,0.0996666666666667,0.2703333333333333,0.0040000000000000365
1,0,1,SVC,2,W2,0.231666667,0.76,0.746478873,0.07766666666666669,0.1985,-0.0010000000000000009
1,0,1,SVC,2,X1,0.163333333,0.828333333,0.824531516,0.10566666666666671,0.26883333333333337,0.0011666666666667158
1,0,1,SVC,2,X2,0.21,0.79,0.782758621,0.11916666666666668,0.1991666666666667,0.0025000000000000465
1,0,1,RF-C,2,W1,0.18,0.82,0.815068493,0.0993333333333333,0.27383333333333326,0.011499999999999955
1,0,1,RF-C,2,W2,0.241666667,0.758333333,0.746059545,0.07149999999999998,0.20299999999999999,0.0013333333333332975
1,0,1,RF-C,2,X1,0.186666667,0.813333333,0.807560137,0.09633333333333334,0.2616666666666667,0.007500000000000007
1,0,1,RF-C,2,X2,0.206666667,0.793333333,0.787671233,0.12866666666666665,0.20516666666666666,0.006833333333333347
1,0,1,XGBoost-C,2,W1,0.185,0.793333333,0.786206897,0.08283333333333331,0.2543333333333333,0.013333333333333353
1,0,1,XGBoost-C,2,W2,0.238333333,0.736666667,0.723776224,0.07883333333333334,0.17933333333333337,-0.001166666666666627
1,0,1,XGBoost-C,2,X1,0.183333333,0.781666667,0.774526678,0.08216666666666661,0.22949999999999995,-0.005166666666666686
1,0,1,XGBoost-C,2,X2,0.205,0.758333333,0.750430293,0.10449999999999997,0.17666666666666667,0.0013333333333333086
1,0,1,MLP-C,2,W1,0.176666667,0.823333333,0.818493151,0.0956666666666667,0.2781666666666667,0.006666666666666698
1,0,1,MLP-C,2,W2,0.231666667,0.768333333,0.754850088,0.08449999999999998,0.20549999999999996,0.00033333333333331885
1,0,1,MLP-C,2,X1,0.166666667,0.833333333,0.826388889,0.10916666666666672,0.2738333333333333,0.010500000000000032
1,0,1,MLP-C,2,X2,0.203333333,0.796666667,0.790378007,0.12783333333333327,0.2036666666666666,0.008333333333333314
1,0,1,LogReg,3,W1,0.206666667,0.793333333,0.798701299,0.08999999999999998,0.23666666666666672,0.001333333333333353
1,0,1,LogReg,3,W2,0.218333333,0.781666667,0.789727127,0.07333333333333329,0.23533333333333326,0.0009999999999999788
1,0,1,LogReg,3,X1,0.198333333,0.801666667,0.803953871,0.10833333333333331,0.23049999999999993,-0.00016666666666670382
1,0,1,LogReg,3,X2,0.191666667,0.808333333,0.814216478,0.10583333333333336,0.2375,-0.0006666666666666598
1,0,1,SVC,3,W1,0.21,0.78,0.788461538,0.07750000000000003,0.21950000000000003,-0.004833333333333289
1,0,1,SVC,3,W2,0.218333333,0.778333333,0.787878788,0.07166666666666666,0.22916666666666666,0.0001666666666666705
1,0,1,SVC,3,X1,0.183333333,0.81,0.817891374,0.11366666666666672,0.23616666666666672,0.0051666666666667195
1,0,1,SVC,3,X2,0.19,0.805,0.812199037,0.10366666666666671,0.2315000000000001,-0.0006666666666666265
1,0,1,RF-C,3,W1,0.213333333,0.786666667,0.797468354,0.07666666666666663,0.22966666666666663,0.0073333333333332916
1,0,1,RF-C,3,W2,0.218333333,0.781666667,0.789727127,0.08549999999999995,0.23149999999999996,0.0029999999999999584
1,0,1,RF-C,3,X1,0.193333333,0.806666667,0.814102564,0.10800000000000001,0.24216666666666664,0.010499999999999987
1,0,1,RF-C,3,X2,0.191666667,0.808333333,0.816,0.10783333333333336,0.23883333333333337,0.010666666666666658
1,0,1,XGBoost-C,3,W1,0.198333333,0.766666667,0.774919614,0.07900000000000004,0.21650000000000008,0.019500000000000052
1,0,1,XGBoost-C,3,W2,0.216666667,0.731666667,0.741573034,0.049666666666666706,0.187,-0.0043333333333333115
1,0,1,XGBoost-C,3,X1,0.188333333,0.775,0.779771615,0.0905,0.21683333333333338,0.013000000000000045
1,0,1,XGBoost-C,3,X2,0.195,0.791666667,0.8,0.10599999999999996,0.22833333333333333,0.02183333333333328
1,0,1,MLP-C,3,W1,0.206666667,0.793333333,0.800643087,0.09266666666666666,0.23383333333333334,0.0029999999999999914
1,0,1,MLP-C,3,W2,0.216666667,0.783333333,0.789644013,0.07600000000000001,0.23533333333333334,-0.001333333333333331
1,0,1,MLP-C,3,X1,0.188333333,0.811666667,0.818035427,0.11483333333333334,0.24033333333333334,0.008999999999999952
1,0,1,MLP-C,3,X2,0.185,0.815,0.818330606,0.1151666666666666,0.24216666666666664,0.004333333333333256
1,0,1,LogReg,4,W1,0.2,0.8,0.795221843,0.08800000000000005,0.23150000000000004,0.0018333333333333756
1,0,1,LogReg,4,W2,0.228333333,0.771666667,0.773553719,0.06433333333333327,0.21649999999999991,0.0034999999999999255
1,0,1,LogReg,4,X1,0.181666667,0.818333333,0.81618887,0.11350000000000002,0.23433333333333337,0.0015000000000000347
1,0,1,LogReg,4,X2,0.193333333,0.806666667,0.806666667,0.11199999999999999,0.22449999999999998,-0.004166666666666696
1,0,1,SVC,4,W1,0.198333333,0.795,0.785340314,0.08683333333333339,0.22450000000000006,-0.002333333333333287
1,0,1,SVC,4,W2,0.22,0.761666667,0.766721044,0.0591666666666667,0.2001666666666667,-0.003333333333333277
1,0,1,SVC,4,X1,0.181666667,0.811666667,0.808798646,0.1065,0.2251666666666666,-0.004833333333333345
1,0,1,SVC,4,X2,0.186666667,0.808333333,0.811783961,0.12116666666666669,0.22383333333333333,-0.004166666666666674
1,0,1,RF-C,4,W1,0.203333333,0.796666667,0.785211268,0.0888333333333333,0.22299999999999995,0.0001666666666666372
1,0,1,RF-C,4,W2,0.241666667,0.758333333,0.764227642,0.05233333333333329,0.2036666666666666,-0.00016666666666671494
1,0,1,RF-C,4,X1,0.183333333,0.816666667,0.807692308,0.11233333333333331,0.2328333333333333,-0.00033333333333335213
1,0,1,RF-C,4,X2,0.201666667,0.798333333,0.798668885,0.11616666666666668,0.20933333333333337,-0.0020000000000000018
1,0,1,XGBoost-C,4,W1,0.2,0.763333333,0.761744966,0.08716666666666663,0.19916666666666666,0.004166666666666641
1,0,1,XGBoost-C,4,W2,0.24,0.728333333,0.733224223,0.05366666666666672,0.17383333333333342,-0.015333333333333265
1,0,1,XGBoost-C,4,X1,0.173333333,0.746666667,0.741496599,0.0701666666666667,0.1786666666666667,-0.012999999999999956
1,0,1,XGBoost-C,4,X2,0.198333333,0.783333333,0.788273616,0.10783333333333331,0.2046666666666667,0.005499999999999982
1,0,1,MLP-C,4,W1,0.193333333,0.806666667,0.801369863,0.09216666666666665,0.23816666666666664,0.008833333333333327
1,0,1,MLP-C,4,W2,0.226666667,0.773333333,0.774834437,0.06466666666666666,0.21800000000000003,0.004666666666666641
1,0,1,MLP-C,4,X1,0.178333333,0.821666667,0.819561551,0.11566666666666667,0.23499999999999996,0.0025000000000000022
1,0,1,MLP-C,4,X2,0.191666667,0.808333333,0.808652246,0.11483333333333337,0.22599999999999998,-0.0020000000000000018
1,0,1,LogReg,5,W1,0.221666667,0.778333333,0.789889415,0.07849999999999999,0.207,0.002666666666666662
1,0,1,LogReg,5,W2,0.228333333,0.771666667,0.768189509,0.04366666666666662,0.23299999999999993,0.002333333333333265
1,0,1,LogReg,5,X1,0.216666667,0.783333333,0.792993631,0.08866666666666666,0.2038333333333333,0.0015000000000000234
1,0,1,LogReg,5,X2,0.2,0.8,0.8,0.08500000000000002,0.24300000000000005,0.0031666666666667065
1,0,1,SVC,5,W1,0.225,0.773333333,0.784810127,0.07299999999999998,0.20649999999999996,0.0021666666666666614
1,0,1,SVC,5,W2,0.223333333,0.765,0.765391015,0.039000000000000014,0.22883333333333336,-0.0044999999999999814
1,0,1,SVC,5,X1,0.223333333,0.771666667,0.778675283,0.07366666666666662,0.1963333333333333,-0.00666666666666671
1,0,1,SVC,5,X2,0.198333333,0.795,0.794657763,0.0871666666666667,0.23133333333333334,-0.0013333333333332975
1,0,1,RF-C,5,W1,0.223333333,0.776666667,0.785942492,0.0833333333333333,0.21566666666666662,0.02233333333333328
1,0,1,RF-C,5,W2,0.221666667,0.778333333,0.780165289,0.040999999999999995,0.25216666666666665,0.004000000000000015
1,0,1,RF-C,5,X1,0.215,0.785,0.7929374,0.08733333333333336,0.20900000000000002,0.0053333333333333895
1,0,1,RF-C,5,X2,0.198333333,0.801666667,0.800670017,0.08699999999999994,0.2411666666666666,0.0051666666666666415
1,0,1,XGBoost-C,5,W1,0.226666667,0.738333333,0.750397456,0.060833333333333295,0.17583333333333329,0.001166666666666627
1,0,1,XGBoost-C,5,W2,0.215,0.755,0.756218905,0.06766666666666667,0.22233333333333333,0.004999999999999993
1,0,1,XGBoost-C,5,X1,0.221666667,0.743333333,0.747540984,0.07066666666666663,0.17033333333333328,-0.0035000000000000365
1,0,1,XGBoost-C,5,X2,0.195,0.76,0.755932203,0.069,0.20433333333333334,-0.009999999999999976
1,0,1,MLP-C,5,W1,0.221666667,0.778333333,0.791208791,0.08033333333333333,0.20799999999999996,0.0
1,0,1,MLP-C,5,W2,0.218333333,0.781666667,0.772173913,0.05349999999999995,0.24349999999999997,0.00583333333333329
1,0,1,MLP-C,5,X1,0.21,0.79,0.800632911,0.09283333333333338,0.21450000000000005,0.011666666666666714
1,0,1,MLP-C,5,X2,0.198333333,0.801666667,0.801335559,0.08816666666666664,0.24399999999999994,0.0038333333333332885
1,0,1,LogReg,6,W1,0.22,0.78,0.783606557,0.05700000000000003,0.24233333333333337,0.001000000000000023
1,0,1,LogReg,6,W2,0.218333333,0.781666667,0.777589134,0.06133333333333326,0.24149999999999996,0.0044999999999999814
1,0,1,LogReg,6,X1,0.198333333,0.801666667,0.801335559,0.08999999999999994,0.24533333333333332,0.0016666666666666275
1,0,1,LogReg,6,X2,0.225,0.775,0.772344013,0.06533333333333335,0.21733333333333338,0.0025000000000000243
1,0,1,SVC,6,W1,0.208333333,0.788333333,0.786554622,0.06699999999999999,0.24666666666666665,0.005333333333333334
1,0,1,SVC,6,W2,0.215,0.775,0.772344013,0.06050000000000001,0.23616666666666672,0.0046666666666666965
1,0,1,SVC,6,X1,0.198333333,0.785,0.782462057,0.07883333333333337,0.2245,-0.013833333333333309
1,0,1,SVC,6,X2,0.225,0.775,0.773869347,0.07266666666666668,0.21516666666666667,0.002000000000000035
1,0,1,RF-C,6,W1,0.215,0.785,0.784641068,0.059166666666666666,0.2531666666666667,0.000666666666666682
1,0,1,RF-C,6,W2,0.218333333,0.781666667,0.778341794,0.053333333333333274,0.24616666666666664,0.010166666666666647
1,0,1,RF-C,6,X1,0.198333333,0.801666667,0.801996672,0.09716666666666665,0.2418333333333333,0.013166666666666627
1,0,1,RF-C,6,X2,0.211666667,0.788333333,0.784380306,0.06966666666666665,0.24050000000000002,0.0023333333333333426
1,0,1,XGBoost-C,6,W1,0.216666667,0.763333333,0.767213115,0.06666666666666662,0.2328333333333333,-0.0006666666666666932
1,0,1,XGBoost-C,6,W2,0.22,0.741666667,0.734133791,0.04300000000000002,0.21150000000000002,0.0018333333333333756
1,0,1,XGBoost-C,6,X1,0.198333333,0.78,0.77852349,0.0841666666666667,0.22483333333333336,0.011333333333333362
1,0,1,XGBoost-C,6,X2,0.205,0.765,0.76142132,0.07033333333333333,0.2106666666666667,0.000666666666666671
1,0,1,MLP-C,6,W1,0.216666667,0.783333333,0.786184211,0.06099999999999998,0.24533333333333332,0.0036666666666666627
1,0,1,MLP-C,6,W2,0.218333333,0.781666667,0.777589134,0.06133333333333326,0.24149999999999996,0.0044999999999999814
1,0,1,MLP-C,6,X1,0.196666667,0.803333333,0.802013423,0.09250000000000001,0.24766666666666676,0.000666666666666682
1,0,1,MLP-C,6,X2,0.221666667,0.778333333,0.774193548,0.067,0.2228333333333333,0.0025000000000000022
1,0,1,LogReg,7,W1,0.211666667,0.788333333,0.789386401,0.08316666666666665,0.2288333333333333,0.003833333333333344
1,0,1,LogReg,7,W2,0.233333333,0.766666667,0.756944444,0.06216666666666672,0.2183333333333334,-0.001999999999999935
1,0,1,LogReg,7,X1,0.176666667,0.823333333,0.825657895,0.13200000000000003,0.24800000000000005,0.007333333333333358
1,0,1,LogReg,7,X2,0.213333333,0.786666667,0.779310345,0.09016666666666664,0.21933333333333324,0.0003333333333332855
1,0,1,SVC,7,W1,0.208333333,0.785,0.785357737,0.07800000000000004,0.22816666666666668,-0.0008333333333333081
1,0,1,SVC,7,W2,0.226666667,0.763333333,0.75261324,0.056833333333333305,0.21516666666666664,-3.3306690738754695e-17
1,0,1,SVC,7,X1,0.178333333,0.808333333,0.809286899,0.11383333333333337,0.23466666666666672,-0.004500000000000004
1,0,1,SVC,7,X2,0.206666667,0.79,0.784246575,0.09516666666666672,0.22400000000000003,0.000500000000000056
1,0,1,RF-C,7,W1,0.211666667,0.788333333,0.787979967,0.0795,0.22916666666666669,0.005166666666666664
1,0,1,RF-C,7,W2,0.221666667,0.778333333,0.77186964,0.07533333333333334,0.2308333333333333,0.021166666666666657
1,0,1,RF-C,7,X1,0.196666667,0.803333333,0.802013423,0.09900000000000002,0.2378333333333334,-0.0023333333333333205
1,0,1,RF-C,7,X2,0.201666667,0.798333333,0.793867121,0.10266666666666668,0.2355,0.007666666666666655
1,0,1,XGBoost-C,7,W1,0.216666667,0.745,0.743718593,0.062,0.2006666666666667,-0.01016666666666668
1,0,1,XGBoost-C,7,W2,0.231666667,0.715,0.702608696,0.035499999999999976,0.1728333333333333,-0.013666666666666683
1,0,1,XGBoost-C,7,X1,0.19,0.751666667,0.752902156,0.07333333333333339,0.18750000000000006,-0.012666666666666637
1,0,1,XGBoost-C,7,X2,0.205,0.765,0.758147513,0.08866666666666669,0.20966666666666667,-0.0036666666666666627
1,0,1,MLP-C,7,W1,0.206666667,0.793333333,0.791946309,0.09016666666666666,0.23366666666666663,0.0058333333333333345
1,0,1,MLP-C,7,W2,0.226666667,0.773333333,0.766323024,0.06716666666666665,0.229,0.005666666666666631
1,0,1,MLP-C,7,X1,0.176666667,0.823333333,0.825657895,0.13200000000000006,0.2481666666666667,0.007333333333333358
1,0,1,MLP-C,7,X2,0.21,0.79,0.784982935,0.0936666666666667,0.2223333333333334,-0.001833333333333298
1,0,1,LogReg,8,W1,0.21,0.79,0.787878788,0.08150000000000003,0.238,0.0
1,0,1,LogReg,8,W2,0.21,0.79,0.795454545,0.05133333333333336,0.26,0.0001666666666666705
1,0,1,LogReg,8,X1,0.185,0.815,0.811544992,0.10733333333333328,0.24749999999999991,0.0013333333333332865
1,0,1,LogReg,8,X2,0.2,0.8,0.806451613,0.07233333333333337,0.2435000000000001,0.0011666666666667047
1,0,1,SVC,8,W1,0.201666667,0.783333333,0.77739726,0.06649999999999998,0.2348333333333333,-0.004166666666666663
1,0,1,SVC,8,W2,0.21,0.79,0.793442623,0.05183333333333336,0.2573333333333334,0.0016666666666667162
1,0,1,SVC,8,X1,0.183333333,0.81,0.804794521,0.10133333333333336,0.24200000000000008,-0.0021666666666666167
1,0,1,SVC,8,X2,0.19,0.801666667,0.807754443,0.07199999999999997,0.2478333333333333,0.0038333333333332885
1,0,1,RF-C,8,W1,0.206666667,0.793333333,0.787671233,0.07833333333333332,0.25349999999999995,0.007666666666666666
1,0,1,RF-C,8,W2,0.206666667,0.793333333,0.798701299,0.03933333333333332,0.26866666666666666,0.0005000000000000004
1,0,1,RF-C,8,X1,0.193333333,0.806666667,0.804713805,0.09899999999999999,0.2443333333333333,0.0026666666666666284
1,0,1,RF-C,8,X2,0.195,0.805,0.804674457,0.06516666666666673,0.267,0.004500000000000037
1,0,1,XGBoost-C,8,W1,0.205,0.753333333,0.753333333,0.05883333333333329,0.21549999999999994,-0.013833333333333387
1,0,1,XGBoost-C,8,W2,0.201666667,0.755,0.75862069,0.042333333333333334,0.21600000000000003,-0.00883333333333336
1,0,1,XGBoost-C,8,X1,0.188333333,0.765,0.76222597,0.05983333333333335,0.20983333333333337,-0.018499999999999996
1,0,1,XGBoost-C,8,X2,0.186666667,0.781666667,0.789049919,0.06583333333333327,0.23266666666666663,0.006166666666666621
1,0,1,MLP-C,8,W1,0.206666667,0.793333333,0.789830508,0.08149999999999999,0.24300000000000002,0.002833333333333343
1,0,1,MLP-C,8,W2,0.206666667,0.793333333,0.797385621,0.057666666666666665,0.2615,0.0056666666666666645
1,0,1,MLP-C,8,X1,0.176666667,0.823333333,0.820945946,0.11533333333333337,0.2571666666666667,0.006000000000000038
1,0,1,MLP-C,8,X2,0.193333333,0.806666667,0.811688312,0.07633333333333331,0.2533333333333333,0.00466666666666663
1,0,1,LogReg,9,W1,0.236666667,0.763333333,0.77672956,0.06366666666666664,0.20349999999999996,0.0
1,0,1,LogReg,9,W2,0.211666667,0.788333333,0.786554622,0.06566666666666668,0.24533333333333332,0.0
1,0,1,LogReg,9,X1,0.22,0.78,0.79047619,0.08833333333333337,0.20900000000000002,0.0031666666666667065
1,0,1,LogReg,9,X2,0.195,0.805,0.804674457,0.09800000000000006,0.22366666666666674,0.0
1,0,1,SVC,9,W1,0.235,0.761666667,0.774091627,0.06216666666666672,0.20750000000000007,0.00016666666666671494
1,0,1,SVC,9,W2,0.201666667,0.793333333,0.794019934,0.06833333333333333,0.2485,0.002000000000000013
1,0,1,SVC,9,X1,0.225,0.761666667,0.773375594,0.06900000000000005,0.1998333333333334,-0.009833333333333272
1,0,1,SVC,9,X2,0.186666667,0.806666667,0.811074919,0.09866666666666662,0.23199999999999993,0.002499999999999969
1,0,1,RF-C,9,W1,0.235,0.765,0.778649922,0.06216666666666668,0.2128333333333333,-0.0016666666666666496
1,0,1,RF-C,9,W2,0.198333333,0.801666667,0.801996672,0.08566666666666665,0.26066666666666666,0.019499999999999997
1,0,1,RF-C,9,X1,0.22,0.78,0.793103448,0.08183333333333334,0.21400000000000005,0.009000000000000041
1,0,1,RF-C,9,X2,0.186666667,0.813333333,0.818770227,0.09433333333333335,0.25433333333333336,0.0076666666666666775
1,0,1,XGBoost-C,9,W1,0.226666667,0.731666667,0.740740741,0.04666666666666667,0.1846666666666667,-0.008166666666666622
1,0,1,XGBoost-C,9,W2,0.206666667,0.745,0.742857143,0.06633333333333333,0.20799999999999996,-0.005000000000000016
1,0,1,XGBoost-C,9,X1,0.225,0.753333333,0.765822785,0.07433333333333328,0.17899999999999996,-0.003000000000000036
1,0,1,XGBoost-C,9,X2,0.186666667,0.79,0.792079208,0.10600000000000005,0.2348333333333334,0.014000000000000035
1,0,1,MLP-C,9,W1,0.231666667,0.768333333,0.781102362,0.06866666666666665,0.20933333333333332,0.0011666666666666381
1,0,1,MLP-C,9,W2,0.2,0.8,0.801324503,0.07483333333333339,0.25750000000000006,0.013333333333333386
1,0,1,MLP-C,9,X1,0.221666667,0.778333333,0.787878788,0.08749999999999998,0.20716666666666667,0.0033333333333333106
1,0,1,MLP-C,9,X2,0.193333333,0.806666667,0.809836066,0.1048333333333333,0.2291666666666666,0.003333333333333288
1,0,1,LogReg,10,W1,0.231666667,0.768333333,0.762393162,0.0693333333333333,0.21816666666666662,-0.0005000000000000227
1,0,1,LogReg,10,W2,0.24,0.76,0.763157895,0.08199999999999999,0.1995,0.0005000000000000004
1,0,1,LogReg,10,X1,0.226666667,0.773333333,0.768707483,0.07749999999999999,0.2185,-0.0030000000000000027
1,0,1,LogReg,10,X2,0.215,0.785,0.790243902,0.11550000000000002,0.19450000000000003,-0.00533333333333329
1,0,1,SVC,10,W1,0.233333333,0.763333333,0.758503401,0.06249999999999998,0.21366666666666662,-0.0021666666666666943
1,0,1,SVC,10,W2,0.235,0.751666667,0.75613748,0.07400000000000001,0.19150000000000006,-0.0016666666666666275
1,0,1,SVC,10,X1,0.226666667,0.77,0.765306122,0.07733333333333334,0.2125,-0.0043333333333333115
1,0,1,SVC,10,X2,0.211666667,0.786666667,0.794212219,0.1188333333333333,0.1961666666666666,-0.001666666666666694
1,0,1,RF-C,10,W1,0.23,0.77,0.766101695,0.052666666666666695,0.23600000000000004,0.0076666666666666775
1,0,1,RF-C,10,W2,0.25,0.75,0.757281553,0.07049999999999998,0.19183333333333333,0.010666666666666658
1,0,1,RF-C,10,X1,0.223333333,0.776666667,0.778145695,0.08016666666666661,0.22899999999999995,0.0029999999999999805
1,0,1,RF-C,10,X2,0.216666667,0.783333333,0.791666667,0.11166666666666666,0.19783333333333333,0.010333333333333338
1,0,1,XGBoost-C,10,W1,0.236666667,0.753333333,0.750841751,0.06299999999999997,0.2018333333333333,0.014333333333333299
1,0,1,XGBoost-C,10,W2,0.243333333,0.715,0.722852512,0.05499999999999998,0.15516666666666662,-0.016000000000000025
1,0,1,XGBoost-C,10,X1,0.218333333,0.748333333,0.741880342,0.05883333333333329,0.19899999999999998,-0.0003333333333333854
1,0,1,XGBoost-C,10,X2,0.218333333,0.765,0.763819095,0.10350000000000001,0.18633333333333332,0.012333333333333352
1,0,1,MLP-C,10,W1,0.23,0.77,0.76369863,0.06966666666666668,0.2186666666666667,0.0008333333333333526
1,0,1,MLP-C,10,W2,0.24,0.76,0.763157895,0.08199999999999999,0.1995,0.0008333333333333415
1,0,1,MLP-C,10,X1,0.215,0.785,0.771681416,0.08950000000000002,0.22866666666666674,0.003000000000000058
1,0,1,MLP-C,10,X2,0.198333333,0.801666667,0.808988764,0.13633333333333328,0.21249999999999997,0.005499999999999972
1,0,2,LogReg,1,W1,0.185,0.815,0.814691152,0.1711666666666666,0.17016666666666663,0.0024999999999999467
1,0,2,LogReg,1,W2,0.225,0.775,0.772344013,0.14916666666666673,0.14316666666666672,0.0035000000000000473
1,0,2,LogReg,1,X1,0.15,0.85,0.848484848,0.22149999999999997,0.1855,0.00366666666666664
1,0,2,LogReg,1,X2,0.148333333,0.851666667,0.851419032,0.24116666666666667,0.1445,0.001333333333333342
1,0,2,SVC,1,W1,0.185,0.803333333,0.802675585,0.15633333333333335,0.17099999999999999,-0.007166666666666666
1,0,2,SVC,1,W2,0.231666667,0.76,0.753424658,0.13733333333333336,0.13016666666666668,-0.006166666666666676
1,0,2,SVC,1,X1,0.151666667,0.828333333,0.826890756,0.19966666666666671,0.1651666666666667,-0.008166666666666645
1,0,2,SVC,1,X2,0.143333333,0.846666667,0.846153846,0.23866666666666667,0.14,-0.008999999999999998
1,0,2,RF-C,1,W1,0.183333333,0.816666667,0.815436242,0.1705,0.18633333333333332,0.00283333333333331
1,0,2,RF-C,1,W2,0.236666667,0.763333333,0.760135135,0.13699999999999996,0.1288333333333333,0.0001666666666666483
1,0,2,RF-C,1,X1,0.163333333,0.836666667,0.836666667,0.20983333333333337,0.16999999999999998,0.0028333333333333322
1,0,2,RF-C,1,X2,0.146666667,0.853333333,0.853333333,0.2388333333333334,0.14350000000000004,0.0010000000000000343
1,0,2,XGBoost-C,1,W1,0.18,0.783333333,0.784053156,0.14983333333333332,0.15616666666666665,-0.011666666666666681
1,0,2,XGBoost-C,1,W2,0.23,0.728333333,0.724196277,0.10800000000000005,0.10233333333333339,-0.00899999999999993
1,0,2,XGBoost-C,1,X1,0.16,0.805,0.804674457,0.17500000000000007,0.14700000000000008,-0.009333333333333282
1,0,2,XGBoost-C,1,X2,0.143333333,0.823333333,0.820338983,0.22000000000000003,0.12400000000000007,0.003333333333333366
1,0,2,MLP-C,1,W1,0.183333333,0.816666667,0.817275748,0.172,0.17266666666666666,0.002000000000000024
1,0,2,MLP-C,1,W2,0.225,0.775,0.778325123,0.14850000000000002,0.14300000000000002,0.002666666666666728
1,0,2,MLP-C,1,X1,0.145,0.855,0.85229202,0.22366666666666662,0.19366666666666665,0.004499999999999971
1,0,2,MLP-C,1,X2,0.146666667,0.853333333,0.852842809,0.2418333333333334,0.1458333333333334,0.0013333333333333975
1,0,2,LogReg,2,W1,0.225,0.775,0.775374376,0.15533333333333338,0.16350000000000003,-0.0016666666666666162
1,0,2,LogReg,2,W2,0.205,0.795,0.796694215,0.17166666666666672,0.16466666666666668,-0.001499999999999968
1,0,2,LogReg,2,X1,0.175,0.825,0.821124361,0.2081666666666666,0.18399999999999997,0.001166666666666627
1,0,2,LogReg,2,X2,0.158333333,0.841666667,0.843492586,0.2375,0.152,-0.000666666666666682
1,0,2,SVC,2,W1,0.218333333,0.776666667,0.778877888,0.14999999999999994,0.1671666666666666,-0.002000000000000046
1,0,2,SVC,2,W2,0.205,0.791666667,0.792703151,0.1653333333333333,0.16383333333333333,-0.0068333333333333805
1,0,2,SVC,2,X1,0.17,0.818333333,0.815566836,0.2001666666666667,0.17850000000000002,-0.0038333333333332997
1,0,2,SVC,2,X2,0.158333333,0.836666667,0.839344262,0.23233333333333334,0.14916666666666667,-0.005166666666666664
1,0,2,RF-C,2,W1,0.221666667,0.778333333,0.777963272,0.15433333333333335,0.16366666666666665,0.002499999999999991
1,0,2,RF-C,2,W2,0.201666667,0.798333333,0.797996661,0.17833333333333334,0.16766666666666669,0.003166666666666673
1,0,2,RF-C,2,X1,0.176666667,0.823333333,0.818493151,0.20500000000000002,0.18383333333333335,0.009166666666666701
1,0,2,RF-C,2,X2,0.165,0.835,0.837438424,0.22983333333333328,0.1441666666666666,0.0023333333333332984
1,0,2,XGBoost-C,2,W1,0.213333333,0.763333333,0.764119601,0.13933333333333325,0.1543333333333333,0.014333333333333309
1,0,2,XGBoost-C,2,W2,0.201666667,0.76,0.759197324,0.14133333333333337,0.13049999999999998,0.007500000000000007
1,0,2,XGBoost-C,2,X1,0.178333333,0.79,0.782758621,0.17683333333333334,0.15716666666666673,0.0016666666666667162
1,0,2,XGBoost-C,2,X2,0.165,0.81,0.814935065,0.21050000000000005,0.13383333333333342,-0.006999999999999951
1,0,2,MLP-C,2,W1,0.218333333,0.781666667,0.777589134,0.15316666666666662,0.1691666666666666,0.010666666666666635
1,0,2,MLP-C,2,W2,0.201666667,0.798333333,0.800658979,0.1736666666666667,0.16966666666666666,0.0019999999999999905
1,0,2,MLP-C,2,X1,0.173333333,0.826666667,0.822525597,0.20949999999999996,0.18633333333333335,0.0026666666666666726
1,0,2,MLP-C,2,X2,0.156666667,0.843333333,0.845394737,0.23850000000000007,0.15383333333333335,0.0018333333333333645
1,0,2,LogReg,3,W1,0.186666667,0.813333333,0.80887372,0.1786666666666667,0.17683333333333334,-0.0011666666666666381
1,0,2,LogReg,3,W2,0.211666667,0.788333333,0.788685524,0.176,0.1595,-0.000666666666666682
1,0,2,LogReg,3,X1,0.171666667,0.828333333,0.825127334,0.20000000000000004,0.16900000000000004,-0.001166666666666627
1,0,2,LogReg,3,X2,0.161666667,0.838333333,0.837520938,0.2223333333333334,0.15883333333333338,-0.0013333333333333086
1,0,2,SVC,3,W1,0.186666667,0.803333333,0.798634812,0.16599999999999998,0.17066666666666666,-0.002333333333333332
1,0,2,SVC,3,W2,0.203333333,0.793333333,0.789830508,0.17816666666666667,0.16299999999999998,0.00916666666666669
1,0,2,SVC,3,X1,0.168333333,0.823333333,0.819112628,0.19816666666666666,0.15916666666666668,-0.0006666666666666265
1,0,2,SVC,3,X2,0.148333333,0.841666667,0.838160136,0.23066666666666666,0.16150000000000003,0.0031666666666666844
1,0,2,RF-C,3,W1,0.198333333,0.801666667,0.803953871,0.1728333333333333,0.15716666666666662,-0.002333333333333376
1,0,2,RF-C,3,W2,0.21,0.79,0.778947368,0.17550000000000004,0.1771666666666667,0.015666666666666707
1,0,2,RF-C,3,X1,0.17,0.83,0.827118644,0.20049999999999998,0.16999999999999998,0.0019999999999999797
1,0,2,RF-C,3,X2,0.156666667,0.843333333,0.841216216,0.23516666666666675,0.16700000000000007,0.013166666666666715
1,0,2,XGBoost-C,3,W1,0.186666667,0.775,0.774624374,0.14700000000000002,0.14000000000000004,0.009166666666666701
1,0,2,XGBoost-C,3,W2,0.208333333,0.735,0.730964467,0.12349999999999998,0.12316666666666662,-0.009166666666666656
1,0,2,XGBoost-C,3,X1,0.171666667,0.808333333,0.806722689,0.1896666666666667,0.15283333333333332,0.006833333333333358
1,0,2,XGBoost-C,3,X2,0.16,0.798333333,0.794567063,0.197,0.13,-0.011
1,0,2,MLP-C,3,W1,0.183333333,0.816666667,0.810996564,0.18416666666666665,0.17983333333333335,0.002333333333333332
1,0,2,MLP-C,3,W2,0.2,0.8,0.8,0.18083333333333337,0.17483333333333334,0.024666666666666736
1,0,2,MLP-C,3,X1,0.161666667,0.838333333,0.834752981,0.2121666666666667,0.1786666666666667,0.00750000000000004
1,0,2,MLP-C,3,X2,0.15,0.85,0.848484848,0.23799999999999993,0.17183333333333334,0.02533333333333332
1,0,2,LogReg,4,W1,0.173333333,0.826666667,0.833865815,0.19049999999999997,0.1963333333333333,0.011
1,0,2,LogReg,4,W2,0.223333333,0.776666667,0.771331058,0.14466666666666664,0.15399999999999994,-0.003666666666666707
1,0,2,LogReg,4,X1,0.15,0.85,0.855769231,0.21716666666666665,0.19166666666666665,0.009333333333333294
1,0,2,LogReg,4,X2,0.151666667,0.848333333,0.843910806,0.23600000000000007,0.1686666666666667,-0.004833333333333289
1,0,2,SVC,4,W1,0.173333333,0.82,0.826923077,0.18099999999999994,0.19099999999999995,0.001166666666666627
1,0,2,SVC,4,W2,0.221666667,0.773333333,0.763066202,0.14033333333333334,0.15050000000000002,-0.005833333333333346
1,0,2,SVC,4,X1,0.148333333,0.836666667,0.841935484,0.20283333333333334,0.17733333333333334,-0.004499999999999993
1,0,2,SVC,4,X2,0.148333333,0.85,0.843205575,0.238,0.17183333333333328,-0.002333333333333365
1,0,2,RF-C,4,W1,0.178333333,0.821666667,0.831496063,0.19849999999999998,0.16649999999999998,0.006333333333333346
1,0,2,RF-C,4,W2,0.228333333,0.771666667,0.764199656,0.1411666666666666,0.14433333333333326,-0.004666666666666708
1,0,2,RF-C,4,X1,0.153333333,0.846666667,0.853035144,0.21216666666666667,0.1896666666666667,0.0056666666666666645
1,0,2,RF-C,4,X2,0.148333333,0.851666667,0.848896435,0.23533333333333334,0.1706666666666667,0.01133333333333334
1,0,2,XGBoost-C,4,W1,0.178333333,0.773333333,0.782051282,0.14316666666666664,0.15016666666666667,-0.011
1,0,2,XGBoost-C,4,W2,0.216666667,0.745,0.738461538,0.12966666666666668,0.1325,-0.005333333333333334
1,0,2,XGBoost-C,4,X1,0.155,0.796666667,0.805111821,0.17833333333333332,0.14866666666666664,-0.009666666666666712
1,0,2,XGBoost-C,4,X2,0.143333333,0.813333333,0.810810811,0.20450000000000004,0.13833333333333334,-0.004833333333333334
1,0,2,MLP-C,4,W1,0.171666667,0.828333333,0.835725678,0.19333333333333336,0.1966666666666667,0.012500000000000044
1,0,2,MLP-C,4,W2,0.221666667,0.778333333,0.772649573,0.14216666666666666,0.1545,-0.004666666666666685
1,0,2,MLP-C,4,X1,0.15,0.85,0.855769231,0.2168333333333333,0.19083333333333333,0.009499999999999963
1,0,2,MLP-C,4,X2,0.146666667,0.853333333,0.848275862,0.23833333333333337,0.1723333333333334,0.00016666666666670382
1,0,2,LogReg,5,W1,0.208333333,0.791666667,0.792013311,0.1673333333333333,0.16566666666666663,-0.0008333333333333748
1,0,2,LogReg,5,W2,0.188333333,0.811666667,0.812603648,0.17566666666666664,0.19199999999999998,0.000666666666666671
1,0,2,LogReg,5,X1,0.175,0.825,0.822335025,0.19949999999999996,0.1788333333333333,0.0011666666666666492
1,0,2,LogReg,5,X2,0.156666667,0.843333333,0.844884488,0.21733333333333338,0.17416666666666672,0.0015000000000000347
1,0,2,SVC,5,W1,0.198333333,0.796666667,0.795986622,0.1656666666666666,0.17616666666666664,0.008833333333333315
1,0,2,SVC,5,W2,0.193333333,0.806666667,0.812297735,0.16099999999999998,0.19366666666666665,0.00466666666666663
1,0,2,SVC,5,X1,0.175,0.823333333,0.820945946,0.19950000000000007,0.17683333333333334,0.0005000000000000337
1,0,2,SVC,5,X2,0.155,0.841666667,0.844517185,0.20916666666666667,0.178,-0.0010000000000000009
1,0,2,RF-C,5,W1,0.201666667,0.798333333,0.795262267,0.17683333333333334,0.17416666666666672,0.004999999999999993
1,0,2,RF-C,5,W2,0.195,0.805,0.807248764,0.1723333333333334,0.18050000000000005,0.004166666666666685
1,0,2,RF-C,5,X1,0.173333333,0.826666667,0.824915825,0.20833333333333334,0.18216666666666667,0.008999999999999985
1,0,2,RF-C,5,X2,0.158333333,0.841666667,0.842975207,0.21816666666666668,0.1851666666666667,0.007500000000000018
1,0,2,XGBoost-C,5,W1,0.196666667,0.761666667,0.763636364,0.15300000000000008,0.14516666666666672,0.0003333333333333854
1,0,2,XGBoost-C,5,W2,0.195,0.756666667,0.762987013,0.13450000000000006,0.15900000000000003,-0.0006666666666666155
1,0,2,XGBoost-C,5,X1,0.165,0.805,0.8,0.19033333333333338,0.1611666666666667,0.004000000000000048
1,0,2,XGBoost-C,5,X2,0.16,0.808333333,0.808652246,0.18450000000000003,0.15683333333333332,-0.0009999999999999898
1,0,2,MLP-C,5,W1,0.203333333,0.796666667,0.8,0.1643333333333333,0.18699999999999997,0.0009999999999999564
1,0,2,MLP-C,5,W2,0.181666667,0.818333333,0.821018062,0.17650000000000005,0.1976666666666667,0.010333333333333338
1,0,2,MLP-C,5,X1,0.175,0.825,0.822934233,0.19933333333333328,0.1788333333333333,0.0013333333333332975
1,0,2,MLP-C,5,X2,0.151666667,0.848333333,0.849586777,0.22083333333333338,0.18166666666666673,0.003333333333333366
1,0,2,LogReg,6,W1,0.191666667,0.808333333,0.808652246,0.19016666666666668,0.16500000000000004,0.001000000000000023
1,0,2,LogReg,6,W2,0.218333333,0.781666667,0.78202995,0.1498333333333333,0.15566666666666662,-0.001000000000000023
1,0,2,LogReg,6,X1,0.155,0.845,0.843697479,0.2331666666666666,0.181,0.0011666666666666158
1,0,2,LogReg,6,X2,0.161666667,0.838333333,0.840197694,0.22400000000000003,0.15266666666666667,0.002000000000000046
1,0,2,SVC,6,W1,0.188333333,0.803333333,0.803333333,0.18816666666666665,0.1605,-0.004666666666666664
1,0,2,SVC,6,W2,0.213333333,0.783333333,0.786885246,0.14966666666666667,0.15483333333333332,0.004500000000000004
1,0,2,SVC,6,X1,0.153333333,0.84,0.84,0.22816666666666663,0.176,-0.0001666666666666927
1,0,2,SVC,6,X2,0.153333333,0.835,0.838499184,0.22183333333333327,0.1476666666666666,-0.0038333333333333774
1,0,2,RF-C,6,W1,0.183333333,0.816666667,0.817880795,0.19949999999999998,0.17533333333333329,0.0034999999999999697
1,0,2,RF-C,6,W2,0.228333333,0.771666667,0.776508972,0.1461666666666666,0.1463333333333333,0.0014999999999999458
1,0,2,RF-C,6,X1,0.165,0.835,0.835820896,0.22699999999999995,0.17449999999999996,0.002999999999999947
1,0,2,RF-C,6,X2,0.148333333,0.851666667,0.852404643,0.23433333333333337,0.15900000000000003,0.014666666666666694
1,0,2,XGBoost-C,6,W1,0.191666667,0.773333333,0.771812081,0.1726666666666666,0.15283333333333332,0.0009999999999999788
1,0,2,XGBoost-C,6,W2,0.225,0.715,0.7264,0.09033333333333331,0.11416666666666667,-0.020000000000000028
1,0,2,XGBoost-C,6,X1,0.163333333,0.818333333,0.814940577,0.21933333333333332,0.17183333333333334,0.008666666666666689
1,0,2,XGBoost-C,6,X2,0.16,0.843333333,0.843333333,0.23000000000000007,0.16000000000000006,0.027500000000000045
1,0,2,MLP-C,6,W1,0.178333333,0.821666667,0.823140496,0.2036666666666666,0.1793333333333333,0.006166666666666665
1,0,2,MLP-C,6,W2,0.213333333,0.786666667,0.785953177,0.15249999999999994,0.16433333333333336,-0.00033333333333336325
1,0,2,MLP-C,6,X1,0.153333333,0.846666667,0.845117845,0.23666666666666672,0.18283333333333335,0.0018333333333333535
1,0,2,MLP-C,6,X2,0.158333333,0.841666667,0.84502447,0.22633333333333333,0.15599999999999997,0.004333333333333323
1,0,2,LogReg,7,W1,0.206666667,0.793333333,0.794019934,0.16116666666666668,0.16333333333333333,-0.0021666666666666614
1,0,2,LogReg,7,W2,0.246666667,0.753333333,0.75974026,0.13549999999999995,0.11733333333333329,0.0036666666666666293
1,0,2,LogReg,7,X1,0.156666667,0.843333333,0.845394737,0.2166666666666667,0.19400000000000003,0.0068333333333333805
1,0,2,LogReg,7,X2,0.155,0.845,0.842639594,0.23749999999999996,0.16816666666666663,-0.0028333333333333765
1,0,2,SVC,7,W1,0.196666667,0.796666667,0.796666667,0.1546666666666666,0.17366666666666664,0.004833333333333301
1,0,2,SVC,7,W2,0.235,0.741666667,0.751203852,0.1266666666666667,0.10633333333333335,-0.006666666666666621
1,0,2,SVC,7,X1,0.15,0.845,0.848287113,0.21633333333333332,0.19649999999999998,0.012166666666666636
1,0,2,SVC,7,X2,0.15,0.84,0.838383838,0.23199999999999998,0.16533333333333328,0.0006666666666666265
1,0,2,RF-C,7,W1,0.191666667,0.808333333,0.800693241,0.16583333333333333,0.1815,0.01216666666666667
1,0,2,RF-C,7,W2,0.24,0.76,0.767741935,0.15350000000000003,0.11716666666666667,-0.0008333333333333193
1,0,2,RF-C,7,X1,0.156666667,0.843333333,0.845394737,0.21500000000000002,0.1966666666666667,0.004166666666666707
1,0,2,RF-C,7,X2,0.146666667,0.853333333,0.849829352,0.2451666666666667,0.17883333333333337,0.003000000000000058
1,0,2,XGBoost-C,7,W1,0.2,0.763333333,0.765676568,0.1353333333333333,0.14583333333333331,-0.004833333333333356
1,0,2,XGBoost-C,7,W2,0.233333333,0.763333333,0.767213115,0.15566666666666668,0.14483333333333331,0.010333333333333306
1,0,2,XGBoost-C,7,X1,0.151666667,0.788333333,0.794165316,0.16616666666666663,0.15266666666666667,-0.0063333333333333575
1,0,2,XGBoost-C,7,X2,0.14,0.826666667,0.824915825,0.225,0.16616666666666666,0.013333333333333319
1,0,2,MLP-C,7,W1,0.2,0.8,0.803278689,0.1658333333333334,0.1703333333333334,0.0015000000000000347
1,0,2,MLP-C,7,W2,0.245,0.755,0.762520194,0.14066666666666666,0.1206666666666667,0.008833333333333315
1,0,2,MLP-C,7,X1,0.15,0.85,0.852941176,0.21783333333333332,0.20616666666666666,0.012999999999999956
1,0,2,MLP-C,7,X2,0.15,0.85,0.847457627,0.24,0.17733333333333334,0.0031666666666666397
1,0,2,LogReg,8,W1,0.191666667,0.808333333,0.803418803,0.18083333333333335,0.15900000000000003,0.0
1,0,2,LogReg,8,W2,0.208333333,0.791666667,0.794069193,0.13799999999999998,0.18849999999999995,0.0029999999999999584
1,0,2,LogReg,8,X1,0.145,0.855,0.853288364,0.2395,0.1723333333333333,0.00016666666666665942
1,0,2,LogReg,8,X2,0.133333333,0.866666667,0.866666667,0.2241666666666667,0.21400000000000005,0.0046666666666666965
1,0,2,SVC,8,W1,0.188333333,0.8,0.798657718,0.1811666666666667,0.1478333333333334,-0.00499999999999996
1,0,2,SVC,8,W2,0.213333333,0.771666667,0.769747899,0.12799999999999997,0.16416666666666663,-0.004833333333333379
1,0,2,SVC,8,X1,0.145,0.845,0.843697479,0.23616666666666664,0.15749999999999997,-0.004166666666666707
1,0,2,SVC,8,X2,0.136666667,0.85,0.85,0.20866666666666664,0.1983333333333333,-0.003333333333333366
1,0,2,RF-C,8,W1,0.19,0.81,0.806122449,0.19966666666666671,0.15816666666666673,0.015333333333333388
1,0,2,RF-C,8,W2,0.218333333,0.781666667,0.7862969,0.1213333333333333,0.18233333333333332,0.004833333333333301
1,0,2,RF-C,8,X1,0.146666667,0.853333333,0.849315068,0.26100000000000007,0.14650000000000002,-0.0003333333333332744
1,0,2,RF-C,8,X2,0.15,0.85,0.848993289,0.21033333333333332,0.1993333333333333,0.006333333333333302
1,0,2,XGBoost-C,8,W1,0.185,0.768333333,0.762393162,0.15916666666666665,0.13116666666666665,-0.0025000000000000135
1,0,2,XGBoost-C,8,W2,0.216666667,0.74,0.742574257,0.10500000000000001,0.14716666666666664,-0.006000000000000017
1,0,2,XGBoost-C,8,X1,0.143333333,0.82,0.816326531,0.21149999999999994,0.14649999999999994,0.001833333333333298
1,0,2,XGBoost-C,8,X2,0.15,0.823333333,0.823920266,0.18000000000000002,0.18750000000000006,0.002333333333333354
1,0,2,MLP-C,8,W1,0.188333333,0.811666667,0.818619583,0.18266666666666667,0.17183333333333334,0.002333333333333287
1,0,2,MLP-C,8,W2,0.208333333,0.791666667,0.794069193,0.13799999999999998,0.1883333333333333,0.002833333333333299
1,0,2,MLP-C,8,X1,0.145,0.855,0.853288364,0.23949999999999996,0.17316666666666664,0.0
1,0,2,MLP-C,8,X2,0.133333333,0.866666667,0.866220736,0.22350000000000003,0.21400000000000002,0.00616666666666672
1,0,2,LogReg,9,W1,0.216666667,0.783333333,0.786184211,0.16799999999999998,0.14666666666666667,0.0001666666666666705
1,0,2,LogReg,9,W2,0.241666667,0.758333333,0.761120264,0.1494999999999999,0.11949999999999997,0.0008333333333332971
1,0,2,LogReg,9,X1,0.155,0.845,0.847790507,0.24533333333333332,0.17516666666666664,0.00366666666666664
1,0,2,LogReg,9,X2,0.171666667,0.828333333,0.829187396,0.2401666666666667,0.13650000000000004,0.00016666666666671494
1,0,2,SVC,9,W1,0.211666667,0.785,0.790243902,0.1711666666666667,0.1476666666666667,0.0026666666666666948
1,0,2,SVC,9,W2,0.241666667,0.746666667,0.747508306,0.14383333333333334,0.10966666666666672,-0.01316666666666665
1,0,2,SVC,9,X1,0.156666667,0.84,0.844155844,0.2391666666666666,0.16999999999999998,0.002166666666666639
1,0,2,SVC,9,X2,0.173333333,0.825,0.824707846,0.23999999999999994,0.13049999999999998,-0.006000000000000038
1,0,2,RF-C,9,W1,0.22,0.78,0.787096774,0.16566666666666668,0.14150000000000001,0.003333333333333377
1,0,2,RF-C,9,W2,0.24,0.76,0.764705882,0.15500000000000003,0.1295,0.009166666666666667
1,0,2,RF-C,9,X1,0.16,0.84,0.843137255,0.2425,0.1676666666666666,0.01599999999999998
1,0,2,RF-C,9,X2,0.158333333,0.841666667,0.842454395,0.25616666666666665,0.14633333333333334,0.008999999999999998
1,0,2,XGBoost-C,9,W1,0.208333333,0.758333333,0.768740032,0.15349999999999994,0.12949999999999998,-0.002000000000000035
1,0,2,XGBoost-C,9,W2,0.24,0.735,0.739770867,0.13249999999999998,0.12249999999999998,-0.004833333333333345
1,0,2,XGBoost-C,9,X1,0.161666667,0.828333333,0.834670947,0.22766666666666668,0.15700000000000003,0.014500000000000023
1,0,2,XGBoost-C,9,X2,0.156666667,0.825,0.824120603,0.2351666666666666,0.1396666666666666,0.005333333333333301
1,0,2,MLP-C,9,W1,0.215,0.785,0.787479407,0.17350000000000004,0.1466666666666667,0.002000000000000046
1,0,2,MLP-C,9,W2,0.238333333,0.761666667,0.765188834,0.1561666666666667,0.11966666666666673,0.0016666666666667052
1,0,2,MLP-C,9,X1,0.155,0.845,0.848287113,0.24616666666666664,0.1745,0.0023333333333332984
1,0,2,MLP-C,9,X2,0.16,0.84,0.838926174,0.24816666666666665,0.1525,0.02916666666666664
1,0,2,LogReg,10,W1,0.176666667,0.823333333,0.827361564,0.1683333333333334,0.19883333333333336,0.003000000000000047
1,0,2,LogReg,10,W2,0.196666667,0.803333333,0.809061489,0.17733333333333334,0.17200000000000001,0.0011666666666666603
1,0,2,LogReg,10,X1,0.141666667,0.858333333,0.862681745,0.21383333333333326,0.20549999999999996,0.002333333333333287
1,0,2,LogReg,10,X2,0.145,0.855,0.859903382,0.24333333333333326,0.17766666666666664,-0.000333333333333341
1,0,2,SVC,10,W1,0.171666667,0.826666667,0.832797428,0.17133333333333328,0.2058333333333333,0.004333333333333333
1,0,2,SVC,10,W2,0.198333333,0.795,0.802568218,0.17016666666666672,0.16833333333333336,0.002000000000000024
1,0,2,SVC,10,X1,0.14,0.856666667,0.860841424,0.20766666666666672,0.20533333333333337,-0.0001666666666666483
1,0,2,SVC,10,X2,0.141666667,0.85,0.855305466,0.24366666666666661,0.16916666666666666,-0.0030000000000000248
1,0,2,RF-C,10,W1,0.183333333,0.816666667,0.822006472,0.16533333333333333,0.19566666666666666,0.004333333333333323
1,0,2,RF-C,10,W2,0.195,0.805,0.812199037,0.1778333333333334,0.18000000000000002,0.014000000000000045
1,0,2,RF-C,10,X1,0.153333333,0.846666667,0.851132686,0.20016666666666666,0.20333333333333337,0.0016666666666666718
1,0,2,RF-C,10,X2,0.145,0.855,0.86035313,0.2465,0.17666666666666667,0.0008333333333332971
1,0,2,XGBoost-C,10,W1,0.171666667,0.771666667,0.777235772,0.13749999999999993,0.16216666666666663,-0.0070000000000000505
1,0,2,XGBoost-C,10,W2,0.193333333,0.765,0.77294686,0.15200000000000002,0.13800000000000004,-0.0004999999999999894
1,0,2,XGBoost-C,10,X1,0.148333333,0.838333333,0.841243863,0.20116666666666672,0.19983333333333336,0.009666666666666723
1,0,2,XGBoost-C,10,X2,0.143333333,0.818333333,0.824476651,0.2043333333333334,0.14833333333333337,-0.006999999999999984
1,0,2,MLP-C,10,W1,0.171666667,0.828333333,0.834670947,0.16716666666666669,0.21466666666666673,0.00783333333333337
1,0,2,MLP-C,10,W2,0.195,0.805,0.811594203,0.1790000000000001,0.1736666666666667,0.005000000000000037
1,0,2,MLP-C,10,X1,0.141666667,0.858333333,0.862236629,0.21383333333333326,0.2056666666666666,0.0034999999999999363
1,0,2,MLP-C,10,X2,0.138333333,0.861666667,0.868044515,0.24533333333333335,0.1896666666666667,0.003166666666666695
1,1,0,LogReg,1,W1,0.225,0.775,0.830614806,0.20583333333333337,0.056666666666666685,-0.000499999999999956
1,1,0,LogReg,1,W2,0.246666667,0.753333333,0.803713528,0.1703333333333333,0.0533333333333333,-0.001000000000000023
1,1,0,LogReg,1,X1,0.196666667,0.803333333,0.849104859,0.2438333333333333,0.04383333333333335,0.0015000000000000124
1,1,0,LogReg,1,X2,0.158333333,0.841666667,0.871447903,0.265,0.06716666666666668,0.0001666666666666705
1,1,0,SVC,1,W1,0.223333333,0.78,0.836633663,0.19966666666666671,0.06433333333333335,0.0036666666666666957
1,1,0,SVC,1,W2,0.248333333,0.748333333,0.80465718,0.1663333333333333,0.04366666666666662,-0.0031666666666667065
1,1,0,SVC,1,X1,0.196666667,0.801666667,0.850314465,0.23399999999999999,0.03849999999999996,0.0004999999999999672
1,1,0,SVC,1,X2,0.161666667,0.831666667,0.864792503,0.2496666666666667,0.05433333333333333,-0.0008333333333333415
1,1,0,RF-C,1,W1,0.22,0.78,0.834170854,0.19966666666666671,0.06516666666666669,0.011666666666666691
1,1,0,RF-C,1,W2,0.238333333,0.761666667,0.810596026,0.18283333333333338,0.05500000000000005,0.01700000000000005
1,1,0,RF-C,1,X1,0.193333333,0.806666667,0.855361596,0.24783333333333327,0.02583333333333333,-0.0011666666666666937
1,1,0,RF-C,1,X2,0.168333333,0.831666667,0.866225166,0.254,0.04166666666666667,0.006333333333333335
1,1,0,XGBoost-C,1,W1,0.216666667,0.751666667,0.806241873,0.17116666666666674,0.06650000000000003,0.00733333333333337
1,1,0,XGBoost-C,1,W2,0.241666667,0.731666667,0.785619174,0.16416666666666668,0.04800000000000003,0.011666666666666691
1,1,0,XGBoost-C,1,X1,0.188333333,0.78,0.829015544,0.20900000000000002,0.04916666666666668,-0.00516666666666663
1,1,0,XGBoost-C,1,X2,0.166666667,0.803333333,0.838797814,0.23350000000000004,0.040833333333333346,0.006666666666666687
1,1,0,MLP-C,1,W1,0.22,0.78,0.832911392,0.213,0.06233333333333335,0.0063333333333333575
1,1,0,MLP-C,1,W2,0.24,0.76,0.808,0.17983333333333335,0.06216666666666668,0.005666666666666686
1,1,0,MLP-C,1,X1,0.191666667,0.808333333,0.849279161,0.2585,0.04700000000000002,0.0
1,1,0,MLP-C,1,X2,0.158333333,0.841666667,0.871447903,0.26566666666666666,0.06783333333333336,0.002666666666666662
1,1,0,LogReg,2,W1,0.221666667,0.778333333,0.828387097,0.1958333333333333,0.050999999999999976,-0.0003333333333333299
1,1,0,LogReg,2,W2,0.256666667,0.743333333,0.801546392,0.17099999999999999,0.049333333333333305,0.0001666666666666261
1,1,0,LogReg,2,X1,0.196666667,0.803333333,0.847150259,0.23133333333333334,0.04650000000000003,-0.0011666666666666603
1,1,0,LogReg,2,X2,0.173333333,0.826666667,0.861333333,0.25816666666666666,0.06633333333333333,0.002499999999999991
1,1,0,SVC,2,W1,0.228333333,0.758333333,0.818523154,0.16899999999999996,0.03066666666666664,-0.01050000000000002
1,1,0,SVC,2,W2,0.26,0.738333333,0.800508259,0.16549999999999992,0.03799999999999996,-0.0021666666666666943
1,1,0,SVC,2,X1,0.193333333,0.803333333,0.849104859,0.2305,0.04466666666666669,-0.00033333333333335213
1,1,0,SVC,2,X2,0.178333333,0.81,0.851174935,0.23850000000000002,0.048333333333333395,-0.007499999999999951
1,1,0,RF-C,2,W1,0.23,0.77,0.826633166,0.18583333333333335,0.03500000000000001,0.004833333333333334
1,1,0,RF-C,2,W2,0.25,0.75,0.809160305,0.18316666666666664,0.04183333333333331,0.0040000000000000036
1,1,0,RF-C,2,X1,0.186666667,0.813333333,0.858227848,0.24866666666666673,0.03566666666666668,0.0005000000000000449
1,1,0,RF-C,2,X2,0.173333333,0.826666667,0.864583333,0.2576666666666666,0.058666666666666666,0.014666666666666661
1,1,0,XGBoost-C,2,W1,0.226666667,0.731666667,0.795944233,0.14850000000000002,0.02200000000000003,-0.007833333333333314
1,1,0,XGBoost-C,2,W2,0.251666667,0.741666667,0.798962387,0.17416666666666672,0.06250000000000003,0.02566666666666668
1,1,0,XGBoost-C,2,X1,0.191666667,0.771666667,0.820915033,0.20266666666666663,0.02966666666666661,-0.0068333333333333805
1,1,0,XGBoost-C,2,X2,0.171666667,0.803333333,0.844736842,0.23666666666666666,0.04933333333333334,0.01133333333333334
1,1,0,MLP-C,2,W1,0.22,0.78,0.829457364,0.19933333333333336,0.05266666666666668,0.0025000000000000356
1,1,0,MLP-C,2,W2,0.255,0.745,0.801040312,0.17616666666666667,0.04999999999999999,0.0030000000000000027
1,1,0,MLP-C,2,X1,0.188333333,0.811666667,0.852672751,0.24499999999999994,0.059333333333333314,0.0064999999999999945
1,1,0,MLP-C,2,X2,0.173333333,0.826666667,0.860962567,0.26166666666666666,0.06566666666666666,0.004666666666666652
1,1,0,LogReg,3,W1,0.211666667,0.788333333,0.837803321,0.21200000000000002,0.059833333333333315,0.004166666666666663
1,1,0,LogReg,3,W2,0.228333333,0.771666667,0.833939394,0.16633333333333328,0.04083333333333326,0.0053333333333332785
1,1,0,LogReg,3,X1,0.166666667,0.833333333,0.869451697,0.274,0.06300000000000001,0.002000000000000035
1,1,0,LogReg,3,X2,0.158333333,0.841666667,0.878361076,0.2543333333333333,0.05666666666666668,0.0008333333333333304
1,1,0,SVC,3,W1,0.215,0.78,0.833333333,0.20700000000000002,0.04750000000000002,0.005500000000000038
1,1,0,SVC,3,W2,0.228333333,0.77,0.833333333,0.164,0.03800000000000002,0.007333333333333336
1,1,0,SVC,3,X1,0.161666667,0.838333333,0.873533246,0.28200000000000003,0.06583333333333338,0.00033333333333336325
1,1,0,SVC,3,X2,0.155,0.838333333,0.876433121,0.25583333333333336,0.04683333333333337,0.0015000000000000458
1,1,0,RF-C,3,W1,0.215,0.785,0.837735849,0.21150000000000002,0.0546666666666667,0.009000000000000041
1,1,0,RF-C,3,W2,0.22,0.78,0.837837838,0.18300000000000005,0.058666666666666686,0.015500000000000024
1,1,0,RF-C,3,X1,0.163333333,0.836666667,0.87037037,0.28633333333333333,0.06066666666666667,0.0036666666666666627
1,1,0,RF-C,3,X2,0.148333333,0.851666667,0.884864166,0.26883333333333337,0.06200000000000002,0.01233333333333334
1,1,0,XGBoost-C,3,W1,0.211666667,0.73,0.793367347,0.16766666666666666,0.02633333333333331,-0.012666666666666682
1,1,0,XGBoost-C,3,W2,0.221666667,0.74,0.799485861,0.15550000000000003,0.045499999999999985,0.002499999999999991
1,1,0,XGBoost-C,3,X1,0.165,0.81,0.848806366,0.26633333333333337,0.05483333333333339,0.011500000000000055
1,1,0,XGBoost-C,3,X2,0.151666667,0.811666667,0.851900393,0.2373333333333333,0.0483333333333333,0.0004999999999999894
1,1,0,MLP-C,3,W1,0.203333333,0.796666667,0.839473684,0.2288333333333333,0.06966666666666663,0.0003333333333332744
1,1,0,MLP-C,3,W2,0.218333333,0.781666667,0.83480454,0.18483333333333327,0.051499999999999956,0.00583333333333329
1,1,0,MLP-C,3,X1,0.158333333,0.841666667,0.873837981,0.2863333333333334,0.07266666666666667,0.006666666666666677
1,1,0,MLP-C,3,X2,0.151666667,0.848333333,0.882882883,0.26283333333333336,0.06416666666666673,0.005500000000000038
1,1,0,LogReg,4,W1,0.231666667,0.768333333,0.82382763,0.18149999999999997,0.04083333333333332,0.0014999999999999348
1,1,0,LogReg,4,W2,0.24,0.76,0.815384615,0.1756666666666667,0.05383333333333333,-0.0011666666666666826
1,1,0,LogReg,4,X1,0.191666667,0.808333333,0.856070088,0.21233333333333332,0.05766666666666668,0.001333333333333364
1,1,0,LogReg,4,X2,0.135,0.865,0.892715232,0.2931666666666667,0.071,0.0
1,1,0,SVC,4,W1,0.226666667,0.77,0.827930175,0.16783333333333336,0.049833333333333354,-0.0008333333333333081
1,1,0,SVC,4,W2,0.241666667,0.758333333,0.813384813,0.1766666666666666,0.0503333333333333,0.0029999999999999693
1,1,0,SVC,4,X1,0.193333333,0.803333333,0.85286783,0.2015,0.053500000000000006,0.0033333333333333327
1,1,0,SVC,4,X2,0.136666667,0.851666667,0.88304862,0.2813333333333333,0.05783333333333336,-0.004499999999999993
1,1,0,RF-C,4,W1,0.221666667,0.778333333,0.832704403,0.18983333333333333,0.04983333333333332,0.016166666666666663
1,1,0,RF-C,4,W2,0.233333333,0.766666667,0.816272966,0.19500000000000006,0.062166666666666724,0.015333333333333365
1,1,0,RF-C,4,X1,0.186666667,0.813333333,0.857142857,0.21783333333333338,0.06066666666666668,0.015833333333333355
1,1,0,RF-C,4,X2,0.155,0.845,0.877470356,0.2858333333333333,0.05149999999999997,0.0031666666666666397
1,1,0,XGBoost-C,4,W1,0.225,0.75,0.810126582,0.176,0.03833333333333333,-0.0008333333333333415
1,1,0,XGBoost-C,4,W2,0.24,0.741666667,0.794156707,0.17550000000000004,0.05900000000000003,0.004833333333333345
1,1,0,XGBoost-C,4,X1,0.191666667,0.801666667,0.848792884,0.2038333333333333,0.062499999999999965,0.01599999999999998
1,1,0,XGBoost-C,4,X2,0.145,0.806666667,0.847368421,0.24899999999999997,0.035999999999999956,-0.00933333333333337
1,1,0,MLP-C,4,W1,0.226666667,0.773333333,0.83535109,0.16966666666666666,0.07433333333333333,0.022666666666666647
1,1,0,MLP-C,4,W2,0.23,0.77,0.817941953,0.18733333333333335,0.06050000000000001,0.00916666666666669
1,1,0,MLP-C,4,X1,0.183333333,0.816666667,0.860759494,0.22333333333333333,0.06283333333333331,0.010999999999999965
1,1,0,MLP-C,4,X2,0.136666667,0.863333333,0.890080429,0.297,0.0678333333333333,0.0024999999999999467
1,1,0,LogReg,5,W1,0.203333333,0.796666667,0.850490196,0.2043333333333333,0.06283333333333332,-0.0013333333333333864
1,1,0,LogReg,5,W2,0.216666667,0.783333333,0.835858586,0.197,0.07049999999999998,0.005000000000000016
1,1,0,LogReg,5,X1,0.181666667,0.818333333,0.865598027,0.23516666666666666,0.05833333333333336,0.0015000000000000347
1,1,0,LogReg,5,X2,0.14,0.86,0.890909091,0.2883333333333334,0.07216666666666666,-0.001333333333333342
1,1,0,SVC,5,W1,0.195,0.805,0.856793146,0.21550000000000002,0.06900000000000003,0.00933333333333337
1,1,0,SVC,5,W2,0.213333333,0.776666667,0.8325,0.18533333333333327,0.062333333333333275,0.003499999999999959
1,1,0,SVC,5,X1,0.185,0.815,0.865127582,0.23033333333333328,0.054333333333333275,-0.006833333333333369
1,1,0,SVC,5,X2,0.141666667,0.845,0.88030888,0.27199999999999996,0.059333333333333314,-0.009500000000000031
1,1,0,RF-C,5,W1,0.181666667,0.818333333,0.86526576,0.23533333333333334,0.07383333333333336,0.013333333333333341
1,1,0,RF-C,5,W2,0.218333333,0.781666667,0.835633626,0.1903333333333333,0.07749999999999994,-0.0011666666666666937
1,1,0,RF-C,5,X1,0.186666667,0.813333333,0.861042184,0.23283333333333336,0.055500000000000015,-0.0009999999999999675
1,1,0,RF-C,5,X2,0.143333333,0.856666667,0.888020833,0.29383333333333334,0.07766666666666673,0.004000000000000015
1,1,0,XGBoost-C,5,W1,0.19,0.77,0.825316456,0.19366666666666665,0.07283333333333336,0.0040000000000000365
1,1,0,XGBoost-C,5,W2,0.215,0.725,0.789272031,0.15349999999999997,0.048499999999999974,-0.016666666666666698
1,1,0,XGBoost-C,5,X1,0.185,0.783333333,0.839901478,0.19699999999999998,0.05233333333333333,0.01333333333333333
1,1,0,XGBoost-C,5,X2,0.15,0.828333333,0.866407263,0.2658333333333334,0.0651666666666667,0.010666666666666703
1,1,0,MLP-C,5,W1,0.206666667,0.793333333,0.847665848,0.203,0.06849999999999999,-0.0020000000000000018
1,1,0,MLP-C,5,W2,0.216666667,0.783333333,0.832474227,0.1995,0.07233333333333332,0.0010000000000000009
1,1,0,MLP-C,5,X1,0.181666667,0.818333333,0.862547289,0.24033333333333337,0.06683333333333336,0.003666666666666685
1,1,0,MLP-C,5,X2,0.14,0.86,0.890339426,0.2923333333333333,0.0718333333333333,0.0014999999999999903
1,1,0,LogReg,6,W1,0.208333333,0.791666667,0.841972187,0.20949999999999996,0.050499999999999955,0.0023333333333332984
1,1,0,LogReg,6,W2,0.241666667,0.758333333,0.819875776,0.1766666666666666,0.03833333333333329,-0.00033333333333335213
1,1,0,LogReg,6,X1,0.185,0.815,0.855656697,0.24566666666666662,0.03266666666666661,-0.002666666666666706
1,1,0,LogReg,6,X2,0.196666667,0.803333333,0.846753247,0.24466666666666673,0.026500000000000024,-0.003999999999999992
1,1,0,SVC,6,W1,0.206666667,0.788333333,0.841843088,0.19833333333333333,0.05133333333333333,-0.001333333333333331
1,1,0,SVC,6,W2,0.235,0.763333333,0.823383085,0.18149999999999997,0.042833333333333314,0.009999999999999964
1,1,0,SVC,6,X1,0.185,0.813333333,0.857142857,0.23733333333333334,0.0331666666666667,-0.002499999999999991
1,1,0,SVC,6,X2,0.195,0.8,0.845360825,0.2416666666666667,0.02250000000000004,-0.0033333333333332993
1,1,0,RF-C,6,W1,0.205,0.795,0.844106464,0.21883333333333338,0.048000000000000057,0.00033333333333337436
1,1,0,RF-C,6,W2,0.243333333,0.756666667,0.810880829,0.1886666666666667,0.042500000000000024,0.013666666666666726
1,1,0,RF-C,6,X1,0.173333333,0.826666667,0.868020305,0.25366666666666665,0.04266666666666665,0.0016666666666666718
1,1,0,RF-C,6,X2,0.19,0.81,0.852713178,0.2561666666666667,0.03300000000000007,0.012166666666666714
1,1,0,XGBoost-C,6,W1,0.21,0.75,0.808673469,0.17266666666666666,0.04933333333333334,-0.007666666666666666
1,1,0,XGBoost-C,6,W2,0.243333333,0.728333333,0.788586252,0.15866666666666668,0.04350000000000007,0.01716666666666672
1,1,0,XGBoost-C,6,X1,0.175,0.773333333,0.82152231,0.20683333333333334,0.022999999999999986,-0.019166666666666676
1,1,0,XGBoost-C,6,X2,0.193333333,0.79,0.837209302,0.23950000000000005,0.02866666666666671,0.0076666666666667105
1,1,0,MLP-C,6,W1,0.205,0.795,0.844106464,0.21150000000000002,0.05550000000000005,0.0045000000000000595
1,1,0,MLP-C,6,W2,0.24,0.76,0.815384615,0.18383333333333335,0.03966666666666666,0.0020000000000000018
1,1,0,MLP-C,6,X1,0.18,0.82,0.857894737,0.2541666666666666,0.04199999999999996,0.0019999999999999684
1,1,0,MLP-C,6,X2,0.19,0.81,0.852331606,0.2546666666666667,0.034500000000000086,0.003333333333333366
1,1,0,LogReg,7,W1,0.228333333,0.771666667,0.822768435,0.19516666666666657,0.07149999999999995,0.0009999999999999675
1,1,0,LogReg,7,W2,0.253333333,0.746666667,0.808080808,0.18083333333333335,0.05500000000000003,3.3306690738754695e-17
1,1,0,LogReg,7,X1,0.191666667,0.808333333,0.853503185,0.23033333333333336,0.06900000000000002,0.0025000000000000022
1,1,0,LogReg,7,X2,0.186666667,0.813333333,0.854545455,0.258,0.05500000000000001,-0.0013333333333332975
1,1,0,SVC,7,W1,0.228333333,0.761666667,0.818297332,0.1836666666666667,0.06266666666666672,0.0011666666666666937
1,1,0,SVC,7,W2,0.255,0.73,0.79950495,0.15649999999999997,0.03516666666666664,-0.01100000000000002
1,1,0,SVC,7,X1,0.193333333,0.801666667,0.849936948,0.22433333333333333,0.06383333333333331,0.0001666666666666372
1,1,0,SVC,7,X2,0.19,0.813333333,0.851458886,0.26916666666666667,0.056333333333333346,0.005333333333333345
1,1,0,RF-C,7,W1,0.245,0.755,0.808344198,0.18166666666666664,0.05600000000000001,0.010833333333333351
1,1,0,RF-C,7,W2,0.258333333,0.741666667,0.805520703,0.168,0.04100000000000002,-0.00033333333333330774
1,1,0,RF-C,7,X1,0.193333333,0.806666667,0.853535354,0.22733333333333333,0.06416666666666662,0.007999999999999974
1,1,0,RF-C,7,X2,0.186666667,0.813333333,0.85026738,0.2743333333333333,0.043500000000000004,0.01050000000000001
1,1,0,XGBoost-C,7,W1,0.245,0.725,0.783748362,0.15999999999999998,0.02616666666666666,-0.005166666666666686
1,1,0,XGBoost-C,7,W2,0.255,0.69,0.76092545,0.13599999999999995,0.014833333333333287,-0.007500000000000051
1,1,0,XGBoost-C,7,X1,0.2,0.773333333,0.823376623,0.20216666666666666,0.04499999999999997,0.0030000000000000027
1,1,0,XGBoost-C,7,X2,0.185,0.765,0.811748999,0.2328333333333333,0.033500000000000016,-0.009666666666666646
1,1,0,MLP-C,7,W1,0.226666667,0.773333333,0.823376623,0.19699999999999998,0.07233333333333332,0.000666666666666671
1,1,0,MLP-C,7,W2,0.251666667,0.748333333,0.809102402,0.18349999999999994,0.05566666666666661,0.0014999999999999569
1,1,0,MLP-C,7,X1,0.19,0.81,0.853092784,0.23833333333333337,0.0716666666666667,0.003333333333333388
1,1,0,MLP-C,7,X2,0.186666667,0.813333333,0.851851852,0.269,0.053833333333333344,0.001333333333333353
1,1,0,LogReg,8,W1,0.211666667,0.788333333,0.838216561,0.19366666666666665,0.05350000000000001,-0.0001666666666666705
1,1,0,LogReg,8,W2,0.246666667,0.753333333,0.816831683,0.16699999999999995,0.04016666666666664,0.003166666666666629
1,1,0,LogReg,8,X1,0.153333333,0.846666667,0.881136951,0.27016666666666667,0.07266666666666667,0.0036666666666666627
1,1,0,LogReg,8,X2,0.166666667,0.833333333,0.871465296,0.2576666666666667,0.06733333333333338,0.003000000000000036
1,1,0,SVC,8,W1,0.213333333,0.783333333,0.837905237,0.18466666666666667,0.04283333333333332,0.002333333333333354
1,1,0,SVC,8,W2,0.243333333,0.745,0.812729498,0.15516666666666665,0.02783333333333333,-0.0018333333333333424
1,1,0,SVC,8,X1,0.158333333,0.843333333,0.880407125,0.25933333333333336,0.07133333333333337,0.002000000000000046
1,1,0,SVC,8,X2,0.168333333,0.821666667,0.864040661,0.24533333333333332,0.053500000000000006,-0.005833333333333346
1,1,0,RF-C,8,W1,0.208333333,0.791666667,0.840764331,0.1993333333333333,0.0548333333333333,0.006833333333333302
1,1,0,RF-C,8,W2,0.246666667,0.753333333,0.815,0.17166666666666663,0.032833333333333284,0.002833333333333299
1,1,0,RF-C,8,X1,0.158333333,0.841666667,0.878361076,0.267,0.06700000000000002,0.01100000000000001
1,1,0,RF-C,8,X2,0.17,0.83,0.869897959,0.26066666666666666,0.0648333333333333,0.0003333333333332855
1,1,0,XGBoost-C,8,W1,0.215,0.753333333,0.808290155,0.17216666666666663,0.0453333333333333,-0.003000000000000036
1,1,0,XGBoost-C,8,W2,0.246666667,0.743333333,0.801033592,0.17516666666666664,0.046499999999999965,0.002666666666666617
1,1,0,XGBoost-C,8,X1,0.165,0.793333333,0.837270341,0.22383333333333333,0.03800000000000002,-0.010166666666666668
1,1,0,XGBoost-C,8,X2,0.166666667,0.798333333,0.84306096,0.23500000000000001,0.0455,0.0040000000000000036
1,1,0,MLP-C,8,W1,0.211666667,0.788333333,0.839848676,0.19316666666666665,0.055833333333333325,0.0011666666666666826
1,1,0,MLP-C,8,W2,0.241666667,0.758333333,0.814814815,0.18183333333333332,0.04666666666666662,0.0013333333333332975
1,1,0,MLP-C,8,X1,0.153333333,0.846666667,0.879581152,0.27266666666666667,0.07583333333333336,0.0033333333333333435
1,1,0,MLP-C,8,X2,0.161666667,0.838333333,0.873862159,0.269,0.07850000000000004,0.003666666666666707
1,1,0,LogReg,9,W1,0.183333333,0.816666667,0.857881137,0.22216666666666662,0.08149999999999999,0.0044999999999999814
1,1,0,LogReg,9,W2,0.218333333,0.781666667,0.833545108,0.19949999999999996,0.05299999999999997,-4.4408920985006264e-17
1,1,0,LogReg,9,X1,0.156666667,0.843333333,0.877604167,0.24100000000000002,0.09166666666666672,0.004833333333333389
1,1,0,LogReg,9,X2,0.146666667,0.853333333,0.884816754,0.27783333333333343,0.058166666666666714,0.005000000000000037
1,1,0,SVC,9,W1,0.186666667,0.813333333,0.855670103,0.22250000000000006,0.0746666666666667,0.0031666666666666623
1,1,0,SVC,9,W2,0.22,0.78,0.833333333,0.19733333333333336,0.04916666666666669,0.002666666666666706
1,1,0,SVC,9,X1,0.166666667,0.83,0.864361702,0.24499999999999997,0.07533333333333328,-0.005000000000000037
1,1,0,SVC,9,X2,0.15,0.845,0.879377432,0.2633333333333333,0.05199999999999997,0.0004999999999999672
1,1,0,RF-C,9,W1,0.191666667,0.808333333,0.850455137,0.23650000000000002,0.06533333333333338,0.011666666666666669
1,1,0,RF-C,9,W2,0.213333333,0.786666667,0.837150127,0.2133333333333333,0.05383333333333329,0.006499999999999973
1,1,0,RF-C,9,X1,0.173333333,0.826666667,0.860215054,0.2583333333333333,0.06383333333333333,-0.002666666666666662
1,1,0,RF-C,9,X2,0.15,0.85,0.8828125,0.2713333333333333,0.05399999999999998,0.006833333333333314
1,1,0,XGBoost-C,9,W1,0.191666667,0.781666667,0.832694764,0.21083333333333326,0.050833333333333286,0.014999999999999947
1,1,0,XGBoost-C,9,W2,0.218333333,0.755,0.81321474,0.176,0.035833333333333314,-0.0030000000000000248
1,1,0,XGBoost-C,9,X1,0.166666667,0.788333333,0.829986613,0.21283333333333335,0.04800000000000001,-0.015666666666666672
1,1,0,XGBoost-C,9,X2,0.153333333,0.833333333,0.867724868,0.25150000000000006,0.04866666666666669,0.0055000000000000274
1,1,0,MLP-C,9,W1,0.183333333,0.816666667,0.857881137,0.22183333333333327,0.08066666666666665,0.0026666666666666505
1,1,0,MLP-C,9,W2,0.218333333,0.781666667,0.833545108,0.19949999999999996,0.053166666666666626,-4.4408920985006264e-17
1,1,0,MLP-C,9,X1,0.158333333,0.841666667,0.877102199,0.2381666666666667,0.09166666666666666,0.0036666666666666735
1,1,0,MLP-C,9,X2,0.145,0.855,0.885072655,0.2811666666666666,0.06416666666666666,0.003166666666666651
1,1,0,LogReg,10,W1,0.221666667,0.778333333,0.837606838,0.1766666666666666,0.05383333333333332,0.001666666666666683
1,1,0,LogReg,10,W2,0.228333333,0.771666667,0.82230869,0.18066666666666661,0.07633333333333328,0.0034999999999999476
1,1,0,LogReg,10,X1,0.18,0.82,0.864661654,0.23033333333333328,0.06633333333333327,0.002833333333333299
1,1,0,LogReg,10,X2,0.181666667,0.818333333,0.857142857,0.23350000000000004,0.05333333333333336,0.0018333333333333756
1,1,0,SVC,10,W1,0.223333333,0.771666667,0.832722833,0.16999999999999993,0.05033333333333327,-0.005000000000000037
1,1,0,SVC,10,W2,0.225,0.77,0.823979592,0.17766666666666664,0.06750000000000002,0.0058333333333333345
1,1,0,SVC,10,X1,0.178333333,0.81,0.856423174,0.21883333333333338,0.05616666666666673,-0.004333333333333267
1,1,0,SVC,10,X2,0.178333333,0.821666667,0.857901726,0.24316666666666667,0.05966666666666666,0.006666666666666654
1,1,0,RF-C,10,W1,0.21,0.79,0.845588235,0.19750000000000004,0.062333333333333366,0.004333333333333389
1,1,0,RF-C,10,W2,0.235,0.765,0.818532819,0.1851666666666667,0.05466666666666668,0.003833333333333333
1,1,0,RF-C,10,X1,0.173333333,0.826666667,0.867684478,0.2373333333333333,0.07716666666666668,0.01283333333333333
1,1,0,RF-C,10,X2,0.185,0.815,0.852980132,0.24133333333333326,0.03566666666666661,0.0018333333333332646
1,1,0,XGBoost-C,10,W1,0.213333333,0.743333333,0.803069054,0.15166666666666662,0.05183333333333327,-0.003333333333333377
1,1,0,XGBoost-C,10,W2,0.228333333,0.718333333,0.779084967,0.13683333333333336,0.06000000000000005,-0.00466666666666663
1,1,0,XGBoost-C,10,X1,0.176666667,0.801666667,0.846846847,0.2126666666666667,0.06916666666666663,-0.0005000000000000227
1,1,0,XGBoost-C,10,X2,0.183333333,0.8,0.84,0.22566666666666674,0.0591666666666667,-0.0009999999999999675
1,1,0,MLP-C,10,W1,0.22,0.78,0.835820896,0.18000000000000002,0.05883333333333335,0.0
1,1,0,MLP-C,10,W2,0.225,0.775,0.82398957,0.18983333333333335,0.07783333333333335,0.003333333333333355
1,1,0,MLP-C,10,X1,0.178333333,0.821666667,0.863346105,0.2365,0.06933333333333333,0.0064999999999999945
1,1,0,MLP-C,10,X2,0.18,0.82,0.855614973,0.24299999999999994,0.08266666666666662,0.02133333333333327
1,1,1,LogReg,1,W1,0.198333333,0.801666667,0.845654994,0.06449999999999997,0.21599999999999997,0.003999999999999981
1,1,1,LogReg,1,W2,0.205,0.795,0.846824408,0.040333333333333374,0.21350000000000008,0.001000000000000012
1,1,1,LogReg,1,X1,0.185,0.815,0.856031128,0.08299999999999995,0.22249999999999998,-0.002166666666666717
1,1,1,LogReg,1,X2,0.17,0.83,0.871212121,0.08416666666666664,0.23316666666666666,0.0004999999999999782
1,1,1,SVC,1,W1,0.198333333,0.793333333,0.841432225,0.06116666666666667,0.19833333333333333,-0.003666666666666685
1,1,1,SVC,1,W2,0.205,0.79,0.8425,0.03916666666666672,0.20566666666666672,-0.001166666666666627
1,1,1,SVC,1,X1,0.185,0.805,0.850574713,0.07733333333333339,0.1976666666666667,-0.0038333333333332997
1,1,1,SVC,1,X2,0.168333333,0.828333333,0.870440252,0.08683333333333336,0.22533333333333333,0.008166666666666711
1,1,1,RF-C,1,W1,0.193333333,0.806666667,0.852417303,0.0723333333333333,0.21766666666666667,0.005499999999999982
1,1,1,RF-C,1,W2,0.201666667,0.798333333,0.845466156,0.05050000000000001,0.2205,0.015666666666666697
1,1,1,RF-C,1,X1,0.183333333,0.816666667,0.860406091,0.08183333333333333,0.21516666666666667,0.0001666666666666483
1,1,1,RF-C,1,X2,0.178333333,0.821666667,0.864385298,0.07516666666666665,0.22316666666666665,0.01533333333333331
1,1,1,XGBoost-C,1,W1,0.196666667,0.783333333,0.829842932,0.06466666666666666,0.2033333333333333,0.019333333333333324
1,1,1,XGBoost-C,1,W2,0.2,0.765,0.819462228,0.03433333333333335,0.19716666666666668,0.01050000000000002
1,1,1,XGBoost-C,1,X1,0.19,0.775,0.825355757,0.06750000000000002,0.18083333333333335,0.0008333333333333636
1,1,1,XGBoost-C,1,X2,0.178333333,0.796666667,0.845177665,0.07116666666666663,0.20683333333333329,0.023999999999999966
1,1,1,MLP-C,1,W1,0.196666667,0.803333333,0.844736842,0.06683333333333333,0.21749999999999997,0.008166666666666666
1,1,1,MLP-C,1,W2,0.195,0.805,0.849420849,0.051166666666666694,0.22733333333333333,0.009333333333333383
1,1,1,MLP-C,1,X1,0.181666667,0.818333333,0.858257477,0.08583333333333334,0.229,0.0005000000000000227
1,1,1,MLP-C,1,X2,0.163333333,0.836666667,0.871727749,0.09266666666666667,0.2465,0.0
1,1,1,LogReg,2,W1,0.178333333,0.821666667,0.861578266,0.08149999999999999,0.238,-0.006000000000000005
1,1,1,LogReg,2,W2,0.188333333,0.811666667,0.852287582,0.07949999999999999,0.21916666666666665,0.00449999999999996
1,1,1,LogReg,2,X1,0.171666667,0.828333333,0.867096774,0.0951666666666667,0.23866666666666667,4.4408920985006264e-17
1,1,1,LogReg,2,X2,0.16,0.84,0.872,0.11249999999999998,0.22799999999999998,0.007833333333333293
1,1,1,SVC,2,W1,0.173333333,0.828333333,0.87076537,0.09083333333333335,0.2286666666666667,-0.001166666666666627
1,1,1,SVC,2,W2,0.191666667,0.805,0.850192061,0.07183333333333339,0.20750000000000002,0.003333333333333377
1,1,1,SVC,2,X1,0.175,0.82,0.863636364,0.08516666666666663,0.2208333333333333,-0.008833333333333382
1,1,1,SVC,2,X2,0.166666667,0.828333333,0.867438867,0.09583333333333335,0.20900000000000007,0.0028333333333333765
1,1,1,RF-C,2,W1,0.173333333,0.826666667,0.866666667,0.09,0.23149999999999996,0.004333333333333333
1,1,1,RF-C,2,W2,0.191666667,0.808333333,0.853503185,0.06966666666666668,0.21283333333333335,0.0018333333333333313
1,1,1,RF-C,2,X1,0.165,0.835,0.873563218,0.09849999999999998,0.24099999999999996,0.0033333333333332993
1,1,1,RF-C,2,X2,0.171666667,0.828333333,0.865710561,0.09483333333333335,0.21483333333333335,0.008666666666666722
1,1,1,XGBoost-C,2,W1,0.18,0.8,0.845360825,0.08050000000000004,0.2161666666666667,0.0025000000000000356
1,1,1,XGBoost-C,2,W2,0.185,0.753333333,0.802666667,0.04899999999999999,0.16383333333333333,-0.013000000000000022
1,1,1,XGBoost-C,2,X1,0.165,0.803333333,0.845953003,0.09050000000000002,0.21533333333333332,-0.003166666666666651
1,1,1,XGBoost-C,2,X2,0.166666667,0.801666667,0.840268456,0.08549999999999998,0.1868333333333333,0.0026666666666666284
1,1,1,MLP-C,2,W1,0.17,0.83,0.871212121,0.0883333333333333,0.23616666666666664,0.003166666666666629
1,1,1,MLP-C,2,W2,0.188333333,0.811666667,0.852287582,0.07966666666666665,0.21916666666666665,0.00449999999999996
1,1,1,MLP-C,2,X1,0.168333333,0.831666667,0.869340233,0.09349999999999999,0.24583333333333335,0.0056666666666666645
1,1,1,MLP-C,2,X2,0.16,0.84,0.872,0.11266666666666665,0.22799999999999998,0.007833333333333293
1,1,1,LogReg,3,W1,0.233333333,0.766666667,0.827160494,0.0308333333333334,0.1793333333333334,0.002000000000000035
1,1,1,LogReg,3,W2,0.205,0.795,0.849079755,0.05466666666666671,0.20216666666666674,0.0028333333333333656
1,1,1,LogReg,3,X1,0.23,0.77,0.82962963,0.039833333333333346,0.17033333333333336,0.0008333333333333526
1,1,1,LogReg,3,X2,0.183333333,0.816666667,0.862155388,0.09599999999999999,0.20349999999999996,0.005999999999999972
1,1,1,SVC,3,W1,0.226666667,0.755,0.820950061,0.02516666666666667,0.15799999999999997,0.001666666666666683
1,1,1,SVC,3,W2,0.198333333,0.8,0.852216749,0.06700000000000005,0.20200000000000004,0.011000000000000055
1,1,1,SVC,3,X1,0.226666667,0.763333333,0.825980392,0.035499999999999976,0.1643333333333333,-0.0028333333333333656
1,1,1,SVC,3,X2,0.186666667,0.801666667,0.853267571,0.07733333333333331,0.18466666666666662,0.0008333333333332971
1,1,1,RF-C,3,W1,0.233333333,0.766666667,0.825436409,0.03433333333333338,0.1848333333333334,0.003333333333333388
1,1,1,RF-C,3,W2,0.203333333,0.796666667,0.847880299,0.06849999999999995,0.2108333333333333,0.019666666666666645
1,1,1,RF-C,3,X1,0.223333333,0.776666667,0.832917706,0.04516666666666662,0.18816666666666662,0.009333333333333282
1,1,1,RF-C,3,X2,0.181666667,0.818333333,0.863579474,0.09833333333333333,0.21583333333333338,0.019000000000000027
1,1,1,XGBoost-C,3,W1,0.238333333,0.735,0.795892169,0.022999999999999975,0.16433333333333336,-0.01133333333333334
1,1,1,XGBoost-C,3,W2,0.196666667,0.781666667,0.833545108,0.07466666666666662,0.19049999999999997,0.01799999999999994
1,1,1,XGBoost-C,3,X1,0.226666667,0.758333333,0.818523154,0.04199999999999995,0.17516666666666664,0.008333333333333281
1,1,1,XGBoost-C,3,X2,0.178333333,0.785,0.837326608,0.07416666666666669,0.17483333333333337,0.0010000000000000564
1,1,1,MLP-C,3,W1,0.233333333,0.766666667,0.827586207,0.029500000000000037,0.1783333333333334,0.0015000000000000458
1,1,1,MLP-C,3,W2,0.206666667,0.793333333,0.84691358,0.06649999999999999,0.2026666666666667,0.008833333333333337
1,1,1,MLP-C,3,X1,0.216666667,0.783333333,0.830729167,0.06716666666666667,0.21016666666666667,0.0010000000000000009
1,1,1,MLP-C,3,X2,0.176666667,0.823333333,0.865482234,0.10633333333333336,0.21116666666666672,0.007833333333333359
1,1,1,LogReg,4,W1,0.17,0.83,0.877403846,0.0723333333333333,0.2253333333333333,0.0009999999999999675
1,1,1,LogReg,4,W2,0.205,0.795,0.844500632,0.07200000000000004,0.19383333333333339,0.00016666666666670382
1,1,1,LogReg,4,X1,0.165,0.835,0.87732342,0.08366666666666664,0.23616666666666664,0.003999999999999959
1,1,1,LogReg,4,X2,0.193333333,0.806666667,0.852417303,0.09249999999999996,0.19149999999999998,0.004499999999999971
1,1,1,SVC,4,W1,0.171666667,0.826666667,0.87409201,0.07433333333333333,0.22366666666666662,0.004000000000000015
1,1,1,SVC,4,W2,0.206666667,0.775,0.834761322,0.056166666666666684,0.17,-0.009833333333333295
1,1,1,SVC,4,X1,0.163333333,0.833333333,0.877149877,0.08300000000000005,0.23050000000000007,0.0035000000000000252
1,1,1,SVC,4,X2,0.193333333,0.796666667,0.848258706,0.08499999999999995,0.17883333333333334,-0.002166666666666717
1,1,1,RF-C,4,W1,0.173333333,0.826666667,0.874698795,0.06866666666666667,0.23016666666666669,0.005166666666666686
1,1,1,RF-C,4,W2,0.216666667,0.783333333,0.835443038,0.07216666666666666,0.19083333333333335,0.011999999999999988
1,1,1,RF-C,4,X1,0.151666667,0.848333333,0.885821832,0.09433333333333338,0.2551666666666667,0.007333333333333381
1,1,1,RF-C,4,X2,0.193333333,0.806666667,0.853535354,0.09316666666666663,0.19349999999999995,0.008166666666666655
1,1,1,XGBoost-C,4,W1,0.171666667,0.758333333,0.820322181,0.03249999999999996,0.17216666666666663,-0.02383333333333334
1,1,1,XGBoost-C,4,W2,0.216666667,0.758333333,0.814814815,0.06449999999999996,0.16899999999999998,0.009999999999999964
1,1,1,XGBoost-C,4,X1,0.153333333,0.781666667,0.836861768,0.06416666666666662,0.19799999999999995,-0.008666666666666734
1,1,1,XGBoost-C,4,X2,0.195,0.775,0.828462516,0.07383333333333336,0.16766666666666669,-0.007666666666666644
1,1,1,MLP-C,4,W1,0.17,0.83,0.874384236,0.07516666666666663,0.23683333333333328,0.007666666666666655
1,1,1,MLP-C,4,W2,0.203333333,0.796666667,0.845959596,0.07349999999999997,0.1938333333333333,-2.2204460492503132e-17
1,1,1,MLP-C,4,X1,0.163333333,0.836666667,0.8775,0.08666666666666667,0.23916666666666667,0.003166666666666651
1,1,1,MLP-C,4,X2,0.188333333,0.811666667,0.854568855,0.09933333333333332,0.20216666666666666,0.007666666666666644
1,1,1,LogReg,5,W1,0.22,0.78,0.833333333,0.06500000000000003,0.18233333333333338,0.0038333333333333665
1,1,1,LogReg,5,W2,0.208333333,0.791666667,0.839948784,0.07166666666666663,0.19483333333333328,0.0036666666666666293
1,1,1,LogReg,5,X1,0.213333333,0.786666667,0.837974684,0.07583333333333328,0.17416666666666664,-0.0011666666666667047
1,1,1,LogReg,5,X2,0.175,0.825,0.862745098,0.11116666666666661,0.19699999999999995,0.0009999999999999564
1,1,1,SVC,5,W1,0.221666667,0.77,0.831707317,0.057000000000000016,0.162,-0.004666666666666641
1,1,1,SVC,5,W2,0.211666667,0.776666667,0.829949239,0.05983333333333328,0.17699999999999996,-0.0038333333333333774
1,1,1,SVC,5,X1,0.213333333,0.785,0.842490842,0.07283333333333336,0.16766666666666669,-0.003999999999999959
1,1,1,SVC,5,X2,0.171666667,0.826666667,0.867684478,0.11433333333333333,0.1943333333333333,0.0015000000000000124
1,1,1,RF-C,5,W1,0.213333333,0.786666667,0.840399002,0.06166666666666663,0.19116666666666665,0.008666666666666645
1,1,1,RF-C,5,W2,0.196666667,0.803333333,0.847150259,0.07783333333333334,0.20900000000000002,0.023333333333333338
1,1,1,RF-C,5,X1,0.201666667,0.798333333,0.848938826,0.08333333333333334,0.18783333333333335,0.011833333333333352
1,1,1,RF-C,5,X2,0.171666667,0.828333333,0.869123253,0.10750000000000004,0.20400000000000001,0.011333333333333372
1,1,1,XGBoost-C,5,W1,0.216666667,0.766666667,0.824561404,0.0566666666666667,0.17116666666666674,0.008833333333333382
1,1,1,XGBoost-C,5,W2,0.208333333,0.77,0.821705426,0.06833333333333336,0.1866666666666667,0.018500000000000006
1,1,1,XGBoost-C,5,X1,0.213333333,0.78,0.834586466,0.07600000000000004,0.1716666666666667,0.00983333333333336
1,1,1,XGBoost-C,5,X2,0.175,0.81,0.852331606,0.10833333333333339,0.18883333333333335,0.016166666666666718
1,1,1,MLP-C,5,W1,0.216666667,0.783333333,0.835443038,0.07216666666666667,0.18866666666666662,0.0058333333333333345
1,1,1,MLP-C,5,W2,0.21,0.79,0.838461538,0.07033333333333339,0.19416666666666668,0.0008333333333333636
1,1,1,MLP-C,5,X1,0.205,0.795,0.843710292,0.08550000000000003,0.1876666666666667,0.00800000000000003
1,1,1,MLP-C,5,X2,0.171666667,0.828333333,0.864651774,0.11400000000000006,0.20100000000000007,0.0045000000000000265
1,1,1,LogReg,6,W1,0.183333333,0.816666667,0.866180049,0.0668333333333333,0.22299999999999995,0.001000000000000012
1,1,1,LogReg,6,W2,0.206666667,0.793333333,0.844611529,0.05850000000000001,0.20283333333333334,0.0001666666666666483
1,1,1,LogReg,6,X1,0.165,0.835,0.877018634,0.0993333333333333,0.22699999999999995,-0.001333333333333364
1,1,1,LogReg,6,X2,0.19,0.81,0.85678392,0.08200000000000005,0.20283333333333337,0.0060000000000000496
1,1,1,SVC,6,W1,0.185,0.808333333,0.863582444,0.05066666666666669,0.21100000000000002,-0.0029999999999999914
1,1,1,SVC,6,W2,0.21,0.773333333,0.836538462,0.03933333333333332,0.1735,-0.007000000000000006
1,1,1,SVC,6,X1,0.163333333,0.823333333,0.870731707,0.08650000000000004,0.2141666666666667,-0.001833333333333287
1,1,1,SVC,6,X2,0.195,0.786666667,0.843137255,0.06133333333333328,0.17416666666666664,-0.002333333333333365
1,1,1,RF-C,6,W1,0.193333333,0.806666667,0.859903382,0.06266666666666663,0.217,0.013666666666666638
1,1,1,RF-C,6,W2,0.22,0.78,0.835411471,0.051166666666666694,0.1871666666666667,-0.010333333333333316
1,1,1,RF-C,6,X1,0.156666667,0.843333333,0.88337469,0.10200000000000005,0.23166666666666674,0.006166666666666698
1,1,1,RF-C,6,X2,0.213333333,0.786666667,0.840399002,0.06283333333333328,0.1783333333333333,0.0001666666666666261
1,1,1,XGBoost-C,6,W1,0.188333333,0.783333333,0.839108911,0.05116666666666666,0.2001666666666667,0.010499999999999987
1,1,1,XGBoost-C,6,W2,0.208333333,0.753333333,0.813602015,0.0403333333333333,0.16533333333333328,-0.00833333333333337
1,1,1,XGBoost-C,6,X1,0.165,0.816666667,0.862842893,0.08666666666666664,0.21366666666666667,0.011999999999999978
1,1,1,XGBoost-C,6,X2,0.208333333,0.781666667,0.83480454,0.06899999999999996,0.17766666666666664,0.0004999999999999672
1,1,1,MLP-C,6,W1,0.166666667,0.833333333,0.876237624,0.07933333333333337,0.24716666666666667,0.010500000000000032
1,1,1,MLP-C,6,W2,0.203333333,0.796666667,0.846733668,0.06216666666666663,0.20716666666666664,0.001499999999999968
1,1,1,MLP-C,6,X1,0.163333333,0.836666667,0.878109453,0.10200000000000001,0.22983333333333333,0.0
1,1,1,MLP-C,6,X2,0.188333333,0.811666667,0.857142857,0.08583333333333332,0.2033333333333333,0.008499999999999962
1,1,1,LogReg,7,W1,0.198333333,0.801666667,0.853628536,0.08899999999999997,0.19283333333333333,0.0049999999999999715
1,1,1,LogReg,7,W2,0.196666667,0.803333333,0.8525,0.06600000000000002,0.20983333333333337,0.0
1,1,1,LogReg,7,X1,0.193333333,0.806666667,0.855721393,0.10599999999999998,0.1975,0.0004999999999999782
1,1,1,LogReg,7,X2,0.19,0.81,0.856060606,0.08983333333333338,0.19816666666666669,0.0
1,1,1,SVC,7,W1,0.201666667,0.795,0.849079755,0.08633333333333339,0.18300000000000005,-0.002666666666666617
1,1,1,SVC,7,W2,0.196666667,0.8,0.852579853,0.06400000000000003,0.19483333333333336,0.0036666666666666957
1,1,1,SVC,7,X1,0.196666667,0.803333333,0.853960396,0.10550000000000001,0.18966666666666668,0.003833333333333333
1,1,1,SVC,7,X2,0.19,0.81,0.859605911,0.08450000000000005,0.1958333333333334,0.007000000000000039
1,1,1,RF-C,7,W1,0.205,0.795,0.846441948,0.07600000000000004,0.19583333333333336,-0.0029999999999999805
1,1,1,RF-C,7,W2,0.203333333,0.796666667,0.847880299,0.06199999999999996,0.20283333333333328,0.007499999999999962
1,1,1,RF-C,7,X1,0.193333333,0.806666667,0.855361596,0.10066666666666664,0.20466666666666664,0.005666666666666631
1,1,1,RF-C,7,X2,0.186666667,0.813333333,0.860349127,0.08833333333333335,0.2026666666666667,0.007500000000000018
1,1,1,XGBoost-C,7,W1,0.196666667,0.755,0.808842653,0.074,0.16499999999999998,-0.004500000000000004
1,1,1,XGBoost-C,7,W2,0.2,0.763333333,0.819338422,0.0513333333333333,0.1755,0.001833333333333309
1,1,1,XGBoost-C,7,X1,0.196666667,0.748333333,0.803641092,0.06149999999999996,0.14449999999999993,-0.024000000000000056
1,1,1,XGBoost-C,7,X2,0.188333333,0.778333333,0.829705506,0.07733333333333332,0.1778333333333333,0.008499999999999997
1,1,1,MLP-C,7,W1,0.201666667,0.798333333,0.853688029,0.08450000000000002,0.18216666666666667,0.0
1,1,1,MLP-C,7,W2,0.191666667,0.808333333,0.854614412,0.07300000000000002,0.22033333333333333,0.0005000000000000004
1,1,1,MLP-C,7,X1,0.185,0.815,0.860377358,0.11983333333333328,0.2059999999999999,0.006666666666666599
1,1,1,MLP-C,7,X2,0.19,0.81,0.856060606,0.08783333333333337,0.19883333333333336,0.0001666666666666927
1,1,1,LogReg,8,W1,0.195,0.805,0.854658385,0.06800000000000005,0.21016666666666675,0.002333333333333365
1,1,1,LogReg,8,W2,0.166666667,0.833333333,0.876847291,0.09783333333333338,0.21666666666666673,0.007166666666666733
1,1,1,LogReg,8,X1,0.186666667,0.813333333,0.856777494,0.08083333333333334,0.21966666666666673,0.0035000000000000144
1,1,1,LogReg,8,X2,0.151666667,0.848333333,0.886107635,0.12333333333333338,0.2178333333333334,0.00800000000000004
1,1,1,SVC,8,W1,0.203333333,0.793333333,0.845386534,0.06166666666666668,0.19883333333333336,-0.003833333333333344
1,1,1,SVC,8,W2,0.17,0.828333333,0.872682324,0.09600000000000003,0.21316666666666667,0.00800000000000003
1,1,1,SVC,8,X1,0.185,0.81,0.85678392,0.08066666666666672,0.21600000000000003,-0.0001666666666666261
1,1,1,SVC,8,X2,0.143333333,0.851666667,0.888331242,0.1285,0.22266666666666665,0.01033333333333335
1,1,1,RF-C,8,W1,0.205,0.795,0.844892812,0.06750000000000003,0.2123333333333334,0.007333333333333381
1,1,1,RF-C,8,W2,0.158333333,0.841666667,0.880201765,0.10816666666666666,0.2355,0.027166666666666672
1,1,1,RF-C,8,X1,0.178333333,0.821666667,0.864728192,0.08683333333333333,0.23083333333333336,0.005666666666666653
1,1,1,RF-C,8,X2,0.15,0.85,0.884318766,0.1333333333333333,0.23249999999999998,0.01533333333333331
1,1,1,XGBoost-C,8,W1,0.205,0.765,0.81759379,0.05900000000000002,0.19216666666666668,0.006166666666666676
1,1,1,XGBoost-C,8,W2,0.165,0.803333333,0.849872774,0.08916666666666669,0.20783333333333331,0.006000000000000005
1,1,1,XGBoost-C,8,X1,0.185,0.791666667,0.835742444,0.08649999999999995,0.21099999999999994,0.013333333333333286
1,1,1,XGBoost-C,8,X2,0.148333333,0.828333333,0.868117798,0.12733333333333338,0.21366666666666667,0.003666666666666707
1,1,1,MLP-C,8,W1,0.198333333,0.801666667,0.847240051,0.07316666666666663,0.21449999999999997,0.0006666666666666265
1,1,1,MLP-C,8,W2,0.165,0.835,0.878527607,0.10483333333333329,0.2168333333333333,0.01916666666666663
1,1,1,MLP-C,8,X1,0.185,0.815,0.856774194,0.09349999999999994,0.22983333333333328,0.0006666666666666043
1,1,1,MLP-C,8,X2,0.151666667,0.848333333,0.883482714,0.1336666666666667,0.22833333333333342,0.008833333333333382
1,1,1,LogReg,9,W1,0.165,0.835,0.877018634,0.11116666666666664,0.2208333333333333,0.0016666666666666275
1,1,1,LogReg,9,W2,0.2,0.8,0.848484848,0.08216666666666674,0.19900000000000004,0.007500000000000029
1,1,1,LogReg,9,X1,0.16,0.838333333,0.878293601,0.11583333333333334,0.22316666666666668,-0.00033333333333331885
1,1,1,LogReg,9,X2,0.165,0.835,0.874524715,0.1311666666666666,0.2128333333333333,0.008499999999999962
1,1,1,SVC,9,W1,0.17,0.81,0.861313869,0.08483333333333339,0.1951666666666667,-0.002333333333333265
1,1,1,SVC,9,W2,0.201666667,0.795,0.846824408,0.08533333333333334,0.18766666666666673,0.00416666666666673
1,1,1,SVC,9,X1,0.158333333,0.835,0.878228782,0.11333333333333329,0.21416666666666667,-0.0035000000000000473
1,1,1,SVC,9,X2,0.16,0.831666667,0.87327478,0.13183333333333333,0.20883333333333334,0.009000000000000008
1,1,1,RF-C,9,W1,0.178333333,0.821666667,0.866749689,0.09683333333333333,0.2108333333333333,0.004999999999999982
1,1,1,RF-C,9,W2,0.193333333,0.806666667,0.850899743,0.09266666666666663,0.21466666666666664,0.009499999999999963
1,1,1,RF-C,9,X1,0.158333333,0.841666667,0.881987578,0.11766666666666666,0.2286666666666667,0.009999999999999998
1,1,1,RF-C,9,X2,0.17,0.83,0.870558376,0.13599999999999995,0.21549999999999994,0.014166666666666638
1,1,1,XGBoost-C,9,W1,0.175,0.791666667,0.846625767,0.08416666666666664,0.18299999999999997,-0.0035000000000000473
1,1,1,XGBoost-C,9,W2,0.201666667,0.768333333,0.82382763,0.0838333333333333,0.17449999999999996,-0.0005000000000000227
1,1,1,XGBoost-C,9,X1,0.161666667,0.813333333,0.858227848,0.10266666666666668,0.20916666666666667,0.008500000000000008
1,1,1,XGBoost-C,9,X2,0.166666667,0.796666667,0.845177665,0.11199999999999996,0.1983333333333333,-0.007000000000000029
1,1,1,MLP-C,9,W1,0.165,0.835,0.875784191,0.10933333333333328,0.22399999999999992,0.005333333333333312
1,1,1,MLP-C,9,W2,0.195,0.805,0.849032258,0.09066666666666671,0.20516666666666666,0.010000000000000042
1,1,1,MLP-C,9,X1,0.156666667,0.843333333,0.881012658,0.11783333333333337,0.23600000000000007,0.0008333333333333636
1,1,1,MLP-C,9,X2,0.165,0.835,0.875157629,0.13949999999999999,0.21616666666666667,0.0153333333333333
1,1,1,LogReg,10,W1,0.185,0.815,0.861076345,0.07633333333333328,0.2276666666666666,0.002333333333333287
1,1,1,LogReg,10,W2,0.146666667,0.853333333,0.891358025,0.10116666666666671,0.23933333333333334,0.002333333333333365
1,1,1,LogReg,10,X1,0.183333333,0.816666667,0.862842893,0.08133333333333333,0.21849999999999997,0.0010000000000000009
1,1,1,LogReg,10,X2,0.16,0.84,0.8808933,0.11049999999999997,0.21699999999999994,0.002333333333333287
1,1,1,SVC,10,W1,0.183333333,0.811666667,0.858926342,0.06949999999999998,0.21949999999999997,-0.0015000000000000013
1,1,1,SVC,10,W2,0.153333333,0.846666667,0.887254902,0.09466666666666669,0.229,0.00016666666666668162
1,1,1,SVC,10,X1,0.183333333,0.82,0.866336634,0.08299999999999995,0.21833333333333327,0.004833333333333301
1,1,1,SVC,10,X2,0.163333333,0.835,0.878527607,0.11066666666666662,0.20983333333333332,0.0001666666666666261
1,1,1,RF-C,10,W1,0.191666667,0.808333333,0.856429463,0.06216666666666668,0.21966666666666668,0.003166666666666673
1,1,1,RF-C,10,W2,0.155,0.845,0.885889571,0.08516666666666664,0.23566666666666664,0.0001666666666666039
1,1,1,RF-C,10,X1,0.183333333,0.816666667,0.8625,0.07683333333333334,0.22999999999999998,-0.000666666666666682
1,1,1,RF-C,10,X2,0.163333333,0.836666667,0.879901961,0.10483333333333333,0.21766666666666662,0.0015000000000000013
1,1,1,XGBoost-C,10,W1,0.186666667,0.776666667,0.829516539,0.0513333333333333,0.18899999999999995,0.0031666666666666067
1,1,1,XGBoost-C,10,W2,0.155,0.801666667,0.850314465,0.08299999999999999,0.1978333333333333,0.011499999999999977
1,1,1,XGBoost-C,10,X1,0.186666667,0.786666667,0.838790932,0.07599999999999997,0.18499999999999997,0.005333333333333301
1,1,1,XGBoost-C,10,X2,0.165,0.801666667,0.85398773,0.0968333333333333,0.1853333333333333,0.004166666666666641
1,1,1,MLP-C,10,W1,0.18,0.82,0.863636364,0.08683333333333328,0.22633333333333333,0.0036666666666666293
1,1,1,MLP-C,10,W2,0.151666667,0.848333333,0.886107635,0.10700000000000005,0.23750000000000004,0.009166666666666722
1,1,1,MLP-C,10,X1,0.18,0.82,0.864661654,0.08583333333333329,0.2233333333333333,0.0036666666666666293
1,1,1,MLP-C,10,X2,0.168333333,0.831666667,0.87327478,0.11200000000000002,0.21916666666666668,0.0033333333333333435
1,1,2,LogReg,1,W1,0.151666667,0.848333333,0.876860622,0.1848333333333334,0.1891666666666667,0.000333333333333341
1,1,2,LogReg,1,W2,0.215,0.785,0.829139073,0.1325,0.14383333333333337,0.0038333333333333552
1,1,2,LogReg,1,X1,0.125,0.875,0.898511502,0.23016666666666669,0.18033333333333332,0.0008333333333333304
1,1,2,LogReg,1,X2,0.15,0.85,0.876033058,0.2193333333333333,0.16549999999999998,-0.0018333333333333535
1,1,2,SVC,1,W1,0.156666667,0.843333333,0.876315789,0.17550000000000004,0.18066666666666673,0.001333333333333364
1,1,2,SVC,1,W2,0.21,0.788333333,0.832232497,0.13466666666666666,0.14866666666666667,0.008833333333333337
1,1,2,SVC,1,X1,0.128333333,0.87,0.89516129,0.22616666666666668,0.1743333333333333,-0.001333333333333331
1,1,2,SVC,1,X2,0.15,0.845,0.873469388,0.21049999999999996,0.1668333333333333,-0.007000000000000039
1,1,2,RF-C,1,W1,0.155,0.845,0.875502008,0.1766666666666666,0.1888333333333333,0.0028333333333332876
1,1,2,RF-C,1,W2,0.195,0.805,0.83994528,0.14983333333333335,0.1728333333333334,0.006500000000000039
1,1,2,RF-C,1,X1,0.123333333,0.876666667,0.899728997,0.23216666666666672,0.1828333333333334,0.0076666666666667105
1,1,2,RF-C,1,X2,0.151666667,0.848333333,0.875512996,0.22366666666666674,0.16050000000000003,0.00716666666666671
1,1,2,XGBoost-C,1,W1,0.156666667,0.798333333,0.838018742,0.15133333333333338,0.1565,-0.008833333333333304
1,1,2,XGBoost-C,1,W2,0.203333333,0.765,0.80443828,0.13266666666666665,0.1436666666666667,0.006500000000000017
1,1,2,XGBoost-C,1,X1,0.121666667,0.843333333,0.872282609,0.1971666666666667,0.16316666666666668,0.001833333333333398
1,1,2,XGBoost-C,1,X2,0.146666667,0.821666667,0.852005533,0.1988333333333333,0.15666666666666668,-0.0015000000000000013
1,1,2,MLP-C,1,W1,0.15,0.85,0.87804878,0.18816666666666665,0.1938333333333333,0.002499999999999958
1,1,2,MLP-C,1,W2,0.205,0.795,0.835781041,0.1396666666666667,0.1598333333333334,0.013666666666666716
1,1,2,MLP-C,1,X1,0.125,0.875,0.898511502,0.23016666666666669,0.1806666666666667,-0.0008333333333333304
1,1,2,MLP-C,1,X2,0.148333333,0.851666667,0.877579092,0.21833333333333335,0.16733333333333333,-0.0001666666666666705
1,1,2,LogReg,2,W1,0.21,0.79,0.832446809,0.13650000000000007,0.14816666666666672,0.006666666666666698
1,1,2,LogReg,2,W2,0.221666667,0.778333333,0.824769433,0.13116666666666665,0.1465,0.002333333333333332
1,1,2,LogReg,2,X1,0.16,0.84,0.871313673,0.1963333333333333,0.16966666666666663,0.005666666666666642
1,1,2,LogReg,2,X2,0.163333333,0.836666667,0.868632708,0.20416666666666666,0.16833333333333336,-0.0008333333333333526
1,1,2,SVC,2,W1,0.218333333,0.781666667,0.824161074,0.12566666666666662,0.14616666666666664,-0.0005000000000000337
1,1,2,SVC,2,W2,0.22,0.775,0.824902724,0.129,0.1378333333333334,-0.0009999999999999675
1,1,2,SVC,2,X1,0.166666667,0.823333333,0.856368564,0.1796666666666667,0.1576666666666667,-0.004833333333333301
1,1,2,SVC,2,X2,0.155,0.846666667,0.877333333,0.21433333333333335,0.1696666666666667,0.013000000000000012
1,1,2,RF-C,2,W1,0.216666667,0.783333333,0.834183673,0.12866666666666665,0.1395,0.009999999999999998
1,1,2,RF-C,2,W2,0.223333333,0.776666667,0.832080201,0.13049999999999998,0.1298333333333333,-0.003333333333333388
1,1,2,RF-C,2,X1,0.166666667,0.833333333,0.865229111,0.19000000000000003,0.16333333333333333,0.00666666666666671
1,1,2,RF-C,2,X2,0.155,0.845,0.875167785,0.2128333333333333,0.17149999999999993,0.022499999999999985
1,1,2,XGBoost-C,2,W1,0.215,0.74,0.790884718,0.09383333333333332,0.12066666666666663,-0.0125
1,1,2,XGBoost-C,2,W2,0.223333333,0.743333333,0.796833773,0.0963333333333333,0.1118333333333333,-0.004333333333333367
1,1,2,XGBoost-C,2,X1,0.163333333,0.786666667,0.827493261,0.14916666666666661,0.12866666666666662,-0.011166666666666724
1,1,2,XGBoost-C,2,X2,0.15,0.821666667,0.854816825,0.18933333333333335,0.15366666666666667,0.013333333333333308
1,1,2,MLP-C,2,W1,0.206666667,0.793333333,0.832432432,0.1428333333333333,0.1521666666666667,0.011666666666666669
1,1,2,MLP-C,2,W2,0.22,0.78,0.826315789,0.13400000000000004,0.14816666666666667,0.0038333333333333886
1,1,2,MLP-C,2,X1,0.166666667,0.833333333,0.864498645,0.19033333333333335,0.16316666666666668,0.0025000000000000465
1,1,2,MLP-C,2,X2,0.153333333,0.846666667,0.876675603,0.2126666666666667,0.17433333333333337,0.006666666666666665
1,1,2,LogReg,3,W1,0.17,0.83,0.868217054,0.1651666666666666,0.15799999999999997,0.008666666666666633
1,1,2,LogReg,3,W2,0.195,0.805,0.839064649,0.14850000000000002,0.16750000000000004,0.00666666666666671
1,1,2,LogReg,3,X1,0.15,0.85,0.880319149,0.193,0.16216666666666665,0.0008333333333332971
1,1,2,LogReg,3,X2,0.141666667,0.858333333,0.882434302,0.22549999999999995,0.16883333333333328,0.0039999999999999255
1,1,2,SVC,3,W1,0.176666667,0.82,0.85974026,0.15816666666666662,0.1528333333333333,-0.0013333333333333864
1,1,2,SVC,3,W2,0.2,0.79,0.830645161,0.1305,0.15750000000000003,-0.002666666666666617
1,1,2,SVC,3,X1,0.151666667,0.845,0.877470356,0.18066666666666661,0.1628333333333333,-0.002333333333333376
1,1,2,SVC,3,X2,0.145,0.855,0.879334258,0.22066666666666665,0.16766666666666663,-0.001000000000000012
1,1,2,RF-C,3,W1,0.173333333,0.826666667,0.864229765,0.16416666666666666,0.1723333333333333,0.01349999999999999
1,1,2,RF-C,3,W2,0.208333333,0.791666667,0.834874505,0.12166666666666663,0.16016666666666662,-0.0038333333333333665
1,1,2,RF-C,3,X1,0.153333333,0.846666667,0.878947368,0.19366666666666668,0.16250000000000003,0.0031666666666666623
1,1,2,RF-C,3,X2,0.141666667,0.858333333,0.88340192,0.22549999999999995,0.16416666666666663,0.0001666666666666372
1,1,2,XGBoost-C,3,W1,0.17,0.798333333,0.837583893,0.1401666666666667,0.14933333333333337,0.005500000000000016
1,1,2,XGBoost-C,3,W2,0.2,0.771666667,0.807313643,0.12099999999999993,0.14083333333333328,0.007999999999999941
1,1,2,XGBoost-C,3,X1,0.148333333,0.813333333,0.852242744,0.168,0.14600000000000002,-0.008499999999999975
1,1,2,XGBoost-C,3,X2,0.143333333,0.835,0.860366714,0.21116666666666664,0.13866666666666666,0.007166666666666632
1,1,2,MLP-C,3,W1,0.17,0.83,0.865079365,0.17066666666666663,0.16499999999999995,0.011666666666666659
1,1,2,MLP-C,3,W2,0.195,0.805,0.839064649,0.14683333333333337,0.1683333333333334,0.00616666666666672
1,1,2,MLP-C,3,X1,0.153333333,0.846666667,0.877005348,0.1911666666666667,0.16066666666666668,0.0005000000000000004
1,1,2,MLP-C,3,X2,0.143333333,0.856666667,0.882191781,0.22133333333333333,0.163,-0.0009999999999999675
1,1,2,LogReg,4,W1,0.163333333,0.836666667,0.872395833,0.17333333333333337,0.17683333333333331,0.0029999999999999914
1,1,2,LogReg,4,W2,0.2,0.8,0.841688654,0.15400000000000003,0.14550000000000002,0.005000000000000037
1,1,2,LogReg,4,X1,0.15,0.85,0.881266491,0.1913333333333333,0.17683333333333331,0.0016666666666666275
1,1,2,LogReg,4,X2,0.158333333,0.841666667,0.872483221,0.20483333333333337,0.1551666666666667,0.0001666666666666705
1,1,2,SVC,4,W1,0.166666667,0.825,0.865900383,0.16333333333333327,0.16416666666666663,-0.002000000000000035
1,1,2,SVC,4,W2,0.203333333,0.788333333,0.835278859,0.1381666666666667,0.13249999999999998,-0.000666666666666671
1,1,2,SVC,4,X1,0.15,0.85,0.882506527,0.19,0.177,0.0009999999999999675
1,1,2,SVC,4,X2,0.158333333,0.838333333,0.871523179,0.20016666666666674,0.14650000000000005,0.0016666666666667052
1,1,2,RF-C,4,W1,0.17,0.83,0.864721485,0.17366666666666664,0.1701666666666666,0.006166666666666631
1,1,2,RF-C,4,W2,0.213333333,0.786666667,0.832020997,0.1346666666666666,0.1361666666666666,0.0019999999999999684
1,1,2,RF-C,4,X1,0.148333333,0.851666667,0.882430647,0.1955,0.17616666666666667,0.003166666666666695
1,1,2,RF-C,4,X2,0.161666667,0.838333333,0.871523179,0.20166666666666672,0.148,-0.0006666666666666265
1,1,2,XGBoost-C,4,W1,0.161666667,0.795,0.838370565,0.13966666666666674,0.14450000000000002,-0.008499999999999962
1,1,2,XGBoost-C,4,W2,0.215,0.755,0.805298013,0.12616666666666668,0.13066666666666665,0.002666666666666684
1,1,2,XGBoost-C,4,X1,0.13,0.83,0.864,0.18266666666666662,0.17316666666666664,-0.003666666666666707
1,1,2,XGBoost-C,4,X2,0.156666667,0.81,0.844686649,0.18316666666666676,0.1343333333333334,-0.001999999999999935
1,1,2,MLP-C,4,W1,0.161666667,0.838333333,0.871862616,0.1831666666666667,0.18183333333333337,0.0026666666666666948
1,1,2,MLP-C,4,W2,0.196666667,0.803333333,0.842245989,0.16083333333333333,0.1511666666666667,0.009333333333333338
1,1,2,MLP-C,4,X1,0.145,0.855,0.884462151,0.20950000000000002,0.17483333333333334,0.0023333333333332984
1,1,2,MLP-C,4,X2,0.153333333,0.846666667,0.875675676,0.21133333333333332,0.16083333333333333,0.003500000000000003
1,1,2,LogReg,5,W1,0.208333333,0.791666667,0.833997344,0.133,0.1411666666666666,0.0014999999999999458
1,1,2,LogReg,5,W2,0.228333333,0.771666667,0.819499341,0.13499999999999995,0.12733333333333327,-0.00783333333333337
1,1,2,LogReg,5,X1,0.168333333,0.831666667,0.866930171,0.17683333333333334,0.14699999999999996,-0.0008333333333333415
1,1,2,LogReg,5,X2,0.145,0.855,0.886571056,0.23183333333333328,0.157,0.0043333333333333115
1,1,2,SVC,5,W1,0.208333333,0.786666667,0.831578947,0.13049999999999998,0.13299999999999995,0.0003333333333332966
1,1,2,SVC,5,W2,0.225,0.773333333,0.822916667,0.1398333333333333,0.12283333333333332,-0.008500000000000008
1,1,2,SVC,5,X1,0.173333333,0.825,0.861660079,0.16766666666666666,0.14349999999999993,-0.0015000000000000347
1,1,2,SVC,5,X2,0.148333333,0.841666667,0.875491481,0.21716666666666667,0.14650000000000002,-0.005333333333333334
1,1,2,RF-C,5,W1,0.211666667,0.788333333,0.830440587,0.13133333333333333,0.13516666666666666,0.010666666666666668
1,1,2,RF-C,5,W2,0.215,0.785,0.832684825,0.1506666666666667,0.14100000000000007,-0.0033333333333332993
1,1,2,RF-C,5,X1,0.168333333,0.831666667,0.867627785,0.18166666666666667,0.1465,0.013166666666666682
1,1,2,RF-C,5,X2,0.14,0.86,0.88976378,0.24283333333333332,0.16366666666666665,0.009666666666666646
1,1,2,XGBoost-C,5,W1,0.218333333,0.77,0.809392265,0.12016666666666667,0.13300000000000003,0.0011666666666666826
1,1,2,XGBoost-C,5,W2,0.22,0.748333333,0.797858099,0.1258333333333333,0.1233333333333333,-0.013000000000000034
1,1,2,XGBoost-C,5,X1,0.165,0.798333333,0.838018742,0.15233333333333335,0.11766666666666667,0.003000000000000014
1,1,2,XGBoost-C,5,X2,0.146666667,0.83,0.865079365,0.21449999999999997,0.14166666666666666,-0.005500000000000038
1,1,2,MLP-C,5,W1,0.206666667,0.793333333,0.835106383,0.1365,0.1415,0.003166666666666673
1,1,2,MLP-C,5,W2,0.216666667,0.783333333,0.828042328,0.14683333333333332,0.14166666666666666,0.005333333333333334
1,1,2,MLP-C,5,X1,0.161666667,0.838333333,0.869798658,0.18700000000000006,0.15516666666666673,0.011333333333333362
1,1,2,MLP-C,5,X2,0.146666667,0.853333333,0.884816754,0.2298333333333334,0.15533333333333338,0.0030000000000000248
1,1,2,LogReg,6,W1,0.185,0.815,0.853754941,0.16516666666666663,0.16999999999999993,0.0
1,1,2,LogReg,6,W2,0.225,0.775,0.824447334,0.12933333333333336,0.1416666666666667,0.005000000000000027
1,1,2,LogReg,6,X1,0.158333333,0.841666667,0.873837981,0.201,0.17133333333333334,0.0005000000000000115
1,1,2,LogReg,6,X2,0.13,0.87,0.897097625,0.22949999999999998,0.18283333333333332,0.00183333333333332
1,1,2,SVC,6,W1,0.185,0.803333333,0.84754522,0.15450000000000003,0.1585,-0.003833333333333322
1,1,2,SVC,6,W2,0.228333333,0.763333333,0.810160428,0.12483333333333328,0.1333333333333333,-0.005833333333333357
1,1,2,SVC,6,X1,0.161666667,0.833333333,0.868421053,0.1911666666666667,0.1631666666666667,-0.004833333333333312
1,1,2,SVC,6,X2,0.131666667,0.858333333,0.887714663,0.22183333333333327,0.17266666666666663,-0.005000000000000049
1,1,2,RF-C,6,W1,0.196666667,0.803333333,0.845549738,0.15550000000000003,0.16183333333333336,0.012833333333333353
1,1,2,RF-C,6,W2,0.223333333,0.776666667,0.821333333,0.13433333333333328,0.15399999999999997,0.00533333333333329
1,1,2,RF-C,6,X1,0.161666667,0.838333333,0.871523179,0.199,0.17316666666666672,0.0021666666666666943
1,1,2,RF-C,6,X2,0.138333333,0.861666667,0.890645586,0.2273333333333334,0.17416666666666672,0.002000000000000035
1,1,2,XGBoost-C,6,W1,0.198333333,0.761666667,0.811594203,0.1173333333333334,0.13383333333333336,-0.007833333333333303
1,1,2,XGBoost-C,6,W2,0.218333333,0.731666667,0.783892617,0.11000000000000001,0.12783333333333333,-0.01399999999999998
1,1,2,XGBoost-C,6,X1,0.156666667,0.808333333,0.84605087,0.16850000000000004,0.14633333333333334,-0.009499999999999975
1,1,2,XGBoost-C,6,X2,0.136666667,0.818333333,0.850068776,0.19783333333333336,0.138,-0.0033333333333332993
1,1,2,MLP-C,6,W1,0.175,0.825,0.860186418,0.17399999999999993,0.1826666666666666,0.0013333333333333086
1,1,2,MLP-C,6,W2,0.22,0.78,0.828571429,0.12850000000000003,0.14983333333333332,-0.0006666666666666377
1,1,2,MLP-C,6,X1,0.148333333,0.851666667,0.879566982,0.21900000000000003,0.18416666666666667,0.003999999999999992
1,1,2,MLP-C,6,X2,0.13,0.87,0.896825397,0.22916666666666666,0.18433333333333335,0.0018333333333333424
1,1,2,LogReg,7,W1,0.18,0.82,0.857894737,0.16449999999999995,0.1488333333333333,0.001166666666666627
1,1,2,LogReg,7,W2,0.191666667,0.808333333,0.843110505,0.15333333333333338,0.15383333333333335,0.0003333333333333299
1,1,2,LogReg,7,X1,0.151666667,0.848333333,0.878179384,0.2118333333333334,0.14016666666666672,0.004000000000000026
1,1,2,LogReg,7,X2,0.13,0.87,0.891966759,0.23899999999999996,0.15999999999999998,0.006999999999999995
1,1,2,SVC,7,W1,0.175,0.815,0.849797023,0.1653333333333333,0.1473333333333333,0.0034999999999999363
1,1,2,SVC,7,W2,0.195,0.796666667,0.837765957,0.1391666666666666,0.13549999999999998,-0.0040000000000000365
1,1,2,SVC,7,X1,0.141666667,0.853333333,0.879452055,0.21783333333333338,0.15350000000000005,0.004833333333333379
1,1,2,SVC,7,X2,0.133333333,0.866666667,0.889807163,0.23650000000000002,0.1541666666666667,0.004333333333333378
1,1,2,RF-C,7,W1,0.181666667,0.818333333,0.85170068,0.16716666666666669,0.15150000000000002,0.008666666666666689
1,1,2,RF-C,7,W2,0.201666667,0.798333333,0.838881491,0.14300000000000002,0.15016666666666664,0.0036666666666666735
1,1,2,RF-C,7,X1,0.146666667,0.853333333,0.882352941,0.21800000000000005,0.14516666666666675,0.00633333333333339
1,1,2,RF-C,7,X2,0.135,0.865,0.888583219,0.2333333333333333,0.14949999999999997,0.009000000000000008
1,1,2,XGBoost-C,7,W1,0.18,0.768333333,0.812920592,0.1313333333333333,0.12349999999999998,-0.016000000000000014
1,1,2,XGBoost-C,7,W2,0.203333333,0.75,0.791666667,0.11366666666666667,0.11749999999999998,-0.014333333333333332
1,1,2,XGBoost-C,7,X1,0.146666667,0.808333333,0.84137931,0.189,0.12433333333333334,0.0023333333333333426
1,1,2,XGBoost-C,7,X2,0.13,0.828333333,0.854724965,0.20800000000000002,0.13033333333333336,-0.0034999999999999476
1,1,2,MLP-C,7,W1,0.183333333,0.816666667,0.849726776,0.172,0.1418333333333333,0.007499999999999995
1,1,2,MLP-C,7,W2,0.188333333,0.811666667,0.844566713,0.16316666666666663,0.1565,0.0019999999999999575
1,1,2,MLP-C,7,X1,0.151666667,0.848333333,0.876860622,0.21366666666666673,0.14200000000000002,-0.0009999999999999675
1,1,2,MLP-C,7,X2,0.126666667,0.873333333,0.894444444,0.2423333333333333,0.16299999999999998,0.008999999999999975
1,1,2,LogReg,8,W1,0.188333333,0.811666667,0.850331126,0.16849999999999996,0.14933333333333337,0.0023333333333332984
1,1,2,LogReg,8,W2,0.196666667,0.803333333,0.838797814,0.15466666666666667,0.133,0.0
1,1,2,LogReg,8,X1,0.151666667,0.848333333,0.877523553,0.20966666666666675,0.16050000000000003,0.00016666666666672602
1,1,2,LogReg,8,X2,0.138333333,0.861666667,0.888888889,0.2241666666666667,0.14683333333333337,1.1102230246251566e-17
1,1,2,SVC,8,W1,0.175,0.823333333,0.858666667,0.1811666666666667,0.1636666666666667,0.016333333333333346
1,1,2,SVC,8,W2,0.196666667,0.805,0.841248304,0.15583333333333335,0.13366666666666668,0.0011666666666667047
1,1,2,SVC,8,X1,0.15,0.846666667,0.878947368,0.20933333333333332,0.15650000000000003,0.0010000000000000009
1,1,2,SVC,8,X2,0.136666667,0.856666667,0.883468835,0.2203333333333334,0.14966666666666667,2.2204460492503132e-17
1,1,2,RF-C,8,W1,0.183333333,0.816666667,0.854111406,0.17533333333333334,0.14883333333333332,0.008499999999999975
1,1,2,RF-C,8,W2,0.195,0.805,0.843373494,0.15250000000000002,0.13400000000000006,0.006166666666666709
1,1,2,RF-C,8,X1,0.153333333,0.846666667,0.877333333,0.20766666666666667,0.15983333333333333,-0.001333333333333331
1,1,2,RF-C,8,X2,0.143333333,0.856666667,0.882833787,0.22316666666666668,0.152,0.003499999999999992
1,1,2,XGBoost-C,8,W1,0.183333333,0.776666667,0.819407008,0.14899999999999997,0.12083333333333328,-0.015166666666666717
1,1,2,XGBoost-C,8,W2,0.196666667,0.768333333,0.809327846,0.12749999999999997,0.11233333333333331,-0.01633333333333332
1,1,2,XGBoost-C,8,X1,0.143333333,0.831666667,0.864792503,0.19783333333333336,0.15950000000000003,0.01233333333333333
1,1,2,XGBoost-C,8,X2,0.14,0.833333333,0.862637363,0.20150000000000007,0.1328333333333334,-0.0036666666666666293
1,1,2,MLP-C,8,W1,0.185,0.815,0.852589641,0.17133333333333328,0.15366666666666662,0.005666666666666598
1,1,2,MLP-C,8,W2,0.193333333,0.806666667,0.840220386,0.15949999999999998,0.13616666666666666,0.00366666666666664
1,1,2,MLP-C,8,X1,0.145,0.855,0.882907133,0.22566666666666663,0.16516666666666663,0.007499999999999962
1,1,2,MLP-C,8,X2,0.135,0.865,0.892998679,0.22533333333333333,0.15216666666666664,0.0001666666666666705
1,1,2,LogReg,9,W1,0.181666667,0.818333333,0.85751634,0.1748333333333334,0.17183333333333337,-0.0043333333333333
1,1,2,LogReg,9,W2,0.196666667,0.803333333,0.841823056,0.1875,0.14300000000000002,0.001000000000000012
1,1,2,LogReg,9,X1,0.148333333,0.851666667,0.881806109,0.21650000000000005,0.18250000000000002,0.000333333333333341
1,1,2,LogReg,9,X2,0.146666667,0.853333333,0.879120879,0.24783333333333335,0.15283333333333343,0.0
1,1,2,SVC,9,W1,0.173333333,0.82,0.857519789,0.17549999999999996,0.17433333333333328,-0.0021666666666666943
1,1,2,SVC,9,W2,0.195,0.796666667,0.836461126,0.18233333333333332,0.13699999999999996,-0.0013333333333333751
1,1,2,SVC,9,X1,0.151666667,0.843333333,0.876963351,0.20933333333333337,0.17000000000000007,0.0020000000000000573
1,1,2,SVC,9,X2,0.15,0.85,0.878706199,0.23949999999999996,0.15316666666666662,0.002499999999999969
1,1,2,RF-C,9,W1,0.175,0.825,0.861660079,0.19133333333333327,0.17499999999999996,0.02133333333333328
1,1,2,RF-C,9,W2,0.195,0.805,0.84295302,0.19033333333333338,0.14316666666666672,0.007333333333333381
1,1,2,RF-C,9,X1,0.151666667,0.848333333,0.879788639,0.22000000000000006,0.17283333333333337,0.014166666666666716
1,1,2,RF-C,9,X2,0.148333333,0.851666667,0.878911565,0.2401666666666667,0.15083333333333335,0.008500000000000008
1,1,2,XGBoost-C,9,W1,0.18,0.791666667,0.837451235,0.1673333333333333,0.14666666666666664,0.0038333333333332885
1,1,2,XGBoost-C,9,W2,0.196666667,0.785,0.824966079,0.16333333333333339,0.14716666666666667,0.010000000000000042
1,1,2,XGBoost-C,9,X1,0.153333333,0.825,0.860186418,0.20183333333333325,0.16033333333333327,0.005333333333333301
1,1,2,XGBoost-C,9,X2,0.14,0.84,0.867036011,0.2228333333333333,0.14149999999999996,0.011833333333333317
1,1,2,MLP-C,9,W1,0.175,0.825,0.861294584,0.18299999999999997,0.1771666666666666,0.00366666666666664
1,1,2,MLP-C,9,W2,0.201666667,0.798333333,0.836265223,0.183,0.14100000000000004,0.0011666666666666713
1,1,2,MLP-C,9,X1,0.148333333,0.851666667,0.881806109,0.21683333333333335,0.182,0.001666666666666683
1,1,2,MLP-C,9,X2,0.14,0.86,0.883977901,0.2536666666666666,0.1585,0.0001666666666666705
1,1,2,LogReg,10,W1,0.161666667,0.838333333,0.874189364,0.17133333333333337,0.18800000000000003,0.0015000000000000458
1,1,2,LogReg,10,W2,0.181666667,0.818333333,0.862199747,0.183,0.14550000000000002,0.0011666666666666937
1,1,2,LogReg,10,X1,0.143333333,0.856666667,0.888888889,0.19616666666666668,0.18283333333333335,0.00033333333333336325
1,1,2,LogReg,10,X2,0.14,0.86,0.893670886,0.24250000000000002,0.14349999999999996,-0.0009999999999999898
1,1,2,SVC,10,W1,0.163333333,0.833333333,0.873096447,0.16750000000000004,0.18250000000000005,0.0016666666666667052
1,1,2,SVC,10,W2,0.183333333,0.808333333,0.860267315,0.16950000000000004,0.1295,0.001666666666666694
1,1,2,SVC,10,X1,0.141666667,0.851666667,0.883963494,0.19083333333333335,0.18000000000000002,-0.0028333333333333322
1,1,2,SVC,10,X2,0.141666667,0.855,0.891113892,0.23200000000000004,0.1328333333333333,0.0016666666666666386
1,1,2,RF-C,10,W1,0.17,0.83,0.868894602,0.16599999999999998,0.18616666666666665,0.011166666666666636
1,1,2,RF-C,10,W2,0.193333333,0.806666667,0.856435644,0.16966666666666663,0.13066666666666665,0.006333333333333302
1,1,2,RF-C,10,X1,0.141666667,0.858333333,0.890885751,0.19233333333333325,0.18333333333333326,0.005833333333333279
1,1,2,RF-C,10,X2,0.146666667,0.853333333,0.888324873,0.23250000000000007,0.1398333333333334,0.006500000000000039
1,1,2,XGBoost-C,10,W1,0.165,0.803333333,0.85138539,0.15283333333333335,0.16116666666666668,-0.004833333333333323
1,1,2,XGBoost-C,10,W2,0.181666667,0.795,0.845671267,0.16566666666666668,0.12466666666666673,0.013166666666666715
1,1,2,XGBoost-C,10,X1,0.14,0.823333333,0.863402062,0.17,0.15650000000000003,0.0010000000000000564
1,1,2,XGBoost-C,10,X2,0.145,0.835,0.874205845,0.22116666666666665,0.1338333333333333,0.005333333333333301
1,1,2,MLP-C,10,W1,0.156666667,0.843333333,0.877922078,0.1806666666666667,0.19233333333333336,0.0038333333333333665
1,1,2,MLP-C,10,W2,0.18,0.82,0.863636364,0.18483333333333327,0.1441666666666666,0.002833333333333299
1,1,2,MLP-C,10,X1,0.138333333,0.861666667,0.891503268,0.2046666666666667,0.18883333333333335,0.004500000000000037
1,1,2,MLP-C,10,X2,0.133333333,0.866666667,0.897959184,0.252,0.15300000000000002,0.005333333333333368
2,0,0,LogReg,1,W1,0.24125,0.75875,0.75844806,0.22300000000000003,0.04800000000000004,0.0013750000000000372
2,0,0,LogReg,1,W2,0.25375,0.74625,0.733944954,0.18899999999999995,0.06449999999999997,0.0004999999999999782
2,0,0,LogReg,1,X1,0.19375,0.80625,0.802043423,0.27425,0.064375,1.1102230246251566e-17
2,0,0,LogReg,1,X2,0.1825,0.8175,0.81038961,0.269125,0.08462499999999999,-0.0002499999999999836
2,0,0,SVC,1,W1,0.23875,0.7525,0.75,0.21799999999999997,0.04074999999999993,-0.006875000000000053
2,0,0,SVC,1,W2,0.25125,0.74375,0.728476821,0.19000000000000003,0.06337500000000004,-0.004999999999999993
2,0,0,SVC,1,X1,0.1975,0.8,0.793814433,0.266625,0.056625000000000036,-0.006249999999999955
2,0,0,SVC,1,X2,0.18125,0.815,0.809768638,0.26899999999999996,0.08487499999999994,0.0012499999999999512
2,0,0,RF-C,1,W1,0.23875,0.76125,0.750326797,0.238875,0.03562499999999998,0.0022499999999999855
2,0,0,RF-C,1,W2,0.25375,0.74625,0.730411687,0.199625,0.06424999999999996,0.009749999999999981
2,0,0,RF-C,1,X1,0.195,0.805,0.800511509,0.27675000000000005,0.05787500000000005,-0.0009999999999999454
2,0,0,RF-C,1,X2,0.18625,0.81375,0.80921895,0.272875,0.07249999999999997,0.003499999999999959
2,0,0,XGBoost-C,1,W1,0.23625,0.74,0.738035264,0.20099999999999998,0.04774999999999998,-0.0028750000000000385
2,0,0,XGBoost-C,1,W2,0.2475,0.67625,0.659658344,0.13150000000000003,0.031000000000000028,-0.029374999999999995
2,0,0,XGBoost-C,1,X1,0.1875,0.77,0.768261965,0.24312499999999998,0.048750000000000036,-0.012749999999999973
2,0,0,XGBoost-C,1,X2,0.18,0.795,0.783068783,0.250875,0.07450000000000005,0.0038750000000000394
2,0,0,MLP-C,1,W1,0.23875,0.76125,0.761548065,0.226625,0.051874999999999984,0.0032499999999999864
2,0,0,MLP-C,1,W2,0.2525,0.7475,0.736292428,0.19000000000000003,0.06550000000000006,0.0003750000000000253
2,0,0,MLP-C,1,X1,0.18625,0.81375,0.813048934,0.27549999999999997,0.07974999999999997,0.004124999999999957
2,0,0,MLP-C,1,X2,0.17625,0.82375,0.815686275,0.27612499999999995,0.09,0.0021249999999999993
2,0,0,LogReg,2,W1,0.2175,0.7825,0.785714286,0.24375,0.04224999999999999,-0.00012500000000000843
2,0,0,LogReg,2,W2,0.24375,0.75625,0.762484775,0.20812499999999998,0.06124999999999997,0.0017499999999999627
2,0,0,LogReg,2,X1,0.14625,0.85375,0.858181818,0.3165,0.08299999999999999,0.004000000000000026
2,0,0,LogReg,2,X2,0.17875,0.82125,0.8249694,0.2805000000000001,0.06887500000000003,0.0006250000000000422
2,0,0,SVC,2,W1,0.205,0.7825,0.783042394,0.24574999999999997,0.04099999999999997,-0.0032500000000000085
2,0,0,SVC,2,W2,0.245,0.755,0.763285024,0.20875000000000005,0.060250000000000005,0.002625000000000022
2,0,0,SVC,2,X1,0.14625,0.8475,0.850490196,0.30962500000000004,0.07187500000000002,0.00125000000000004
2,0,0,SVC,2,X2,0.16875,0.83125,0.834761322,0.28800000000000003,0.08087500000000006,0.008875000000000044
2,0,0,RF-C,2,W1,0.20875,0.79125,0.791510612,0.25599999999999995,0.051125,0.004625000000000023
2,0,0,RF-C,2,W2,0.23,0.77,0.775609756,0.23062500000000002,0.07050000000000003,0.018000000000000026
2,0,0,RF-C,2,X1,0.155,0.845,0.848410758,0.313125,0.06824999999999995,0.0033749999999999835
2,0,0,RF-C,2,X2,0.1725,0.8275,0.82962963,0.28725000000000006,0.08275,0.014250000000000018
2,0,0,XGBoost-C,2,W1,0.215,0.7575,0.759305211,0.22262499999999993,0.04474999999999994,-0.007375000000000043
2,0,0,XGBoost-C,2,W2,0.23375,0.71375,0.722424242,0.16949999999999998,0.03887499999999999,-0.011249999999999993
2,0,0,XGBoost-C,2,X1,0.15375,0.81125,0.813349815,0.2805000000000001,0.06262500000000003,0.001375000000000015
2,0,0,XGBoost-C,2,X2,0.175,0.78875,0.793650794,0.25212499999999993,0.05724999999999997,-0.011375000000000034
2,0,0,MLP-C,2,W1,0.20875,0.79125,0.796589525,0.253875,0.05,0.0050000000000000044
2,0,0,MLP-C,2,W2,0.2375,0.7625,0.766584767,0.21474999999999994,0.06799999999999994,0.0062499999999999665
2,0,0,MLP-C,2,X1,0.14625,0.85375,0.857490865,0.31812500000000005,0.08162499999999999,0.00425000000000002
2,0,0,MLP-C,2,X2,0.1625,0.8375,0.839901478,0.29350000000000004,0.08775000000000002,0.01262500000000002
2,0,0,LogReg,3,W1,0.20375,0.79625,0.802424242,0.24162499999999998,0.07287500000000002,-0.0013749999999999817
2,0,0,LogReg,3,W2,0.25875,0.74125,0.746634027,0.19924999999999998,0.06049999999999996,-0.0008750000000000369
2,0,0,LogReg,3,X1,0.1675,0.8325,0.837378641,0.29037500000000005,0.08062500000000003,0.0003750000000000031
2,0,0,LogReg,3,X2,0.19,0.81,0.815533981,0.275,0.06150000000000007,-0.005124999999999924
2,0,0,SVC,3,W1,0.19875,0.79875,0.805790109,0.24037499999999995,0.07749999999999996,0.003499999999999959
2,0,0,SVC,3,W2,0.25625,0.72625,0.731946144,0.18649999999999994,0.04187499999999996,-0.010375000000000056
2,0,0,SVC,3,X1,0.165,0.82875,0.833130329,0.281875,0.08625,-0.004250000000000009
2,0,0,SVC,3,X2,0.1725,0.80125,0.804907975,0.267,0.047250000000000014,-0.010125000000000006
2,0,0,RF-C,3,W1,0.20875,0.79125,0.798552473,0.244875,0.081875,0.0038750000000000286
2,0,0,RF-C,3,W2,0.2675,0.7325,0.744630072,0.209,0.03500000000000003,-0.0017499999999999517
2,0,0,RF-C,3,X1,0.17375,0.82625,0.833133253,0.284375,0.07512500000000004,0.004250000000000054
2,0,0,RF-C,3,X2,0.1925,0.8075,0.812195122,0.275,0.057999999999999996,-0.004749999999999999
2,0,0,XGBoost-C,3,W1,0.19875,0.7625,0.768292683,0.22412499999999996,0.07374999999999995,-0.0025000000000000465
2,0,0,XGBoost-C,3,W2,0.26375,0.69375,0.701583435,0.16887499999999997,0.030374999999999985,-0.011250000000000015
2,0,0,XGBoost-C,3,X1,0.17,0.785,0.791262136,0.2451250000000001,0.06287500000000004,-0.012124999999999964
2,0,0,XGBoost-C,3,X2,0.18875,0.78875,0.793650794,0.255,0.046999999999999945,-0.00012500000000005286
2,0,0,MLP-C,3,W1,0.20125,0.79875,0.803897686,0.24425,0.07587499999999996,0.00012499999999999735
2,0,0,MLP-C,3,W2,0.25625,0.74375,0.745341615,0.20075000000000004,0.06437500000000002,0.003375000000000017
2,0,0,MLP-C,3,X1,0.16,0.84,0.843520782,0.29262499999999997,0.09662499999999996,0.0013749999999999706
2,0,0,MLP-C,3,X2,0.18625,0.81375,0.819830713,0.278625,0.06374999999999997,-0.003000000000000036
2,0,0,LogReg,4,W1,0.21625,0.78375,0.784557908,0.23587499999999997,0.07787499999999993,-4.4408920985006264e-17
2,0,0,LogReg,4,W2,0.24,0.76,0.764127764,0.208625,0.06812500000000002,-0.0006249999999999756
2,0,0,LogReg,4,X1,0.18,0.82,0.8125,0.2759999999999999,0.08612499999999995,0.00024999999999997247
2,0,0,LogReg,4,X2,0.16375,0.83625,0.833967047,0.29837500000000006,0.07475000000000008,0.0013750000000000596
2,0,0,SVC,4,W1,0.215,0.78125,0.779874214,0.23275,0.076625,0.0003750000000000031
2,0,0,SVC,4,W2,0.23625,0.75875,0.765492102,0.20862500000000006,0.06912500000000002,0.004375000000000051
2,0,0,SVC,4,X1,0.17875,0.82,0.812010444,0.2756249999999999,0.08824999999999997,0.004624999999999968
2,0,0,SVC,4,X2,0.16625,0.82375,0.818998716,0.28725000000000006,0.06362499999999997,-0.0063750000000000195
2,0,0,RF-C,4,W1,0.205,0.795,0.796526055,0.2538750000000001,0.09400000000000004,0.011125000000000041
2,0,0,RF-C,4,W2,0.255,0.745,0.754216867,0.209375,0.04424999999999998,-0.0012500000000000067
2,0,0,RF-C,4,X1,0.185,0.815,0.81025641,0.272625,0.08699999999999994,0.004999999999999938
2,0,0,RF-C,4,X2,0.16375,0.83625,0.835220126,0.304375,0.06262500000000006,0.0016250000000000541
2,0,0,XGBoost-C,4,W1,0.21375,0.7475,0.75245098,0.20650000000000004,0.06987500000000005,-0.00749999999999994
2,0,0,XGBoost-C,4,W2,0.255,0.7025,0.705445545,0.17025,0.03950000000000002,-0.012999999999999989
2,0,0,XGBoost-C,4,X1,0.185,0.78875,0.781935484,0.24262499999999992,0.07537499999999994,-0.00287500000000005
2,0,0,XGBoost-C,4,X2,0.16875,0.7925,0.79197995,0.266375,0.05599999999999997,-0.005625000000000014
2,0,0,MLP-C,4,W1,0.2125,0.7875,0.786967419,0.23874999999999996,0.08224999999999996,0.0013749999999999817
2,0,0,MLP-C,4,W2,0.23375,0.76625,0.767701863,0.213,0.078375,0.0008749999999999814
2,0,0,MLP-C,4,X1,0.17875,0.82125,0.814044213,0.27812500000000007,0.08562500000000003,0.0028750000000000385
2,0,0,MLP-C,4,X2,0.1625,0.8375,0.835858586,0.30575,0.06762500000000002,-0.0002499999999999947
2,0,0,LogReg,5,W1,0.24,0.76,0.75257732,0.20612500000000003,0.07,0.0023750000000000047
2,0,0,LogReg,5,W2,0.26125,0.73875,0.737766625,0.191,0.06137500000000001,0.0007500000000000062
2,0,0,LogReg,5,X1,0.205,0.795,0.788659794,0.24275000000000008,0.07087500000000002,0.0006250000000000311
2,0,0,LogReg,5,X2,0.1825,0.81625,0.811296534,0.27787500000000004,0.07062500000000003,0.0021250000000000656
2,0,0,SVC,5,W1,0.24,0.75375,0.745806452,0.19750000000000006,0.06462500000000003,-0.0016249999999999986
2,0,0,SVC,5,W2,0.255,0.73875,0.732394366,0.19062500000000004,0.06150000000000001,-0.0004999999999999894
2,0,0,SVC,5,X1,0.20625,0.78875,0.782496782,0.23612499999999997,0.06524999999999995,-0.00650000000000005
2,0,0,SVC,5,X2,0.185,0.81,0.805626598,0.27237500000000003,0.06387500000000004,0.0015000000000000458
2,0,0,RF-C,5,W1,0.2525,0.7475,0.743002545,0.21587500000000004,0.04450000000000004,0.0013750000000000485
2,0,0,RF-C,5,W2,0.2725,0.7275,0.726130653,0.17287500000000003,0.055000000000000035,0.02050000000000003
2,0,0,RF-C,5,X1,0.205,0.795,0.792405063,0.25087500000000007,0.06825000000000006,0.004125000000000034
2,0,0,RF-C,5,X2,0.18125,0.81875,0.814340589,0.2825,0.07262499999999997,0.009249999999999958
2,0,0,XGBoost-C,5,W1,0.24875,0.72125,0.713735558,0.17087499999999994,0.05124999999999994,0.008749999999999935
2,0,0,XGBoost-C,5,W2,0.26875,0.7,0.697732997,0.15399999999999997,0.042124999999999954,0.009999999999999953
2,0,0,XGBoost-C,5,X1,0.20625,0.76125,0.75226978,0.21312499999999995,0.051749999999999984,-0.003000000000000014
2,0,0,XGBoost-C,5,X2,0.18,0.78875,0.785260483,0.251375,0.06262499999999996,-0.0008750000000000257
2,0,0,MLP-C,5,W1,0.24125,0.75875,0.751608752,0.20462500000000006,0.06900000000000003,0.00037500000000003644
2,0,0,MLP-C,5,W2,0.26,0.74,0.738693467,0.19274999999999998,0.0625,0.002499999999999991
2,0,0,MLP-C,5,X1,0.20375,0.79625,0.79021879,0.24387500000000006,0.072375,0.0022500000000000076
2,0,0,MLP-C,5,X2,0.1825,0.8175,0.812820513,0.27849999999999997,0.07375000000000001,0.0007500000000000062
2,0,0,LogReg,6,W1,0.225,0.775,0.783653846,0.23450000000000007,0.07937500000000003,0.0
2,0,0,LogReg,6,W2,0.255,0.745,0.753623188,0.20175,0.071625,0.000749999999999984
2,0,0,LogReg,6,X1,0.175,0.825,0.830917874,0.2871249999999999,0.09662499999999993,0.0027499999999999634
2,0,0,LogReg,6,X2,0.18375,0.81625,0.821818182,0.27525000000000005,0.06237500000000003,0.001500000000000079
2,0,0,SVC,6,W1,0.2275,0.76125,0.76960193,0.21925,0.06462499999999997,-0.0070000000000000175
2,0,0,SVC,6,W2,0.2425,0.75125,0.763376932,0.21012499999999998,0.07749999999999999,0.00012499999999998623
2,0,0,SVC,6,X1,0.17,0.8125,0.820143885,0.27575,0.08062499999999999,-0.0011249999999999982
2,0,0,SVC,6,X2,0.18375,0.815,0.821256039,0.276375,0.06049999999999996,-0.0011250000000000316
2,0,0,RF-C,6,W1,0.235,0.765,0.77294686,0.224125,0.06875,0.0018749999999999934
2,0,0,RF-C,6,W2,0.25375,0.74625,0.758045292,0.211,0.058874999999999976,0.007499999999999962
2,0,0,RF-C,6,X1,0.19625,0.80375,0.812872467,0.26612499999999994,0.07537499999999996,0.003999999999999981
2,0,0,RF-C,6,X2,0.1875,0.8125,0.820574163,0.284625,0.047624999999999994,-0.0005000000000000004
2,0,0,XGBoost-C,6,W1,0.22875,0.73125,0.74251497,0.18424999999999997,0.06287499999999996,0.002249999999999952
2,0,0,XGBoost-C,6,W2,0.25125,0.6925,0.705741627,0.15724999999999997,0.0385,-0.012
2,0,0,XGBoost-C,6,X1,0.19,0.77875,0.788530466,0.24625000000000002,0.06712500000000005,0.004000000000000048
2,0,0,XGBoost-C,6,X2,0.18375,0.78,0.785365854,0.2415,0.05375000000000004,-0.001499999999999968
2,0,0,MLP-C,6,W1,0.2225,0.7775,0.785024155,0.23562499999999997,0.07987499999999999,0.0006249999999999422
2,0,0,MLP-C,6,W2,0.24875,0.75125,0.755227552,0.20537499999999995,0.07849999999999997,0.009374999999999967
2,0,0,MLP-C,6,X1,0.16875,0.83125,0.835965978,0.29300000000000004,0.10300000000000005,0.00437500000000004
2,0,0,MLP-C,6,X2,0.18125,0.81875,0.824242424,0.2789999999999999,0.06524999999999999,-0.0007500000000000284
2,0,0,LogReg,7,W1,0.2575,0.7425,0.744416873,0.20275000000000007,0.058750000000000045,-0.002874999999999961
2,0,0,LogReg,7,W2,0.24875,0.75125,0.759951749,0.20675,0.053249999999999985,-0.0017500000000000183
2,0,0,LogReg,7,X1,0.19875,0.80125,0.800501882,0.26850000000000007,0.06487500000000002,0.004000000000000026
2,0,0,LogReg,7,X2,0.1575,0.8425,0.844059406,0.3115,0.06425000000000003,0.0032500000000000194
2,0,0,SVC,7,W1,0.25375,0.7475,0.750617284,0.20837500000000003,0.06562500000000006,0.004375000000000062
2,0,0,SVC,7,W2,0.24,0.75625,0.76534296,0.21412499999999998,0.058625,0.005499999999999982
2,0,0,SVC,7,X1,0.19625,0.795,0.797530864,0.261875,0.06750000000000003,-0.0004999999999999449
2,0,0,SVC,7,X2,0.15375,0.8425,0.843283582,0.3100000000000001,0.06337500000000004,0.004625000000000013
2,0,0,RF-C,7,W1,0.24875,0.75125,0.750313676,0.21249999999999997,0.07149999999999997,0.0042499999999999535
2,0,0,RF-C,7,W2,0.2425,0.7575,0.763414634,0.22112499999999993,0.057499999999999954,0.017749999999999967
2,0,0,RF-C,7,X1,0.18125,0.81875,0.821208385,0.292625,0.06899999999999999,0.003999999999999971
2,0,0,RF-C,7,X2,0.15625,0.84375,0.845869297,0.317375,0.0645,0.0018749999999999821
2,0,0,XGBoost-C,7,W1,0.25375,0.725,0.727047146,0.18687499999999996,0.06412499999999997,0.005374999999999974
2,0,0,XGBoost-C,7,W2,0.25375,0.69875,0.699875467,0.17224999999999996,0.027249999999999976,-0.01575000000000002
2,0,0,XGBoost-C,7,X1,0.18625,0.765,0.766169154,0.234125,0.04712500000000003,-0.00525000000000001
2,0,0,XGBoost-C,7,X2,0.1575,0.8075,0.809876543,0.28112499999999996,0.04525,-0.015125
2,0,0,MLP-C,7,W1,0.25375,0.74625,0.750307503,0.20599999999999996,0.05987499999999997,0.005499999999999961
2,0,0,MLP-C,7,W2,0.24375,0.75625,0.763636364,0.20962499999999995,0.057874999999999975,0.004374999999999995
2,0,0,MLP-C,7,X1,0.19875,0.80125,0.800501882,0.26850000000000007,0.06487500000000002,0.004000000000000026
2,0,0,MLP-C,7,X2,0.15875,0.84125,0.843016069,0.31025,0.06350000000000006,0.001875000000000049
2,0,0,LogReg,8,W1,0.245,0.755,0.745454545,0.21875,0.045,0.0008750000000000257
2,0,0,LogReg,8,W2,0.25375,0.74625,0.753939394,0.19824999999999998,0.05399999999999997,0.003624999999999956
2,0,0,LogReg,8,X1,0.2025,0.7975,0.794416244,0.260625,0.061125,0.0
2,0,0,LogReg,8,X2,0.18125,0.81875,0.821648216,0.27649999999999997,0.05637499999999999,-0.0007500000000000174
2,0,0,SVC,8,W1,0.24375,0.75625,0.749679076,0.22199999999999998,0.04937499999999998,0.0004999999999999894
2,0,0,SVC,8,W2,0.24875,0.74625,0.750307503,0.20012499999999997,0.04862499999999996,0.006999999999999962
2,0,0,SVC,8,X1,0.19875,0.79375,0.79245283,0.25737499999999996,0.05737499999999994,-0.0008750000000000369
2,0,0,SVC,8,X2,0.1775,0.8175,0.817955112,0.27437500000000004,0.05650000000000001,-0.0008749999999999924
2,0,0,RF-C,8,W1,0.245,0.755,0.749360614,0.22087500000000002,0.06312500000000001,0.00012499999999999735
2,0,0,RF-C,8,W2,0.2525,0.7475,0.74559194,0.20650000000000004,0.046875000000000056,0.009375000000000045
2,0,0,RF-C,8,X1,0.20125,0.79875,0.797992472,0.26812499999999995,0.056999999999999953,0.003874999999999973
2,0,0,RF-C,8,X2,0.17125,0.82875,0.833939394,0.29425,0.05449999999999999,0.008124999999999993
2,0,0,XGBoost-C,8,W1,0.22625,0.7175,0.707253886,0.17475000000000002,0.04675000000000003,-0.008874999999999956
2,0,0,XGBoost-C,8,W2,0.25,0.70375,0.706319703,0.15949999999999998,0.03912499999999998,0.00812499999999996
2,0,0,XGBoost-C,8,X1,0.2025,0.74875,0.746532156,0.22125000000000003,0.04237500000000003,-0.010124999999999973
2,0,0,XGBoost-C,8,X2,0.17,0.79125,0.793060719,0.242,0.042499999999999996,0.0011250000000000205
2,0,0,MLP-C,8,W1,0.24375,0.75625,0.744429882,0.22000000000000003,0.045999999999999965,-0.0007500000000000174
2,0,0,MLP-C,8,W2,0.24875,0.75125,0.758787879,0.20424999999999996,0.05887499999999999,0.008499999999999962
2,0,0,MLP-C,8,X1,0.2,0.8,0.797468354,0.263375,0.06375000000000004,4.4408920985006264e-17
2,0,0,MLP-C,8,X2,0.175,0.825,0.828009828,0.28175,0.06137499999999994,0.00449999999999996
2,0,0,LogReg,9,W1,0.26125,0.73875,0.734434562,0.19875,0.05112500000000003,-0.002874999999999983
2,0,0,LogReg,9,W2,0.2425,0.7575,0.765133172,0.20812499999999995,0.06774999999999995,-0.0013750000000000485
2,0,0,LogReg,9,X1,0.19875,0.80125,0.802973978,0.266,0.06887500000000002,0.00025000000000000575
2,0,0,LogReg,9,X2,0.1925,0.8075,0.808457711,0.261,0.052125,-0.00062500000000002
2,0,0,SVC,9,W1,0.25875,0.74125,0.734955186,0.20199999999999996,0.05699999999999996,-0.0040000000000000365
2,0,0,SVC,9,W2,0.2375,0.76,0.766423358,0.20812499999999998,0.06775,0.007750000000000002
2,0,0,SVC,9,X1,0.1975,0.795,0.795511222,0.25775000000000003,0.06250000000000003,-0.002124999999999966
2,0,0,SVC,9,X2,0.1875,0.8125,0.811083123,0.26674999999999993,0.056125,0.0058749999999999965
2,0,0,RF-C,9,W1,0.2575,0.7425,0.740554156,0.21775000000000005,0.040750000000000064,0.003000000000000047
2,0,0,RF-C,9,W2,0.2425,0.7575,0.763990268,0.20837499999999998,0.06662499999999996,0.007999999999999952
2,0,0,RF-C,9,X1,0.20375,0.79625,0.797011208,0.26612500000000006,0.05987500000000001,0.004125000000000001
2,0,0,RF-C,9,X2,0.185,0.815,0.815461347,0.2723749999999999,0.05474999999999995,0.007624999999999937
2,0,0,XGBoost-C,9,W1,0.2525,0.7125,0.716748768,0.17875000000000005,0.04337500000000004,0.006250000000000011
2,0,0,XGBoost-C,9,W2,0.24,0.7075,0.712530713,0.16675,0.032875,-0.008374999999999988
2,0,0,XGBoost-C,9,X1,0.19625,0.76125,0.761548065,0.22549999999999998,0.06087499999999999,0.002874999999999972
2,0,0,XGBoost-C,9,X2,0.1825,0.77875,0.775095299,0.23500000000000004,0.03925000000000004,-0.010874999999999958
2,0,0,MLP-C,9,W1,0.25125,0.74875,0.743295019,0.21700000000000003,0.06112500000000003,0.0021250000000000435
2,0,0,MLP-C,9,W2,0.23625,0.76375,0.77146312,0.2125,0.07550000000000004,0.009000000000000041
2,0,0,MLP-C,9,X1,0.19375,0.80625,0.807453416,0.270125,0.07550000000000003,0.004125000000000023
2,0,0,MLP-C,9,X2,0.1875,0.8125,0.812030075,0.26912499999999995,0.05875000000000001,0.002124999999999988
2,0,0,LogReg,10,W1,0.2375,0.7625,0.759493671,0.21637499999999993,0.07099999999999995,-0.00025000000000001686
2,0,0,LogReg,10,W2,0.25,0.75,0.744897959,0.20025000000000004,0.06037500000000001,-0.0047499999999999765
2,0,0,LogReg,10,X1,0.19625,0.80375,0.803011292,0.2663749999999999,0.08924999999999995,0.0031249999999999555
2,0,0,LogReg,10,X2,0.18625,0.81375,0.818955043,0.27025,0.06537499999999996,0.003249999999999964
2,0,0,SVC,10,W1,0.23875,0.75875,0.756005057,0.21575000000000003,0.07100000000000005,-0.001124999999999976
2,0,0,SVC,10,W2,0.2525,0.7475,0.74168798,0.19300000000000003,0.06450000000000007,-0.0029999999999999584
2,0,0,SVC,10,X1,0.19875,0.795,0.792929293,0.25812500000000005,0.08175000000000003,0.0002500000000000502
2,0,0,SVC,10,X2,0.18625,0.8025,0.807317073,0.25825,0.06074999999999999,-0.0036250000000000336
2,0,0,RF-C,10,W1,0.23625,0.76375,0.762264151,0.22175000000000003,0.07325000000000002,0.004625000000000046
2,0,0,RF-C,10,W2,0.24375,0.75625,0.750320102,0.21574999999999997,0.05599999999999996,0.002499999999999991
2,0,0,RF-C,10,X1,0.2075,0.7925,0.79040404,0.2625,0.07375,0.0028749999999999943
2,0,0,RF-C,10,X2,0.19125,0.80875,0.807061791,0.27749999999999997,0.053624999999999964,-0.0002500000000000391
2,0,0,XGBoost-C,10,W1,0.23625,0.725,0.722222222,0.18462499999999998,0.05312499999999999,-0.009500000000000031
2,0,0,XGBoost-C,10,W2,0.2425,0.73,0.726582278,0.187,0.06725,-0.0008750000000000147
2,0,0,XGBoost-C,10,X1,0.205,0.765,0.765,0.228875,0.0645,0.0017500000000000183
2,0,0,XGBoost-C,10,X2,0.18625,0.80625,0.805031447,0.27087500000000003,0.07400000000000004,0.015875000000000028
2,0,0,MLP-C,10,W1,0.2325,0.7675,0.772616137,0.22162500000000002,0.07599999999999997,0.0003749999999999587
2,0,0,MLP-C,10,W2,0.24375,0.75625,0.753476612,0.20999999999999996,0.059749999999999984,0.0013749999999999817
2,0,0,MLP-C,10,X1,0.1925,0.8075,0.805555556,0.2685,0.09387499999999999,0.006124999999999969
2,0,0,MLP-C,10,X2,0.18625,0.81375,0.818955043,0.270125,0.06549999999999997,0.002874999999999983
2,0,1,LogReg,1,W1,0.2075,0.7925,0.796068796,0.05449999999999998,0.24474999999999997,-0.010000000000000009
2,0,1,LogReg,1,W2,0.22875,0.77125,0.771535581,0.06312499999999999,0.23349999999999999,-0.0008749999999999924
2,0,1,LogReg,1,X1,0.2,0.8,0.803921569,0.07012500000000005,0.24412500000000006,-0.006124999999999959
2,0,1,LogReg,1,X2,0.20625,0.79375,0.79245283,0.09649999999999995,0.23099999999999996,0.00187499999999996
2,0,1,SVC,1,W1,0.20875,0.78125,0.785801714,0.053625,0.23325,-0.013624999999999998
2,0,1,SVC,1,W2,0.22125,0.77625,0.781973203,0.07225000000000001,0.23949999999999996,0.00249999999999998
2,0,1,SVC,1,X1,0.20125,0.795,0.797029703,0.07125000000000005,0.23937500000000003,-0.006874999999999976
2,0,1,SVC,1,X2,0.20375,0.79625,0.795483061,0.09625,0.23700000000000004,0.004875000000000018
2,0,1,RF-C,1,W1,0.1975,0.8025,0.805418719,0.045625000000000006,0.269625,0.0028749999999999943
2,0,1,RF-C,1,W2,0.21375,0.78625,0.78490566,0.06925,0.25237499999999996,0.0058749999999999965
2,0,1,RF-C,1,X1,0.1925,0.8075,0.80798005,0.05687499999999999,0.2699999999999999,0.000374999999999992
2,0,1,RF-C,1,X2,0.1975,0.8025,0.801007557,0.09512500000000002,0.24474999999999997,0.0030000000000000027
2,0,1,XGBoost-C,1,W1,0.195,0.77,0.775609756,0.06612500000000003,0.22037500000000004,0.003750000000000031
2,0,1,XGBoost-C,1,W2,0.22,0.73,0.727959698,0.04574999999999998,0.19674999999999998,-0.012500000000000022
2,0,1,XGBoost-C,1,X1,0.19625,0.7725,0.775308642,0.07049999999999997,0.21725,-0.006750000000000011
2,0,1,XGBoost-C,1,X2,0.19625,0.76125,0.759142497,0.08149999999999998,0.21149999999999994,-0.01562500000000001
2,0,1,MLP-C,1,W1,0.1925,0.8075,0.803069054,0.0685,0.26187499999999997,0.0046250000000000015
2,0,1,MLP-C,1,W2,0.21875,0.78125,0.785276074,0.07425000000000001,0.24375,0.009125000000000017
2,0,1,MLP-C,1,X1,0.2,0.8,0.803921569,0.06887500000000005,0.24462500000000004,-0.006999999999999951
2,0,1,MLP-C,1,X2,0.195,0.805,0.802531646,0.10562500000000004,0.24212500000000006,0.01275000000000005
2,0,1,LogReg,2,W1,0.21875,0.78125,0.791418355,0.05825,0.24362500000000004,0.0002499999999999947
2,0,1,LogReg,2,W2,0.1875,0.8125,0.812030075,0.08812499999999998,0.263,0.0008749999999999924
2,0,1,LogReg,2,X1,0.2175,0.7825,0.791366906,0.06849999999999998,0.23162499999999997,-0.0010000000000000009
2,0,1,LogReg,2,X2,0.18,0.82,0.818639798,0.10574999999999994,0.24312499999999995,-0.0008750000000000257
2,0,1,SVC,2,W1,0.21875,0.77625,0.787663108,0.05312499999999999,0.24112499999999998,-0.001000000000000023
2,0,1,SVC,2,W2,0.18875,0.8,0.795918367,0.07812500000000003,0.24487500000000004,-0.00449999999999996
2,0,1,SVC,2,X1,0.215,0.785,0.794258373,0.06962500000000003,0.23737500000000003,0.004375000000000029
2,0,1,SVC,2,X2,0.18,0.82375,0.821744627,0.10949999999999997,0.24337499999999998,0.0020000000000000018
2,0,1,RF-C,2,W1,0.2175,0.7825,0.793838863,0.045874999999999985,0.254625,0.005499999999999972
2,0,1,RF-C,2,W2,0.2,0.8,0.800498753,0.08287500000000003,0.24650000000000002,0.01962500000000005
2,0,1,RF-C,2,X1,0.21625,0.78375,0.791817088,0.06924999999999995,0.240875,0.016124999999999955
2,0,1,RF-C,2,X2,0.17625,0.82375,0.821292776,0.11212499999999999,0.2455,0.0014999999999999903
2,0,1,XGBoost-C,2,W1,0.22,0.74625,0.760895171,0.04112499999999997,0.21674999999999994,-0.0030000000000000248
2,0,1,XGBoost-C,2,W2,0.19375,0.7575,0.75990099,0.05612499999999996,0.20674999999999993,-0.0038750000000000394
2,0,1,XGBoost-C,2,X1,0.22,0.74875,0.758703481,0.04925000000000004,0.20900000000000002,0.00012500000000001955
2,0,1,XGBoost-C,2,X2,0.17875,0.78125,0.779319042,0.08149999999999999,0.20149999999999996,-0.017374999999999995
2,0,1,MLP-C,2,W1,0.21625,0.78375,0.793309438,0.06124999999999995,0.25012499999999993,0.0038749999999999284
2,0,1,MLP-C,2,W2,0.18625,0.81375,0.813048934,0.08862499999999997,0.2655,0.0027499999999999747
2,0,1,MLP-C,2,X1,0.2175,0.7825,0.791366906,0.06849999999999998,0.23162499999999997,-0.0010000000000000009
2,0,1,MLP-C,2,X2,0.1775,0.8225,0.820707071,0.1085,0.240125,0.001375000000000015
2,0,1,LogReg,3,W1,0.215,0.785,0.78553616,0.074375,0.22837500000000005,0.007875000000000031
2,0,1,LogReg,3,W2,0.2475,0.7525,0.761445783,0.06712499999999993,0.20424999999999996,0.0007499999999999396
2,0,1,LogReg,3,X1,0.215,0.785,0.784461153,0.08050000000000003,0.21875,-0.006374999999999953
2,0,1,LogReg,3,X2,0.21,0.79,0.79,0.12437500000000004,0.21812500000000004,0.0002500000000000502
2,0,1,SVC,3,W1,0.215,0.77875,0.779026217,0.06850000000000006,0.22512500000000008,0.0003750000000000475
2,0,1,SVC,3,W2,0.25,0.74625,0.757467145,0.06712499999999996,0.19412500000000002,-0.010375000000000023
2,0,1,SVC,3,X1,0.205,0.79,0.78680203,0.08437500000000003,0.22725,0.0010000000000000343
2,0,1,SVC,3,X2,0.20875,0.78625,0.789667897,0.125125,0.21325000000000002,-0.0016250000000000097
2,0,1,RF-C,3,W1,0.2125,0.7875,0.786967419,0.07437499999999996,0.23700000000000002,0.00824999999999998
2,0,1,RF-C,3,W2,0.2475,0.7525,0.765957447,0.07974999999999996,0.19687499999999994,0.012374999999999959
2,0,1,RF-C,3,X1,0.2075,0.7925,0.793017456,0.08612499999999998,0.23149999999999998,0.0029999999999999805
2,0,1,RF-C,3,X2,0.20625,0.79375,0.794520548,0.127125,0.21849999999999997,0.002499999999999958
2,0,1,XGBoost-C,3,W1,0.2175,0.75625,0.754098361,0.06587499999999998,0.21462499999999998,-0.005375000000000019
2,0,1,XGBoost-C,3,W2,0.24125,0.73375,0.747330961,0.06250000000000003,0.17625000000000002,0.003500000000000003
2,0,1,XGBoost-C,3,X1,0.20625,0.76625,0.761783439,0.07937499999999999,0.20037499999999997,0.0012499999999999955
2,0,1,XGBoost-C,3,X2,0.205,0.775,0.775,0.12475,0.19850000000000004,0.0026250000000000327
2,0,1,MLP-C,3,W1,0.21375,0.78625,0.790184049,0.07625,0.228875,0.006874999999999997
2,0,1,MLP-C,3,W2,0.24625,0.75375,0.764071856,0.07025000000000003,0.20237500000000003,-0.0004999999999999782
2,0,1,MLP-C,3,X1,0.20875,0.79125,0.796092796,0.087,0.226125,0.0017500000000000183
2,0,1,MLP-C,3,X2,0.20875,0.79125,0.790988736,0.12800000000000003,0.21624999999999997,0.002375000000000016
2,0,1,LogReg,4,W1,0.2075,0.7925,0.795061728,0.09074999999999998,0.24237499999999995,-0.0004999999999999894
2,0,1,LogReg,4,W2,0.22625,0.77375,0.778457772,0.061125000000000054,0.22937500000000002,-0.004499999999999971
2,0,1,LogReg,4,X1,0.19125,0.80875,0.810408922,0.10737499999999997,0.24749999999999991,0.0
2,0,1,LogReg,4,X2,0.19375,0.80625,0.809348093,0.10437500000000002,0.239875,-0.0011249999999999871
2,0,1,SVC,4,W1,0.20625,0.785,0.787128713,0.08187500000000002,0.23462500000000003,0.0008750000000000479
2,0,1,SVC,4,W2,0.2225,0.76875,0.774665043,0.05662500000000006,0.2255000000000001,-0.004749999999999965
2,0,1,SVC,4,X1,0.1875,0.81125,0.815177479,0.11062500000000001,0.24775,0.0036250000000000336
2,0,1,SVC,4,X2,0.18875,0.80625,0.808405439,0.10375000000000001,0.23487500000000003,-0.00012499999999999735
2,0,1,RF-C,4,W1,0.21375,0.78625,0.78757764,0.082375,0.24337499999999998,0.0012500000000000067
2,0,1,RF-C,4,W2,0.22,0.78,0.781094527,0.06612500000000002,0.23900000000000002,0.0005000000000000227
2,0,1,RF-C,4,X1,0.1975,0.8025,0.805896806,0.10612499999999998,0.23937499999999998,-0.0006250000000000089
2,0,1,RF-C,4,X2,0.19875,0.80125,0.805385557,0.09537500000000002,0.23525000000000001,0.004000000000000015
2,0,1,XGBoost-C,4,W1,0.21125,0.745,0.74563591,0.06712500000000002,0.20175,-0.00774999999999999
2,0,1,XGBoost-C,4,W2,0.2175,0.7475,0.750617284,0.05875000000000006,0.21112500000000006,-0.0003749999999999254
2,0,1,XGBoost-C,4,X1,0.2,0.76625,0.769420469,0.08474999999999999,0.21412499999999998,-0.006625000000000025
2,0,1,XGBoost-C,4,X2,0.19125,0.75625,0.761904762,0.07249999999999998,0.191125,-0.01575000000000002
2,0,1,MLP-C,4,W1,0.2,0.8,0.802469136,0.10012500000000005,0.2488750000000001,0.006125000000000036
2,0,1,MLP-C,4,W2,0.21625,0.78375,0.781289507,0.07149999999999995,0.24049999999999988,0.0008749999999999591
2,0,1,MLP-C,4,X1,0.185,0.815,0.815,0.11562499999999995,0.25662499999999994,0.003999999999999948
2,0,1,MLP-C,4,X2,0.19125,0.80875,0.810877627,0.10687499999999997,0.24174999999999996,0.0012499999999999623
2,0,1,LogReg,5,W1,0.2275,0.7725,0.773067332,0.05099999999999997,0.22724999999999995,0.0023749999999999718
2,0,1,LogReg,5,W2,0.22875,0.77125,0.769811321,0.064,0.22974999999999998,-0.0023750000000000273
2,0,1,LogReg,5,X1,0.2025,0.7975,0.8,0.08237499999999998,0.23374999999999999,0.0015000000000000013
2,0,1,LogReg,5,X2,0.21625,0.78375,0.78293601,0.09224999999999994,0.21937499999999996,0.0017499999999999627
2,0,1,SVC,5,W1,0.22625,0.77,0.772277228,0.05387500000000002,0.22312500000000002,-0.005374999999999996
2,0,1,SVC,5,W2,0.21875,0.78375,0.787730061,0.07962499999999997,0.2374999999999999,0.007124999999999937
2,0,1,SVC,5,X1,0.2,0.79375,0.796547472,0.08274999999999996,0.22937499999999994,-0.006875000000000053
2,0,1,SVC,5,X2,0.215,0.78375,0.785093168,0.09612499999999993,0.21699999999999994,0.0008749999999999481
2,0,1,RF-C,5,W1,0.23375,0.76625,0.765957447,0.0495,0.225,0.002124999999999988
2,0,1,RF-C,5,W2,0.23375,0.76625,0.768850433,0.051124999999999976,0.2285,-0.0015000000000000347
2,0,1,RF-C,5,X1,0.205,0.795,0.798029557,0.08362500000000006,0.233875,0.0002500000000000391
2,0,1,RF-C,5,X2,0.20875,0.79125,0.792029888,0.09175,0.23450000000000007,0.004500000000000004
2,0,1,XGBoost-C,5,W1,0.2225,0.75125,0.754623921,0.05074999999999996,0.20587499999999997,-0.003250000000000042
2,0,1,XGBoost-C,5,W2,0.22375,0.72375,0.724782067,0.044500000000000005,0.18175000000000002,-0.01399999999999999
2,0,1,XGBoost-C,5,X1,0.1975,0.76875,0.773006135,0.07587500000000005,0.206625,0.005875000000000042
2,0,1,XGBoost-C,5,X2,0.20375,0.755,0.756218905,0.076375,0.195,-0.012249999999999983
2,0,1,MLP-C,5,W1,0.21625,0.78375,0.799070848,0.06174999999999995,0.23974999999999996,0.004249999999999932
2,0,1,MLP-C,5,W2,0.22,0.78,0.782178218,0.07562500000000003,0.23562500000000003,0.004500000000000037
2,0,1,MLP-C,5,X1,0.19375,0.80625,0.808405439,0.09662500000000002,0.24425000000000002,0.013000000000000034
2,0,1,MLP-C,5,X2,0.2125,0.7875,0.781491003,0.095875,0.22374999999999998,0.0013749999999999817
2,0,1,LogReg,6,W1,0.2075,0.7925,0.791457286,0.09062499999999998,0.246625,0.0044999999999999814
2,0,1,LogReg,6,W2,0.23,0.77,0.778313253,0.05625000000000002,0.22400000000000003,0.0003750000000000031
2,0,1,LogReg,6,X1,0.20625,0.79375,0.792973651,0.09074999999999997,0.23174999999999996,-0.0013750000000000372
2,0,1,LogReg,6,X2,0.1925,0.8075,0.814903846,0.099125,0.22937500000000002,0.0006249999999999867
2,0,1,SVC,6,W1,0.2075,0.7925,0.7925,0.08874999999999998,0.24700000000000003,0.009499999999999963
2,0,1,SVC,6,W2,0.23125,0.7675,0.777511962,0.05024999999999996,0.22224999999999998,-0.004125000000000034
2,0,1,SVC,6,X1,0.20625,0.7925,0.793532338,0.08862499999999998,0.23049999999999998,-0.0015000000000000013
2,0,1,SVC,6,X2,0.19125,0.805,0.813397129,0.09800000000000006,0.22862500000000002,0.0011250000000000316
2,0,1,RF-C,6,W1,0.20875,0.79125,0.789407314,0.08549999999999999,0.24499999999999997,0.011749999999999993
2,0,1,RF-C,6,W2,0.2275,0.7725,0.78125,0.060249999999999984,0.23662499999999995,0.0036249999999999672
2,0,1,RF-C,6,X1,0.205,0.795,0.792929293,0.08737500000000005,0.23512500000000003,5.551115123125783e-17
2,0,1,RF-C,6,X2,0.19625,0.80375,0.813317479,0.09674999999999997,0.23287499999999994,0.006999999999999962
2,0,1,XGBoost-C,6,W1,0.21,0.765,0.763224181,0.08087500000000002,0.23137500000000003,0.011125000000000029
2,0,1,XGBoost-C,6,W2,0.2275,0.74,0.752969121,0.0455,0.20099999999999998,-0.008125000000000016
2,0,1,XGBoost-C,6,X1,0.20375,0.7675,0.765743073,0.07974999999999996,0.20487499999999997,0.00187499999999996
2,0,1,XGBoost-C,6,X2,0.195,0.76125,0.770708283,0.07249999999999998,0.19312499999999996,-0.007125000000000015
2,0,1,MLP-C,6,W1,0.20625,0.79375,0.795539033,0.08799999999999995,0.24799999999999994,0.0012499999999999512
2,0,1,MLP-C,6,W2,0.22625,0.77375,0.781664656,0.061500000000000034,0.23650000000000002,0.006750000000000045
2,0,1,MLP-C,6,X1,0.2025,0.7975,0.796482412,0.09199999999999998,0.23587499999999997,0.00412499999999999
2,0,1,MLP-C,6,X2,0.18875,0.81125,0.816969697,0.10300000000000002,0.23200000000000004,0.001374999999999993
2,0,1,LogReg,7,W1,0.20875,0.79125,0.80283353,0.078625,0.24337499999999998,0.004375000000000029
2,0,1,LogReg,7,W2,0.22875,0.77125,0.772104608,0.08587499999999999,0.21950000000000003,0.0002499999999999836
2,0,1,LogReg,7,X1,0.19875,0.80125,0.810035842,0.09450000000000001,0.24537500000000004,0.0020000000000000018
2,0,1,LogReg,7,X2,0.195,0.805,0.810679612,0.12787500000000004,0.23137500000000005,0.0011250000000000537
2,0,1,SVC,7,W1,0.2125,0.78375,0.792316927,0.06612499999999995,0.23662499999999995,-0.0008750000000000369
2,0,1,SVC,7,W2,0.22,0.7775,0.77970297,0.09112499999999997,0.22849999999999998,0.0041249999999999785
2,0,1,SVC,7,X1,0.1975,0.79875,0.809015421,0.08787499999999995,0.246,-0.0013750000000000372
2,0,1,SVC,7,X2,0.18875,0.805,0.812048193,0.12950000000000003,0.23275000000000007,-0.00012499999999995292
2,0,1,RF-C,7,W1,0.21,0.79,0.796610169,0.07787500000000004,0.23900000000000005,0.006375000000000031
2,0,1,RF-C,7,W2,0.2275,0.7725,0.783333333,0.06849999999999995,0.23074999999999996,0.006749999999999967
2,0,1,RF-C,7,X1,0.1875,0.8125,0.819277108,0.10287500000000001,0.263,0.009875
2,0,1,RF-C,7,X2,0.18,0.82,0.827751196,0.13249999999999992,0.250125,0.009374999999999956
2,0,1,XGBoost-C,7,W1,0.2025,0.77,0.776155718,0.069125,0.22337500000000002,0.012000000000000021
2,0,1,XGBoost-C,7,W2,0.2275,0.73875,0.742927429,0.06537500000000002,0.18987500000000002,-0.01087499999999999
2,0,1,XGBoost-C,7,X1,0.185,0.78,0.787439614,0.07700000000000004,0.236125,0.006500000000000039
2,0,1,XGBoost-C,7,X2,0.1875,0.7625,0.768856448,0.09474999999999997,0.19487499999999996,-0.012875000000000048
2,0,1,MLP-C,7,W1,0.20375,0.79625,0.811123986,0.092125,0.23775000000000004,0.009250000000000026
2,0,1,MLP-C,7,W2,0.22875,0.77125,0.771535581,0.08549999999999999,0.21962500000000001,-0.00025000000000001686
2,0,1,MLP-C,7,X1,0.19375,0.80625,0.814814815,0.098,0.248625,0.00525000000000001
2,0,1,MLP-C,7,X2,0.19125,0.80875,0.814094775,0.13362499999999997,0.23499999999999996,0.0036249999999999672
2,0,1,LogReg,8,W1,0.2375,0.7625,0.7625,0.07124999999999994,0.22437499999999994,-0.0011250000000000537
2,0,1,LogReg,8,W2,0.21625,0.78375,0.785625774,0.08437499999999995,0.23224999999999993,-0.009750000000000047
2,0,1,LogReg,8,X1,0.24,0.76,0.759398496,0.07075,0.205625,-0.00249999999999998
2,0,1,LogReg,8,X2,0.19375,0.80625,0.806973848,0.11700000000000002,0.22300000000000003,-0.00012499999999999735
2,0,1,SVC,8,W1,0.23125,0.76625,0.765957447,0.08024999999999999,0.224375,0.0016250000000000097
2,0,1,SVC,8,W2,0.21375,0.785,0.783919598,0.08837500000000004,0.23200000000000004,-0.003249999999999964
2,0,1,SVC,8,X1,0.22125,0.765,0.760204082,0.08000000000000003,0.21100000000000002,-0.0011250000000000092
2,0,1,SVC,8,X2,0.195,0.8025,0.803482587,0.11224999999999999,0.226875,-0.002750000000000008
2,0,1,RF-C,8,W1,0.23625,0.76375,0.758002561,0.05337500000000005,0.24237500000000006,-0.004249999999999943
2,0,1,RF-C,8,W2,0.215,0.785,0.787128713,0.08287500000000003,0.23550000000000004,0.008750000000000013
2,0,1,RF-C,8,X1,0.23375,0.76625,0.767701863,0.08374999999999998,0.21749999999999997,0.0021249999999999993
2,0,1,RF-C,8,X2,0.18875,0.81125,0.813810111,0.12050000000000002,0.23575,0.010750000000000015
2,0,1,XGBoost-C,8,W1,0.2375,0.7225,0.713178295,0.04325000000000003,0.18037500000000004,-0.008624999999999971
2,0,1,XGBoost-C,8,W2,0.21375,0.7625,0.7625,0.07024999999999995,0.21837499999999993,0.014499999999999947
2,0,1,XGBoost-C,8,X1,0.2325,0.7525,0.749367089,0.07724999999999996,0.20374999999999996,0.003249999999999953
2,0,1,XGBoost-C,8,X2,0.1875,0.785,0.791262136,0.10625000000000002,0.202875,0.005500000000000049
2,0,1,MLP-C,8,W1,0.2325,0.7675,0.766917293,0.07812499999999996,0.22787499999999997,0.002499999999999969
2,0,1,MLP-C,8,W2,0.21125,0.78875,0.789539228,0.08512499999999994,0.23724999999999996,0.0021249999999999767
2,0,1,MLP-C,8,X1,0.22625,0.77375,0.766451613,0.08775000000000006,0.22237500000000004,0.0
2,0,1,MLP-C,8,X2,0.1825,0.8175,0.827014218,0.12774999999999997,0.23549999999999996,0.001000000000000023
2,0,1,LogReg,9,W1,0.21125,0.78875,0.799048751,0.08099999999999996,0.24512499999999995,-0.000500000000000056
2,0,1,LogReg,9,W2,0.21375,0.78625,0.79811098,0.061875,0.24924999999999997,0.002749999999999997
2,0,1,LogReg,9,X1,0.195,0.805,0.813842482,0.10262500000000005,0.2426250000000001,0.00187500000000006
2,0,1,LogReg,9,X2,0.2025,0.7975,0.808056872,0.08674999999999998,0.24187499999999998,0.005374999999999974
2,0,1,SVC,9,W1,0.20375,0.7925,0.803782506,0.09062499999999998,0.2465,0.006374999999999987
2,0,1,SVC,9,W2,0.2175,0.78625,0.79811098,0.06562499999999999,0.25225,0.007750000000000012
2,0,1,SVC,9,X1,0.1925,0.805,0.816901408,0.10050000000000006,0.24337500000000006,0.002250000000000052
2,0,1,SVC,9,X2,0.205,0.79,0.797590361,0.08387500000000002,0.23212500000000005,0.001875000000000049
2,0,1,RF-C,9,W1,0.2025,0.7975,0.80760095,0.09425,0.25225,0.014624999999999999
2,0,1,RF-C,9,W2,0.2125,0.7875,0.796650718,0.044999999999999964,0.26712499999999995,0.0043749999999999735
2,0,1,RF-C,9,X1,0.1925,0.8075,0.817966903,0.094625,0.258625,0.004249999999999987
2,0,1,RF-C,9,X2,0.215,0.785,0.792270531,0.077125,0.23200000000000004,0.003125000000000033
2,0,1,XGBoost-C,9,W1,0.205,0.76875,0.777376655,0.08587500000000005,0.22225000000000006,0.00437500000000004
2,0,1,XGBoost-C,9,W2,0.2125,0.745,0.757142857,0.048124999999999994,0.22125000000000003,-0.0025000000000000022
2,0,1,XGBoost-C,9,X1,0.20125,0.775,0.78313253,0.08175000000000002,0.21950000000000003,-0.0012499999999999623
2,0,1,XGBoost-C,9,X2,0.22,0.75125,0.762812872,0.06362499999999997,0.21012499999999998,0.005874999999999964
2,0,1,MLP-C,9,W1,0.205,0.795,0.793450882,0.09150000000000005,0.2516250000000001,0.007125000000000048
2,0,1,MLP-C,9,W2,0.2125,0.7875,0.798099762,0.061999999999999986,0.250875,0.0033749999999999726
2,0,1,MLP-C,9,X1,0.18625,0.81375,0.824911868,0.10224999999999998,0.25575,0.014124999999999988
2,0,1,MLP-C,9,X2,0.2025,0.7975,0.808056872,0.08574999999999999,0.24212499999999998,0.005999999999999983
2,0,1,LogReg,10,W1,0.1975,0.8025,0.803970223,0.07225000000000001,0.254,-0.000374999999999992
2,0,1,LogReg,10,W2,0.21375,0.78625,0.791208791,0.07575000000000001,0.23237499999999994,0.0008750000000000257
2,0,1,LogReg,10,X1,0.18875,0.81125,0.811485643,0.08525000000000002,0.251,0.0017500000000000183
2,0,1,LogReg,10,X2,0.17,0.83,0.834146341,0.131125,0.251,0.003499999999999959
2,0,1,SVC,10,W1,0.2,0.7875,0.791154791,0.05687499999999999,0.24037499999999995,-0.005875000000000008
2,0,1,SVC,10,W2,0.2075,0.79,0.793611794,0.07912500000000004,0.23512500000000003,0.0013750000000000372
2,0,1,SVC,10,X1,0.18875,0.8,0.8,0.07612500000000005,0.23925000000000005,-0.005874999999999952
2,0,1,SVC,10,X2,0.17125,0.83,0.832923833,0.13612499999999997,0.24787499999999998,0.0044999999999999485
2,0,1,RF-C,10,W1,0.19625,0.80375,0.803011292,0.05199999999999997,0.27674999999999994,0.002249999999999952
2,0,1,RF-C,10,W2,0.2,0.8,0.802469136,0.08725000000000004,0.25362500000000004,0.00862500000000005
2,0,1,RF-C,10,X1,0.19,0.81,0.81,0.06550000000000006,0.268,-0.0032499999999999417
2,0,1,RF-C,10,X2,0.17,0.83,0.834146341,0.13974999999999996,0.24449999999999994,0.013499999999999946
2,0,1,XGBoost-C,10,W1,0.19125,0.76625,0.764779874,0.05599999999999998,0.21599999999999997,-0.0011250000000000205
2,0,1,XGBoost-C,10,W2,0.19875,0.76375,0.76809816,0.07800000000000004,0.21100000000000002,0.0010000000000000343
2,0,1,XGBoost-C,10,X1,0.18,0.77,0.767676768,0.06212500000000002,0.21962500000000001,-0.00937499999999999
2,0,1,XGBoost-C,10,X2,0.175,0.8,0.805352798,0.11850000000000005,0.2178750000000001,0.0005000000000000449
2,0,1,MLP-C,10,W1,0.19625,0.80375,0.804968944,0.07437499999999997,0.25512499999999994,0.0004999999999999672
2,0,1,MLP-C,10,W2,0.20375,0.79625,0.805721097,0.09237500000000001,0.23962500000000003,0.0018750000000000266
2,0,1,MLP-C,10,X1,0.18625,0.81375,0.813048934,0.08862499999999997,0.25187499999999996,0.0
2,0,1,MLP-C,10,X2,0.1625,0.8375,0.8375,0.14187500000000003,0.25675000000000003,0.0061250000000000245
2,0,2,LogReg,1,W1,0.1925,0.8075,0.803069054,0.176375,0.174625,0.002749999999999986
2,0,2,LogReg,1,W2,0.21625,0.78375,0.779054917,0.14624999999999994,0.16949999999999993,0.0037499999999999313
2,0,2,LogReg,1,X1,0.16,0.84,0.837974684,0.22074999999999995,0.165625,-0.0005000000000000449
2,0,2,LogReg,1,X2,0.15,0.85,0.847715736,0.224875,0.164125,0.00012499999999999735
2,0,2,SVC,1,W1,0.1925,0.8075,0.80604534,0.171625,0.17712500000000003,0.0018749999999999821
2,0,2,SVC,1,W2,0.215,0.78,0.77721519,0.1345,0.17262500000000003,-0.0009999999999999675
2,0,2,SVC,1,X1,0.1625,0.83625,0.834386852,0.21500000000000008,0.16650000000000004,-0.0027499999999999634
2,0,2,SVC,1,X2,0.1425,0.85625,0.856429463,0.23362499999999997,0.17137499999999997,0.006374999999999953
2,0,2,RF-C,1,W1,0.18875,0.81125,0.813349815,0.18325000000000005,0.17600000000000002,0.002875000000000005
2,0,2,RF-C,1,W2,0.22,0.78,0.776081425,0.14850000000000002,0.15937500000000004,0.0008750000000000257
2,0,2,RF-C,1,X1,0.15625,0.84375,0.842370744,0.22175000000000003,0.1785,0.00625
2,0,2,RF-C,1,X2,0.14125,0.85875,0.858573217,0.234875,0.175125,0.0032500000000000085
2,0,2,XGBoost-C,1,W1,0.18625,0.78625,0.783817952,0.16175,0.15987500000000004,0.005374999999999996
2,0,2,XGBoost-C,1,W2,0.215,0.75375,0.754057428,0.12450000000000001,0.14200000000000004,0.004750000000000043
2,0,2,XGBoost-C,1,X1,0.1475,0.82125,0.816901408,0.20350000000000001,0.16525000000000006,0.010125000000000028
2,0,2,XGBoost-C,1,X2,0.14125,0.83,0.828282828,0.21412499999999995,0.16074999999999995,-0.003250000000000042
2,0,2,MLP-C,1,W1,0.19,0.81,0.808080808,0.16900000000000004,0.187,0.00962500000000005
2,0,2,MLP-C,1,W2,0.2125,0.7875,0.784810127,0.14175,0.18087499999999998,0.018374999999999975
2,0,2,MLP-C,1,X1,0.15125,0.84875,0.852976914,0.22887500000000002,0.17450000000000002,0.001000000000000012
2,0,2,MLP-C,1,X2,0.145,0.855,0.856790123,0.23374999999999996,0.164875,0.0017499999999999849
2,0,2,LogReg,2,W1,0.205,0.795,0.792929293,0.15962500000000004,0.17450000000000004,-0.002499999999999958
2,0,2,LogReg,2,W2,0.22125,0.77875,0.783882784,0.15212500000000004,0.15300000000000008,0.001250000000000051
2,0,2,LogReg,2,X1,0.16625,0.83375,0.832282472,0.202,0.192875,0.003124999999999989
2,0,2,LogReg,2,X2,0.1425,0.8575,0.860635697,0.24412500000000006,0.17412500000000003,0.0005000000000000337
2,0,2,SVC,2,W1,0.205,0.78625,0.783817952,0.14925000000000002,0.16874999999999998,-0.010000000000000009
2,0,2,SVC,2,W2,0.22375,0.77375,0.776266996,0.14925000000000005,0.15000000000000005,-0.0017499999999999517
2,0,2,SVC,2,X1,0.16375,0.8375,0.8375,0.20575000000000002,0.199,0.0025000000000000022
2,0,2,SVC,2,X2,0.13875,0.86125,0.863131936,0.24787499999999998,0.17649999999999996,0.0023749999999999605
2,0,2,RF-C,2,W1,0.20375,0.79625,0.795994994,0.1605,0.18662500000000004,0.010875000000000024
2,0,2,RF-C,2,W2,0.21625,0.78375,0.788766789,0.16824999999999996,0.16374999999999992,0.01524999999999994
2,0,2,RF-C,2,X1,0.1675,0.8325,0.832080201,0.20250000000000004,0.19137500000000002,0.0035000000000000252
2,0,2,RF-C,2,X2,0.1425,0.8575,0.860294118,0.24587500000000007,0.17062500000000003,0.0025000000000000465
2,0,2,XGBoost-C,2,W1,0.19375,0.78125,0.781523096,0.14450000000000002,0.172375,0.003499999999999992
2,0,2,XGBoost-C,2,W2,0.21625,0.75875,0.759651308,0.14287500000000003,0.14050000000000007,0.005000000000000037
2,0,2,XGBoost-C,2,X1,0.16875,0.7975,0.796482412,0.164375,0.1625,-0.007000000000000006
2,0,2,XGBoost-C,2,X2,0.13875,0.84875,0.85080148,0.23437500000000006,0.16750000000000004,0.004750000000000009
2,0,2,MLP-C,2,W1,0.19375,0.80625,0.798962387,0.17025000000000007,0.18950000000000006,0.002250000000000041
2,0,2,MLP-C,2,W2,0.22125,0.77875,0.783353733,0.15225000000000005,0.15287500000000004,0.0011250000000000426
2,0,2,MLP-C,2,X1,0.16375,0.83625,0.835633626,0.20462500000000006,0.1962500000000001,0.005125000000000035
2,0,2,MLP-C,2,X2,0.14,0.86,0.863080685,0.24624999999999994,0.178375,-2.2204460492503132e-17
2,0,2,LogReg,3,W1,0.18125,0.81875,0.817150063,0.179,0.18949999999999997,-0.0012500000000000178
2,0,2,LogReg,3,W2,0.21625,0.78375,0.77503251,0.15024999999999994,0.17099999999999996,0.0042499999999999205
2,0,2,LogReg,3,X1,0.15375,0.84625,0.845671267,0.22199999999999998,0.19562499999999994,0.0038749999999999397
2,0,2,LogReg,3,X2,0.16,0.84,0.837974684,0.22774999999999998,0.17724999999999996,0.0031249999999999668
2,0,2,SVC,3,W1,0.18375,0.81625,0.813688213,0.18025000000000002,0.18862500000000004,-0.0043749999999999735
2,0,2,SVC,3,W2,0.21625,0.7825,0.774025974,0.15337499999999996,0.16849999999999996,0.003249999999999975
2,0,2,SVC,3,X1,0.15375,0.84125,0.840251572,0.21825000000000006,0.19175000000000003,-0.001874999999999938
2,0,2,SVC,3,X2,0.16375,0.83375,0.830573248,0.219,0.16987499999999997,-0.0030000000000000027
2,0,2,RF-C,3,W1,0.17875,0.82125,0.819672131,0.18662500000000004,0.20012500000000003,0.007125000000000048
2,0,2,RF-C,3,W2,0.2175,0.7825,0.777493606,0.14524999999999996,0.17649999999999996,0.008499999999999975
2,0,2,RF-C,3,X1,0.155,0.845,0.843434343,0.21737499999999996,0.197625,0.004124999999999967
2,0,2,RF-C,3,X2,0.1625,0.8375,0.835443038,0.22337500000000002,0.16687500000000002,0.004000000000000015
2,0,2,XGBoost-C,3,W1,0.17375,0.7825,0.78030303,0.15299999999999997,0.17662499999999998,-0.01562500000000002
2,0,2,XGBoost-C,3,W2,0.215,0.74375,0.736842105,0.12212500000000004,0.14462500000000003,2.2204460492503132e-17
2,0,2,XGBoost-C,3,X1,0.155,0.82125,0.821473159,0.19587500000000005,0.18087500000000004,-0.005624999999999958
2,0,2,XGBoost-C,3,X2,0.16,0.8125,0.810126582,0.202,0.14250000000000002,-0.012124999999999986
2,0,2,MLP-C,3,W1,0.17625,0.82375,0.829090909,0.19187499999999996,0.19175,0.0023749999999999718
2,0,2,MLP-C,3,W2,0.215,0.785,0.773684211,0.15950000000000003,0.16875000000000007,0.003125000000000033
2,0,2,MLP-C,3,X1,0.15,0.85,0.850374065,0.217625,0.21062499999999998,0.0044999999999999814
2,0,2,MLP-C,3,X2,0.15625,0.84375,0.842370744,0.23012499999999997,0.179125,0.006625000000000003
2,0,2,LogReg,4,W1,0.18625,0.81375,0.811153359,0.19024999999999997,0.19487499999999996,0.0
2,0,2,LogReg,4,W2,0.22,0.78,0.775510204,0.17212500000000003,0.14387500000000003,0.0008750000000000036
2,0,2,LogReg,4,X1,0.16125,0.83875,0.835249042,0.21837500000000004,0.18124999999999997,0.0008749999999999814
2,0,2,LogReg,4,X2,0.18,0.82,0.814910026,0.220625,0.14174999999999996,0.0016249999999999542
2,0,2,SVC,4,W1,0.18375,0.80375,0.796895213,0.18437499999999996,0.18524999999999997,-0.0012500000000000623
2,0,2,SVC,4,W2,0.22125,0.77875,0.774522293,0.17350000000000004,0.13950000000000004,0.001875000000000049
2,0,2,SVC,4,X1,0.16,0.83,0.826530612,0.21087499999999992,0.17649999999999996,-0.0031250000000000444
2,0,2,SVC,4,X2,0.18125,0.81875,0.811932555,0.22337499999999996,0.137875,-0.0005000000000000337
2,0,2,RF-C,4,W1,0.19125,0.80875,0.805590851,0.17874999999999996,0.19399999999999995,0.011374999999999958
2,0,2,RF-C,4,W2,0.2225,0.7775,0.770618557,0.17537499999999998,0.14099999999999996,0.005624999999999958
2,0,2,RF-C,4,X1,0.16375,0.83625,0.836454432,0.21650000000000008,0.18575000000000003,0.006125000000000058
2,0,2,RF-C,4,X2,0.18125,0.81875,0.816687737,0.2435,0.12424999999999993,0.005749999999999989
2,0,2,XGBoost-C,4,W1,0.18625,0.7625,0.758883249,0.14512499999999995,0.14837499999999998,-0.01487500000000005
2,0,2,XGBoost-C,4,W2,0.2175,0.74125,0.738965952,0.15537499999999996,0.11374999999999998,-0.0006250000000000422
2,0,2,XGBoost-C,4,X1,0.16,0.81875,0.818067754,0.20625,0.17562499999999998,0.005999999999999961
2,0,2,XGBoost-C,4,X2,0.18,0.79375,0.788732394,0.209,0.12162499999999994,-0.00187500000000006
2,0,2,MLP-C,4,W1,0.18125,0.81875,0.820766378,0.19312499999999994,0.19674999999999998,0.0014999999999999903
2,0,2,MLP-C,4,W2,0.21625,0.78375,0.778489117,0.18362499999999993,0.14099999999999996,0.004249999999999943
2,0,2,MLP-C,4,X1,0.1575,0.8425,0.838046272,0.21949999999999997,0.18675000000000003,0.0028750000000000277
2,0,2,MLP-C,4,X2,0.17625,0.82375,0.820382166,0.22649999999999998,0.14375000000000002,0.0037499999999999643
2,0,2,LogReg,5,W1,0.195,0.805,0.810218978,0.17112500000000005,0.17462500000000003,0.002125000000000055
2,0,2,LogReg,5,W2,0.19125,0.80875,0.812729498,0.17325,0.159875,0.002499999999999969
2,0,2,LogReg,5,X1,0.16125,0.83875,0.843636364,0.20787499999999998,0.1775,0.0016249999999999654
2,0,2,LogReg,5,X2,0.135,0.865,0.866995074,0.248875,0.16150000000000003,0.0017499999999999738
2,0,2,SVC,5,W1,0.18875,0.80125,0.80866426,0.17150000000000004,0.16712500000000002,-0.0012499999999999844
2,0,2,SVC,5,W2,0.18875,0.8075,0.809876543,0.176125,0.160125,0.007125000000000004
2,0,2,SVC,5,X1,0.16375,0.83375,0.840718563,0.20374999999999996,0.17074999999999999,-0.0005000000000000115
2,0,2,SVC,5,X2,0.12125,0.87625,0.876095119,0.26349999999999996,0.16999999999999998,0.006624999999999959
2,0,2,RF-C,5,W1,0.19375,0.80625,0.809348093,0.17587500000000003,0.17087500000000003,0.004875000000000018
2,0,2,RF-C,5,W2,0.19,0.81,0.812807882,0.17725000000000005,0.16512500000000005,0.011750000000000049
2,0,2,RF-C,5,X1,0.1675,0.8325,0.836585366,0.20412500000000003,0.17662500000000003,0.002000000000000024
2,0,2,RF-C,5,X2,0.13125,0.86875,0.86825596,0.2565,0.16350000000000003,0.005375000000000007
2,0,2,XGBoost-C,5,W1,0.19625,0.78625,0.790184049,0.16475,0.1615,0.001375000000000015
2,0,2,XGBoost-C,5,W2,0.20125,0.75625,0.758961681,0.13874999999999998,0.127125,-0.011125000000000052
2,0,2,XGBoost-C,5,X1,0.16,0.81375,0.818955043,0.190125,0.15625000000000003,0.003874999999999973
2,0,2,XGBoost-C,5,X2,0.1325,0.85,0.852216749,0.24137499999999998,0.15625,0.01237499999999998
2,0,2,MLP-C,5,W1,0.18875,0.81125,0.818291215,0.17862500000000003,0.17962500000000006,0.004375000000000018
2,0,2,MLP-C,5,W2,0.18375,0.81625,0.81829419,0.18162500000000006,0.166,0.00737500000000002
2,0,2,MLP-C,5,X1,0.16,0.84,0.844660194,0.20937499999999995,0.17812499999999995,0.0027499999999999526
2,0,2,MLP-C,5,X2,0.125,0.875,0.874055416,0.26299999999999996,0.16724999999999998,0.00575
2,0,2,LogReg,6,W1,0.21,0.79,0.787878788,0.16362500000000005,0.15862500000000004,0.002000000000000035
2,0,2,LogReg,6,W2,0.21125,0.78875,0.781371281,0.16224999999999995,0.16312499999999996,0.0008749999999999814
2,0,2,LogReg,6,X1,0.17375,0.82625,0.82156611,0.20687500000000006,0.16425000000000003,0.0013750000000000706
2,0,2,LogReg,6,X2,0.165,0.835,0.835,0.22787499999999997,0.14924999999999997,-0.002000000000000046
2,0,2,SVC,6,W1,0.19875,0.79125,0.788874842,0.16012500000000002,0.161375,0.002000000000000013
2,0,2,SVC,6,W2,0.2125,0.78125,0.774193548,0.15137499999999998,0.15975,-0.0016249999999999765
2,0,2,SVC,6,X1,0.17,0.8275,0.821705426,0.21187500000000004,0.16450000000000004,-0.001124999999999976
2,0,2,SVC,6,X2,0.1525,0.84375,0.843945069,0.23412499999999997,0.159,0.008625000000000004
2,0,2,RF-C,6,W1,0.20375,0.79625,0.792884371,0.17487500000000003,0.16475,0.011875000000000014
2,0,2,RF-C,6,W2,0.21875,0.78125,0.77243173,0.15137500000000004,0.16375,0.001374999999999993
2,0,2,RF-C,6,X1,0.17375,0.82625,0.819714656,0.20987500000000003,0.16400000000000003,0.012875000000000036
2,0,2,RF-C,6,X2,0.15375,0.84625,0.846824408,0.23874999999999993,0.16587499999999994,0.012624999999999942
2,0,2,XGBoost-C,6,W1,0.20125,0.7575,0.755667506,0.14474999999999993,0.13449999999999995,-0.008250000000000068
2,0,2,XGBoost-C,6,W2,0.22,0.73625,0.729139923,0.11837499999999994,0.11699999999999997,-0.0023750000000000273
2,0,2,XGBoost-C,6,X1,0.165,0.8025,0.801507538,0.190875,0.15099999999999997,0.009749999999999991
2,0,2,XGBoost-C,6,X2,0.15,0.83625,0.835220126,0.22862500000000002,0.16137500000000005,0.017000000000000036
2,0,2,MLP-C,6,W1,0.2025,0.7975,0.784574468,0.17225000000000001,0.16624999999999998,0.00012499999999998623
2,0,2,MLP-C,6,W2,0.21,0.79,0.782945736,0.16337500000000008,0.16412500000000008,0.001625000000000043
2,0,2,MLP-C,6,X1,0.1675,0.8325,0.823684211,0.21625,0.17300000000000004,0.00025000000000001686
2,0,2,MLP-C,6,X2,0.15625,0.84375,0.843554443,0.23199999999999998,0.16,0.006249999999999978
2,0,2,LogReg,7,W1,0.21625,0.78375,0.790810157,0.15487499999999996,0.15112499999999995,0.0009999999999999675
2,0,2,LogReg,7,W2,0.21375,0.78625,0.797633136,0.15275000000000002,0.146875,0.0022500000000000185
2,0,2,LogReg,7,X1,0.1775,0.8225,0.828502415,0.19712500000000002,0.162375,0.0030000000000000248
2,0,2,LogReg,7,X2,0.14625,0.85375,0.858866104,0.2415,0.16925000000000004,0.0022500000000000298
2,0,2,SVC,7,W1,0.21375,0.7875,0.795180723,0.160375,0.15374999999999997,0.0010000000000000009
2,0,2,SVC,7,W2,0.21125,0.7775,0.791079812,0.14424999999999996,0.14462499999999995,-0.005375000000000041
2,0,2,SVC,7,X1,0.17625,0.82125,0.827085852,0.19162500000000005,0.16312500000000002,0.0038750000000000286
2,0,2,SVC,7,X2,0.14625,0.8475,0.853717026,0.23037500000000005,0.16550000000000004,-0.00499999999999996
2,0,2,RF-C,7,W1,0.20625,0.79375,0.805194805,0.17074999999999996,0.15924999999999995,0.006749999999999967
2,0,2,RF-C,7,W2,0.2175,0.7825,0.795294118,0.14299999999999996,0.1505,-0.0008750000000000369
2,0,2,RF-C,7,X1,0.17375,0.82625,0.832328106,0.201,0.16312500000000005,0.007625000000000048
2,0,2,RF-C,7,X2,0.1475,0.8525,0.85952381,0.24175000000000005,0.16762500000000005,0.007000000000000039
2,0,2,XGBoost-C,7,W1,0.20375,0.765,0.772397094,0.145125,0.13475000000000004,-0.0022499999999999742
2,0,2,XGBoost-C,7,W2,0.20875,0.77,0.781990521,0.146875,0.14937500000000004,0.005750000000000022
2,0,2,XGBoost-C,7,X1,0.175,0.81,0.817745803,0.19025000000000006,0.15137500000000004,0.002250000000000052
2,0,2,XGBoost-C,7,X2,0.145,0.82125,0.829558999,0.21537500000000004,0.14287500000000003,-0.009124999999999961
2,0,2,MLP-C,7,W1,0.21125,0.78875,0.795151515,0.15324999999999994,0.16237499999999994,0.0029999999999999693
2,0,2,MLP-C,7,W2,0.2125,0.7875,0.799054374,0.15199999999999997,0.15162499999999995,0.0019999999999999905
2,0,2,MLP-C,7,X1,0.17375,0.82625,0.831515152,0.20112500000000005,0.16625,0.005375000000000052
2,0,2,MLP-C,7,X2,0.145,0.855,0.858536585,0.24312500000000004,0.17274999999999996,0.0007499999999999951
2,0,2,LogReg,8,W1,0.1775,0.8225,0.820253165,0.19175,0.18087499999999998,0.0011250000000000205
2,0,2,LogReg,8,W2,0.2275,0.7725,0.771929825,0.14612499999999998,0.16149999999999998,-0.00012500000000000843
2,0,2,LogReg,8,X1,0.16,0.84,0.836317136,0.21525,0.16912499999999997,-0.0015000000000000568
2,0,2,LogReg,8,X2,0.145,0.855,0.858190709,0.23587499999999997,0.17962499999999998,0.0
2,0,2,SVC,8,W1,0.18125,0.81875,0.81897628,0.18837499999999996,0.17725,-0.0020000000000000018
2,0,2,SVC,8,W2,0.225,0.77375,0.772327044,0.15050000000000005,0.15500000000000003,0.0015000000000000458
2,0,2,SVC,8,X1,0.15625,0.83875,0.837326608,0.21662499999999998,0.16799999999999998,-0.0020000000000000018
2,0,2,SVC,8,X2,0.14375,0.85125,0.854345165,0.23599999999999993,0.17324999999999996,0.00024999999999996135
2,0,2,RF-C,8,W1,0.17625,0.82375,0.823086575,0.197625,0.18324999999999997,0.008374999999999988
2,0,2,RF-C,8,W2,0.22375,0.77625,0.775407779,0.152125,0.161625,-0.002375000000000016
2,0,2,RF-C,8,X1,0.14375,0.85625,0.854245881,0.24487499999999995,0.17599999999999993,0.004124999999999957
2,0,2,RF-C,8,X2,0.1475,0.8525,0.855392157,0.24500000000000002,0.16650000000000004,0.0010000000000000343
2,0,2,XGBoost-C,8,W1,0.17375,0.8075,0.80798005,0.18125,0.173,0.01625000000000002
2,0,2,XGBoost-C,8,W2,0.21875,0.74375,0.742785445,0.13837500000000003,0.14550000000000002,-0.006124999999999969
2,0,2,XGBoost-C,8,X1,0.1425,0.81875,0.815286624,0.19749999999999995,0.160375,-0.0012500000000000067
2,0,2,XGBoost-C,8,X2,0.14625,0.81875,0.819875776,0.21025,0.14749999999999996,-0.0016250000000000097
2,0,2,MLP-C,8,W1,0.17625,0.82375,0.821744627,0.19349999999999995,0.18162499999999998,0.0002499999999999947
2,0,2,MLP-C,8,W2,0.22375,0.77625,0.774842767,0.14825,0.16175,0.003874999999999984
2,0,2,MLP-C,8,X1,0.1525,0.8475,0.850855746,0.22675000000000006,0.17450000000000004,0.003375000000000039
2,0,2,MLP-C,8,X2,0.14375,0.85625,0.854614412,0.24662499999999993,0.17674999999999996,0.016124999999999945
2,0,2,LogReg,9,W1,0.21125,0.78875,0.789539228,0.13862499999999994,0.17087499999999994,0.000374999999999992
2,0,2,LogReg,9,W2,0.21875,0.78125,0.784747847,0.140125,0.17112500000000003,-0.001499999999999968
2,0,2,LogReg,9,X1,0.15375,0.84625,0.847204969,0.20512499999999995,0.19899999999999993,-0.00012500000000004174
2,0,2,LogReg,9,X2,0.15125,0.84875,0.849689441,0.226125,0.17675,0.0012499999999999734
2,0,2,SVC,9,W1,0.21,0.78875,0.789539228,0.14262499999999992,0.16862499999999994,-0.0007500000000000395
2,0,2,SVC,9,W2,0.215,0.7875,0.791666667,0.14349999999999996,0.18187499999999998,0.003874999999999995
2,0,2,SVC,9,X1,0.1525,0.83625,0.837267081,0.19750000000000006,0.18650000000000005,-0.0021249999999999546
2,0,2,SVC,9,X2,0.14875,0.84375,0.844720497,0.2205,0.16912500000000003,-0.004500000000000004
2,0,2,RF-C,9,W1,0.1975,0.8025,0.8025,0.15525,0.17687500000000003,0.006999999999999984
2,0,2,RF-C,9,W2,0.22125,0.77875,0.783353733,0.13837500000000008,0.17075000000000007,0.0033750000000000503
2,0,2,RF-C,9,X1,0.1625,0.8375,0.839506173,0.1975,0.18500000000000003,0.003125000000000011
2,0,2,RF-C,9,X2,0.14125,0.85875,0.856416773,0.23237500000000005,0.182375,0.0017500000000000183
2,0,2,XGBoost-C,9,W1,0.19875,0.77125,0.772104608,0.1335,0.15612499999999999,-0.0032499999999999972
2,0,2,XGBoost-C,9,W2,0.2075,0.76625,0.767701863,0.13562499999999997,0.164625,-0.001625000000000021
2,0,2,XGBoost-C,9,X1,0.16,0.81875,0.818067754,0.18587499999999996,0.178125,0.016374999999999973
2,0,2,XGBoost-C,9,X2,0.13875,0.84125,0.841843088,0.22512500000000008,0.17025000000000007,-0.005124999999999935
2,0,2,MLP-C,9,W1,0.205,0.795,0.795511222,0.15287500000000007,0.169375,0.0021250000000000322
2,0,2,MLP-C,9,W2,0.2125,0.7875,0.791666667,0.15,0.17524999999999996,0.0026249999999999663
2,0,2,MLP-C,9,X1,0.14875,0.85125,0.854345165,0.21075,0.20637499999999992,0.0004999999999999782
2,0,2,MLP-C,9,X2,0.14375,0.85625,0.853875476,0.23575,0.17812499999999995,0.0037499999999999535
2,0,2,LogReg,10,W1,0.1925,0.8075,0.813106796,0.16849999999999996,0.17250000000000001,0.0003749999999999809
2,0,2,LogReg,10,W2,0.245,0.755,0.756823821,0.13687499999999997,0.135375,0.0006250000000000089
2,0,2,LogReg,10,X1,0.15,0.85,0.852579853,0.21612499999999996,0.189875,0.000374999999999992
2,0,2,LogReg,10,X2,0.15625,0.84375,0.842767296,0.226875,0.1625,0.0009999999999999788
2,0,2,SVC,10,W1,0.18625,0.80625,0.814371257,0.17037500000000003,0.17037500000000003,-0.002374999999999994
2,0,2,SVC,10,W2,0.245,0.75125,0.750938673,0.12862499999999993,0.13524999999999995,0.0016249999999999876
2,0,2,SVC,10,X1,0.14875,0.8525,0.856097561,0.21887500000000001,0.19350000000000006,0.008250000000000035
2,0,2,SVC,10,X2,0.15625,0.83375,0.833541927,0.21674999999999994,0.156125,-0.0011249999999999871
2,0,2,RF-C,10,W1,0.19125,0.80875,0.812729498,0.17024999999999996,0.17387499999999995,0.003249999999999964
2,0,2,RF-C,10,W2,0.2525,0.7475,0.746231156,0.12800000000000006,0.12825000000000003,0.010500000000000054
2,0,2,RF-C,10,X1,0.15375,0.84625,0.849079755,0.20974999999999994,0.19299999999999995,0.003499999999999959
2,0,2,RF-C,10,X2,0.16625,0.83375,0.833124216,0.21974999999999997,0.15137499999999998,0.006500000000000006
2,0,2,XGBoost-C,10,W1,0.19375,0.78375,0.789281364,0.15212499999999993,0.16037499999999993,-0.006875000000000053
2,0,2,XGBoost-C,10,W2,0.24875,0.71875,0.719101124,0.1125,0.10299999999999998,-0.00937499999999999
2,0,2,XGBoost-C,10,X1,0.1525,0.8325,0.836585366,0.191125,0.18600000000000003,-0.000749999999999984
2,0,2,XGBoost-C,10,X2,0.1675,0.80625,0.805031447,0.20112500000000005,0.12475000000000006,-0.003249999999999964
2,0,2,MLP-C,10,W1,0.18875,0.81125,0.818291215,0.17200000000000001,0.17712500000000003,0.0007500000000000174
2,0,2,MLP-C,10,W2,0.23875,0.76125,0.762732919,0.14212499999999997,0.14275,0.004874999999999996
2,0,2,MLP-C,10,X1,0.1475,0.8525,0.856097561,0.21700000000000003,0.19162500000000005,0.0005000000000000337
2,0,2,MLP-C,10,X2,0.15125,0.84875,0.848560701,0.231875,0.1685,0.006624999999999981
2,1,0,LogReg,1,W1,0.20375,0.79625,0.84097561,0.21224999999999997,0.07600000000000003,-0.0009999999999999788
2,1,0,LogReg,1,W2,0.2375,0.7625,0.818007663,0.17525,0.060249999999999956,-0.0021250000000000322
2,1,0,LogReg,1,X1,0.18375,0.81625,0.857419981,0.23075,0.08162500000000003,0.005125000000000024
2,1,0,LogReg,1,X2,0.17375,0.82625,0.865700483,0.25375000000000003,0.058750000000000024,0.0003750000000000253
2,1,0,SVC,1,W1,0.2025,0.79375,0.841498559,0.20162499999999994,0.07237499999999994,0.0034999999999999697
2,1,0,SVC,1,W2,0.2375,0.76,0.818867925,0.16612500000000002,0.05400000000000001,-0.0003749999999999698
2,1,0,SVC,1,X1,0.18375,0.8075,0.853053435,0.21862499999999999,0.07049999999999998,-0.0011250000000000092
2,1,0,SVC,1,X2,0.17625,0.825,0.862475442,0.25537499999999996,0.05449999999999996,0.0011249999999999427
2,1,0,RF-C,1,W1,0.21375,0.78625,0.831527094,0.20650000000000004,0.06650000000000002,0.004750000000000009
2,1,0,RF-C,1,W2,0.2525,0.7475,0.806883365,0.16612500000000008,0.03937500000000006,-0.003999999999999937
2,1,0,RF-C,1,X1,0.1875,0.8125,0.855491329,0.22675,0.071875,0.006250000000000011
2,1,0,RF-C,1,X2,0.1725,0.8275,0.865758755,0.26325000000000004,0.050375,0.0048750000000000295
2,1,0,XGBoost-C,1,W1,0.20625,0.765,0.814595661,0.18225000000000002,0.053750000000000006,0.00425000000000002
2,1,0,XGBoost-C,1,W2,0.24125,0.71,0.774757282,0.13524999999999995,0.04462499999999997,-0.014875000000000027
2,1,0,XGBoost-C,1,X1,0.18625,0.78375,0.830889541,0.20074999999999993,0.060999999999999964,0.0007499999999999285
2,1,0,XGBoost-C,1,X2,0.17125,0.8125,0.851190476,0.24862499999999996,0.052375000000000005,0.00612499999999998
2,1,0,MLP-C,1,W1,0.2,0.8,0.842519685,0.2145,0.07987500000000004,0.007125000000000059
2,1,0,MLP-C,1,W2,0.23125,0.76875,0.822627037,0.18225000000000005,0.06737500000000005,0.0005000000000000337
2,1,0,MLP-C,1,X1,0.1825,0.8175,0.858252427,0.23287500000000003,0.08212500000000002,0.0061249999999999916
2,1,0,MLP-C,1,X2,0.16375,0.83625,0.868341709,0.2743750000000001,0.07987500000000004,0.004500000000000037
2,1,0,LogReg,2,W1,0.19625,0.80375,0.853953488,0.20824999999999996,0.07287499999999997,0.0006249999999999756
2,1,0,LogReg,2,W2,0.23,0.77,0.823754789,0.18287500000000004,0.06925000000000003,0.003375000000000028
2,1,0,LogReg,2,X1,0.1725,0.8275,0.868571429,0.24400000000000005,0.062375000000000014,0.0005000000000000115
2,1,0,LogReg,2,X2,0.16,0.84,0.875728155,0.26625,0.06012499999999996,0.002374999999999949
2,1,0,SVC,2,W1,0.195,0.79,0.847549909,0.19025000000000003,0.06287500000000003,0.00012500000000003063
2,1,0,SVC,2,W2,0.23125,0.76125,0.822325581,0.16662499999999997,0.06275,0.002749999999999997
2,1,0,SVC,2,X1,0.17375,0.81875,0.86586494,0.22762499999999997,0.05374999999999998,-0.0008750000000000147
2,1,0,SVC,2,X2,0.16125,0.8375,0.873786408,0.264375,0.05425000000000002,0.0066250000000000146
2,1,0,RF-C,2,W1,0.19625,0.80375,0.85340803,0.21537499999999996,0.06474999999999996,0.008374999999999955
2,1,0,RF-C,2,W2,0.235,0.765,0.824626866,0.172625,0.06000000000000002,0.007625000000000026
2,1,0,RF-C,2,X1,0.17625,0.82375,0.866350711,0.242375,0.053625,0.00012499999999998623
2,1,0,RF-C,2,X2,0.16125,0.83875,0.872150644,0.27299999999999996,0.051625,0.012
2,1,0,XGBoost-C,2,W1,0.195,0.765,0.820952381,0.188,0.05300000000000001,-0.00575
2,1,0,XGBoost-C,2,W2,0.22625,0.7275,0.788349515,0.146125,0.041125000000000037,-0.003249999999999953
2,1,0,XGBoost-C,2,X1,0.17125,0.7875,0.839319471,0.220125,0.04774999999999997,-0.009500000000000008
2,1,0,XGBoost-C,2,X2,0.16,0.80625,0.844221106,0.23987500000000006,0.042625000000000024,0.0012500000000000178
2,1,0,MLP-C,2,W1,0.195,0.805,0.852830189,0.22112500000000007,0.06912500000000003,0.0036250000000000336
2,1,0,MLP-C,2,W2,0.22625,0.77375,0.827783064,0.18725000000000006,0.07350000000000005,0.005750000000000033
2,1,0,MLP-C,2,X1,0.17375,0.82625,0.868744098,0.24062500000000003,0.06137500000000003,0.0006250000000000311
2,1,0,MLP-C,2,X2,0.15875,0.84125,0.875122911,0.27175,0.06187500000000005,0.006375000000000042
2,1,0,LogReg,3,W1,0.2375,0.7625,0.819391635,0.17824999999999996,0.04524999999999996,0.00187499999999996
2,1,0,LogReg,3,W2,0.24125,0.75875,0.814956855,0.18312500000000007,0.03512500000000003,0.0037500000000000424
2,1,0,LogReg,3,X1,0.2,0.8,0.847036329,0.22162500000000004,0.04925000000000005,-0.0033749999999999726
2,1,0,LogReg,3,X2,0.16125,0.83875,0.874146341,0.275875,0.034999999999999976,0.0018749999999999934
2,1,0,SVC,3,W1,0.24,0.74375,0.810009268,0.15950000000000003,0.02712500000000002,-0.014624999999999977
2,1,0,SVC,3,W2,0.24,0.7575,0.817669173,0.17362499999999997,0.04174999999999993,0.006249999999999955
2,1,0,SVC,3,X1,0.20125,0.79,0.84120983,0.212625,0.03662500000000003,-0.0031249999999999555
2,1,0,SVC,3,X2,0.165,0.8325,0.871401152,0.264625,0.029125000000000012,-0.0028749999999999943
2,1,0,RF-C,3,W1,0.2425,0.7575,0.815238095,0.18362499999999995,0.05074999999999996,0.010374999999999957
2,1,0,RF-C,3,W2,0.2475,0.7525,0.811068702,0.17712499999999998,0.03874999999999994,0.0017499999999999517
2,1,0,RF-C,3,X1,0.1975,0.8025,0.848948375,0.229,0.04887499999999998,0.009250000000000003
2,1,0,RF-C,3,X2,0.1625,0.8375,0.875,0.272625,0.033750000000000016,0.008000000000000018
2,1,0,XGBoost-C,3,W1,0.24375,0.72,0.786259542,0.15412499999999998,0.023499999999999976,-0.01637500000000003
2,1,0,XGBoost-C,3,W2,0.25,0.73375,0.796172249,0.16650000000000004,0.034000000000000016,0.005375000000000019
2,1,0,XGBoost-C,3,X1,0.1975,0.76125,0.816169394,0.19424999999999998,0.028749999999999977,-0.005125000000000013
2,1,0,XGBoost-C,3,X2,0.16,0.8225,0.860784314,0.2555,0.041125,0.008750000000000013
2,1,0,MLP-C,3,W1,0.23875,0.76125,0.81792183,0.17762499999999998,0.044624999999999984,0.000374999999999992
2,1,0,MLP-C,3,W2,0.23625,0.76375,0.817037754,0.18775000000000006,0.043750000000000046,0.014625000000000044
2,1,0,MLP-C,3,X1,0.1875,0.8125,0.854085603,0.23975,0.06687499999999999,0.005499999999999982
2,1,0,MLP-C,3,X2,0.16125,0.83875,0.873900293,0.27549999999999997,0.034999999999999996,0.0008749999999999814
2,1,0,LogReg,4,W1,0.22625,0.77375,0.830999066,0.19437500000000002,0.05975000000000004,0.00437500000000004
2,1,0,LogReg,4,W2,0.245,0.755,0.810810811,0.17187500000000006,0.044625000000000026,0.00212500000000001
2,1,0,LogReg,4,X1,0.19,0.81,0.854961832,0.23025000000000007,0.06550000000000003,0.0028750000000000385
2,1,0,LogReg,4,X2,0.16875,0.83125,0.865403789,0.261,0.05275000000000003,0.0007500000000000506
2,1,0,SVC,4,W1,0.23125,0.7675,0.827137546,0.18562499999999998,0.05549999999999995,-0.0027500000000000636
2,1,0,SVC,4,W2,0.2475,0.745,0.808270677,0.15425,0.03324999999999998,0.0033749999999999835
2,1,0,SVC,4,X1,0.19625,0.80125,0.849858357,0.218875,0.05712500000000002,-0.0030000000000000027
2,1,0,SVC,4,X2,0.17,0.8275,0.864173228,0.25000000000000006,0.05212500000000002,0.0010000000000000009
2,1,0,RF-C,4,W1,0.23125,0.76875,0.826616682,0.187125,0.060875000000000054,0.005625000000000035
2,1,0,RF-C,4,W2,0.24375,0.75625,0.817586529,0.170375,0.03787499999999998,0.00774999999999999
2,1,0,RF-C,4,X1,0.1925,0.8075,0.851923077,0.23325,0.058875,-0.0012500000000000178
2,1,0,RF-C,4,X2,0.17,0.83,0.865877712,0.2602499999999999,0.05037499999999996,0.0029999999999999584
2,1,0,XGBoost-C,4,W1,0.235,0.73375,0.794599807,0.157375,0.04050000000000002,-0.00724999999999999
2,1,0,XGBoost-C,4,W2,0.24125,0.71625,0.778536585,0.13825000000000004,0.03112500000000005,-0.005249999999999933
2,1,0,XGBoost-C,4,X1,0.19,0.7775,0.827852998,0.197625,0.05149999999999997,-0.005750000000000022
2,1,0,XGBoost-C,4,X2,0.16875,0.81,0.849206349,0.24037500000000006,0.05612500000000007,0.0008750000000000479
2,1,0,MLP-C,4,W1,0.22375,0.77625,0.824337586,0.21000000000000002,0.06475,-0.005375000000000007
2,1,0,MLP-C,4,W2,0.24375,0.75625,0.811594203,0.17537499999999998,0.044124999999999984,0.002499999999999991
2,1,0,MLP-C,4,X1,0.19375,0.80625,0.851104707,0.22800000000000004,0.06325,-0.0023749999999999605
2,1,0,MLP-C,4,X2,0.16125,0.83875,0.871385842,0.2672500000000001,0.062,0.003999999999999981
2,1,0,LogReg,5,W1,0.2375,0.7625,0.819391635,0.17074999999999996,0.058874999999999934,0.00012499999999999735
2,1,0,LogReg,5,W2,0.22625,0.77375,0.828760643,0.19000000000000009,0.055125000000000056,0.0016250000000000541
2,1,0,LogReg,5,X1,0.1875,0.8125,0.85380117,0.2325,0.07649999999999998,0.004874999999999996
2,1,0,LogReg,5,X2,0.17,0.83,0.865877712,0.2643749999999999,0.05224999999999994,-0.002250000000000052
2,1,0,SVC,5,W1,0.22625,0.77375,0.828436019,0.179375,0.06937500000000005,0.008125000000000049
2,1,0,SVC,5,W2,0.2275,0.7675,0.825515947,0.18674999999999994,0.046374999999999965,-0.004500000000000048
2,1,0,SVC,5,X1,0.18875,0.7975,0.842105263,0.21475,0.06375,-0.0066250000000000146
2,1,0,SVC,5,X2,0.1675,0.82875,0.867888139,0.258,0.04737499999999999,0.0003750000000000031
2,1,0,RF-C,5,W1,0.23125,0.76875,0.822966507,0.18450000000000005,0.06712500000000005,0.0045000000000000595
2,1,0,RF-C,5,W2,0.22,0.78,0.833648393,0.20625,0.05675000000000002,0.008875000000000011
2,1,0,RF-C,5,X1,0.1975,0.8025,0.843564356,0.220625,0.07212499999999997,0.0044999999999999814
2,1,0,RF-C,5,X2,0.17,0.83,0.865079365,0.27025,0.05024999999999994,0.0019999999999999684
2,1,0,XGBoost-C,5,W1,0.22625,0.74625,0.803864734,0.16262499999999996,0.06437499999999997,0.0071249999999999595
2,1,0,XGBoost-C,5,W2,0.22375,0.73,0.789473684,0.16062499999999996,0.038124999999999964,-0.004625000000000023
2,1,0,XGBoost-C,5,X1,0.1875,0.76,0.806060606,0.18675000000000003,0.047875000000000015,-0.01874999999999999
2,1,0,XGBoost-C,5,X2,0.17125,0.7975,0.838323353,0.23962499999999998,0.037,-0.009750000000000003
2,1,0,MLP-C,5,W1,0.23,0.77,0.825095057,0.17225000000000001,0.07050000000000001,0.002750000000000019
2,1,0,MLP-C,5,W2,0.225,0.775,0.830188679,0.19812500000000005,0.05537500000000002,0.006250000000000022
2,1,0,MLP-C,5,X1,0.1875,0.8125,0.853515625,0.23525000000000001,0.074375,0.0037499999999999977
2,1,0,MLP-C,5,X2,0.17,0.83,0.865877712,0.26425,0.05224999999999994,-0.002250000000000052
2,1,0,LogReg,6,W1,0.205,0.795,0.844106464,0.20975000000000002,0.058250000000000045,0.0017500000000000514
2,1,0,LogReg,6,W2,0.25,0.75,0.810246679,0.17099999999999999,0.05125,0.004000000000000015
2,1,0,LogReg,6,X1,0.1575,0.8425,0.877906977,0.254375,0.07775000000000001,0.002000000000000024
2,1,0,LogReg,6,X2,0.165,0.835,0.87283237,0.26375,0.06562499999999996,-0.0007500000000000506
2,1,0,SVC,6,W1,0.19875,0.7975,0.848314607,0.20375000000000001,0.06299999999999997,0.006374999999999997
2,1,0,SVC,6,W2,0.25125,0.745,0.807909605,0.167625,0.04387500000000001,0.0033749999999999726
2,1,0,SVC,6,X1,0.16,0.8325,0.872865275,0.23862500000000003,0.07112500000000001,-0.0012499999999999734
2,1,0,SVC,6,X2,0.165,0.83625,0.874880611,0.26312500000000005,0.06862500000000003,0.0015000000000000458
2,1,0,RF-C,6,W1,0.205,0.795,0.844402277,0.21200000000000005,0.052500000000000026,-0.0012499999999999734
2,1,0,RF-C,6,W2,0.2425,0.7575,0.812741313,0.18087499999999995,0.06912499999999995,0.0037499999999999535
2,1,0,RF-C,6,X1,0.1675,0.8325,0.872137405,0.244875,0.06537500000000003,-0.00012499999999999735
2,1,0,RF-C,6,X2,0.1575,0.8425,0.877669903,0.2735,0.07350000000000002,0.005125000000000013
2,1,0,XGBoost-C,6,W1,0.20375,0.755,0.810077519,0.17837500000000003,0.039875000000000015,-0.006249999999999989
2,1,0,XGBoost-C,6,W2,0.24,0.72375,0.78226601,0.14962500000000004,0.047375000000000014,1.1102230246251566e-17
2,1,0,XGBoost-C,6,X1,0.16875,0.7925,0.837573386,0.21187499999999995,0.04849999999999999,-0.006875000000000031
2,1,0,XGBoost-C,6,X2,0.15875,0.82625,0.863858962,0.2603750000000001,0.06812500000000002,0.013500000000000045
2,1,0,MLP-C,6,W1,0.20375,0.79625,0.844317096,0.215125,0.06500000000000003,2.2204460492503132e-17
2,1,0,MLP-C,6,W2,0.2525,0.7475,0.807984791,0.16900000000000004,0.04937500000000007,0.0007500000000000506
2,1,0,MLP-C,6,X1,0.1575,0.8425,0.877906977,0.254875,0.07837500000000004,0.001625000000000021
2,1,0,MLP-C,6,X2,0.1625,0.8375,0.872798434,0.27075,0.069125,0.0013750000000000262
2,1,0,LogReg,7,W1,0.19,0.81,0.854961832,0.23212500000000008,0.06012500000000004,0.004250000000000054
2,1,0,LogReg,7,W2,0.24125,0.75875,0.823744292,0.18150000000000005,0.04725000000000003,0.0015000000000000458
2,1,0,LogReg,7,X1,0.15625,0.84375,0.878993224,0.273,0.061250000000000006,0.0023749999999999718
2,1,0,LogReg,7,X2,0.16875,0.83125,0.871794872,0.2643750000000001,0.054500000000000035,0.0015000000000000458
2,1,0,SVC,7,W1,0.1925,0.7975,0.84629981,0.215125,0.049249999999999995,-0.0043750000000000065
2,1,0,SVC,7,W2,0.2475,0.75125,0.819255223,0.17062499999999997,0.04137499999999998,-0.005125000000000002
2,1,0,SVC,7,X1,0.155,0.835,0.873804971,0.261625,0.04624999999999996,-0.007750000000000046
2,1,0,SVC,7,X2,0.17,0.82,0.864150943,0.250125,0.046499999999999965,-0.007500000000000051
2,1,0,RF-C,7,W1,0.195,0.805,0.851145038,0.22725000000000004,0.05400000000000005,0.0021250000000000435
2,1,0,RF-C,7,W2,0.24125,0.75875,0.825022665,0.18087500000000004,0.04062500000000002,0.003000000000000047
2,1,0,RF-C,7,X1,0.15,0.85,0.885496183,0.28074999999999994,0.05499999999999997,0.0026249999999999663
2,1,0,RF-C,7,X2,0.165,0.835,0.875471698,0.27474999999999994,0.046749999999999944,0.003999999999999959
2,1,0,XGBoost-C,7,W1,0.1875,0.7625,0.814453125,0.18924999999999995,0.04499999999999994,-0.0013750000000000262
2,1,0,XGBoost-C,7,W2,0.24125,0.71,0.782771536,0.15037499999999998,0.02262499999999995,-0.016125000000000035
2,1,0,XGBoost-C,7,X1,0.15,0.815,0.855750487,0.24537499999999995,0.04912499999999996,-0.0013750000000000485
2,1,0,XGBoost-C,7,X2,0.16625,0.8075,0.851637765,0.25287499999999996,0.04525000000000001,-0.012124999999999997
2,1,0,MLP-C,7,W1,0.18875,0.81125,0.850049652,0.23700000000000002,0.07200000000000002,0.007750000000000023
2,1,0,MLP-C,7,W2,0.235,0.765,0.824626866,0.19675000000000004,0.04962500000000001,0.006500000000000028
2,1,0,MLP-C,7,X1,0.15375,0.84625,0.880929332,0.27512499999999995,0.06574999999999993,0.004124999999999923
2,1,0,MLP-C,7,X2,0.17125,0.82875,0.869149952,0.262875,0.05187499999999997,0.003624999999999978
2,1,0,LogReg,8,W1,0.2225,0.7775,0.829827916,0.195625,0.05724999999999998,0.0012499999999999734
2,1,0,LogReg,8,W2,0.235,0.765,0.820267686,0.19237500000000005,0.04762500000000001,-0.0004999999999999782
2,1,0,LogReg,8,X1,0.175,0.825,0.864341085,0.24662499999999993,0.06687499999999996,-0.00012500000000000843
2,1,0,LogReg,8,X2,0.1825,0.8175,0.855731225,0.2555,0.044500000000000005,0.004500000000000004
2,1,0,SVC,8,W1,0.22125,0.78,0.834586466,0.19862500000000002,0.06000000000000004,-0.0007499999999999619
2,1,0,SVC,8,W2,0.23,0.76875,0.82629108,0.19212500000000005,0.04662500000000006,0.0007500000000000395
2,1,0,SVC,8,X1,0.18,0.81625,0.856304985,0.24200000000000005,0.06250000000000004,-0.005499999999999961
2,1,0,SVC,8,X2,0.18375,0.8125,0.853515625,0.2465,0.04075000000000001,0.0008749999999999924
2,1,0,RF-C,8,W1,0.21625,0.78375,0.835707502,0.2039999999999999,0.06812499999999996,0.006624999999999914
2,1,0,RF-C,8,W2,0.2325,0.7675,0.822519084,0.19699999999999998,0.053749999999999964,0.013749999999999962
2,1,0,RF-C,8,X1,0.18375,0.81625,0.857419981,0.25125000000000003,0.04975000000000003,0.0021250000000000656
2,1,0,RF-C,8,X2,0.18875,0.81125,0.848545637,0.24937500000000004,0.044125000000000025,0.0067500000000000225
2,1,0,XGBoost-C,8,W1,0.21,0.73375,0.794995188,0.16100000000000003,0.03950000000000002,-0.010749999999999992
2,1,0,XGBoost-C,8,W2,0.23375,0.7375,0.797687861,0.16850000000000004,0.053250000000000054,-0.0007499999999999729
2,1,0,XGBoost-C,8,X1,0.17125,0.765,0.817475728,0.20575000000000002,0.03512500000000002,-0.017374999999999995
2,1,0,XGBoost-C,8,X2,0.18875,0.7875,0.828973843,0.224625,0.03237499999999997,-0.006625000000000025
2,1,0,MLP-C,8,W1,0.2225,0.7775,0.832075472,0.18712499999999993,0.060249999999999956,-0.0005000000000000227
2,1,0,MLP-C,8,W2,0.22375,0.77625,0.829686013,0.20612500000000003,0.05325,0.013250000000000017
2,1,0,MLP-C,8,X1,0.18,0.82,0.857988166,0.2478749999999999,0.06762499999999995,0.0
2,1,0,MLP-C,8,X2,0.18375,0.81625,0.852261307,0.257375,0.04862500000000005,0.006500000000000006
2,1,0,LogReg,9,W1,0.21875,0.78125,0.828263003,0.20274999999999999,0.04162500000000001,0.0008750000000000036
2,1,0,LogReg,9,W2,0.2325,0.7675,0.819767442,0.17537499999999998,0.05899999999999994,-0.00012500000000005286
2,1,0,LogReg,9,X1,0.19375,0.80625,0.845154845,0.234375,0.03450000000000001,0.0017500000000000183
2,1,0,LogReg,9,X2,0.185,0.815,0.854043393,0.24612499999999993,0.057874999999999954,-0.0011250000000000537
2,1,0,SVC,9,W1,0.2175,0.78125,0.830261882,0.198,0.038749999999999986,0.00012499999999999735
2,1,0,SVC,9,W2,0.235,0.7625,0.819047619,0.17024999999999996,0.04674999999999997,0.0016249999999999654
2,1,0,SVC,9,X1,0.19375,0.80375,0.843156843,0.23362500000000003,0.03149999999999997,0.001874999999999971
2,1,0,SVC,9,X2,0.185,0.81125,0.853540252,0.236625,0.05162500000000003,-0.0003749999999999587
2,1,0,RF-C,9,W1,0.21375,0.78625,0.83414161,0.209,0.0355,0.002749999999999997
2,1,0,RF-C,9,W2,0.23,0.77,0.822736031,0.19075000000000003,0.05050000000000001,0.004625000000000013
2,1,0,RF-C,9,X1,0.19125,0.80875,0.851022395,0.24362499999999998,0.02312499999999996,0.01387499999999997
2,1,0,RF-C,9,X2,0.1775,0.8225,0.861867704,0.24674999999999997,0.06362500000000001,0.0021250000000000214
2,1,0,XGBoost-C,9,W1,0.21625,0.75125,0.803165183,0.18437499999999998,0.03074999999999999,-2.2204460492503132e-17
2,1,0,XGBoost-C,9,W2,0.22875,0.735,0.791748527,0.150875,0.053374999999999985,0.0018749999999999934
2,1,0,XGBoost-C,9,X1,0.1875,0.7675,0.812877264,0.20699999999999993,0.018749999999999968,-0.026875000000000027
2,1,0,XGBoost-C,9,X2,0.18125,0.79125,0.832832833,0.22487500000000002,0.049,-0.006249999999999989
2,1,0,MLP-C,9,W1,0.20875,0.79125,0.834160874,0.22212500000000004,0.041499999999999995,0.008374999999999988
2,1,0,MLP-C,9,W2,0.22625,0.77375,0.822374877,0.18500000000000005,0.06387500000000004,0.006125000000000047
2,1,0,MLP-C,9,X1,0.19,0.81,0.84950495,0.23725000000000004,0.03725000000000005,0.003375000000000061
2,1,0,MLP-C,9,X2,0.18125,0.81875,0.85629336,0.25199999999999995,0.06324999999999999,0.0026249999999999885
2,1,0,LogReg,10,W1,0.19,0.81,0.857677903,0.20550000000000007,0.08775000000000004,0.003250000000000042
2,1,0,LogReg,10,W2,0.26,0.74,0.807050093,0.15187499999999998,0.05149999999999999,0.004249999999999987
2,1,0,LogReg,10,X1,0.15625,0.84375,0.881291548,0.24712500000000004,0.09574999999999999,0.000374999999999992
2,1,0,LogReg,10,X2,0.195,0.805,0.845849802,0.23662500000000003,0.05050000000000006,0.0003750000000000253
2,1,0,SVC,10,W1,0.19875,0.79875,0.850510678,0.19249999999999998,0.07987499999999996,0.0003749999999999587
2,1,0,SVC,10,W2,0.26375,0.735,0.802607076,0.14812499999999998,0.04224999999999999,-0.0017500000000000072
2,1,0,SVC,10,X1,0.1575,0.8325,0.874296435,0.23375000000000004,0.08750000000000001,0.0011250000000000205
2,1,0,SVC,10,X2,0.19625,0.79875,0.841691249,0.23087499999999994,0.045999999999999965,-0.0010000000000000564
2,1,0,RF-C,10,W1,0.2025,0.7975,0.84629981,0.19949999999999998,0.07087499999999998,0.006374999999999997
2,1,0,RF-C,10,W2,0.2675,0.7325,0.799625468,0.15137500000000004,0.04125000000000003,0.002125000000000055
2,1,0,RF-C,10,X1,0.1625,0.8375,0.875717017,0.24600000000000005,0.08712500000000002,0.008375000000000032
2,1,0,RF-C,10,X2,0.20125,0.79875,0.839160839,0.23687499999999995,0.053749999999999964,0.005749999999999944
2,1,0,XGBoost-C,10,W1,0.2075,0.775,0.827255278,0.18612500000000004,0.07462500000000004,0.010625000000000018
2,1,0,XGBoost-C,10,W2,0.2675,0.71,0.774319066,0.13362499999999997,0.041749999999999975,0.016874999999999963
2,1,0,XGBoost-C,10,X1,0.165,0.8025,0.84952381,0.213625,0.07162499999999998,-0.0022500000000000076
2,1,0,XGBoost-C,10,X2,0.19375,0.78875,0.830491474,0.222875,0.05312499999999994,0.001874999999999949
2,1,0,MLP-C,10,W1,0.19625,0.80375,0.850047755,0.20712499999999995,0.08399999999999996,0.0037499999999999535
2,1,0,MLP-C,10,W2,0.26,0.74,0.807050093,0.15237499999999998,0.05087499999999997,0.004374999999999985
2,1,0,MLP-C,10,X1,0.15625,0.84375,0.880153404,0.24987499999999999,0.09937499999999999,0.007124999999999981
2,1,0,MLP-C,10,X2,0.195,0.805,0.844930417,0.2411250000000001,0.052125000000000046,0.0010000000000000453
2,1,1,LogReg,1,W1,0.19375,0.80625,0.85687904,0.06487500000000003,0.19812500000000002,-0.00012499999999999735
2,1,1,LogReg,1,W2,0.20375,0.79625,0.845204179,0.05362500000000001,0.21412499999999998,-0.0006249999999999867
2,1,1,LogReg,1,X1,0.1625,0.8375,0.880294659,0.10412500000000002,0.21975000000000003,0.000749999999999984
2,1,1,LogReg,1,X2,0.2,0.8,0.848197343,0.07112500000000006,0.2,0.0002500000000000502
2,1,1,SVC,1,W1,0.19375,0.805,0.858695652,0.06175000000000004,0.19275000000000003,-0.0006249999999999422
2,1,1,SVC,1,W2,0.2025,0.78,0.837638376,0.03950000000000002,0.19162500000000002,-0.006499999999999973
2,1,1,SVC,1,X1,0.16375,0.835,0.880217786,0.10124999999999995,0.211625,0.0031249999999999447
2,1,1,SVC,1,X2,0.19625,0.8025,0.852059925,0.06837499999999998,0.199375,0.002499999999999991
2,1,1,RF-C,1,W1,0.1925,0.8075,0.862254025,0.039999999999999994,0.20837500000000003,0.0004999999999999782
2,1,1,RF-C,1,W2,0.2,0.8,0.848197343,0.05612500000000005,0.22175000000000003,0.01125000000000006
2,1,1,RF-C,1,X1,0.1725,0.8275,0.874087591,0.07875,0.2105,0.005625000000000024
2,1,1,RF-C,1,X2,0.1925,0.8075,0.853612167,0.07349999999999998,0.21587499999999996,0.002499999999999991
2,1,1,XGBoost-C,1,W1,0.18875,0.775,0.832713755,0.05262500000000002,0.178625,-0.010124999999999962
2,1,1,XGBoost-C,1,W2,0.20375,0.7775,0.82751938,0.05349999999999997,0.20074999999999993,0.006874999999999987
2,1,1,XGBoost-C,1,X1,0.16875,0.78625,0.839737582,0.07400000000000001,0.16825,-0.017000000000000005
2,1,1,XGBoost-C,1,X2,0.1925,0.78125,0.826904055,0.0665,0.17950000000000002,0.013500000000000002
2,1,1,MLP-C,1,W1,0.19,0.81,0.858208955,0.07225000000000005,0.20312500000000006,0.0028750000000000277
2,1,1,MLP-C,1,W2,0.20125,0.79875,0.845933014,0.054124999999999965,0.22024999999999997,-0.000500000000000056
2,1,1,MLP-C,1,X1,0.16,0.84,0.879924953,0.10812499999999999,0.22587499999999996,0.0014999999999999569
2,1,1,MLP-C,1,X2,0.1975,0.8025,0.850943396,0.07175000000000001,0.20212500000000003,0.0019999999999999797
2,1,1,LogReg,2,W1,0.20375,0.79625,0.844613918,0.060375000000000026,0.205125,0.00275000000000003
2,1,1,LogReg,2,W2,0.1925,0.8075,0.852207294,0.084,0.211,0.004499999999999993
2,1,1,LogReg,2,X1,0.18625,0.81375,0.856038647,0.08462499999999998,0.20999999999999996,0.005749999999999955
2,1,1,LogReg,2,X2,0.18,0.82,0.864661654,0.10912499999999996,0.20237499999999992,-0.003125000000000033
2,1,1,SVC,2,W1,0.20375,0.79375,0.843304843,0.054874999999999965,0.20512499999999995,0.001874999999999949
2,1,1,SVC,2,W2,0.1925,0.79125,0.843192488,0.06875,0.18987500000000002,0.001625000000000021
2,1,1,SVC,2,X1,0.185,0.815,0.857418112,0.08374999999999996,0.21374999999999994,0.00449999999999996
2,1,1,SVC,2,X2,0.1825,0.81125,0.859795729,0.09737500000000002,0.1975,-0.006124999999999959
2,1,1,RF-C,2,W1,0.2,0.8,0.84375,0.06062500000000006,0.21500000000000002,0.007625000000000037
2,1,1,RF-C,2,W2,0.2,0.8,0.845857418,0.07175000000000005,0.212875,0.007625000000000037
2,1,1,RF-C,2,X1,0.18375,0.81625,0.860927152,0.06825000000000003,0.2205,0.004875000000000018
2,1,1,RF-C,2,X2,0.1825,0.8175,0.86042065,0.107125,0.21050000000000005,0.005125000000000002
2,1,1,XGBoost-C,2,W1,0.19625,0.77,0.821011673,0.05925000000000001,0.17750000000000002,0.003000000000000014
2,1,1,XGBoost-C,2,W2,0.19625,0.785,0.834932821,0.07850000000000004,0.19312500000000005,0.01425000000000003
2,1,1,XGBoost-C,2,X1,0.185,0.77375,0.823069404,0.05625000000000004,0.18150000000000005,-0.0023749999999999605
2,1,1,XGBoost-C,2,X2,0.185,0.79125,0.839577329,0.08975000000000001,0.17937499999999998,-0.0011249999999999982
2,1,1,MLP-C,2,W1,0.1975,0.8025,0.850094877,0.06187499999999999,0.210875,0.014374999999999994
2,1,1,MLP-C,2,W2,0.1875,0.8125,0.855212355,0.09187500000000001,0.21687499999999998,0.006500000000000006
2,1,1,MLP-C,2,X1,0.1825,0.8175,0.856299213,0.08900000000000001,0.21574999999999997,0.003000000000000014
2,1,1,MLP-C,2,X2,0.18,0.82,0.864150943,0.10812499999999996,0.21037499999999998,0.00449999999999996
2,1,1,LogReg,3,W1,0.19125,0.80875,0.853588517,0.060499999999999964,0.21574999999999994,0.0
2,1,1,LogReg,3,W2,0.1875,0.8125,0.855212355,0.083625,0.21762499999999996,0.0
2,1,1,LogReg,3,X1,0.16375,0.83625,0.872195122,0.09175000000000007,0.24075000000000008,0.0016250000000000652
2,1,1,LogReg,3,X2,0.175,0.825,0.864603482,0.10624999999999996,0.21149999999999994,0.0017499999999999738
2,1,1,SVC,3,W1,0.19,0.8075,0.852490421,0.06412499999999999,0.213375,0.001749999999999996
2,1,1,SVC,3,W2,0.1875,0.80125,0.84784689,0.07025,0.20450000000000004,-0.0019999999999999905
2,1,1,SVC,3,X1,0.16875,0.81875,0.859359845,0.07937499999999997,0.21925,-0.00687500000000002
2,1,1,SVC,3,X2,0.1775,0.82375,0.864292589,0.10537499999999997,0.207,0.0017499999999999738
2,1,1,RF-C,3,W1,0.19125,0.80875,0.851311953,0.061124999999999985,0.22174999999999995,0.0023749999999999605
2,1,1,RF-C,3,W2,0.19,0.81,0.849802372,0.07937500000000006,0.22850000000000006,0.003125000000000033
2,1,1,RF-C,3,X1,0.18125,0.81875,0.85826002,0.08024999999999999,0.22074999999999995,0.0014999999999999903
2,1,1,RF-C,3,X2,0.18375,0.81625,0.859060403,0.09337500000000004,0.206625,-0.0024999999999999467
2,1,1,XGBoost-C,3,W1,0.1925,0.75875,0.810226155,0.04425000000000003,0.18000000000000002,-0.02012499999999996
2,1,1,XGBoost-C,3,W2,0.1925,0.765,0.815324165,0.06612500000000002,0.179,-0.021874999999999967
2,1,1,XGBoost-C,3,X1,0.165,0.78875,0.834799609,0.07549999999999996,0.19787499999999997,-0.004625000000000068
2,1,1,XGBoost-C,3,X2,0.1775,0.7825,0.827037773,0.08899999999999997,0.17824999999999996,-0.016125000000000035
2,1,1,MLP-C,3,W1,0.19,0.81,0.851272016,0.06662500000000006,0.22300000000000003,0.00437500000000004
2,1,1,MLP-C,3,W2,0.1875,0.8125,0.855212355,0.083,0.21800000000000003,-0.0006249999999999867
2,1,1,MLP-C,3,X1,0.165,0.835,0.870588235,0.09024999999999997,0.24299999999999997,0.0
2,1,1,MLP-C,3,X2,0.17625,0.82375,0.861629048,0.10724999999999998,0.21437499999999998,0.00024999999999997247
2,1,1,LogReg,4,W1,0.2025,0.7975,0.843629344,0.05375,0.22499999999999995,0.0006249999999999867
2,1,1,LogReg,4,W2,0.19375,0.80625,0.855004677,0.06687500000000002,0.20675000000000004,0.005125000000000024
2,1,1,LogReg,4,X1,0.19875,0.80125,0.846968239,0.06175000000000004,0.22149999999999997,-0.0008749999999999814
2,1,1,LogReg,4,X2,0.18125,0.81875,0.864864865,0.09462499999999999,0.19674999999999998,0.00774999999999999
2,1,1,SVC,4,W1,0.20125,0.79375,0.843304843,0.05349999999999996,0.21799999999999997,0.0024999999999999467
2,1,1,SVC,4,W2,0.19,0.805,0.853383459,0.06925000000000006,0.20462500000000006,0.007750000000000046
2,1,1,SVC,4,X1,0.19875,0.79625,0.84490961,0.064,0.21150000000000002,-0.0022499999999999964
2,1,1,SVC,4,X2,0.18,0.81875,0.863593603,0.09674999999999997,0.194625,0.0047499999999999765
2,1,1,RF-C,4,W1,0.21,0.79,0.838771593,0.05112500000000003,0.21675000000000005,0.007000000000000029
2,1,1,RF-C,4,W2,0.195,0.805,0.850574713,0.07712500000000004,0.20950000000000008,0.010375000000000034
2,1,1,RF-C,4,X1,0.19875,0.80125,0.846376812,0.07100000000000001,0.21912500000000001,0.008125000000000016
2,1,1,RF-C,4,X2,0.18375,0.81625,0.858517806,0.09287500000000001,0.20875,0.007500000000000029
2,1,1,XGBoost-C,4,W1,0.20375,0.775,0.825581395,0.05587500000000003,0.203,0.01000000000000002
2,1,1,XGBoost-C,4,W2,0.19875,0.7675,0.818003914,0.060374999999999956,0.18799999999999997,0.005499999999999961
2,1,1,XGBoost-C,4,X1,0.195,0.7825,0.832046332,0.060249999999999984,0.21312499999999995,0.0013749999999999706
2,1,1,XGBoost-C,4,X2,0.18125,0.78,0.83044316,0.07487500000000001,0.17350000000000004,-0.005624999999999969
2,1,1,MLP-C,4,W1,0.2,0.8,0.84496124,0.05912500000000004,0.23000000000000004,0.004500000000000048
2,1,1,MLP-C,4,W2,0.1925,0.8075,0.853333333,0.06874999999999999,0.21325,0.008624999999999994
2,1,1,MLP-C,4,X1,0.1925,0.8075,0.849902534,0.07075,0.22975000000000004,0.005999999999999994
2,1,1,MLP-C,4,X2,0.17125,0.82875,0.865290069,0.10587499999999998,0.22812499999999997,0.005874999999999975
2,1,1,LogReg,5,W1,0.19,0.81,0.852713178,0.08500000000000003,0.22150000000000009,-0.0004999999999999894
2,1,1,LogReg,5,W2,0.18375,0.81625,0.855457227,0.09250000000000005,0.21175000000000002,0.0011250000000000426
2,1,1,LogReg,5,X1,0.18,0.82,0.862068966,0.10012499999999995,0.21799999999999992,0.0
2,1,1,LogReg,5,X2,0.16625,0.83375,0.871497585,0.11925,0.21962500000000001,0.005375000000000007
2,1,1,SVC,5,W1,0.1875,0.805,0.850287908,0.07925000000000006,0.21237500000000004,-0.002874999999999961
2,1,1,SVC,5,W2,0.18125,0.8175,0.857142857,0.0995,0.21437500000000004,0.002375000000000016
2,1,1,SVC,5,X1,0.18125,0.81375,0.854064643,0.09374999999999996,0.21824999999999997,-0.001625000000000021
2,1,1,SVC,5,X2,0.1675,0.82625,0.864654333,0.11187500000000003,0.21475,-0.0023749999999999605
2,1,1,RF-C,5,W1,0.19625,0.80375,0.846229187,0.07899999999999997,0.22224999999999998,0.0008749999999999702
2,1,1,RF-C,5,W2,0.18625,0.81375,0.852621167,0.08974999999999998,0.21587499999999998,0.013499999999999967
2,1,1,RF-C,5,X1,0.18375,0.81625,0.855172414,0.10000000000000005,0.22412500000000005,0.015000000000000036
2,1,1,RF-C,5,X2,0.16875,0.83125,0.866468843,0.12562500000000004,0.23062500000000002,0.018750000000000055
2,1,1,XGBoost-C,5,W1,0.19,0.77,0.820662768,0.06075000000000001,0.197625,0.0007500000000000174
2,1,1,XGBoost-C,5,W2,0.19,0.7625,0.808853119,0.060374999999999956,0.17724999999999994,0.0042499999999999535
2,1,1,XGBoost-C,5,X1,0.17875,0.79625,0.838453915,0.08887500000000001,0.20875000000000005,0.00787500000000001
2,1,1,XGBoost-C,5,X2,0.17375,0.7875,0.831683168,0.09175,0.19599999999999995,0.004874999999999974
2,1,1,MLP-C,5,W1,0.1875,0.8125,0.85380117,0.08825,0.2265,0.003499999999999981
2,1,1,MLP-C,5,W2,0.18375,0.81625,0.854886476,0.08587500000000003,0.22025,-0.0007499999999999729
2,1,1,MLP-C,5,X1,0.18,0.82,0.858823529,0.09637499999999996,0.22474999999999995,0.0029999999999999584
2,1,1,MLP-C,5,X2,0.17,0.83,0.8671875,0.11637499999999998,0.21749999999999997,0.0027499999999999634
2,1,1,LogReg,6,W1,0.215,0.785,0.838649156,0.04825000000000003,0.199,-0.00024999999999995024
2,1,1,LogReg,6,W2,0.18625,0.81375,0.856038647,0.07312499999999998,0.21412499999999995,0.0009999999999999788
2,1,1,LogReg,6,X1,0.21,0.79,0.84,0.06312500000000003,0.200625,0.0028750000000000385
2,1,1,LogReg,6,X2,0.16875,0.83125,0.870067372,0.09875000000000003,0.21225000000000005,-0.0003749999999999476
2,1,1,SVC,6,W1,0.21625,0.78375,0.836018957,0.04699999999999995,0.20874999999999994,0.0021249999999999438
2,1,1,SVC,6,W2,0.1875,0.81,0.85440613,0.06662500000000006,0.21075000000000005,-0.0003749999999999587
2,1,1,SVC,6,X1,0.21,0.78625,0.838221381,0.057625000000000016,0.19737500000000002,-0.004374999999999985
2,1,1,SVC,6,X2,0.17,0.8275,0.86756238,0.09400000000000001,0.203625,-0.0073749999999999875
2,1,1,RF-C,6,W1,0.22,0.78,0.832380952,0.05050000000000003,0.20700000000000002,0.0003750000000000142
2,1,1,RF-C,6,W2,0.18125,0.81875,0.859359845,0.08099999999999997,0.22312499999999996,0.010374999999999978
2,1,1,RF-C,6,X1,0.205,0.795,0.843809524,0.06662500000000005,0.21187500000000004,0.0047500000000000545
2,1,1,RF-C,6,X2,0.17125,0.82875,0.86763285,0.10212499999999998,0.215125,0.006749999999999978
2,1,1,XGBoost-C,6,W1,0.21,0.7475,0.807984791,0.030875000000000062,0.17150000000000004,-0.0011249999999999427
2,1,1,XGBoost-C,6,W2,0.18375,0.77375,0.824442289,0.04875000000000006,0.18587500000000004,-0.00437499999999994
2,1,1,XGBoost-C,6,X1,0.20375,0.77625,0.828708134,0.05862499999999998,0.18287499999999998,-0.0007499999999999951
2,1,1,XGBoost-C,6,X2,0.1625,0.805,0.847953216,0.08100000000000004,0.19450000000000006,-0.001874999999999949
2,1,1,MLP-C,6,W1,0.2125,0.7875,0.84082397,0.05099999999999999,0.20012499999999997,0.0008750000000000036
2,1,1,MLP-C,6,W2,0.18125,0.81875,0.85798237,0.08274999999999996,0.223875,0.005374999999999986
2,1,1,MLP-C,6,X1,0.2025,0.7975,0.84086444,0.07462499999999997,0.21825,0.0052499999999999995
2,1,1,MLP-C,6,X2,0.165,0.835,0.87283237,0.10112499999999995,0.21412499999999995,0.0006249999999999534
2,1,1,LogReg,7,W1,0.20375,0.79625,0.843419789,0.06437500000000003,0.20250000000000004,0.0017500000000000072
2,1,1,LogReg,7,W2,0.2425,0.7575,0.815939279,0.048874999999999946,0.17199999999999993,0.0003749999999999809
2,1,1,LogReg,7,X1,0.195,0.805,0.850574713,0.07662500000000005,0.19937500000000002,0.0007500000000000617
2,1,1,LogReg,7,X2,0.19875,0.80125,0.84784689,0.10075,0.19650000000000004,-0.00012499999999998623
2,1,1,SVC,7,W1,0.195,0.805,0.853383459,0.07562500000000005,0.20700000000000002,0.009000000000000064
2,1,1,SVC,7,W2,0.23875,0.76,0.821561338,0.04987499999999999,0.16612500000000002,0.005750000000000022
2,1,1,SVC,7,X1,0.1925,0.805,0.85199241,0.07550000000000004,0.19925000000000007,-0.000499999999999956
2,1,1,SVC,7,X2,0.2025,0.79375,0.844486334,0.09224999999999997,0.18624999999999994,-0.002125000000000055
2,1,1,RF-C,7,W1,0.19,0.81,0.854684512,0.07087500000000005,0.21987500000000004,0.011250000000000038
2,1,1,RF-C,7,W2,0.23625,0.76375,0.820171265,0.06462500000000002,0.17462500000000003,0.007125000000000037
2,1,1,RF-C,7,X1,0.18125,0.81875,0.860977948,0.08949999999999998,0.21774999999999994,0.006499999999999973
2,1,1,RF-C,7,X2,0.19875,0.80125,0.8492891,0.09950000000000002,0.19624999999999998,0.006500000000000039
2,1,1,XGBoost-C,7,W1,0.1825,0.7825,0.83172147,0.06237499999999997,0.19887499999999997,0.00449999999999996
2,1,1,XGBoost-C,7,W2,0.2325,0.72625,0.78962536,0.04812499999999995,0.15799999999999997,-0.014750000000000051
2,1,1,XGBoost-C,7,X1,0.18625,0.78625,0.83446273,0.068875,0.19449999999999998,-0.0018750000000000045
2,1,1,XGBoost-C,7,X2,0.20375,0.755,0.80859375,0.07537500000000001,0.161125,-0.010999999999999987
2,1,1,MLP-C,7,W1,0.19875,0.80125,0.84548105,0.06975000000000002,0.21150000000000002,0.0007499999999999951
2,1,1,MLP-C,7,W2,0.2325,0.7675,0.819767442,0.058374999999999955,0.18337499999999998,0.007874999999999965
2,1,1,MLP-C,7,X1,0.19,0.81,0.852713178,0.08262500000000005,0.20687500000000006,0.004125000000000045
2,1,1,MLP-C,7,X2,0.2025,0.7975,0.842412451,0.100625,0.19587499999999997,0.000374999999999992
2,1,1,LogReg,8,W1,0.1875,0.8125,0.856596558,0.082875,0.219,0.0022499999999999742
2,1,1,LogReg,8,W2,0.2025,0.7975,0.847744361,0.05924999999999997,0.20475,0.0040000000000000036
2,1,1,LogReg,8,X1,0.1775,0.8225,0.863723608,0.09600000000000002,0.21300000000000002,0.0015000000000000124
2,1,1,LogReg,8,X2,0.18375,0.81625,0.862745098,0.09350000000000004,0.19575000000000004,0.0022500000000000298
2,1,1,SVC,8,W1,0.18875,0.80375,0.850618459,0.07024999999999998,0.21062499999999998,-0.0021250000000000322
2,1,1,SVC,8,W2,0.20625,0.79125,0.84230406,0.05500000000000003,0.19837500000000002,0.00012500000000000843
2,1,1,SVC,8,X1,0.17875,0.81375,0.858767773,0.08762499999999998,0.20224999999999996,-0.006250000000000022
2,1,1,SVC,8,X2,0.18375,0.815,0.859582543,0.09337499999999996,0.19849999999999995,0.007499999999999918
2,1,1,RF-C,8,W1,0.19,0.81,0.853281853,0.07837500000000006,0.22475000000000006,0.01650000000000005
2,1,1,RF-C,8,W2,0.21125,0.78875,0.838894185,0.05824999999999995,0.19937499999999994,0.009499999999999953
2,1,1,RF-C,8,X1,0.17875,0.82125,0.862895494,0.09237500000000003,0.21850000000000006,0.008625000000000039
2,1,1,RF-C,8,X2,0.19125,0.80875,0.854976303,0.08099999999999999,0.19699999999999998,0.0007499999999999619
2,1,1,XGBoost-C,8,W1,0.1925,0.79625,0.842815815,0.079125,0.21300000000000002,0.008500000000000008
2,1,1,XGBoost-C,8,W2,0.21,0.75,0.80806142,0.04562499999999999,0.16487499999999997,-0.0036249999999999893
2,1,1,XGBoost-C,8,X1,0.17875,0.80125,0.84607938,0.082875,0.203375,0.009625000000000017
2,1,1,XGBoost-C,8,X2,0.1875,0.765,0.817475728,0.06587500000000003,0.157875,-0.01337499999999998
2,1,1,MLP-C,8,W1,0.1875,0.8125,0.856321839,0.083375,0.218875,0.002749999999999986
2,1,1,MLP-C,8,W2,0.2025,0.7975,0.847744361,0.05887499999999999,0.20425,0.0036250000000000006
2,1,1,MLP-C,8,X1,0.1725,0.8275,0.86627907,0.104125,0.22174999999999997,0.0022500000000000076
2,1,1,MLP-C,8,X2,0.185,0.815,0.863468635,0.08624999999999995,0.19374999999999992,0.008624999999999938
2,1,1,LogReg,9,W1,0.19,0.81,0.857677903,0.06300000000000006,0.21662500000000007,0.001250000000000051
2,1,1,LogReg,9,W2,0.205,0.795,0.848148148,0.054500000000000035,0.20300000000000007,0.0015000000000000347
2,1,1,LogReg,9,X1,0.18,0.82,0.863117871,0.07774999999999996,0.21949999999999995,-0.00012500000000005286
2,1,1,LogReg,9,X2,0.1725,0.8275,0.871985158,0.0995,0.21362500000000004,0.005499999999999994
2,1,1,SVC,9,W1,0.1875,0.80625,0.856348471,0.06175000000000001,0.20775000000000002,-0.005749999999999966
2,1,1,SVC,9,W2,0.21,0.79125,0.84289746,0.05337499999999999,0.20400000000000001,-0.0002499999999999836
2,1,1,SVC,9,X1,0.17875,0.81125,0.859010271,0.07087500000000004,0.211125,-0.006374999999999975
2,1,1,SVC,9,X2,0.1775,0.8225,0.868518519,0.0915,0.20475000000000004,-0.0019999999999999797
2,1,1,RF-C,9,W1,0.1975,0.8025,0.853432282,0.05087499999999999,0.211125,-0.004125000000000012
2,1,1,RF-C,9,W2,0.2075,0.7925,0.844277674,0.048999999999999974,0.21174999999999997,-0.0036250000000000006
2,1,1,RF-C,9,X1,0.175,0.825,0.869158879,0.08524999999999996,0.2298749999999999,0.006374999999999975
2,1,1,RF-C,9,X2,0.175,0.825,0.866666667,0.09062499999999996,0.22149999999999995,0.006749999999999967
2,1,1,XGBoost-C,9,W1,0.19375,0.78625,0.840037418,0.05575000000000001,0.20012499999999997,0.0026250000000000106
2,1,1,XGBoost-C,9,W2,0.19625,0.7675,0.824858757,0.055374999999999966,0.18687499999999996,-4.4408920985006264e-17
2,1,1,XGBoost-C,9,X1,0.17125,0.81625,0.862745098,0.09975000000000003,0.21800000000000005,0.018250000000000044
2,1,1,XGBoost-C,9,X2,0.1725,0.79625,0.844019139,0.08962500000000001,0.19062500000000004,0.0033750000000000056
2,1,1,MLP-C,9,W1,0.18875,0.81125,0.856872038,0.06862500000000003,0.22125000000000003,0.0006249999999999977
2,1,1,MLP-C,9,W2,0.21,0.79,0.842105263,0.05225000000000004,0.203,0.002000000000000046
2,1,1,MLP-C,9,X1,0.175,0.825,0.866412214,0.08437499999999995,0.22624999999999998,0.0024999999999999467
2,1,1,MLP-C,9,X2,0.17125,0.82875,0.875567666,0.10074999999999998,0.20437499999999997,0.0036249999999999893
2,1,1,LogReg,10,W1,0.17875,0.82125,0.863419293,0.06037500000000005,0.23187500000000005,0.0046250000000000345
2,1,1,LogReg,10,W2,0.22625,0.77375,0.829406221,0.04812500000000005,0.185625,0.0027500000000000415
2,1,1,LogReg,10,X1,0.1725,0.8275,0.869811321,0.07400000000000001,0.22237500000000004,0.003750000000000009
2,1,1,LogReg,10,X2,0.1975,0.8025,0.853159851,0.08612499999999998,0.19749999999999998,0.0061249999999999916
2,1,1,SVC,10,W1,0.18125,0.81375,0.858230257,0.05499999999999997,0.22549999999999995,-0.004000000000000015
2,1,1,SVC,10,W2,0.22125,0.775,0.832089552,0.04625000000000003,0.185125,0.004000000000000015
2,1,1,SVC,10,X1,0.175,0.8225,0.864503817,0.06562500000000002,0.224125,0.0011250000000000092
2,1,1,SVC,10,X2,0.2,0.79,0.843575419,0.07425000000000002,0.18650000000000005,-0.003874999999999962
2,1,1,RF-C,10,W1,0.185,0.815,0.858237548,0.05512499999999996,0.22799999999999992,0.00487499999999994
2,1,1,RF-C,10,W2,0.22,0.78,0.835514019,0.04912500000000003,0.19287500000000005,0.0022500000000000298
2,1,1,RF-C,10,X1,0.175,0.825,0.866156788,0.06349999999999996,0.22849999999999998,0.003999999999999959
2,1,1,RF-C,10,X2,0.205,0.795,0.844990548,0.07850000000000004,0.19600000000000004,0.01012500000000004
2,1,1,XGBoost-C,10,W1,0.17875,0.78875,0.839506173,0.05687499999999995,0.20337499999999994,-0.00037500000000003644
2,1,1,XGBoost-C,10,W2,0.2225,0.73625,0.796920115,0.033874999999999954,0.15399999999999997,-0.011500000000000043
2,1,1,XGBoost-C,10,X1,0.17375,0.79125,0.840496657,0.060750000000000026,0.200875,-0.009124999999999994
2,1,1,XGBoost-C,10,X2,0.2075,0.75875,0.816015253,0.06200000000000004,0.16987500000000003,-0.001874999999999938
2,1,1,MLP-C,10,W1,0.18125,0.81875,0.860442733,0.06424999999999997,0.23525000000000001,0.004874999999999985
2,1,1,MLP-C,10,W2,0.225,0.775,0.827255278,0.051875000000000025,0.19062500000000004,0.006500000000000017
2,1,1,MLP-C,10,X1,0.1725,0.8275,0.86756238,0.07112500000000002,0.23212500000000005,0.005500000000000005
2,1,1,MLP-C,10,X2,0.20125,0.79875,0.848256362,0.08424999999999994,0.19787499999999994,0.003624999999999956
2,1,2,LogReg,1,W1,0.18875,0.81125,0.850937808,0.15675,0.16212500000000002,0.00062500000000002
2,1,2,LogReg,1,W2,0.2075,0.7925,0.83976834,0.1295,0.16124999999999998,0.0031249999999999776
2,1,2,LogReg,1,X1,0.165,0.835,0.867735471,0.19399999999999998,0.16799999999999995,0.0
2,1,2,LogReg,1,X2,0.14375,0.85625,0.887365328,0.21224999999999997,0.16537499999999994,0.000749999999999984
2,1,2,SVC,1,W1,0.18875,0.8,0.841269841,0.14700000000000002,0.15262500000000004,-0.007374999999999954
2,1,2,SVC,1,W2,0.20625,0.7925,0.841603053,0.127125,0.16112499999999996,0.0043750000000000065
2,1,2,SVC,1,X1,0.16375,0.83125,0.867517174,0.18700000000000006,0.16387500000000005,0.004750000000000032
2,1,2,SVC,1,X2,0.14375,0.855,0.88671875,0.211,0.166,-0.0022500000000000076
2,1,2,RF-C,1,W1,0.19125,0.80875,0.845298281,0.15762499999999996,0.159875,0.00824999999999997
2,1,2,RF-C,1,W2,0.2175,0.7825,0.831395349,0.11874999999999995,0.15599999999999997,0.007499999999999951
2,1,2,RF-C,1,X1,0.16625,0.83375,0.867661692,0.1895,0.167375,0.013874999999999993
2,1,2,RF-C,1,X2,0.15375,0.84625,0.877367896,0.20874999999999994,0.164375,0.008249999999999957
2,1,2,XGBoost-C,1,W1,0.185,0.78625,0.826042726,0.140125,0.14500000000000002,0.008875
2,1,2,XGBoost-C,1,W2,0.215,0.74625,0.800393314,0.09874999999999998,0.13024999999999992,-0.004875000000000041
2,1,2,XGBoost-C,1,X1,0.16125,0.81875,0.855144855,0.17587499999999995,0.15924999999999997,0.013124999999999987
2,1,2,XGBoost-C,1,X2,0.14625,0.83375,0.866331658,0.20049999999999998,0.153,0.0037499999999999977
2,1,2,MLP-C,1,W1,0.18625,0.81375,0.852912142,0.16249999999999995,0.162375,0.003624999999999956
2,1,2,MLP-C,1,W2,0.20625,0.79375,0.84057971,0.12837499999999996,0.16274999999999995,0.0033749999999999614
2,1,2,MLP-C,1,X1,0.16,0.84,0.869918699,0.20124999999999998,0.17449999999999996,0.00012499999999999735
2,1,2,MLP-C,1,X2,0.14375,0.85625,0.884653962,0.21574999999999994,0.16824999999999996,0.0006249999999999645
2,1,2,LogReg,2,W1,0.19375,0.80625,0.84729064,0.13962500000000003,0.17525000000000004,0.0038750000000000173
2,1,2,LogReg,2,W2,0.19125,0.80875,0.851600388,0.15362499999999998,0.157375,0.00337499999999995
2,1,2,LogReg,2,X1,0.1775,0.8225,0.859405941,0.16450000000000004,0.16525,0.003125
2,1,2,LogReg,2,X2,0.15375,0.84625,0.878817734,0.20299999999999993,0.14412499999999992,0.0014999999999999569
2,1,2,SVC,2,W1,0.19375,0.8025,0.846303502,0.13112500000000002,0.17375,0.006500000000000006
2,1,2,SVC,2,W2,0.1925,0.8025,0.850661626,0.1455,0.143875,0.002875000000000005
2,1,2,SVC,2,X1,0.17875,0.81625,0.854599407,0.157375,0.16187500000000005,-0.0047499999999999765
2,1,2,SVC,2,X2,0.15625,0.8425,0.877192982,0.19862500000000005,0.13712500000000002,0.001625000000000021
2,1,2,RF-C,2,W1,0.19,0.81,0.850980392,0.13950000000000004,0.18225000000000008,0.0038750000000000286
2,1,2,RF-C,2,W2,0.205,0.795,0.845574388,0.142375,0.13700000000000007,0.0037500000000000424
2,1,2,RF-C,2,X1,0.1725,0.8275,0.863636364,0.16375,0.18262499999999998,0.006750000000000034
2,1,2,RF-C,2,X2,0.16375,0.83625,0.872195122,0.19437500000000005,0.13262500000000005,0.0038750000000000394
2,1,2,XGBoost-C,2,W1,0.19,0.78625,0.828485456,0.119,0.16262500000000002,0.0025000000000000022
2,1,2,XGBoost-C,2,W2,0.20125,0.77375,0.822722821,0.13612500000000005,0.13350000000000006,-0.0011249999999999537
2,1,2,XGBoost-C,2,X1,0.17125,0.8025,0.843564356,0.14550000000000002,0.16287499999999996,-0.008124999999999993
2,1,2,XGBoost-C,2,X2,0.16125,0.81625,0.854021847,0.180375,0.12087500000000002,-0.0031249999999999668
2,1,2,MLP-C,2,W1,0.19625,0.80375,0.844400396,0.13662499999999994,0.1745,-5.551115123125783e-17
2,1,2,MLP-C,2,W2,0.18625,0.81375,0.85203575,0.16299999999999998,0.16212499999999996,-0.0046250000000000345
2,1,2,MLP-C,2,X1,0.17375,0.82625,0.867996201,0.16137500000000005,0.16675000000000004,0.004500000000000048
2,1,2,MLP-C,2,X2,0.155,0.845,0.877712032,0.201625,0.14287499999999997,0.0008749999999999924
2,1,2,LogReg,3,W1,0.1925,0.8075,0.846,0.163625,0.162125,0.0008750000000000147
2,1,2,LogReg,3,W2,0.1975,0.8025,0.840725806,0.14175,0.172625,0.0011249999999999982
2,1,2,LogReg,3,X1,0.17625,0.82375,0.857142857,0.190125,0.153125,-0.0008750000000000036
2,1,2,LogReg,3,X2,0.13875,0.86125,0.887309645,0.22374999999999995,0.18599999999999994,0.004624999999999957
2,1,2,SVC,3,W1,0.19,0.8075,0.846918489,0.166125,0.15950000000000003,-0.0016250000000000097
2,1,2,SVC,3,W2,0.19125,0.80375,0.843469591,0.13699999999999996,0.17662499999999998,0.004374999999999962
2,1,2,SVC,3,X1,0.17625,0.8225,0.855691057,0.19162500000000002,0.149125,-0.004999999999999982
2,1,2,SVC,3,X2,0.14125,0.86,0.886639676,0.219,0.187,0.010499999999999987
2,1,2,RF-C,3,W1,0.19125,0.80875,0.845298281,0.169875,0.16362499999999996,-0.0035000000000000252
2,1,2,RF-C,3,W2,0.19375,0.80625,0.844533601,0.14662500000000003,0.17962500000000003,0.006875000000000009
2,1,2,RF-C,3,X1,0.17,0.83,0.860655738,0.19912499999999994,0.16624999999999995,0.01287499999999998
2,1,2,RF-C,3,X2,0.14625,0.85375,0.87975334,0.215,0.18387500000000004,0.006125000000000003
2,1,2,XGBoost-C,3,W1,0.18625,0.77,0.80952381,0.141125,0.140375,-0.012124999999999986
2,1,2,XGBoost-C,3,W2,0.19,0.765,0.810865191,0.1145,0.146625,0.0005000000000000004
2,1,2,XGBoost-C,3,X1,0.17875,0.81875,0.850361197,0.19612499999999997,0.16112499999999996,0.017124999999999956
2,1,2,XGBoost-C,3,X2,0.14375,0.83375,0.864147089,0.19324999999999998,0.1685,0.004500000000000004
2,1,2,MLP-C,3,W1,0.18125,0.81875,0.851282051,0.17699999999999996,0.17687499999999998,0.006249999999999989
2,1,2,MLP-C,3,W2,0.185,0.815,0.84742268,0.15774999999999997,0.18574999999999994,0.001124999999999965
2,1,2,MLP-C,3,X1,0.16875,0.83125,0.860681115,0.205375,0.15837500000000004,0.011625000000000062
2,1,2,MLP-C,3,X2,0.13875,0.86125,0.887309645,0.22387499999999996,0.18587499999999996,0.004874999999999951
2,1,2,LogReg,4,W1,0.185,0.815,0.852,0.16087499999999993,0.16374999999999998,0.002249999999999952
2,1,2,LogReg,4,W2,0.1925,0.8075,0.846307385,0.15887500000000002,0.15162499999999998,0.004874999999999996
2,1,2,LogReg,4,X1,0.155,0.845,0.877712032,0.201625,0.16499999999999995,0.0011249999999999871
2,1,2,LogReg,4,X2,0.1375,0.8625,0.890656064,0.22787500000000005,0.16825000000000004,0.0008750000000000369
2,1,2,SVC,4,W1,0.18375,0.80375,0.84592738,0.15175,0.15062499999999995,-0.0025000000000000465
2,1,2,SVC,4,W2,0.19375,0.7975,0.840236686,0.14699999999999996,0.14537499999999998,-0.004125000000000012
2,1,2,SVC,4,X1,0.155,0.83875,0.873900293,0.195625,0.15437499999999998,-0.002000000000000013
2,1,2,SVC,4,X2,0.1425,0.8575,0.885771543,0.22500000000000003,0.16200000000000006,-0.0007499999999999619
2,1,2,RF-C,4,W1,0.19625,0.80375,0.84470821,0.15312499999999996,0.14574999999999996,0.0043749999999999735
2,1,2,RF-C,4,W2,0.1875,0.8125,0.851485149,0.15262499999999998,0.16774999999999998,0.0012500000000000067
2,1,2,RF-C,4,X1,0.15875,0.84125,0.875612145,0.19750000000000006,0.15800000000000006,0.0025000000000000356
2,1,2,RF-C,4,X2,0.14125,0.85875,0.885973764,0.23762500000000003,0.15587500000000004,0.0003750000000000031
2,1,2,XGBoost-C,4,W1,0.1925,0.78375,0.828543112,0.13412499999999994,0.13699999999999993,-0.0003750000000000475
2,1,2,XGBoost-C,4,W2,0.19,0.77125,0.816080402,0.142,0.138875,-0.005375000000000007
2,1,2,XGBoost-C,4,X1,0.15,0.82625,0.861691542,0.18712500000000004,0.15950000000000003,0.0002500000000000391
2,1,2,XGBoost-C,4,X2,0.135,0.82,0.851239669,0.20299999999999999,0.13562499999999997,-0.011500000000000055
2,1,2,MLP-C,4,W1,0.1825,0.8175,0.854,0.16375,0.16475,0.0061249999999999916
2,1,2,MLP-C,4,W2,0.1925,0.8075,0.845691383,0.161625,0.15175,0.004999999999999982
2,1,2,MLP-C,4,X1,0.155,0.845,0.877712032,0.20187499999999997,0.16512499999999994,0.0019999999999999684
2,1,2,MLP-C,4,X2,0.14125,0.85875,0.886203424,0.22700000000000004,0.166125,0.0031250000000000223
2,1,2,LogReg,5,W1,0.1675,0.8325,0.868110236,0.18137499999999998,0.15075000000000002,0.001375000000000015
2,1,2,LogReg,5,W2,0.19625,0.80375,0.842842843,0.15637499999999993,0.13712499999999997,0.00337499999999995
2,1,2,LogReg,5,X1,0.1375,0.8625,0.89,0.22312500000000002,0.16275000000000003,0.002250000000000063
2,1,2,LogReg,5,X2,0.13875,0.86125,0.889552239,0.23112499999999997,0.144625,0.0028749999999999496
2,1,2,SVC,5,W1,0.16625,0.8325,0.870656371,0.181375,0.14625,0.006500000000000017
2,1,2,SVC,5,W2,0.19625,0.79375,0.838393732,0.14562499999999998,0.12824999999999992,-0.003375000000000039
2,1,2,SVC,5,X1,0.13875,0.865,0.892644135,0.22625,0.16474999999999998,0.004249999999999987
2,1,2,SVC,5,X2,0.145,0.85,0.879275654,0.221,0.13199999999999998,-0.008250000000000035
2,1,2,RF-C,5,W1,0.16375,0.83625,0.870681145,0.19087500000000004,0.15562500000000004,0.018625000000000058
2,1,2,RF-C,5,W2,0.1975,0.8025,0.84418146,0.14875,0.14562499999999998,0.0011249999999999871
2,1,2,RF-C,5,X1,0.145,0.855,0.883534137,0.220375,0.15437499999999998,0.0018749999999999821
2,1,2,RF-C,5,X2,0.15,0.85,0.87854251,0.21899999999999994,0.14075,-0.0005000000000000115
2,1,2,XGBoost-C,5,W1,0.165,0.8075,0.848126233,0.16825,0.138625,0.0046250000000000015
2,1,2,XGBoost-C,5,W2,0.21125,0.76375,0.810810811,0.13012500000000005,0.11100000000000007,-0.0032499999999999417
2,1,2,XGBoost-C,5,X1,0.14125,0.84,0.870445344,0.20612499999999997,0.14562499999999995,0.003999999999999981
2,1,2,XGBoost-C,5,X2,0.1425,0.8325,0.864646465,0.20400000000000001,0.13387500000000002,-0.004749999999999988
2,1,2,MLP-C,5,W1,0.165,0.835,0.864197531,0.195375,0.15762499999999996,0.0019999999999999684
2,1,2,MLP-C,5,W2,0.1975,0.8025,0.842315369,0.14737499999999998,0.14687500000000003,0.00575
2,1,2,MLP-C,5,X1,0.13125,0.86875,0.892307692,0.24475000000000002,0.16350000000000003,0.0015000000000000124
2,1,2,MLP-C,5,X2,0.14,0.86,0.885480573,0.23825,0.14425,0.001124999999999965
2,1,2,LogReg,6,W1,0.185,0.815,0.85518591,0.16949999999999993,0.15424999999999994,0.0009999999999999788
2,1,2,LogReg,6,W2,0.19,0.81,0.84950495,0.14287500000000003,0.18500000000000005,0.0011250000000000537
2,1,2,LogReg,6,X1,0.17625,0.82375,0.861356932,0.183375,0.1505,0.0006249999999999867
2,1,2,LogReg,6,X2,0.15125,0.84875,0.880552813,0.196625,0.17225000000000001,-0.0004999999999999782
2,1,2,SVC,6,W1,0.1875,0.81,0.851272016,0.16812500000000002,0.14775000000000008,0.004500000000000037
2,1,2,SVC,6,W2,0.19125,0.80625,0.849951597,0.13362500000000005,0.18087500000000004,0.002875000000000005
2,1,2,SVC,6,X1,0.17625,0.8175,0.858527132,0.17737499999999998,0.14275,0.00012500000000000843
2,1,2,SVC,6,X2,0.14875,0.845,0.876739563,0.19499999999999995,0.17037499999999997,-4.4408920985006264e-17
2,1,2,RF-C,6,W1,0.1925,0.8075,0.847826087,0.162375,0.14737499999999998,0.012999999999999979
2,1,2,RF-C,6,W2,0.19125,0.80875,0.850439883,0.136625,0.18624999999999997,0.003874999999999962
2,1,2,RF-C,6,X1,0.17125,0.82875,0.86686103,0.187875,0.15950000000000003,0.01449999999999999
2,1,2,RF-C,6,X2,0.14625,0.85375,0.885630499,0.19637500000000002,0.181,0.0032500000000000085
2,1,2,XGBoost-C,6,W1,0.18375,0.78,0.824701195,0.14575000000000005,0.12762500000000004,0.00425000000000002
2,1,2,XGBoost-C,6,W2,0.18375,0.78875,0.831168831,0.13737499999999994,0.16774999999999995,0.0008749999999999369
2,1,2,XGBoost-C,6,X1,0.1775,0.7925,0.836614173,0.16174999999999998,0.12587500000000001,-0.00212500000000001
2,1,2,XGBoost-C,6,X2,0.15125,0.82875,0.861476239,0.181,0.162375,0.0011249999999999982
2,1,2,MLP-C,6,W1,0.185,0.815,0.853754941,0.17137499999999997,0.15587499999999993,-3.3306690738754695e-17
2,1,2,MLP-C,6,W2,0.18875,0.81125,0.848545637,0.14725000000000005,0.18725000000000003,0.0022500000000000185
2,1,2,MLP-C,6,X1,0.17375,0.82625,0.86278381,0.18800000000000003,0.15312500000000004,0.007375000000000043
2,1,2,MLP-C,6,X2,0.14625,0.85375,0.885181551,0.199,0.17900000000000005,0.0011250000000000205
2,1,2,LogReg,7,W1,0.17,0.83,0.863179074,0.18437499999999998,0.17574999999999993,0.0
2,1,2,LogReg,7,W2,0.2025,0.7975,0.838323353,0.171875,0.14275,0.0008749999999999814
2,1,2,LogReg,7,X1,0.1475,0.8525,0.880324544,0.21312500000000006,0.18250000000000005,0.0011250000000000648
2,1,2,LogReg,7,X2,0.14625,0.85375,0.879505664,0.248625,0.15587499999999999,0.0
2,1,2,SVC,7,W1,0.16875,0.82375,0.861083744,0.18074999999999997,0.16125,-0.007250000000000012
2,1,2,SVC,7,W2,0.2,0.7975,0.839285714,0.17062499999999997,0.14187500000000003,0.005749999999999989
2,1,2,SVC,7,X1,0.15,0.8525,0.881526104,0.21362500000000004,0.17925000000000002,0.002625000000000044
2,1,2,SVC,7,X2,0.14625,0.855,0.880903491,0.24625,0.15162499999999998,0.004249999999999987
2,1,2,RF-C,7,W1,0.16375,0.83625,0.868868869,0.19725,0.17112500000000003,0.001875000000000049
2,1,2,RF-C,7,W2,0.2025,0.7975,0.842105263,0.17325,0.137125,0.0019999999999999797
2,1,2,RF-C,7,X1,0.15625,0.84375,0.875124875,0.207125,0.16425,0.004874999999999996
2,1,2,RF-C,7,X2,0.15125,0.84875,0.875642343,0.24125000000000002,0.15362499999999998,0.006750000000000011
2,1,2,XGBoost-C,7,W1,0.15375,0.81125,0.849751244,0.18175,0.15462500000000007,0.0038750000000000173
2,1,2,XGBoost-C,7,W2,0.205,0.76125,0.806484296,0.14737499999999995,0.11187499999999997,0.004249999999999976
2,1,2,XGBoost-C,7,X1,0.1525,0.825,0.858585859,0.18437499999999996,0.15962499999999996,0.009999999999999976
2,1,2,XGBoost-C,7,X2,0.15125,0.80625,0.840370752,0.20450000000000004,0.11387500000000002,-0.00562499999999998
2,1,2,MLP-C,7,W1,0.1625,0.8375,0.868154158,0.192875,0.182875,0.003000000000000014
2,1,2,MLP-C,7,W2,0.2,0.8,0.844660194,0.1730000000000001,0.14500000000000002,0.0033750000000000503
2,1,2,MLP-C,7,X1,0.1475,0.8525,0.880566802,0.21325000000000002,0.18275000000000005,0.0003750000000000475
2,1,2,MLP-C,7,X2,0.1425,0.8575,0.881002088,0.258875,0.15637500000000001,0.005000000000000049
2,1,2,LogReg,8,W1,0.18875,0.81125,0.848241206,0.150625,0.15625000000000006,0.0
2,1,2,LogReg,8,W2,0.21625,0.78375,0.830225711,0.14212499999999997,0.14612499999999992,0.002374999999999949
2,1,2,LogReg,8,X1,0.1475,0.8525,0.883399209,0.19375000000000003,0.17425000000000007,0.001500000000000079
2,1,2,LogReg,8,X2,0.16375,0.83625,0.871694417,0.20562500000000003,0.13862500000000005,0.003000000000000058
2,1,2,SVC,8,W1,0.18875,0.81,0.849802372,0.14550000000000005,0.15362500000000007,0.00287500000000005
2,1,2,SVC,8,W2,0.21625,0.78125,0.829268293,0.138125,0.14075000000000001,0.006499999999999983
2,1,2,SVC,8,X1,0.15125,0.84625,0.877367896,0.18849999999999995,0.17187499999999994,0.0006249999999999534
2,1,2,SVC,8,X2,0.16375,0.8325,0.869140625,0.20112500000000005,0.135,0.0028750000000000277
2,1,2,RF-C,8,W1,0.185,0.815,0.853754941,0.14737499999999995,0.16349999999999992,0.0013749999999999596
2,1,2,RF-C,8,W2,0.21375,0.78625,0.831527094,0.14937499999999998,0.15025,0.013500000000000002
2,1,2,RF-C,8,X1,0.15125,0.84875,0.880552813,0.19224999999999998,0.17099999999999999,0.00575
2,1,2,RF-C,8,X2,0.1625,0.8375,0.872047244,0.21387500000000004,0.14237500000000003,0.011375000000000014
2,1,2,XGBoost-C,8,W1,0.17125,0.79,0.828571429,0.13525000000000004,0.1405,-0.014249999999999962
2,1,2,XGBoost-C,8,W2,0.21,0.74375,0.796425025,0.11575000000000002,0.11550000000000002,-0.004749999999999988
2,1,2,XGBoost-C,8,X1,0.14875,0.81625,0.850457782,0.16987500000000005,0.151375,-0.006749999999999945
2,1,2,XGBoost-C,8,X2,0.16375,0.82,0.855711423,0.20174999999999993,0.13062499999999994,0.007374999999999954
2,1,2,MLP-C,8,W1,0.18375,0.81625,0.854599407,0.15200000000000005,0.16112500000000005,0.008125000000000004
2,1,2,MLP-C,8,W2,0.21375,0.78625,0.830188679,0.151875,0.14200000000000002,0.0003750000000000031
2,1,2,MLP-C,8,X1,0.15375,0.84625,0.875631951,0.19049999999999995,0.17037499999999994,0.0011249999999999537
2,1,2,MLP-C,8,X2,0.16625,0.83375,0.869479882,0.20675,0.13687499999999994,0.0016249999999999876
2,1,2,LogReg,9,W1,0.17875,0.8225,0.859960552,0.16175,0.158,0.0011250000000000092
2,1,2,LogReg,9,W2,0.20875,0.79125,0.825496343,0.16,0.14762499999999998,0.0006250000000000089
2,1,2,LogReg,9,X1,0.1375,0.86375,0.892185955,0.20987500000000003,0.16975,0.0028750000000000164
2,1,2,LogReg,9,X2,0.135,0.865,0.888659794,0.24375,0.16424999999999995,0.0004999999999999894
2,1,2,SVC,9,W1,0.18125,0.8125,0.851190476,0.14350000000000002,0.15712499999999996,-0.0036250000000000006
2,1,2,SVC,9,W2,0.20875,0.79,0.826086957,0.155125,0.14375000000000004,-0.0009999999999999675
2,1,2,SVC,9,X1,0.145,0.8525,0.880808081,0.200875,0.16050000000000003,-0.006374999999999987
2,1,2,SVC,9,X2,0.14375,0.855,0.877378436,0.2365,0.15387499999999998,-0.0008750000000000036
2,1,2,RF-C,9,W1,0.1875,0.8125,0.84939759,0.15075,0.16949999999999998,0.0
2,1,2,RF-C,9,W2,0.2025,0.7975,0.830188679,0.16875,0.15162499999999998,0.010749999999999992
2,1,2,RF-C,9,X1,0.14375,0.85625,0.88301119,0.21224999999999997,0.16312499999999994,0.002249999999999952
2,1,2,RF-C,9,X2,0.14375,0.85625,0.877267876,0.24724999999999997,0.15549999999999994,0.005374999999999963
2,1,2,XGBoost-C,9,W1,0.18125,0.79625,0.835850957,0.14700000000000002,0.15600000000000003,-0.001374999999999993
2,1,2,XGBoost-C,9,W2,0.2,0.77,0.806722689,0.15099999999999997,0.13512500000000002,0.011125000000000019
2,1,2,XGBoost-C,9,X1,0.1325,0.83875,0.868769074,0.19987500000000002,0.15425,-0.008375000000000021
2,1,2,XGBoost-C,9,X2,0.145,0.8375,0.861995754,0.23025,0.14400000000000004,0.0038750000000000394
2,1,2,MLP-C,9,W1,0.1725,0.8275,0.860323887,0.16687500000000002,0.16725000000000004,0.002375000000000016
2,1,2,MLP-C,9,W2,0.20875,0.79125,0.82290562,0.16250000000000003,0.14762499999999998,0.0011250000000000205
2,1,2,MLP-C,9,X1,0.14375,0.85625,0.882292733,0.20487499999999992,0.16362499999999996,0.0007499999999999729
2,1,2,MLP-C,9,X2,0.135,0.865,0.888888889,0.24362499999999998,0.16449999999999998,0.000374999999999992
2,1,2,LogReg,10,W1,0.1775,0.8225,0.854209446,0.182375,0.16712500000000002,0.008750000000000013
2,1,2,LogReg,10,W2,0.2125,0.7875,0.828973843,0.144,0.14887499999999995,0.0009999999999999788
2,1,2,LogReg,10,X1,0.16,0.84,0.870445344,0.20124999999999998,0.16137499999999996,0.006749999999999956
2,1,2,LogReg,10,X2,0.15,0.85,0.877800407,0.23374999999999999,0.15499999999999997,-0.0028750000000000164
2,1,2,SVC,10,W1,0.18375,0.81625,0.850152905,0.17725000000000007,0.15900000000000003,0.00275000000000003
2,1,2,SVC,10,W2,0.21375,0.78125,0.82197355,0.136125,0.14475,-0.0032499999999999864
2,1,2,SVC,10,X1,0.1625,0.83125,0.862104188,0.19400000000000003,0.15075000000000005,0.0011250000000000648
2,1,2,SVC,10,X2,0.14625,0.85,0.87755102,0.23162499999999997,0.15149999999999997,0.0017499999999999738
2,1,2,RF-C,10,W1,0.1825,0.8175,0.851626016,0.179625,0.16375,0.006250000000000011
2,1,2,RF-C,10,W2,0.22,0.78,0.818930041,0.13275,0.15475,0.0033750000000000056
2,1,2,RF-C,10,X1,0.1675,0.8325,0.862985685,0.19837500000000002,0.15375,0.00850000000000003
2,1,2,RF-C,10,X2,0.15,0.85,0.878296146,0.23174999999999998,0.14749999999999996,-0.001000000000000023
2,1,2,XGBoost-C,10,W1,0.1825,0.77875,0.818088386,0.14400000000000007,0.14187500000000006,-0.0071249999999999595
2,1,2,XGBoost-C,10,W2,0.2175,0.765,0.807377049,0.138375,0.140375,0.008875000000000011
2,1,2,XGBoost-C,10,X1,0.1725,0.81125,0.844809866,0.17950000000000002,0.150625,0.0008750000000000257
2,1,2,XGBoost-C,10,X2,0.14625,0.82125,0.854526958,0.20187499999999997,0.12787500000000004,-0.0027499999999999526
2,1,2,MLP-C,10,W1,0.18,0.82,0.851851852,0.18137499999999995,0.16399999999999992,0.0066249999999999695
2,1,2,MLP-C,10,W2,0.2125,0.7875,0.823651452,0.14587499999999998,0.15075,0.0031249999999999776
2,1,2,MLP-C,10,X1,0.1625,0.8375,0.868154158,0.198875,0.16037500000000002,0.0038750000000000173
2,1,2,MLP-C,10,X2,0.14875,0.85125,0.878695209,0.234875,0.15624999999999994,-0.0006250000000000311
