Num_units,Intercept,Influence_level,Model,Replication,Measurement,Loss,R2,Imp_F,Imp_Z1,Imp_Z2
0,0,0,MLR,1,W1,0.172061693,0.826445558,1.1215448371092136,0.3948867221909386,0.00022337818230369066
0,0,0,MLR,1,W2,0.305390123,0.680281056,0.9568322467606848,0.3832745674396884,0.0004406249751078173
0,0,0,MLR,1,X1,0.001661976,0.998323605,1.4272297629495263,0.4044169172365846,2.1196364782483102e-06
0,0,0,MLR,1,X2,0.001405181,0.998528888,1.5429712651864116,0.3448928499415077,0.0
0,0,0,SVR,1,W1,0.171752113,0.826757824,1.1245348840635772,0.3977970455396598,0.0007435520327309098
0,0,0,SVR,1,W2,0.30403017,0.681704818,0.9514481787765163,0.3859654045072535,0.0014205583443069325
0,0,0,SVR,1,X1,0.003989027,0.995976366,1.4144225768325813,0.39970912647934187,-0.00017993694964194563
0,0,0,SVR,1,X2,0.001411051,0.998522743,1.5435861337025867,0.34528740952224246,-1.1445326061343409e-07
0,0,0,RF-R,1,W1,0.19278502,0.805542442,1.0540532843402592,0.35794234848699613,0.0063930502112742316
0,0,0,RF-R,1,W2,0.325179616,0.659563046,0.859843194968526,0.33718197899467517,0.009041859419135878
0,0,0,RF-R,1,X1,0.021065436,0.978751807,1.328352624863561,0.35396505439905473,0.0009979519547459125
0,0,0,RF-R,1,X2,0.019786865,0.97928474,1.4380531965494985,0.3008467956244977,-0.0008443183486575023
0,0,0,XGBoost-R,1,W1,0.18210289,0.772131019,1.106098294106165,0.37445963238072827,0.009727207607659005
0,0,0,XGBoost-R,1,W2,0.318093388,0.581760484,0.917011333769454,0.39241051935617166,0.020557675747724137
0,0,0,XGBoost-R,1,X1,0.00321811,0.994086169,1.4280510068454835,0.3944933332067363,0.0006086260119717246
0,0,0,XGBoost-R,1,X2,0.003506124,0.993891663,1.5374336784763387,0.3273362784354059,0.00021404022945832325
0,0,0,MLP-R,1,W1,0.171358808,0.827154541,1.1026011749117557,0.3915548792928959,0.00030911944656357714
0,0,0,MLP-R,1,W2,0.30515129,0.680531096,0.9348217013834923,0.3638767620446314,0.0001898267492747352
0,0,0,MLP-R,1,X1,0.001657667,0.998327952,1.4273819695106347,0.40390346244887415,2.4128737683315473e-06
0,0,0,MLP-R,1,X2,0.001410238,0.998523594,1.542933957829939,0.34485379402834326,-4.1846939586642765e-06
0,0,0,MLR,2,W1,0.164802476,0.815084912,1.3222046428338765,0.3491847066457408,0.0007128050249973761
0,0,0,MLR,2,W2,0.290711257,0.679112879,1.0341944521375281,0.21993693852775714,-0.0002130440724792848
0,0,0,MLR,2,X1,0.001610433,0.998193029,1.6394686303534942,0.3367818837628521,2.2893918794064662e-08
0,0,0,MLR,2,X2,0.001308802,0.998555344,1.7178666575916566,0.24052546866198612,0.0
0,0,0,SVR,2,W1,0.164706868,0.815192188,1.3133592997927235,0.3528902162383385,0.0008350844191895468
0,0,0,SVR,2,W2,0.290262477,0.679608243,1.0537708812445736,0.22115653655588066,-4.515934069257987e-05
0,0,0,SVR,2,X1,0.002098629,0.997645253,1.634270724658552,0.33478800749029597,-1.6031855001386042e-05
0,0,0,SVR,2,X2,0.001359137,0.998499785,1.7159579820329085,0.23640028555917603,1.336016313036037e-06
0,0,0,RF-R,2,W1,0.187435047,0.789690246,1.2457495736238045,0.31490853500355465,0.0018554955108894045
0,0,0,RF-R,2,W2,0.309287114,0.658608846,0.931084036509516,0.20109885536836342,0.005792729750057224
0,0,0,RF-R,2,X1,0.015537743,0.98256602,1.5506901729438651,0.29560450179792486,-0.0003673145380902687
0,0,0,RF-R,2,X2,0.015474922,0.98291878,1.6002138565032193,0.21694492140312865,-0.0002129069192104982
0,0,0,XGBoost-R,2,W1,0.17185494,0.73107245,1.3496531171822157,0.3299571010670111,-0.006754954738202113
0,0,0,XGBoost-R,2,W2,0.296791171,0.597909045,1.0279794543025247,0.25062958507842226,-0.0007545209474703052
0,0,0,XGBoost-R,2,X1,0.003195068,0.994234861,1.642634181916609,0.32800926880362863,-0.0002801834277608828
0,0,0,XGBoost-R,2,X2,0.002714263,0.995565384,1.715624891311586,0.24005393142430625,1.7910666851050917e-05
0,0,0,MLP-R,2,W1,0.164797571,0.815090415,1.3201289752436565,0.3492349209398357,0.0007075781502298816
0,0,0,MLP-R,2,W2,0.290027357,0.679867769,1.0405254632417826,0.22228609469292998,-0.000196692837351764
0,0,0,MLP-R,2,X1,0.001611509,0.998191821,1.6394062807925078,0.33693136029847415,1.954163412198895e-08
0,0,0,MLP-R,2,X2,0.001308115,0.998556103,1.7183762215043514,0.2401713119316796,1.1967599586548695e-06
0,0,0,MLR,3,W1,0.148559746,0.843512572,1.380319136655111,0.3758913877544352,0.0007939067654226695
0,0,0,MLR,3,W2,0.324102207,0.657190222,1.04410040082167,0.3207981133209363,-8.477574827969736e-06
0,0,0,MLR,3,X1,0.001640628,0.998271822,1.6593631952989043,0.3622178992609685,2.0627164541209274e-06
0,0,0,MLR,3,X2,0.001338552,0.998584186,1.7482506806624045,0.3033688690228796,0.0
0,0,0,SVR,3,W1,0.148732314,0.843330796,1.3940350595719244,0.3785083262672981,0.00039855725618235247
0,0,0,SVR,3,W2,0.32605083,0.655129122,1.0605008631641322,0.31736044324121826,-1.5709404039276897e-06
0,0,0,SVR,3,X1,0.001638942,0.998273598,1.6591463976351786,0.36241575854683816,2.5884011905952244e-06
0,0,0,SVR,3,X2,0.00133889,0.998583828,1.747903175837094,0.30377370357720623,1.5153373064347165e-06
0,0,0,RF-R,3,W1,0.171926116,0.818899289,1.232953752290862,0.34368334060900785,0.005369002968970982
0,0,0,RF-R,3,W2,0.362965815,0.61608336,0.9247317728790776,0.2714901748878476,0.0011883442010088285
0,0,0,RF-R,3,X1,0.020476876,0.978430404,1.5017885043552854,0.32312269210173566,-2.6103693550139083e-05
0,0,0,RF-R,3,X2,0.023834435,0.974789813,1.590385357558592,0.26165119428034506,-0.0004727883037919933
0,0,0,XGBoost-R,3,W1,0.156564919,0.792792624,1.355385010215354,0.37646295404972613,0.003190840787599891
0,0,0,XGBoost-R,3,W2,0.342983062,0.518614024,1.016029583119705,0.3040636430475322,-0.009585443683545126
0,0,0,XGBoost-R,3,X1,0.003782115,0.99341927,1.644660027139804,0.35203762930676674,-0.00024541181669862633
0,0,0,XGBoost-R,3,X2,0.003369545,0.994494709,1.738320849840455,0.29340079603350755,4.216746220038203e-05
0,0,0,MLP-R,3,W1,0.147584477,0.844539885,1.3771110079498428,0.38166172632294604,0.00348938113943017
0,0,0,MLP-R,3,W2,0.325704108,0.655495857,1.0443807666140148,0.3207144253701374,-9.232745036935607e-06
0,0,0,MLP-R,3,X1,0.001640007,0.998272476,1.6580143569601322,0.361808187080228,1.0900775061273293e-06
0,0,0,MLP-R,3,X2,0.001342546,0.99857996,1.7480993542001557,0.30328824667174287,-2.8589911225340715e-06
0,0,0,MLR,4,W1,0.15881901,0.858737296,1.3870584349525927,0.28870270664792635,-0.00020042653800356192
0,0,0,MLR,4,W2,0.34299995,0.644753885,1.0284282009682109,0.30779803579293263,0.0
0,0,0,MLR,4,X1,0.001676306,0.998508998,1.6805742227869733,0.2728452154262974,-2.9946695755400655e-07
0,0,0,MLR,4,X2,0.001434503,0.998514281,1.6047598137720087,0.2916006492696205,0.0
0,0,0,SVR,4,W1,0.157830701,0.859616355,1.3911530083116017,0.2955931627666129,-0.00016179019873399091
0,0,0,SVR,4,W2,0.343994792,0.643723524,1.0244982113386676,0.3046523083585302,0.0007961060544592003
0,0,0,SVR,4,X1,0.009624659,0.991439279,1.6384786762266195,0.2728117811266121,0.0013309282931129208
0,0,0,SVR,4,X2,0.001941585,0.997989094,1.5772194872402785,0.29566258244695065,-4.7756627572947964e-06
0,0,0,RF-R,4,W1,0.206370759,0.816442053,1.2172946260691062,0.28344774103840914,-0.0019304568909269126
0,0,0,RF-R,4,W2,0.370344436,0.616433116,0.9329747580963008,0.3097294871540686,0.024904122000409833
0,0,0,RF-R,4,X1,0.038843903,0.965450012,1.455951751424014,0.25843439627953324,0.001838437543510585
0,0,0,RF-R,4,X2,0.031557424,0.967315877,1.427496592197377,0.2753121520846342,0.0011900998082166824
0,0,0,XGBoost-R,4,W1,0.16964913,0.797705039,1.3711433654226037,0.30244609575544634,-0.0052452913147219785
0,0,0,XGBoost-R,4,W2,0.365043566,0.570349929,1.0184093667081542,0.3381003973881797,0.03559716585134624
0,0,0,XGBoost-R,4,X1,0.007807388,0.989849532,1.6439024845863404,0.26814600727512644,-0.0004819811909659077
0,0,0,XGBoost-R,4,X2,0.005943059,0.990944819,1.5663952910314787,0.29304753005144757,-5.077458550016845e-05
0,0,0,MLP-R,4,W1,0.158498911,0.859022011,1.3863955843499447,0.2923134613360322,-0.00021041097329643765
0,0,0,MLP-R,4,W2,0.343334963,0.644406911,1.0247197807278046,0.30393359982664625,0.0006468377784548008
0,0,0,MLP-R,4,X1,0.001676983,0.998508395,1.6806588617331903,0.2727719267969953,-3.1359001123609787e-07
0,0,0,MLP-R,4,X2,0.001438739,0.998509894,1.6047673727863354,0.2916369075102991,-2.620022022459256e-06
0,0,0,MLR,5,W1,0.147068043,0.828871033,1.336352514884941,0.4000182042610178,5.786739662090312e-05
0,0,0,MLR,5,W2,0.345264424,0.685822179,1.059158432335488,0.25383138441304115,-9.1563358045188e-05
0,0,0,MLR,5,X1,0.001737195,0.997978592,1.6564860921994644,0.3932427928395543,0.0
0,0,0,MLR,5,X2,0.001430922,0.998697914,1.6792332625506294,0.24178279158943963,-1.2657045933339716e-06
0,0,0,SVR,5,W1,0.146737058,0.829256168,1.3480231243910992,0.39168554147976,0.0013504059704680493
0,0,0,SVR,5,W2,0.344993849,0.686068391,1.050940050822612,0.2485652275999471,-6.180716899595318e-06
0,0,0,SVR,5,X1,0.001747827,0.997966222,1.657475914438174,0.3927427227967948,-4.758945968885709e-06
0,0,0,SVR,5,X2,0.002118946,0.998071838,1.6655285320199167,0.23972911796930158,0.0004926764028170716
0,0,0,RF-R,5,W1,0.163358832,0.809915005,1.2177169307050106,0.33718847323625945,0.0027319762843143413
0,0,0,RF-R,5,W2,0.362390602,0.670237991,0.9551800399060975,0.23555740016639168,0.0013690335333247593
0,0,0,RF-R,5,X1,0.015532693,0.981926096,1.5502276111896818,0.3376492317818059,0.0014347793046258438
0,0,0,RF-R,5,X2,0.023919958,0.978233725,1.5395724445968728,0.20763783012219741,-0.0007449095004905648
0,0,0,XGBoost-R,5,W1,0.156554499,0.76056853,1.3170572459361924,0.38930704721759896,0.0034416884657626602
0,0,0,XGBoost-R,5,W2,0.35429538,0.602330094,1.0274516316026208,0.250233387715463,-0.004551332420360743
0,0,0,XGBoost-R,5,X1,0.003378044,0.992923351,1.669668279373019,0.38425883863138643,-0.0005620679356191594
0,0,0,XGBoost-R,5,X2,0.004436938,0.99416242,1.6818301240750206,0.23775963407128292,1.4769964056537966e-05
0,0,0,MLP-R,5,W1,0.145221352,0.83101985,1.3153920016408593,0.38224859829720953,0.00043262982725006394
0,0,0,MLP-R,5,W2,0.34562675,0.685492475,1.06129299243717,0.2555321805329613,-1.6080623823677697e-05
0,0,0,MLP-R,5,X1,0.00174489,0.997969639,1.6566148455989864,0.3934335615709299,-5.714491916242181e-06
0,0,0,MLP-R,5,X2,0.001430636,0.998698175,1.6790975462378441,0.24162713678153297,-1.1794000342679745e-06
0,0,0,MLR,6,W1,0.153683526,0.845061519,1.3923575477669008,0.3661248632869998,1.8456740411543214e-05
0,0,0,MLR,6,W2,0.35514584,0.659830762,1.070893835350919,0.28483417115757836,5.548283396865639e-05
0,0,0,MLR,6,X1,0.001682698,0.998303561,1.6937537592017589,0.36961195558541415,0.0
0,0,0,MLR,6,X2,0.001249746,0.998802956,1.7798112810543347,0.2748892990191777,0.0
0,0,0,SVR,6,W1,0.15344361,0.845303394,1.3843399931115603,0.368190651236238,5.445804147772293e-05
0,0,0,SVR,6,W2,0.354288411,0.660652033,1.0965907430467807,0.2910907975108993,-0.00010767248663136053
0,0,0,SVR,6,X1,0.008884398,0.991043053,1.6648582929766025,0.3647634024867068,0.0002608773029999734
0,0,0,SVR,6,X2,0.001396144,0.998662732,1.7711512469121977,0.273227339749302,2.727471183783248e-06
0,0,0,RF-R,6,W1,0.181252954,0.817266963,1.2293302810692177,0.33067744412898414,0.00830092999279185
0,0,0,RF-R,6,W2,0.382705632,0.633433174,0.9742291009399006,0.27267492351287054,0.005263506613582647
0,0,0,RF-R,6,X1,0.023952018,0.975852393,1.518902634634804,0.3224211356438704,0.0023283712256364055
0,0,0,RF-R,6,X2,0.015288187,0.98535652,1.632397331141643,0.24695911045351018,0.0018439678550777438
0,0,0,XGBoost-R,6,W1,0.166355012,0.774341645,1.3620995890692165,0.3529431512146125,0.002592702025021698
0,0,0,XGBoost-R,6,W2,0.376044907,0.56697912,1.0799805964079376,0.29783537647843467,0.008352312398410977
0,0,0,XGBoost-R,6,X1,0.004135059,0.992870052,1.6682516207221485,0.35884336197071487,0.0004883303598134381
0,0,0,XGBoost-R,6,X2,0.003101311,0.994188259,1.7751091052873036,0.26540653970647055,3.601828447359345e-05
0,0,0,MLP-R,6,W1,0.15261366,0.846140121,1.3899118366530303,0.36189075966008344,0.0003884598614885326
0,0,0,MLP-R,6,W2,0.355544508,0.659448905,1.0709265464634616,0.2847473107826707,5.347882767913204e-05
0,0,0,MLP-R,6,X1,0.001687818,0.998298399,1.6934451189142792,0.3692768927019248,-4.029492960477832e-06
0,0,0,MLP-R,6,X2,0.001250194,0.998802527,1.780325676552557,0.2748771274790921,-3.0707705368504533e-07
0,0,0,MLR,7,W1,0.144112532,0.846546538,1.3756331684616396,0.308232005944933,0.0004994775733499935
0,0,0,MLR,7,W2,0.281538797,0.704945223,1.1429714835195062,0.22961118939554562,0.001524126762329403
0,0,0,MLR,7,X1,0.001455515,0.998450143,1.695806010073499,0.3140819992258372,-2.6910921524514465e-08
0,0,0,MLR,7,X2,0.001486696,0.998441932,1.760340880895488,0.25953770420021705,0.0
0,0,0,SVR,7,W1,0.14421156,0.846441091,1.3648273239541666,0.3101958868146487,0.0001988482603045738
0,0,0,SVR,7,W2,0.280988466,0.705521975,1.1544158140476568,0.22536254212864426,0.002212943911860299
0,0,0,SVR,7,X1,0.001456078,0.998449543,1.6944888912223361,0.313769219374534,-5.292286032743121e-08
0,0,0,SVR,7,X2,0.00148756,0.998441026,1.7607368372623013,0.25991581447406775,-1.0497688775257251e-06
0,0,0,RF-R,7,W1,0.172157476,0.816683807,1.2410777991034216,0.28154210871401625,-1.8484504835303282e-05
0,0,0,RF-R,7,W2,0.321266157,0.663310652,0.9992095591437471,0.19153304218092565,-0.00013130433625240244
0,0,0,RF-R,7,X1,0.022626589,0.975906825,1.5381292939495512,0.3035172628807592,-9.28247032344065e-05
0,0,0,RF-R,7,X2,0.018712006,0.980389677,1.6254377676506806,0.22624133867419277,0.000809422919529923
0,0,0,XGBoost-R,7,W1,0.156121438,0.777732465,1.3812743572297383,0.2798483591465118,-0.006834698339670176
0,0,0,XGBoost-R,7,W2,0.29701441,0.591761948,1.1503681915889692,0.21755380580247063,0.008679546305607666
0,0,0,XGBoost-R,7,X1,0.003929413,0.9938724,1.6892398624478038,0.31012317087435887,1.39983044793901e-05
0,0,0,XGBoost-R,7,X2,0.003461547,0.993058516,1.7518591277411228,0.2519534135885284,0.00016916260628100366
0,0,0,MLP-R,7,W1,0.144279597,0.846368644,1.3757906786107212,0.3081570936432461,0.0005078341810941578
0,0,0,MLP-R,7,W2,0.281528136,0.704956397,1.142955489685977,0.22953552319942955,0.0015338340695189468
0,0,0,MLP-R,7,X1,0.001455603,0.998450049,1.695730405560477,0.31410825064453807,-1.127512567755673e-08
0,0,0,MLP-R,7,X2,0.001487106,0.998441502,1.7600896976802052,0.25963206478949796,-7.436451238351793e-07
0,0,0,MLR,8,W1,0.176206523,0.824949727,1.3791540804973947,0.32466952204806576,0.0005741367786159746
0,0,0,MLR,8,W2,0.304660266,0.69165314,0.9890177612362369,0.32412394484629464,-0.00025479289999663646
0,0,0,MLR,8,X1,0.001779936,0.998231743,1.780861750573651,0.35112944403055635,0.0
0,0,0,MLR,8,X2,0.001392713,0.998590434,1.5881882831837548,0.28844682983302167,0.0
0,0,0,SVR,8,W1,0.174252835,0.826890594,1.4111027499351274,0.3159668968984174,0.0006611701595730546
0,0,0,SVR,8,W2,0.304382316,0.691934454,0.9990661115207059,0.31989146323580603,0.00017784527855696508
0,0,0,SVR,8,X1,0.001782002,0.998229691,1.7796346435237897,0.3503685546355807,5.8671013355438e-07
0,0,0,SVR,8,X2,0.001396567,0.998586534,1.5887249959140557,0.28826554990772835,-3.2740671307429636e-07
0,0,0,RF-R,8,W1,0.196797793,0.804493574,1.2875167783200863,0.29755152210754143,-0.0005338597251623667
0,0,0,RF-R,8,W2,0.349500993,0.64626981,0.8542031526760778,0.2651204704644612,0.000568771624954989
0,0,0,RF-R,8,X1,0.022889692,0.977260508,1.596591845365944,0.3090232684778257,0.0024416644568925117
0,0,0,RF-R,8,X2,0.020072326,0.979684786,1.4658394773370667,0.2540592532373279,0.0018462883114553242
0,0,0,XGBoost-R,8,W1,0.180847119,0.795092342,1.4272810198619683,0.32611045550329115,0.003930778894435927
0,0,0,XGBoost-R,8,W2,0.321177358,0.579240936,0.9964803369593518,0.31060861806759715,-0.010000426549763497
0,0,0,XGBoost-R,8,X1,0.004824428,0.992487005,1.7584718327279791,0.3421782299262374,4.920336490521482e-06
0,0,0,XGBoost-R,8,X2,0.003172257,0.99410063,1.5931941091204556,0.279167992188292,-0.00039091637512507217
0,0,0,MLP-R,8,W1,0.176221898,0.824934452,1.3791302799648277,0.3246391931839322,0.0005819768496949207
0,0,0,MLP-R,8,W2,0.304907602,0.691402811,0.9850366996255152,0.321145560746903,-1.4908988212447572e-05
0,0,0,MLP-R,8,X1,0.001778067,0.998233601,1.78159066748902,0.3512957743237693,9.255942221009228e-07
0,0,0,MLP-R,8,X2,0.001394047,0.998589084,1.5892289114920437,0.2887281735717391,9.94043591551197e-08
0,0,0,MLR,9,W1,0.15863065,0.849358933,1.342128699565497,0.33695538722284013,0.0
0,0,0,MLR,9,W2,0.311571907,0.685712229,1.1549744361587406,0.3076695577049793,-1.4669715391590898e-05
0,0,0,MLR,9,X1,0.001846952,0.998246072,1.6547669128421982,0.3427933669898503,9.173798794281929e-07
0,0,0,MLR,9,X2,0.001201899,0.998787624,1.7777504473716887,0.32120833837622154,2.542852642795079e-06
0,0,0,SVR,9,W1,0.159467679,0.848564062,1.339945410743508,0.34168762440583206,-0.0006589340293947976
0,0,0,SVR,9,W2,0.311206687,0.686080633,1.1386039739100915,0.28832715527983716,-1.2110376525442668e-05
0,0,0,SVR,9,X1,0.001846323,0.998246669,1.653407153882986,0.34264020860096195,1.4049974716989766e-07
0,0,0,SVR,9,X2,0.001207043,0.998782435,1.7781406026917508,0.3208480464606066,1.7094893511093722e-06
0,0,0,RF-R,9,W1,0.180070731,0.828998702,1.222517371520037,0.30946019620131404,-0.0019519523676233663
0,0,0,RF-R,9,W2,0.341559192,0.655463555,0.9979314041730234,0.26967966474248595,0.004388863649710884
0,0,0,RF-R,9,X1,0.021304729,0.979768304,1.5025051781794447,0.2994994006197168,-0.0018737348743919414
0,0,0,RF-R,9,X2,0.027718659,0.972039727,1.5952189866806503,0.281420058532672,-0.0008320750510180108
0,0,0,XGBoost-R,9,W1,0.164552606,0.798204586,1.3322237634803518,0.34056145459861265,-0.006209686634161349
0,0,0,XGBoost-R,9,W2,0.323534571,0.579580655,1.1152973052699247,0.3143353666367208,0.011503283365154836
0,0,0,XGBoost-R,9,X1,0.004014471,0.99527564,1.668422718652209,0.33624091015511015,0.00016834643553285123
0,0,0,XGBoost-R,9,X2,0.004475725,0.990623557,1.7838411413820203,0.3073785422276196,-0.0011811295776262942
0,0,0,MLP-R,9,W1,0.158112544,0.849850944,1.3377203288297548,0.3361566205024599,-0.0006797721424123381
0,0,0,MLP-R,9,W2,0.311653298,0.685630128,1.1550008572915718,0.30760093876471567,-1.4628271003658267e-05
0,0,0,MLP-R,9,X1,0.001804076,0.998286788,1.6558225824621147,0.3428587976323172,6.551530710350307e-05
0,0,0,MLP-R,9,X2,0.001204318,0.998785184,1.7781983337864933,0.32136396994400884,2.883361722927358e-06
0,0,0,MLR,10,W1,0.151051216,0.836528901,1.3188372610302985,0.3653408673517013,0.0006798761624079331
0,0,0,MLR,10,W2,0.298064119,0.67132764,1.1142164101186531,0.3069462113526143,-0.0002393375921523888
0,0,0,MLR,10,X1,0.00157586,0.998294568,1.5867251049044724,0.38614498301825384,2.669123655374417e-06
0,0,0,MLR,10,X2,0.001232443,0.998640998,1.684587155023205,0.3179396789703058,3.593855455452655e-08
0,0,0,SVR,10,W1,0.150666852,0.836944868,1.3051306731508827,0.363255080024535,0.0008274811983342789
0,0,0,SVR,10,W2,0.296594893,0.672947742,1.110393026339734,0.2953306610477924,-0.0002757764593342649
0,0,0,SVR,10,X1,0.010554507,0.98857767,1.5645047196860884,0.38084415145284456,0.0011810376481938057
0,0,0,SVR,10,X2,0.001231208,0.998642359,1.6872715686554827,0.31618813879757357,-1.0622068006282958e-07
0,0,0,RF-R,10,W1,0.181246865,0.803850475,1.1919634214080734,0.32964349334636683,-0.0008711223780578315
0,0,0,RF-R,10,W2,0.322408694,0.644483118,0.9731066160324868,0.27082404529302073,-0.00043203479064994886
0,0,0,RF-R,10,X1,0.02578709,0.972092618,1.4630905058925605,0.3452838801446555,-0.0007314570809752397
0,0,0,RF-R,10,X2,0.019254,0.978768804,1.5722767228682468,0.2818123044047994,-0.0007011307369071517
0,0,0,XGBoost-R,10,W1,0.16418559,0.757464308,1.3325083074090283,0.36080420143379716,-0.006162420040279781
0,0,0,XGBoost-R,10,W2,0.310428587,0.562951849,1.134922280543908,0.2910128756070582,-0.015739919502074075
0,0,0,XGBoost-R,10,X1,0.005348787,0.988690234,1.5797990377431936,0.3752500685076744,-0.0005793001886965632
0,0,0,XGBoost-R,10,X2,0.002589681,0.993875801,1.6866601849026732,0.3089932479718304,1.723143721577003e-05
0,0,0,MLP-R,10,W1,0.150895915,0.836696972,1.310085091122555,0.36519786764397727,2.890443312786317e-06
0,0,0,MLP-R,10,W2,0.295823466,0.673798386,1.12001205371966,0.3049376235589116,0.0024361368883258905
0,0,0,MLP-R,10,X1,0.001578121,0.998292121,1.5868096411096437,0.3860754829441098,3.317709186689832e-06
0,0,0,MLP-R,10,X2,0.001231852,0.998641649,1.6846887701437219,0.3178260115048107,3.086027888787868e-08
0,0,1,MLR,1,W1,0.054701959,0.947177282,0.380772138275398,1.482238108453816,-8.480423647556634e-05
0,0,1,MLR,1,W2,0.108110438,0.895185957,0.37651795548416533,1.4405827269964442,0.00042301169900184067
0,0,1,MLR,1,X1,0.001875086,0.998189331,0.4737940249233891,1.5011593762614646,6.653676914658568e-07
0,0,1,MLR,1,X2,0.001690306,0.998361233,0.5945497165916669,1.4377020873845416,1.714054138690635e-06
0,0,1,SVR,1,W1,0.054704178,0.947175138,0.37769670888584406,1.4803495445522457,-3.258717832599345e-05
0,0,1,SVR,1,W2,0.108368009,0.89493624,0.38443552815630067,1.448179280712552,0.0004671513160209639
0,0,1,SVR,1,X1,0.001874097,0.998190286,0.47417091768713593,1.5006947065977891,4.977773298775467e-07
0,0,1,SVR,1,X2,0.001690119,0.998361414,0.5952070387830406,1.4386021666379571,2.333496011930336e-06
0,0,1,RF-R,1,W1,0.075291056,0.927295506,0.35356843048602793,1.3205451411043485,0.006594230177059535
0,0,1,RF-R,1,W2,0.140861803,0.863433214,0.3531030169224229,1.2888294408164982,0.0010846746692545594
0,0,1,RF-R,1,X1,0.025385283,0.975486807,0.4403775217240682,1.3388389495844328,0.0028439923483336905
0,0,1,RF-R,1,X2,0.028492865,0.972375911,0.546416962101728,1.2909437082976065,0.00045438724693954715
0,0,1,XGBoost-R,1,W1,0.057785432,0.927943132,0.3779863998186825,1.447126188281545,0.005616012738896092
0,0,1,XGBoost-R,1,W2,0.117083702,0.861406474,0.39828866591845113,1.4316309399208353,0.005323656003162924
0,0,1,XGBoost-R,1,X1,0.003785624,0.992242413,0.47085478062810066,1.4619687515850661,0.00013045201759481762
0,0,1,XGBoost-R,1,X2,0.003356725,0.993642647,0.6005191582042793,1.419740376906395,0.00042761598902850694
0,0,1,MLP-R,1,W1,0.054685187,0.947193477,0.3824506032824596,1.4800318676893849,-7.681455357529953e-05
0,0,1,MLP-R,1,W2,0.107724637,0.895559995,0.3777125590482331,1.440998915299438,0.0004283261830605345
0,0,1,MLP-R,1,X1,0.001874963,0.99818945,0.4738398015479701,1.5005419876846453,6.15278808380193e-07
0,0,1,MLP-R,1,X2,0.001691218,0.998360349,0.5941981275732472,1.4356795912500329,-1.7040876435836515e-06
0,0,1,MLR,2,W1,0.052507311,0.957770877,0.33511932609607187,1.5410069782214393,5.4720685490505794e-05
0,0,1,MLR,2,W2,0.099282959,0.901712734,0.3632506935704486,1.47682219364865,0.0
0,0,1,MLR,2,X1,0.00216892,0.998255641,0.42061313940308753,1.5558771657539607,1.0358917171382487e-05
0,0,1,MLR,2,X2,0.001944269,0.99807523,0.5336230735364327,1.4591280338857113,0.0
0,0,1,SVR,2,W1,0.052205751,0.958013408,0.33856719579989036,1.55017191783837,2.4425927505378196e-05
0,0,1,SVR,2,W2,0.098747655,0.90224267,0.36078261960886626,1.4680855494719542,0.00016773316451464959
0,0,1,SVR,2,X1,0.002169273,0.998255358,0.4201858206295509,1.5562525391612856,1.0056403274716352e-05
0,0,1,SVR,2,X2,0.001953277,0.998066312,0.5331681239582329,1.4597203855196927,-8.277952377366837e-06
0,0,1,RF-R,2,W1,0.084512237,0.932030844,0.2977668563680774,1.3846805555511517,-0.00036358874415798326
0,0,1,RF-R,2,W2,0.12423821,0.877007755,0.33895486394800517,1.3355711506988963,-0.003085860542832031
0,0,1,RF-R,2,X1,0.036186991,0.970896532,0.37362374712232527,1.3728048918323759,0.00023026283123367408
0,0,1,RF-R,2,X2,0.029895331,0.970404485,0.47263508212044936,1.340385755251373,-0.0029617125472268025
0,0,1,XGBoost-R,2,W1,0.057859496,0.942485709,0.32752778486100026,1.5630564466301018,0.003974337125802629
0,0,1,XGBoost-R,2,W2,0.105336436,0.860748591,0.37270792593102886,1.428215088862013,-0.0036580027784608006
0,0,1,XGBoost-R,2,X1,0.005020565,0.991910291,0.4091762673687298,1.571963284551962,0.0003566475882460507
0,0,1,XGBoost-R,2,X2,0.005397787,0.990772074,0.5167753174621023,1.4222652337912092,0.0006224146335097602
0,0,1,MLP-R,2,W1,0.052323986,0.957918317,0.33741251052115423,1.5493120906788942,2.0453976509771098e-05
0,0,1,MLP-R,2,W2,0.097551103,0.903427222,0.3572171456726737,1.4698061160773084,0.0016234104096623735
0,0,1,MLP-R,2,X1,0.002173865,0.998251664,0.4206176727464948,1.5559354622935424,1.0347106617236701e-05
0,0,1,MLP-R,2,X2,0.001949076,0.998070471,0.5333042609307498,1.4586597278848663,-6.943647388901741e-06
0,0,1,MLR,3,W1,0.051939396,0.949191591,0.38028449753213517,1.6448981796365563,8.531990805304979e-07
0,0,1,MLR,3,W2,0.120734751,0.871559755,0.38218522780563957,1.4460090991978585,6.892688003855563e-05
0,0,1,MLR,3,X1,0.001779224,0.998259518,0.4808377584803087,1.615641682764182,5.639501630205767e-06
0,0,1,MLR,3,X2,0.002025782,0.997844929,0.6338035960381314,1.4593119530561414,0.0
0,0,1,SVR,3,W1,0.051927895,0.949202841,0.3820601381483594,1.6434781676580408,1.8286058694116923e-05
0,0,1,SVR,3,W2,0.120758578,0.871534406,0.3866556994269111,1.4601308838144438,0.00012221487669354935
0,0,1,SVR,3,X1,0.001782716,0.998256103,0.4813821931021785,1.6154829312938095,2.8838500467753823e-06
0,0,1,SVR,3,X2,0.003144519,0.996654793,0.6308937485369279,1.4468660026241555,0.0003233955087104445
0,0,1,RF-R,3,W1,0.093262012,0.90876878,0.32456894289271637,1.462947327007988,-0.0032020355473206473
0,0,1,RF-R,3,W2,0.146495153,0.84415528,0.3436099667304194,1.3131026244460466,-0.0018742800645609181
0,0,1,RF-R,3,X1,0.040101436,0.960771777,0.39181672912266824,1.5233240403020614,-0.005339839683954695
0,0,1,RF-R,3,X2,0.022561705,0.975998369,0.5624358896042022,1.3348770551276377,4.1972309595683654e-06
0,0,1,XGBoost-R,3,W1,0.060396916,0.920673619,0.36344448488264697,1.6282549494102454,-0.004180313633399546
0,0,1,XGBoost-R,3,W2,0.125369231,0.830922599,0.38339985181900843,1.4483722137762491,-0.007668526882067128
0,0,1,XGBoost-R,3,X1,0.005221806,0.99062542,0.46315229931603213,1.6116489990978167,-0.00035850252960435426
0,0,1,XGBoost-R,3,X2,0.004079265,0.992063512,0.6230456829542357,1.4399787989204866,-9.438454424570696e-06
0,0,1,MLP-R,3,W1,0.051925803,0.949204888,0.381419954752703,1.646433593280204,3.6882194759058074e-06
0,0,1,MLP-R,3,W2,0.120786981,0.871504191,0.38071129901981654,1.4460979671132592,0.000132046555157439
0,0,1,MLP-R,3,X1,0.00177942,0.998259328,0.4808593947069422,1.6157931341260006,5.884558052737798e-06
0,0,1,MLP-R,3,X2,0.002030362,0.997840057,0.6334064857754098,1.4580211213837813,-2.6240469659821743e-06
0,0,1,MLR,4,W1,0.054123909,0.936273754,0.41360586273985883,1.7043494834521191,-3.95656218017848e-05
0,0,1,MLR,4,W2,0.110165749,0.889547133,0.40447403848934077,1.496760574476967,0.00012408956490865818
0,0,1,MLR,4,X1,0.001955591,0.99769746,0.5273983016744891,1.7095367800719523,0.0
0,0,1,MLR,4,X2,0.001950369,0.998044548,0.6222512972661397,1.5116223511900968,0.0
0,0,1,SVR,4,W1,0.054754458,0.935531337,0.42018349465970994,1.7164888266882836,-7.881661931843364e-05
0,0,1,SVR,4,W2,0.110051465,0.889661714,0.4001520006505407,1.492389270291453,0.0002712245318310047
0,0,1,SVR,4,X1,0.001955306,0.997697796,0.5260812024071868,1.7089613294697128,-4.008274321787297e-06
0,0,1,SVR,4,X2,0.001956481,0.99803842,0.6231121445567197,1.514419939362721,-2.2925019066977192e-06
0,0,1,RF-R,4,W1,0.073085935,0.913947601,0.3671567153121863,1.5742328929121276,-0.0008226740440216651
0,0,1,RF-R,4,W2,0.141437213,0.858194168,0.33820354909549755,1.3424860681112656,-0.0016277344698899855
0,0,1,RF-R,4,X1,0.013686328,0.983885526,0.4746794441284271,1.5766401197544646,0.0003029556591903071
0,0,1,RF-R,4,X2,0.029974811,0.969947068,0.5266623611852492,1.3294462054653926,-0.0022258345668226378
0,0,1,XGBoost-R,4,W1,0.059997942,0.910583913,0.4076059948245005,1.7150605493640358,-0.0006155299860020946
0,0,1,XGBoost-R,4,W2,0.116346201,0.849235541,0.37634208551325327,1.4774546502753514,0.0073215172763173905
0,0,1,XGBoost-R,4,X1,0.003228092,0.994050937,0.518796793924828,1.7138686291650522,-5.6214822750644267e-05
0,0,1,XGBoost-R,4,X2,0.004992247,0.991660773,0.6058153420753157,1.482026617233492,-0.000379823241421684
0,0,1,MLP-R,4,W1,0.05446765,0.93586903,0.4136400343307572,1.7043541438602159,-3.698024558451696e-05
0,0,1,MLP-R,4,W2,0.110196265,0.889516537,0.40448798123720264,1.496748056031058,0.00012417123616169644
0,0,1,MLP-R,4,X1,0.001955613,0.997697434,0.5267338459942938,1.7104247732725466,2.3432743063711569e-07
0,0,1,MLP-R,4,X2,0.001953105,0.998041805,0.6219807239190756,1.5115247751114829,-1.6158849125869068e-06
0,0,1,MLR,5,W1,0.046598508,0.954599325,0.3527940595621081,1.4807856533137045,0.0001700039588761526
0,0,1,MLR,5,W2,0.100210051,0.904824004,0.3209531821781624,1.4005194803729444,0.00019059491841019182
0,0,1,MLR,5,X1,0.001800372,0.998245907,0.4430209391342498,1.473900115912219,0.0
0,0,1,MLR,5,X2,0.001853932,0.998239201,0.4816230991678386,1.43122713992667,2.0716237590923116e-07
0,0,1,SVR,5,W1,0.046648473,0.954550645,0.35553448518950204,1.4770945260027786,0.00043852635491079537
0,0,1,SVR,5,W2,0.100705966,0.904353001,0.30027901134236157,1.3641050215797663,0.0007569868371632094
0,0,1,SVR,5,X1,0.001802379,0.998243952,0.44258383086989816,1.4729816040164547,-7.64152818577557e-08
0,0,1,SVR,5,X2,0.001855134,0.998238059,0.48161029956458534,1.4315084279799137,9.874108441443319e-07
0,0,1,RF-R,5,W1,0.065812443,0.935879293,0.32248789516647147,1.363879894361249,0.002703484850784721
0,0,1,RF-R,5,W2,0.124184215,0.882054183,0.28423429643413894,1.2707153374665545,-0.00030984369300680604
0,0,1,RF-R,5,X1,0.023374642,0.977226213,0.402899522360452,1.3636910825689221,-0.0024190966605090345
0,0,1,RF-R,5,X2,0.022161736,0.97895156,0.43673088563939527,1.307844149864963,0.00015755558843200124
0,0,1,XGBoost-R,5,W1,0.051743353,0.935393452,0.3526641438667727,1.4795883758829933,0.0007709159554524448
0,0,1,XGBoost-R,5,W2,0.107755326,0.861710638,0.3053802761560017,1.3624186078487905,-0.0030624074929034182
0,0,1,XGBoost-R,5,X1,0.004018091,0.993372649,0.4326435692464098,1.4790410718660958,-5.366982821444211e-05
0,0,1,XGBoost-R,5,X2,0.003868487,0.992527701,0.47868402042454256,1.4197503494406338,0.00012347481662607906
0,0,1,MLP-R,5,W1,0.04657078,0.954626341,0.3533292653222816,1.4828179248481996,0.0001919653129749177
0,0,1,MLP-R,5,W2,0.100097665,0.904930745,0.31147338887584364,1.3675489120810915,-0.0008383476170146564
0,0,1,MLP-R,5,X1,0.001806216,0.998240214,0.44292749033753653,1.474758031993035,-3.404591451405814e-06
0,0,1,MLP-R,5,X2,0.001852623,0.998240444,0.48136927278275216,1.4301495529916466,2.952213734142006e-07
0,0,1,MLR,6,W1,0.058092775,0.937794602,0.3572664499493766,1.5814337112154369,0.00014781548036130188
0,0,1,MLR,6,W2,0.106302599,0.900914724,0.35223292570334774,1.4317756575632206,-0.0003542065404228634
0,0,1,MLR,6,X1,0.002246003,0.997594993,0.4768117871705674,1.5896356255753432,-4.825705760369559e-06
0,0,1,MLR,6,X2,0.001872821,0.998254332,0.5556018450292672,1.3676782241121432,0.0
0,0,1,SVR,6,W1,0.057871675,0.938031354,0.361449172350633,1.5685707443015886,0.00042263979935102113
0,0,1,SVR,6,W2,0.106034006,0.901165081,0.35379723570983257,1.426315399271471,-7.800503130831471e-05
0,0,1,SVR,6,X1,0.002237137,0.997604487,0.4775441595694634,1.5917040142407086,2.8853920503890686e-06
0,0,1,SVR,6,X2,0.001872771,0.998254379,0.555687191702095,1.367469133775967,-4.985303800109087e-07
0,0,1,RF-R,6,W1,0.075769174,0.918866819,0.321729753004577,1.4447312386130304,0.001385318956094217
0,0,1,RF-R,6,W2,0.135557187,0.873646351,0.3207177102710018,1.2867891499280852,0.00019952559019530413
0,0,1,RF-R,6,X1,0.018504156,0.98018586,0.4276265587116267,1.4639986732028971,0.0007945373356140651
0,0,1,RF-R,6,X2,0.029861155,0.972166242,0.49863042140011504,1.2184675914189453,-0.001433411450981481
0,0,1,XGBoost-R,6,W1,0.06080991,0.919871714,0.3503085415407474,1.5722980132988742,-0.00031021640632286076
0,0,1,XGBoost-R,6,W2,0.11379917,0.871208856,0.33966410729902285,1.413679984640305,0.003947854839461984
0,0,1,XGBoost-R,6,X1,0.004759599,0.991981232,0.4651903698567816,1.5714147934887048,7.23095618600178e-05
0,0,1,XGBoost-R,6,X2,0.005222529,0.99352304,0.5439110999195119,1.3637105632390178,-7.996395825090596e-05
0,0,1,MLP-R,6,W1,0.058062203,0.937827338,0.35757483748828023,1.5802345211893623,0.0001605845680829887
0,0,1,MLP-R,6,W2,0.106076529,0.901125445,0.351743005162369,1.4267248518799192,-0.0003624159694512352
0,0,1,MLP-R,6,X1,0.0022457,0.997595317,0.476815373500596,1.589661626580578,-4.407220318503047e-06
0,0,1,MLP-R,6,X2,0.001873558,0.998253646,0.55561102418925,1.3676286675112652,-4.668577869626489e-07
0,0,1,MLR,7,W1,0.051621006,0.944308398,0.41305977489118667,1.5858561244431746,2.4369683348179905e-05
0,0,1,MLR,7,W2,0.103246601,0.893893326,0.4109191396851221,1.5028842468271504,0.0
0,0,1,MLR,7,X1,0.00175643,0.998105066,0.5195152230012848,1.5966170754030091,2.5144796802267776e-06
0,0,1,MLR,7,X2,0.00185058,0.998098157,0.5912576922967393,1.5241075245534854,5.6942698636985865e-06
0,0,1,SVR,7,W1,0.051228863,0.944731463,0.4133527355194132,1.57075240394423,2.4166991616414447e-05
0,0,1,SVR,7,W2,0.1022126,0.89495597,0.39482050920208,1.4907138607952488,1.299437493739175e-05
0,0,1,SVR,7,X1,0.001771748,0.99808854,0.5197848373573382,1.5975415112790954,1.6246095406735606e-06
0,0,1,SVR,7,X2,0.001851078,0.998097645,0.5908066316323456,1.5246271385214567,3.363509085774208e-06
0,0,1,RF-R,7,W1,0.072395325,0.921895911,0.3703042837293505,1.4259631619274566,0.0006097187167840801
0,0,1,RF-R,7,W2,0.122156599,0.874459495,0.3626660560952183,1.3328843774023977,8.264109029857414e-05
0,0,1,RF-R,7,X1,0.023193371,0.974977705,0.4610687764567508,1.4470938818580124,0.0017586770510983785
0,0,1,RF-R,7,X2,0.022408491,0.976970763,0.5225191726246267,1.376798405977312,-0.00021645871037874188
0,0,1,XGBoost-R,7,W1,0.054056603,0.930910242,0.4038240814321218,1.5916388643335488,0.005581655012370834
0,0,1,XGBoost-R,7,W2,0.108150663,0.857094194,0.407089103123859,1.4778656135965953,-0.008564601736523857
0,0,1,XGBoost-R,7,X1,0.003150343,0.99354436,0.5070597438943829,1.5951925737978454,0.0004967215513398182
0,0,1,XGBoost-R,7,X2,0.003612969,0.993935575,0.5824876854100611,1.5130323893330164,-3.787112689896954e-05
0,0,1,MLP-R,7,W1,0.05153894,0.944396934,0.4140406670302793,1.5833073503692014,2.484688232464727e-05
0,0,1,MLP-R,7,W2,0.103211344,0.893929559,0.4077454350674702,1.499479678487265,-0.00011863693921767559
0,0,1,MLP-R,7,X1,0.001759045,0.998102245,0.5188301987851496,1.597311256488275,1.0828918521998965e-06
0,0,1,MLP-R,7,X2,0.001849329,0.998099442,0.5912210336318677,1.527892468435833,5.8978115766938896e-06
0,0,1,MLR,8,W1,0.052256301,0.946145795,0.40914487603382793,1.4893558285976392,-0.00014633062425924991
0,0,1,MLR,8,W2,0.092428908,0.916627687,0.3336103294283858,1.3908340642329384,0.0
0,0,1,MLR,8,X1,0.002030104,0.997907819,0.5061574938754154,1.4939535297560371,7.299314338637952e-06
0,0,1,MLR,8,X2,0.001789164,0.998386146,0.5002081692952635,1.3455944315107922,-1.9281672041238097e-07
0,0,1,SVR,8,W1,0.051947863,0.946463664,0.4053968539963065,1.4833566489915393,-9.411049623386791e-05
0,0,1,SVR,8,W2,0.092594845,0.916478009,0.3330651615413472,1.3814240160613247,-0.0001977095919569738
0,0,1,SVR,8,X1,0.003408083,0.996487704,0.48970448521467613,1.446191632869229,-9.1146810926368e-05
0,0,1,SVR,8,X2,0.001796869,0.998379196,0.499841937415368,1.3459280836757128,-4.188654190395713e-06
0,0,1,RF-R,8,W1,0.081320119,0.916193258,0.3624522890303882,1.3633129575896783,-0.0009639038779153287
0,0,1,RF-R,8,W2,0.130169191,0.882585365,0.30213024480064776,1.2537285173760202,0.00015517202802437514
0,0,1,RF-R,8,X1,0.029876435,0.969209997,0.44962976543160604,1.356515068145915,-0.0007894304224069116
0,0,1,RF-R,8,X2,0.03643072,0.967138924,0.45857865720226865,1.2048385400263468,-0.002086923495628323
0,0,1,XGBoost-R,8,W1,0.060190181,0.91774148,0.40778738821623406,1.4791301078120624,0.0013798450315818055
0,0,1,XGBoost-R,8,W2,0.103103992,0.880124576,0.32586467961158616,1.376778003419409,0.0002204657074066474
0,0,1,XGBoost-R,8,X1,0.004970748,0.990525957,0.4983509122772409,1.4751111921872395,0.00017620620761615857
0,0,1,XGBoost-R,8,X2,0.00383454,0.991772022,0.4855370767510661,1.3329720186246985,-0.0002033111004962729
0,0,1,MLP-R,8,W1,0.052124209,0.946281926,0.40244830152214117,1.4875222861841533,-9.588029480525062e-05
0,0,1,MLP-R,8,W2,0.092704087,0.916379472,0.33332337892838254,1.3893136478407793,-0.0002614990931867012
0,0,1,MLP-R,8,X1,0.002025007,0.997913072,0.5082390876599493,1.4958331247159702,1.0770700595874593e-05
0,0,1,MLP-R,8,X2,0.001797565,0.998378568,0.5002116101502485,1.3456763444620985,-6.642346117580189e-10
0,0,1,MLR,9,W1,0.048342639,0.953613039,0.36333264723649467,1.4802986001451426,0.0
0,0,1,MLR,9,W2,0.108075484,0.890439822,0.372313310972919,1.3967928742683824,0.0007366983425050822
0,0,1,MLR,9,X1,0.002260754,0.997830704,0.4387284557830732,1.464466392527177,1.5937058066017862e-06
0,0,1,MLR,9,X2,0.002003966,0.997968505,0.5706082567825208,1.3923413290542863,0.0
0,0,1,SVR,9,W1,0.04814697,0.953800792,0.3560529522579753,1.4838572923770539,-5.3660164772539876e-05
0,0,1,SVR,9,W2,0.107773192,0.890746267,0.3651008614623749,1.4073815108968009,0.0007163923883043433
0,0,1,SVR,9,X1,0.00225448,0.997836724,0.4381406636281019,1.463375851139522,3.540402145818522e-06
0,0,1,SVR,9,X2,0.002000022,0.997972502,0.5698692054487612,1.3923528868605628,6.153907271500003e-06
0,0,1,RF-R,9,W1,0.069125326,0.933671105,0.3363134265865567,1.3362150550180094,0.0013443700457813844
0,0,1,RF-R,9,W2,0.137936736,0.860168349,0.34197926360032793,1.2784919471195666,0.0001250581802488049
0,0,1,RF-R,9,X1,0.021473221,0.979395467,0.41246877297478923,1.312794699842874,0.0013757572055880462
0,0,1,RF-R,9,X2,0.025154498,0.974499941,0.5184260321138068,1.278774923197311,0.00038730612374621165
0,0,1,XGBoost-R,9,W1,0.051205491,0.939777636,0.35918232168604913,1.479196825309442,-0.000908773625934367
0,0,1,XGBoost-R,9,W2,0.112376576,0.852474177,0.37173762182403286,1.3906403916376466,0.0008290875540528542
0,0,1,XGBoost-R,9,X1,0.003565613,0.993613353,0.43399182913109363,1.4575435904675582,-0.00023794674844080933
0,0,1,XGBoost-R,9,X2,0.004593145,0.992308898,0.5618699723041829,1.3857537156373554,0.00011446806294953537
0,0,1,MLP-R,9,W1,0.048046632,0.953897071,0.3562111835220384,1.479048673627381,-1.1026159857985274e-05
0,0,1,MLP-R,9,W2,0.107906128,0.890611505,0.36089198471864103,1.4171138143088522,0.0006603822408837278
0,0,1,MLP-R,9,X1,0.002257855,0.997833486,0.4384827761378435,1.463785627642395,1.802637780179417e-06
0,0,1,MLP-R,9,X2,0.002004605,0.997967857,0.5706419262769044,1.3923717290108555,3.150983071353863e-07
0,0,1,MLR,10,W1,0.052544827,0.948324178,0.3989847478792088,1.384634635346615,-3.1000652655821525e-06
0,0,1,MLR,10,W2,0.103618133,0.886637013,0.39023252439082007,1.4046703497738353,-9.59271857015942e-05
0,0,1,MLR,10,X1,0.001828003,0.998202229,0.5020593642123548,1.372971848495124,7.23799795198099e-06
0,0,1,MLR,10,X2,0.001871121,0.997952908,0.610695047607195,1.3881925251993024,1.5008260956128616e-06
0,0,1,SVR,10,W1,0.052450365,0.948417077,0.3990781203239083,1.3894771454170822,1.856244872711077e-06
0,0,1,SVR,10,W2,0.10252484,0.887833126,0.3741256390169001,1.384026472522573,4.658280813125692e-05
0,0,1,SVR,10,X1,0.001844034,0.998186463,0.50159916839703,1.3723970489826143,1.684200854934481e-06
0,0,1,SVR,10,X2,0.001950919,0.997865606,0.6113517522554923,1.3993894164257388,-6.466691664996915e-06
0,0,1,RF-R,10,W1,0.081245127,0.920098533,0.351661279315847,1.2745719582449009,0.0002700863605665571
0,0,1,RF-R,10,W2,0.121836319,0.866705482,0.36824227063893267,1.2899012735447541,7.309153640987498e-05
0,0,1,RF-R,10,X1,0.026511685,0.973926775,0.4406772653744186,1.2545578756546965,-0.0013027272411602286
0,0,1,RF-R,10,X2,0.016509906,0.981937406,0.555025707139809,1.2859724880433152,0.00021080390152162788
0,0,1,XGBoost-R,10,W1,0.057303823,0.928053348,0.38581310793915696,1.4002579991451305,0.0014094445252305521
0,0,1,XGBoost-R,10,W2,0.108567043,0.843905289,0.38442358309110797,1.3901566265184744,-0.009156481506423664
0,0,1,XGBoost-R,10,X1,0.004623141,0.991475705,0.48639577787839566,1.3843291677578378,-0.0006642139898013321
0,0,1,XGBoost-R,10,X2,0.00350773,0.993449539,0.5967568567560309,1.3824675317850672,-4.289010280144057e-05
0,0,1,MLP-R,10,W1,0.052373835,0.948492342,0.40301999463966254,1.385335531173271,-5.280007928731844e-06
0,0,1,MLP-R,10,W2,0.103276046,0.887011272,0.385404349460028,1.3895906920176668,-6.516773957240262e-05
0,0,1,MLP-R,10,X1,0.001822278,0.998207859,0.5024051585822511,1.3729107203214592,1.2364197173819758e-05
0,0,1,MLP-R,10,X2,0.001867652,0.997956703,0.6102452053969838,1.388811414855819,1.4387455652631332e-06
0,0,2,MLR,1,W1,0.108712125,0.875422604,0.9114325933594195,1.019327351897955,-1.4905288770772352e-05
0,0,2,MLR,1,W2,0.211806607,0.788813078,0.7149422453067642,0.8128610242651447,0.00016851941614107747
0,0,2,MLR,1,X1,0.001254422,0.99856251,1.1490414856241347,1.0058642435010579,-2.8075387435988476e-07
0,0,2,MLR,1,X2,0.001137524,0.998865804,1.121047667296758,0.8107447002036501,0.0
0,0,2,SVR,1,W1,0.108671123,0.875469591,0.9056989000760931,1.0156541681988442,-9.289527791001007e-06
0,0,2,SVR,1,W2,0.211744804,0.7888747,0.7252507934069946,0.8147226355602186,0.0003896309309895485
0,0,2,SVR,1,X1,0.00125492,0.998561939,1.1503713038712615,1.0061104941074401,-7.262292653797963e-07
0,0,2,SVR,1,X2,0.001143576,0.99885977,1.1212823168243102,0.8105393433232895,-2.542603597899262e-06
0,0,2,RF-R,1,W1,0.136451021,0.843635539,0.842727088534609,0.8940788847908335,0.0003112635677785636
0,0,2,RF-R,1,W2,0.245798973,0.754920164,0.6474503263906065,0.7225923478533105,0.004925154154253697
0,0,2,RF-R,1,X1,0.027253748,0.968768885,1.0440833176886117,0.8802581292386072,-0.003271658986862813
0,0,2,RF-R,1,X2,0.02482658,0.975246056,1.0256901687309279,0.7290923887286943,-0.00013937263520449327
0,0,2,XGBoost-R,1,W1,0.12109941,0.82502777,0.8991187602663258,1.007006193245452,0.011067166543112017
0,0,2,XGBoost-R,1,W2,0.221911675,0.694114668,0.7004513894160559,0.7967219875767786,-0.004551556621246811
0,0,2,XGBoost-R,1,X1,0.004267535,0.990883495,1.1364697110000088,0.9778168969170891,0.00013645425321721084
0,0,2,XGBoost-R,1,X2,0.00324241,0.992720199,1.1092124005188004,0.801870804040339,3.933664658017921e-06
0,0,2,MLP-R,1,W1,0.108454204,0.875718167,0.9141002313184441,1.0191464872158558,9.505535363829587e-05
0,0,2,MLP-R,1,W2,0.211867531,0.788752333,0.7149577149050241,0.8128081651536853,0.00016834819971806025
0,0,2,MLP-R,1,X1,0.001254781,0.998562098,1.1489905055409881,1.005820746084219,-1.7123925303286213e-07
0,0,2,MLP-R,1,X2,0.001139518,0.998863816,1.1207225235296314,0.8103924458422084,-1.8077268321703421e-06
0,0,2,MLR,2,W1,0.1053931,0.894470462,0.9388823850046049,0.8450173759871993,0.0
0,0,2,MLR,2,W2,0.232590062,0.762599704,0.7566017791293635,0.6677737463175173,-0.0003129673835590485
0,0,2,MLR,2,X1,0.001376331,0.998621887,1.1519358626511178,0.8573043155365474,2.221463914042765e-06
0,0,2,MLR,2,X2,0.000975665,0.999004157,1.2126759266390812,0.6710630357289655,3.8335951043633185e-07
0,0,2,SVR,2,W1,0.105316731,0.89454693,0.9482759725373564,0.8412242958372772,6.893327404533523e-06
0,0,2,SVR,2,W2,0.232075014,0.763125403,0.74829920767006,0.6634547552721559,5.1250592815166306e-05
0,0,2,SVR,2,X1,0.001374121,0.9986241,1.151430068401321,0.856765417491743,4.971348047377866e-06
0,0,2,SVR,2,X2,0.000974897,0.999004941,1.212971766850347,0.6718670022269275,1.6916302760794367e-07
0,0,2,RF-R,2,W1,0.130123256,0.869708291,0.8430972552171887,0.7860212512245182,0.0023093863611598708
0,0,2,RF-R,2,W2,0.251530552,0.743267502,0.707173430690546,0.6255697216502931,-0.0005761708769772556
0,0,2,RF-R,2,X1,0.018438272,0.981537859,1.0363632479786216,0.78096870079617,0.0016739653758369277
0,0,2,RF-R,2,X2,0.020533716,0.979041622,1.1003472007954649,0.6190343725463097,0.00034011161121765275
0,0,2,XGBoost-R,2,W1,0.115522715,0.835390948,0.9144197180776297,0.8443112379847989,-0.004493385371229397
0,0,2,XGBoost-R,2,W2,0.234053859,0.702285396,0.7800610784685007,0.6746461859815838,0.008067601156627446
0,0,2,XGBoost-R,2,X1,0.003392725,0.993930578,1.149299110718481,0.8503158718196115,8.277930916575916e-05
0,0,2,XGBoost-R,2,X2,0.003560167,0.994223439,1.198767963624126,0.6641122275309799,0.00023987315780237272
0,0,2,MLP-R,2,W1,0.104915858,0.894948322,0.9382913546836065,0.8464803308554227,2.757690131515167e-05
0,0,2,MLP-R,2,W2,0.232475642,0.76271649,0.7556710182416255,0.6643465943322705,-0.00010575392726005494
0,0,2,MLP-R,2,X1,0.00137015,0.998628076,1.1554029518769484,0.8542569751423189,1.9993608503121595e-05
0,0,2,MLP-R,2,X2,0.000974776,0.999005064,1.2129886366965443,0.6707662177998978,1.7761828603468643e-06
0,0,2,MLR,3,W1,0.10522084,0.906728715,0.9025779293962894,0.7987230404280232,0.0004065032199770502
0,0,2,MLR,3,W2,0.264534035,0.71935437,0.7870896397354422,0.7388055812831152,0.0008685198045995435
0,0,2,MLR,3,X1,0.001387284,0.998770265,1.130463519836125,0.8050923814097597,-1.3411418242070816e-06
0,0,2,MLR,3,X2,0.001044371,0.998892021,1.3056344316093724,0.7818365819567682,-9.043857714940984e-07
0,0,2,SVR,3,W1,0.104490433,0.907376173,0.9221902442298632,0.7924293724334607,0.0011262662171566463
0,0,2,SVR,3,W2,0.264163038,0.719747963,0.7643145892390282,0.7325141827872502,0.00042849722317753745
0,0,2,SVR,3,X1,0.001385997,0.998771406,1.1299969676521542,0.8057221334780198,-2.0015476542178947e-06
0,0,2,SVR,3,X2,0.001041592,0.99889497,1.3058698395425123,0.7813188471663863,-1.897690971253141e-07
0,0,2,RF-R,3,W1,0.131447009,0.883480959,0.8448211896106436,0.7211601309170914,0.0023134335737143297
0,0,2,RF-R,3,W2,0.287726391,0.694749471,0.6998839490315287,0.6651975190368365,-0.0011432294296414348
0,0,2,RF-R,3,X1,0.027894325,0.975273534,1.0120642936468418,0.7193325580933516,0.0004562895937910816
0,0,2,RF-R,3,X2,0.019147861,0.979685928,1.1870330552711839,0.7051687637162839,-0.0001574041929866987
0,0,2,XGBoost-R,3,W1,0.111489698,0.882279144,0.9112956133438435,0.8007883379846742,0.005367693290371978
0,0,2,XGBoost-R,3,W2,0.266231402,0.644485722,0.7946551806581382,0.7500417610874847,-0.011267200641070497
0,0,2,XGBoost-R,3,X1,0.003579892,0.993249698,1.109367013696756,0.7853398887038253,-3.281835421908852e-06
0,0,2,XGBoost-R,3,X2,0.002796819,0.994352671,1.2930872774825661,0.7724894074140308,7.80700400459633e-05
0,0,2,MLP-R,3,W1,0.105151841,0.906789879,0.9045342321698102,0.7986880909544352,0.00026545126690512565
0,0,2,MLP-R,3,W2,0.264541776,0.719346157,0.7869758291353272,0.7388121360043851,0.0008735498480614612
0,0,2,MLP-R,3,X1,0.001386926,0.998770583,1.1304117861770882,0.8051601113509074,-1.2578406822338906e-06
0,0,2,MLP-R,3,X2,0.001046575,0.998889683,1.3053772462729245,0.7814650058748793,-1.1214847851714894e-06
0,0,2,MLR,4,W1,0.111271211,0.890821714,0.9464363093985024,0.8934375167100616,-2.4626346556433366e-05
0,0,2,MLR,4,W2,0.22385008,0.789419114,0.7656858959120058,0.7818667889373253,0.0
0,0,2,MLR,4,X1,0.001050167,0.998969586,1.1395049646464668,0.9042003285829198,0.0
0,0,2,MLR,4,X2,0.001024097,0.999036608,1.2291568821109782,0.8225371244117656,1.0528008966947944e-06
0,0,2,SVR,4,W1,0.110780436,0.891303258,0.9309908159960585,0.8926652975620597,0.00013463802624118503
0,0,2,SVR,4,W2,0.223123834,0.79010231,0.7732945398236579,0.7719656827488173,0.00012228984618469773
0,0,2,SVR,4,X1,0.002229045,0.997812881,1.1312199986619889,0.8982374306841654,0.0011180675385404793
0,0,2,SVR,4,X2,0.001024699,0.999036042,1.2294042678035413,0.8217945950602275,4.30726843014817e-07
0,0,2,RF-R,4,W1,0.140483663,0.862158725,0.844456643500193,0.8064474298375399,0.0025290737520757165
0,0,2,RF-R,4,W2,0.25253922,0.762430585,0.691869362360569,0.6942070582100309,0.008684020214779953
0,0,2,RF-R,4,X1,0.028502859,0.972033258,1.0214953561772573,0.8041865356645858,0.0013074857719310273
0,0,2,RF-R,4,X2,0.029091229,0.972633216,1.1041258060395482,0.7160144224554312,0.0006485601570018762
0,0,2,XGBoost-R,4,W1,0.118398789,0.846711863,0.9171279688749954,0.8768403412337582,-0.0034430889772120166
0,0,2,XGBoost-R,4,W2,0.230262259,0.718430937,0.7547885453084981,0.7442127835438415,0.0035593437439931153
0,0,2,XGBoost-R,4,X1,0.00327764,0.993590132,1.1348637581362635,0.8880696508264622,1.598374297760996e-05
0,0,2,XGBoost-R,4,X2,0.003632899,0.991798872,1.231632357214352,0.7945217601288114,8.297719982042207e-06
0,0,2,MLP-R,4,W1,0.111309758,0.890783892,0.9463750686867168,0.8934539258828963,-2.4723458661723985e-05
0,0,2,MLP-R,4,W2,0.223609116,0.789645794,0.7596874557999801,0.784024383337002,0.0018926592205290027
0,0,2,MLP-R,4,X1,0.001053731,0.998966089,1.1394490446256906,0.904147897936441,-6.772241242569699e-07
0,0,2,MLP-R,4,X2,0.001023766,0.99903692,1.2293679077358015,0.8224183180540328,9.712117358673389e-07
0,0,2,MLR,5,W1,0.112864038,0.886205035,0.9208582917826688,0.8639800271735923,0.000170255131813557
0,0,2,MLR,5,W2,0.245690937,0.771493684,0.6907676920510136,0.8254920189879668,7.526702229162518e-05
0,0,2,MLR,5,X1,0.001156691,0.998833768,1.1802640512107365,0.8518944416296504,3.463184333862834e-07
0,0,2,MLR,5,X2,0.001055056,0.999018739,1.110855792850487,0.8562926420474353,0.0
0,0,2,SVR,5,W1,0.1129588,0.886109491,0.9221409684530153,0.8620954819248633,0.00033229892849904184
0,0,2,SVR,5,W2,0.245363619,0.771798108,0.6848505838247815,0.8201009560407304,0.0001082509149724964
0,0,2,SVR,5,X1,0.001156622,0.998833838,1.1801070799415982,0.8514434294242381,-5.442732403104777e-07
0,0,2,SVR,5,X2,0.00124471,0.99884235,1.1021049817114537,0.8424327637765863,-1.1224822212163587e-06
0,0,2,RF-R,5,W1,0.144049762,0.854762084,0.8137807439920989,0.7980813824332994,-0.0018816333647426631
0,0,2,RF-R,5,W2,0.300283719,0.720719343,0.6182292013778558,0.7064807837758623,-0.003167880007828849
0,0,2,RF-R,5,X1,0.023548624,0.976257142,1.0612735913289015,0.7735745653608095,-0.0007708474247584251
0,0,2,RF-R,5,X2,0.034861602,0.96757676,1.006652980584463,0.7224882873833267,-7.50754676239973e-05
0,0,2,XGBoost-R,5,W1,0.119206958,0.846875423,0.9118774167020233,0.8743010980290638,-0.0007034176420718241
0,0,2,XGBoost-R,5,W2,0.263336632,0.696829002,0.6673938534924887,0.7614800679076958,0.004420196894992234
0,0,2,XGBoost-R,5,X1,0.003297016,0.993362493,1.175719625207157,0.8597643604062812,1.1802172331376592e-05
0,0,2,XGBoost-R,5,X2,0.005840407,0.988793011,1.0988115954804922,0.8176615738943773,0.00013986795237990178
0,0,2,MLP-R,5,W1,0.112574291,0.886497172,0.9223259589543897,0.8661695529866718,0.00022827568706600409
0,0,2,MLP-R,5,W2,0.244985632,0.772149657,0.6852488297784818,0.8227168143750212,-0.00015903209349119596
0,0,2,MLP-R,5,X1,0.001156005,0.99883446,1.179749298650823,0.8517672965913785,6.869083263527642e-07
0,0,2,MLP-R,5,X2,0.001054992,0.999018798,1.1109366270861778,0.8563082670164587,-1.3778560350452552e-07
0,0,2,MLR,6,W1,0.114771829,0.879108607,1.03333560541058,0.8874023287380682,0.0
0,0,2,MLR,6,W2,0.214032308,0.774518698,0.6799341115187097,0.8298302113722225,0.0012213025695365421
0,0,2,MLR,6,X1,0.001157942,0.998780317,1.2610801792310766,0.9747629430405483,0.0
0,0,2,MLR,6,X2,0.0009615,0.998987068,1.1312949639212448,0.756390936012415,-7.174715684421517e-06
0,0,2,SVR,6,W1,0.114029334,0.879890691,1.0074501436469192,0.8642104437885306,-0.00042506964153158353
0,0,2,SVR,6,W2,0.212547805,0.77608261,0.68645112731139,0.8426471578839415,0.0038506022110563866
0,0,2,SVR,6,X1,0.001168319,0.998769387,1.2587212459456965,0.9753760659912546,-8.61008329483548e-06
0,0,2,SVR,6,X2,0.000961425,0.998987146,1.1311792115014734,0.7554544861437369,-7.177651069500968e-06
0,0,2,RF-R,6,W1,0.140303379,0.85221573,0.9230548382345585,0.7844160076859632,-0.0015998665789962007
0,0,2,RF-R,6,W2,0.254139923,0.73226565,0.602354008130605,0.745942202192859,-0.0021852497329570065
0,0,2,RF-R,6,X1,0.0260004,0.972613275,1.123107596524933,0.8684157760908366,0.0010310219758161154
0,0,2,RF-R,6,X2,0.018635439,0.980367716,1.0444353282011551,0.6924351211581898,0.00020370595451042474
0,0,2,XGBoost-R,6,W1,0.1183202,0.838431342,1.000603877668859,0.8831652228277038,-0.0003330153437379635
0,0,2,XGBoost-R,6,W2,0.231641793,0.656542915,0.6173237109284548,0.7969073614420628,-0.01916159067001504
0,0,2,XGBoost-R,6,X1,0.004205394,0.990761805,1.2511458359072676,0.9683268023156234,-0.0002463304556782231
0,0,2,XGBoost-R,6,X2,0.002675584,0.994735511,1.1277323146762206,0.7486459270453206,1.615741754363853e-05
0,0,2,MLP-R,6,W1,0.115180604,0.878678037,1.031768249454096,0.886870481406001,-0.0003969439171950362
0,0,2,MLP-R,6,W2,0.214031753,0.774519283,0.6798765472726684,0.8298642138432923,0.0012492901051574079
0,0,2,MLP-R,6,X1,0.001160676,0.998777438,1.2606833591178916,0.9748378250300112,-3.6941442978499772e-06
0,0,2,MLP-R,6,X2,0.000962048,0.99898649,1.1313058755730343,0.7563943438046073,-7.039537631148285e-06
0,0,2,MLR,7,W1,0.112931012,0.884336006,0.9060912742374914,0.9490460049002026,2.660293727261287e-05
0,0,2,MLR,7,W2,0.239422275,0.745693825,0.7713413289434877,0.875616798393241,0.0
0,0,2,MLR,7,X1,0.001106145,0.998867085,1.1521822441927863,0.9385720045560213,-2.363833035812224e-06
0,0,2,MLR,7,X2,0.001132632,0.998796957,1.2764264092505708,0.8936712524564054,-1.177549617370488e-07
0,0,2,SVR,7,W1,0.112913155,0.884354295,0.9069460527695112,0.9708275718225663,-0.00030549667718990923
0,0,2,SVR,7,W2,0.239485851,0.745626297,0.7726919461178923,0.8685580398143509,2.085621492292633e-05
0,0,2,SVR,7,X1,0.001107849,0.998865341,1.151644550371043,0.9400547576769608,-2.8958005263257645e-06
0,0,2,SVR,7,X2,0.001184388,0.998741984,1.283443417888344,0.8913431219246574,9.495582328289398e-06
0,0,2,RF-R,7,W1,0.142336527,0.854218864,0.8467463531801469,0.8559033877706039,0.0008947846473562504
0,0,2,RF-R,7,W2,0.260513767,0.723291161,0.6943898723729348,0.7572711233107955,-0.002082486058387634
0,0,2,RF-R,7,X1,0.025223273,0.974166313,1.0494605120313238,0.8405445341441776,0.0005676315874584836
0,0,2,RF-R,7,X2,0.023005887,0.975563932,1.1565287053115445,0.7897997290278242,-0.0030098430026922808
0,0,2,XGBoost-R,7,W1,0.124375109,0.842120946,0.9066876013589388,0.9402599807895344,0.004755296971257361
0,0,2,XGBoost-R,7,W2,0.247038892,0.650282453,0.741988061777594,0.8196333447627522,-0.0013554032499449643
0,0,2,XGBoost-R,7,X1,0.003454128,0.995242465,1.1376256142418724,0.9297170189613105,0.0002942299650262714
0,0,2,XGBoost-R,7,X2,0.003870662,0.990421009,1.2600937994690131,0.8741809460341121,-0.00057579610081121
0,0,2,MLP-R,7,W1,0.11305752,0.884206436,0.9052264802680418,0.9432909767296576,0.00015254563558239064
0,0,2,MLP-R,7,W2,0.239514369,0.745596006,0.7717328260444243,0.8750751222926801,-0.00016765483861644893
0,0,2,MLP-R,7,X1,0.001105879,0.998867358,1.1517320277845189,0.9387179994043333,-2.5553668245525963e-06
0,0,2,MLP-R,7,X2,0.001135595,0.99879381,1.276494885898681,0.8934200132635823,3.0610167955913425e-08
0,0,2,MLR,8,W1,0.117207642,0.868064845,0.9388537948868587,0.9235466269709386,0.0
0,0,2,MLR,8,W2,0.227102947,0.785350604,0.7631659570101107,0.7598814711837713,-0.0003572391220016513
0,0,2,MLR,8,X1,0.001096978,0.998765184,1.2132941756754172,0.9603240641325537,-1.857134969140972e-08
0,0,2,MLR,8,X2,0.001043853,0.999013388,1.248594222665449,0.7546303004613641,-3.300674914441526e-06
0,0,2,SVR,8,W1,0.117551077,0.867678257,0.9321455208306458,0.9149874685211021,-0.00016084130016403854
0,0,2,SVR,8,W2,0.226551182,0.785872113,0.7649087618003689,0.7622051823987246,7.810162269117349e-05
0,0,2,SVR,8,X1,0.001097923,0.99876412,1.2102711184919206,0.9603174657434433,-2.128518856725492e-07
0,0,2,SVR,8,X2,0.002958439,0.997203792,1.2280825358737804,0.7574684947948223,0.0006534484452156875
0,0,2,RF-R,8,W1,0.144379744,0.837478482,0.8516371216609869,0.831179274497444,-0.002554902211774135
0,0,2,RF-R,8,W2,0.261944758,0.752419399,0.7137560795741088,0.7079685227153395,0.001312582559441311
0,0,2,RF-R,8,X1,0.023535392,0.973507312,1.0894967897341736,0.846078108198933,-0.0014907374399126371
0,0,2,RF-R,8,X2,0.02578671,0.975627345,1.1298883792807721,0.6962470257899585,0.0021316105274517883
0,0,2,XGBoost-R,8,W1,0.125590128,0.810258794,0.9353380786043974,0.8981142534481041,0.0030885420494806025
0,0,2,XGBoost-R,8,W2,0.238997251,0.714463778,0.7550301984382366,0.7708741942278934,0.0030830029646714994
0,0,2,XGBoost-R,8,X1,0.00428296,0.990752821,1.2019184673739534,0.9397966351767588,4.5989546304126e-05
0,0,2,XGBoost-R,8,X2,0.003938896,0.993596297,1.22202274926996,0.7497405750834452,-0.00032009445299132635
0,0,2,MLP-R,8,W1,0.117480131,0.867758118,0.9407203918338158,0.9222563661629415,-0.0001300037175756108
0,0,2,MLP-R,8,W2,0.2241985,0.788095781,0.8039137726426684,0.7981063722114026,0.0006878969754479658
0,0,2,MLP-R,8,X1,0.001092204,0.998770558,1.2128255839778868,0.9602182695171475,-3.549370628519455e-07
0,0,2,MLP-R,8,X2,0.001040325,0.999016722,1.2480563529578608,0.7551107784299123,3.984949009216976e-06
0,0,2,MLR,9,W1,0.108945218,0.892987789,0.859255116216494,0.9858519008564002,0.0
0,0,2,MLR,9,W2,0.210473827,0.789151834,0.743591527496824,0.8373047944156108,9.624636867954229e-05
0,0,2,MLR,9,X1,0.000983533,0.999033918,1.0719991280630494,1.020995485687728,-1.4089204350198336e-06
0,0,2,MLR,9,X2,0.000935094,0.999063243,1.195733094347776,0.8404957501436311,0.0
0,0,2,SVR,9,W1,0.109229046,0.892708997,0.8582083785011123,0.9724928370187798,-0.000295033808719436
0,0,2,SVR,9,W2,0.209751321,0.789875625,0.7585219521044461,0.8524362923128306,8.939638937787154e-05
0,0,2,SVR,9,X1,0.002709092,0.997338976,1.0658457561561958,1.0131862995300014,0.0001707608820896489
0,0,2,SVR,9,X2,0.000935439,0.999062897,1.1950984782763256,0.8413758386288105,-8.994120144212303e-07
0,0,2,RF-R,9,W1,0.129555471,0.872743221,0.750121532074799,0.8628497026304582,0.006191702221923989
0,0,2,RF-R,9,W2,0.230427179,0.769162995,0.6843498295632628,0.7668131785511985,0.009321996977348312
0,0,2,RF-R,9,X1,0.028816403,0.971694884,0.9445777199879222,0.8866119110805724,0.0024592845507337645
0,0,2,RF-R,9,X2,0.017689468,0.98227907,1.0808384418357257,0.7576506044809382,0.0020919154972444563
0,0,2,XGBoost-R,9,W1,0.107804885,0.86042349,0.83386925579125,0.9739788059852155,0.0044541007567745925
0,0,2,XGBoost-R,9,W2,0.213480229,0.721302635,0.7583052521596103,0.7988800044550161,0.014405889241898683
0,0,2,XGBoost-R,9,X1,0.003136037,0.992645435,1.0572058005305454,1.0009240352423578,-0.0004681180114138983
0,0,2,XGBoost-R,9,X2,0.002216114,0.995516153,1.1937851548802447,0.8380430039045687,5.78596024268796e-06
0,0,2,MLP-R,9,W1,0.109483884,0.89245868,0.8584392938774446,0.9775297966265324,-0.00043523102126782345
0,0,2,MLP-R,9,W2,0.210440359,0.789185362,0.7451074987863925,0.8379825703630568,9.7670885761858e-05
0,0,2,MLP-R,9,X1,0.000979092,0.99903828,1.0722040205648953,1.020388744531699,9.838498267966679e-07
0,0,2,MLP-R,9,X2,0.00093523,0.999063107,1.195329205203755,0.8406668783080613,-2.832886922821132e-07
0,0,2,MLR,10,W1,0.107712272,0.893450992,0.9334738881856637,0.8546100013762811,0.00013372077330002784
0,0,2,MLR,10,W2,0.229982116,0.774073502,0.6768135414457122,0.791565136725504,0.0
0,0,2,MLR,10,X1,0.001123523,0.998888611,1.156452608880929,0.8721904513099927,0.0
0,0,2,MLR,10,X2,0.001099256,0.998920129,1.097062453781984,0.8153273661202768,1.1404355129585042e-06
0,0,2,SVR,10,W1,0.107599379,0.893562667,0.9488007431766297,0.8422898641477614,0.00019319988256558674
0,0,2,SVR,10,W2,0.230354918,0.773707275,0.6770961280505317,0.7937329126814034,-0.00026522930390474595
0,0,2,SVR,10,X1,0.001378093,0.99863679,1.1775931079691628,0.870066352933709,1.0074627694089954e-06
0,0,2,SVR,10,X2,0.001714306,0.998315924,1.0729905639002226,0.8027875670658153,7.6267973875066e-05
0,0,2,RF-R,10,W1,0.135040543,0.86641786,0.8329081898707938,0.7503155964737163,0.0065500573249926974
0,0,2,RF-R,10,W2,0.258013329,0.746536605,0.6190516953965728,0.7215325130551059,0.006569608844330765
0,0,2,RF-R,10,X1,0.029056882,0.971256925,1.0171312221245263,0.770932965522319,-0.001612169723989121
0,0,2,RF-R,10,X2,0.020052568,0.980301049,1.0065814654964993,0.7279639908960615,0.0018205312811870433
0,0,2,XGBoost-R,10,W1,0.118267297,0.847106392,0.9168955647607442,0.8354748204868567,-0.005001344381242034
0,0,2,XGBoost-R,10,W2,0.237718516,0.679913898,0.6564230765124759,0.7590229429023067,-0.013957357890739697
0,0,2,XGBoost-R,10,X1,0.005132345,0.990879794,1.1258225433599036,0.853351479731922,-0.00030695561437523724
0,0,2,XGBoost-R,10,X2,0.003212574,0.994936766,1.0904666776901462,0.8102991715664716,0.00028149383981406205
0,0,2,MLP-R,10,W1,0.107741813,0.893421771,0.9334666335735842,0.8544712373879244,0.0001322713992721658
0,0,2,MLP-R,10,W2,0.230909134,0.773162832,0.6765487737160308,0.7924134868987661,-0.0003275686290819979
0,0,2,MLP-R,10,X1,0.001124353,0.998887789,1.1565475492456532,0.8721090487878997,-3.646787009370378e-07
0,0,2,MLP-R,10,X2,0.001098638,0.998920736,1.0968945923855937,0.8152985101651063,1.6005957321874043e-06
0,1,0,MLR,1,W1,0.155348971,0.846772348,1.266807313892461,0.26868786783907106,4.7732894246166337e-05
0,1,0,MLR,1,W2,0.30206095,0.685882536,1.0733111506380903,0.22803460302123263,0.0
0,1,0,MLR,1,X1,0.001483303,0.998536952,1.5733096920865088,0.2885657592708456,4.632311870733652e-06
0,1,0,MLR,1,X2,0.00141446,0.998529083,1.7370381259136416,0.2599508765878516,4.8490086301811174e-08
0,1,0,SVR,1,W1,0.155554819,0.84656931,1.2782830830566305,0.2695645055961736,-3.190958758041429e-05
0,1,0,SVR,1,W2,0.302093814,0.68584836,1.071523517304184,0.21979314168238026,-3.754101415409661e-05
0,1,0,SVR,1,X1,0.002044607,0.997983312,1.5632370166283713,0.2873588705144436,0.00015882047752806548
0,1,0,SVR,1,X2,0.001410551,0.998533148,1.73470634008968,0.25999236650510993,1.1564685085452275e-06
0,1,0,RF-R,1,W1,0.179320748,0.82312791,1.1451312014751829,0.2603440323619452,0.002831775406508552
0,1,0,RF-R,1,W2,0.321281008,0.665895326,1.0122200701731037,0.21973350581826617,0.0032223217480244924
0,1,0,RF-R,1,X1,0.0179602,0.98228505,1.448680074565996,0.26141374760756286,0.0010644621284154553
0,1,0,RF-R,1,X2,0.023896323,0.975149875,1.5876850068740658,0.23257599630067,-0.0015485502586948252
0,1,0,XGBoost-R,1,W1,0.154105225,0.804048555,1.2875941569235516,0.28190921365927374,-0.0027832433509659025
0,1,0,XGBoost-R,1,W2,0.316363727,0.608860692,1.1356285999682045,0.2636625994517179,0.008761001262920298
0,1,0,XGBoost-R,1,X1,0.00392988,0.995776016,1.5718877776324591,0.28140516085144684,0.0004177839111092041
0,1,0,XGBoost-R,1,X2,0.002915745,0.994126044,1.728747459768418,0.2549834706946143,-0.00043964509123959326
0,1,0,MLP-R,1,W1,0.154276012,0.847830655,1.2457256565364534,0.2701150712302879,0.002572172834789899
0,1,0,MLP-R,1,W2,0.302667472,0.685251806,1.0825412822077283,0.22552750633065513,-0.00017740892075168713
0,1,0,MLP-R,1,X1,0.001482755,0.998537492,1.5732668665562286,0.2886820704580623,4.68166553168059e-06
0,1,0,MLP-R,1,X2,0.001414151,0.998529404,1.7368558606424755,0.2599927471351654,1.1498274204990722e-07
0,1,0,MLR,2,W1,0.168953058,0.842052952,1.2271744597997254,0.31621531605295106,0.0
0,1,0,MLR,2,W2,0.325173005,0.650938946,1.0727830163548269,0.3214750148284159,-0.0008149936727990581
0,1,0,MLR,2,X1,0.001887672,0.998235296,1.6060252587791417,0.32747057899342735,2.372659470917249e-06
0,1,0,MLR,2,X2,0.001353434,0.998547139,1.7522084224931995,0.31361937941796836,-1.0108991178259253e-06
0,1,0,SVR,2,W1,0.169696181,0.841358239,1.2396970195018007,0.3051017796318696,-0.0006920303219340229
0,1,0,SVR,2,W2,0.325876565,0.650183701,1.0820110713004842,0.31597923880884554,-0.0006144750082073714
0,1,0,SVR,2,X1,0.001888797,0.998234244,1.6059117063531456,0.327079799616582,1.0890456570433749e-06
0,1,0,SVR,2,X2,0.001345623,0.998555524,1.7512409918305636,0.3132279876911904,3.9728816734196926e-06
0,1,0,RF-R,2,W1,0.211642388,0.802144509,1.116103576178863,0.2882279063685759,0.0009132932538326588
0,1,0,RF-R,2,W2,0.339975502,0.63504902,0.9620667748781331,0.2983912335100075,-0.0006917763185212755
0,1,0,RF-R,2,X1,0.02728796,0.974489644,1.4267900308840553,0.2957746475899478,0.002852621934436006
0,1,0,RF-R,2,X2,0.014947752,0.983954147,1.6351088170588781,0.2756930947326231,0.0035271208001028897
0,1,0,XGBoost-R,2,W1,0.179075218,0.766144181,1.1924554040984636,0.28371814074018864,-0.010403911216076566
0,1,0,XGBoost-R,2,W2,0.318984525,0.559006061,1.042065542422562,0.31371627581419387,0.0028469028885827587
0,1,0,XGBoost-R,2,X1,0.004287131,0.992861468,1.5916694250239145,0.32237450053769784,-3.285006187152551e-05
0,1,0,XGBoost-R,2,X2,0.002992693,0.994758309,1.747253071838894,0.3071914037162539,8.058664447614383e-05
0,1,0,MLP-R,2,W1,0.170008643,0.841066131,1.2292301256804816,0.31444127417159,-0.0007533816806241545
0,1,0,MLP-R,2,W2,0.325402587,0.650692499,1.0615341932188023,0.3132457288751159,-0.0006053944116056643
0,1,0,MLP-R,2,X1,0.001894742,0.998228686,1.6059670515459594,0.32748870067390756,2.387803044889836e-06
0,1,0,MLP-R,2,X2,0.001351694,0.998549007,1.7513257708979744,0.3135078144664697,-7.914707099043738e-07
0,1,0,MLR,3,W1,0.164662119,0.820753111,1.369589804231312,0.33787108742568245,0.0
0,1,0,MLR,3,W2,0.304947873,0.693036842,0.9833816352904104,0.2894414010796101,0.00019937599396013805
0,1,0,MLR,3,X1,0.00161442,0.998242584,1.6706166565016194,0.3371191043776198,0.0
0,1,0,MLR,3,X2,0.001427656,0.998562909,1.6083473034668632,0.26160851641147553,0.0
0,1,0,SVR,3,W1,0.164849406,0.820549235,1.373821328694829,0.34005941624526714,-0.000215901167844168
0,1,0,SVR,3,W2,0.304996104,0.692988292,0.9793963098855964,0.288531185681011,7.448021908844638e-05
0,1,0,SVR,3,X1,0.001617911,0.998238785,1.6691847873077308,0.3372746490772456,-2.2988742329199674e-06
0,1,0,SVR,3,X2,0.001421945,0.998568658,1.6079693136528843,0.2610279620682018,-6.967690840742336e-07
0,1,0,RF-R,3,W1,0.188466051,0.794840772,1.2413852925687248,0.2979797799927586,-1.2403060257859533e-05
0,1,0,RF-R,3,W2,0.335789079,0.661991817,0.88911406948042,0.2632681750177504,0.0010272756269486317
0,1,0,RF-R,3,X1,0.014936084,0.983740969,1.5665448517512184,0.29817020258292376,0.0006204298749250992
0,1,0,RF-R,3,X2,0.024907071,0.974928328,1.4846080748059307,0.2366038950534926,-0.001625073081463313
0,1,0,XGBoost-R,3,W1,0.171627742,0.739956825,1.319068365553274,0.30627465367747514,-0.008331612186893888
0,1,0,XGBoost-R,3,W2,0.326092149,0.566117433,0.9778786331549598,0.30190266567198737,-0.0023576813189425836
0,1,0,XGBoost-R,3,X1,0.004059876,0.993090319,1.6728207520586047,0.3332869000904729,-0.000641057944139356
0,1,0,XGBoost-R,3,X2,0.00393942,0.992245424,1.6003406120979868,0.258758195226803,-0.00032664306848484426
0,1,0,MLP-R,3,W1,0.165597044,0.819735377,1.3744892371935198,0.3369685364041929,-0.00035339635610408536
0,1,0,MLP-R,3,W2,0.304674732,0.693311788,0.9788262224170919,0.29093096233330323,0.00020854486391070904
0,1,0,MLP-R,3,X1,0.001615286,0.998241642,1.6711303206794135,0.33694884709046874,-1.3709175702647514e-06
0,1,0,MLP-R,3,X2,0.001427091,0.998563478,1.6075916344513768,0.26167293574597605,1.0460868294925874e-07
0,1,0,MLR,4,W1,0.151459112,0.858509511,1.3489043601052257,0.3126372935229295,-0.00021791162011156607
0,1,0,MLR,4,W2,0.312529959,0.695648126,1.0681542278284308,0.2652469502619439,1.2993418203466334e-05
0,1,0,MLR,4,X1,0.001701583,0.99841041,1.6548332636755916,0.33860091289806754,0.0
0,1,0,MLR,4,X2,0.001535555,0.998504627,1.7073616150003292,0.2850542577927164,1.5084393387154726e-06
0,1,0,SVR,4,W1,0.151018869,0.858920778,1.348951232509073,0.3154683357403223,-9.340055730681086e-05
0,1,0,SVR,4,W2,0.31283307,0.695352947,1.0645524436365985,0.26008867232985644,-6.109995386945898e-05
0,1,0,SVR,4,X1,0.001699694,0.998412175,1.6560863300872608,0.3385351549195037,-3.695128279912474e-07
0,1,0,SVR,4,X2,0.001538794,0.998501473,1.7084752455377081,0.28551938629293594,-2.7228603400542007e-06
0,1,0,RF-R,4,W1,0.186937947,0.825365795,1.2015258402475655,0.2742577866656698,0.007049895792741778
0,1,0,RF-R,4,W2,0.352655303,0.656572755,0.9492765853352194,0.24736919955852907,-0.004796699796937265
0,1,0,RF-R,4,X1,0.024341718,0.977260387,1.490276428886288,0.2987559605619544,0.0021719325004539323
0,1,0,RF-R,4,X2,0.02518787,0.97547123,1.5660171716989661,0.2514074560289637,0.0002874776959908565
0,1,0,XGBoost-R,4,W1,0.168170199,0.809023082,1.3303904376259532,0.3038283924891161,0.005987921045827205
0,1,0,XGBoost-R,4,W2,0.326369591,0.59267911,1.0735911597868444,0.2882116377710415,-0.008519473057145977
0,1,0,XGBoost-R,4,X1,0.004177092,0.994533055,1.6436567973117078,0.3321664167534483,-0.00011134245519479613
0,1,0,XGBoost-R,4,X2,0.003892512,0.993599683,1.693635741586921,0.28228858652809574,-6.377005659866653e-05
0,1,0,MLP-R,4,W1,0.151415142,0.858550586,1.3506633687819523,0.31114403756532755,-0.0002045517055451862
0,1,0,MLP-R,4,W2,0.312909075,0.69527893,1.0680865928464909,0.2652668125472503,1.3482740676473703e-05
0,1,0,MLP-R,4,X1,0.001694788,0.998416758,1.65611774948846,0.33860209290904897,-3.942197280726312e-07
0,1,0,MLP-R,4,X2,0.001531509,0.998508566,1.7080629423953877,0.2835983919439583,5.321818751169438e-06
0,1,0,MLR,5,W1,0.148402237,0.846007134,1.371042903239064,0.37004313754830775,0.0
0,1,0,MLR,5,W2,0.324508731,0.668581661,1.1243172887248833,0.24183974425083762,-0.0006028285562812097
0,1,0,MLR,5,X1,0.001729773,0.998205062,1.694837210871441,0.3418103722496951,0.0
0,1,0,MLR,5,X2,0.001268068,0.998704931,1.8457047693475577,0.25525200869789283,0.0
0,1,0,SVR,5,W1,0.148526482,0.845878208,1.3614492982642707,0.3857798716681581,-0.0005918676911344956
0,1,0,SVR,5,W2,0.323890206,0.669213355,1.1324402578953674,0.23934339769929416,-0.0005817528952678063
0,1,0,SVR,5,X1,0.00184281,0.998087768,1.6800162331077828,0.33606306417243403,8.222693480308685e-06
0,1,0,SVR,5,X2,0.001274826,0.998698029,1.8460541998895799,0.25488739305839864,5.61455988845605e-07
0,1,0,RF-R,5,W1,0.183620611,0.809462008,1.21767732966105,0.3308192094598734,0.0035206981946193207
0,1,0,RF-R,5,W2,0.362858408,0.629415423,1.0179938552190138,0.21218525773308752,-0.00857303295874683
0,1,0,RF-R,5,X1,0.032551335,0.966222387,1.5219204729146205,0.2924337433186275,-0.00497285014381873
0,1,0,RF-R,5,X2,0.017171486,0.98246289,1.7037584869338684,0.22266808921033135,-0.0001479757938647297
0,1,0,XGBoost-R,5,W1,0.161801862,0.778226257,1.3377478787112893,0.35706139958149896,-0.0013961470611335235
0,1,0,XGBoost-R,5,W2,0.334671871,0.559397016,1.0900885622401497,0.20988962126735705,-0.019595204766286855
0,1,0,XGBoost-R,5,X1,0.004481173,0.993419581,1.691266560828538,0.33539273438162154,-0.0003655586872142069
0,1,0,XGBoost-R,5,X2,0.004007864,0.993448818,1.8415653538180947,0.2453522996346585,-0.00039812728712478317
0,1,0,MLP-R,5,W1,0.149223088,0.845155359,1.3735246753832266,0.3724691927308453,-0.0009609947298918065
0,1,0,MLP-R,5,W2,0.324076594,0.669022999,1.1269351764617395,0.23871164062180988,-0.000643321882063852
0,1,0,MLP-R,5,X1,0.001728045,0.998206855,1.6937942932681402,0.3418340850035746,-2.112330117165495e-06
0,1,0,MLP-R,5,X2,0.001270799,0.998702143,1.8468015436897083,0.2553479493314587,5.99922473487613e-07
0,1,0,MLR,6,W1,0.177737424,0.82903044,1.3404015444022002,0.35543480156263957,0.00011632297088752797
0,1,0,MLR,6,W2,0.341322374,0.664154929,1.1312153151908482,0.24296724436895642,0.0
0,1,0,MLR,6,X1,0.001641667,0.998420845,1.6330411981041704,0.3600646202917075,5.01142602916671e-06
0,1,0,MLR,6,X2,0.001437622,0.998585448,1.8035915041862185,0.24885450211895743,0.0
0,1,0,SVR,6,W1,0.177370072,0.829383804,1.3351630380880626,0.35830246559057655,5.5868127703440075e-05
0,1,0,SVR,6,W2,0.342667783,0.662831111,1.1373741118899463,0.24656932305087578,0.000679028186433761
0,1,0,SVR,6,X1,0.002285092,0.997801919,1.6313967925865263,0.3559712310729034,1.5388217467238176e-05
0,1,0,SVR,6,X2,0.001438053,0.998585024,1.802851112812003,0.24850077554266986,1.3563438476027478e-06
0,1,0,RF-R,6,W1,0.195490025,0.811953821,1.2402658111618166,0.30401047159008854,0.0013027215523229497
0,1,0,RF-R,6,W2,0.371072125,0.634882582,1.0250696808678934,0.25530380406267467,0.010212870602951096
0,1,0,RF-R,6,X1,0.017070232,0.983579766,1.5140059761531628,0.3060551296021553,0.0009424527892370471
0,1,0,RF-R,6,X2,0.02471107,0.975685476,1.6401858673009335,0.22080732035169204,-0.0005356406352799437
0,1,0,XGBoost-R,6,W1,0.181777572,0.771261007,1.3445803375713943,0.3611059564031704,0.004211139011903187
0,1,0,XGBoost-R,6,W2,0.347142259,0.578967877,1.1412261548030582,0.2927759773227444,0.015844529608097613
0,1,0,XGBoost-R,6,X1,0.004312319,0.994552859,1.6293336792737416,0.3531797906708997,0.00017224831504080161
0,1,0,XGBoost-R,6,X2,0.003989159,0.991215,1.7909543126388852,0.24494529636821097,-0.0009785702615731306
0,1,0,MLP-R,6,W1,0.175416712,0.831262784,1.3576851336812923,0.3616902174832607,0.00048315766624756895
0,1,0,MLP-R,6,W2,0.341603321,0.66387849,1.1381788354703937,0.23995420417082328,0.0005305904239414572
0,1,0,MLP-R,6,X1,0.001640806,0.998421673,1.6329443893638191,0.3604015973943425,4.286383490192947e-06
0,1,0,MLP-R,6,X2,0.001431813,0.998591164,1.8045164570415746,0.24873270948258294,-1.7730503947266385e-06
0,1,0,MLR,7,W1,0.156729499,0.846312983,1.4805739422322832,0.32876697020091716,8.926925913723682e-05
0,1,0,MLR,7,W2,0.312433717,0.688562543,1.2771659124328125,0.2547455801601747,-0.0007899214841949776
0,1,0,MLR,7,X1,0.001769176,0.998265167,1.821352096819912,0.32477896531126926,0.0
0,1,0,MLR,7,X2,0.001396663,0.99860779,1.8273604621008044,0.2666767341975275,6.731796114101129e-07
0,1,0,SVR,7,W1,0.156728354,0.846314106,1.4781548755643272,0.32903463648246933,6.467559902512132e-05
0,1,0,SVR,7,W2,0.311543252,0.68945017,1.2672761384666429,0.25200641628778947,-0.0005401937088225339
0,1,0,SVR,7,X1,0.001770443,0.998263926,1.8212433014803033,0.3245904731815403,-6.976653730395022e-07
0,1,0,SVR,7,X2,0.001993078,0.998013277,1.80621648105685,0.26348198121426636,0.0006794591996730492
0,1,0,RF-R,7,W1,0.193869554,0.809893903,1.3046728305168014,0.29096076703419127,-0.00044608096213948344
0,1,0,RF-R,7,W2,0.349618263,0.651496568,1.1078253632859212,0.2113808556687391,0.006719286033238925
0,1,0,RF-R,7,X1,0.023636676,0.976822166,1.628663698896944,0.28614179959797464,0.0008826254665109557
0,1,0,RF-R,7,X2,0.021745971,0.978323371,1.637325805938093,0.2340159562251105,0.00334196603241107
0,1,0,XGBoost-R,7,W1,0.166923627,0.77750364,1.4533367261912087,0.2998217867097372,-0.007108342402845036
0,1,0,XGBoost-R,7,W2,0.323262121,0.569537099,1.2371216514360437,0.23366030952808292,0.0069463598458910925
0,1,0,XGBoost-R,7,X1,0.005207134,0.991034269,1.8078166808426297,0.3168139524720482,0.00035112283811450373
0,1,0,XGBoost-R,7,X2,0.004381598,0.993384463,1.8181401711039868,0.25459908380800267,-0.0006009576133084282
0,1,0,MLP-R,7,W1,0.156537799,0.846500961,1.4830555882611915,0.33338985478798167,0.00011282116803866815
0,1,0,MLP-R,7,W2,0.311747344,0.689246728,1.26706726957547,0.25302255206937047,-0.0007015058637540594
0,1,0,MLP-R,7,X1,0.001769891,0.998264466,1.821216946318517,0.3247379141442967,-4.3918100310902376e-07
0,1,0,MLP-R,7,X2,0.001395879,0.998608572,1.8276032281563612,0.26686801208243277,7.369187469130623e-07
0,1,0,MLR,8,W1,0.192117255,0.805418564,1.2621584071754754,0.32806627664654947,-2.2904890395580855e-06
0,1,0,MLR,8,W2,0.324013481,0.662822246,1.0331787997110884,0.3017304709967722,0.0
0,1,0,MLR,8,X1,0.001621688,0.998357512,1.6417843746794858,0.32463409268794335,5.819272750007265e-07
0,1,0,MLR,8,X2,0.001136758,0.998817057,1.7279281912121605,0.2899416505453093,1.4212003163982524e-06
0,1,0,SVR,8,W1,0.191756306,0.805784142,1.2684023025959215,0.3310363506960437,-1.945109556755753e-06
0,1,0,SVR,8,W2,0.323659415,0.663190698,1.0362928206464612,0.2932682785387433,-3.0560525660328076e-05
0,1,0,SVR,8,X1,0.001623543,0.998355633,1.6420532485068797,0.32539650830453015,4.7816253680998955e-06
0,1,0,SVR,8,X2,0.001141001,0.998812642,1.7272783632565005,0.2910933546416475,-2.289745404615573e-06
0,1,0,RF-R,8,W1,0.21665179,0.780569338,1.1590061850564841,0.30094481377367377,-0.002454315666519513
0,1,0,RF-R,8,W2,0.346113924,0.639823889,0.9061776488116555,0.26572088071354216,0.0024382100535555893
0,1,0,RF-R,8,X1,0.021252323,0.978475085,1.503962879087809,0.2883106580545692,-0.0029076188371290113
0,1,0,RF-R,8,X2,0.016749079,0.982570426,1.5887776081153653,0.2591276031811652,0.0014541216361938169
0,1,0,XGBoost-R,8,W1,0.203963238,0.748165424,1.2584568105454579,0.32455672876488706,-0.003394892485284173
0,1,0,XGBoost-R,8,W2,0.339459848,0.54654294,1.03809056626321,0.3050296313138537,-0.012274942824359869
0,1,0,XGBoost-R,8,X1,0.004115216,0.990473513,1.6412399909727238,0.3201320681556327,-0.0019481211900789996
0,1,0,XGBoost-R,8,X2,0.002796208,0.995718654,1.7210755367317314,0.28563550154607154,-3.437220367161764e-05
0,1,0,MLP-R,8,W1,0.191547815,0.805995308,1.2494015854342917,0.32400812343643104,0.0018149326545475297
0,1,0,MLP-R,8,W2,0.32380889,0.663035149,1.0253735377715747,0.29780908953937935,1.940347524709285e-06
0,1,0,MLP-R,8,X1,0.001602647,0.998376797,1.6390057000036287,0.32514009894564005,-1.6064167716933752e-06
0,1,0,MLP-R,8,X2,0.0011397,0.998813996,1.7275784344027982,0.28994970956153143,1.5161457543211298e-06
0,1,0,MLR,9,W1,0.15617192,0.824012324,1.2699182215283578,0.3856530142894973,0.0007455142900680278
0,1,0,MLR,9,W2,0.335969463,0.667446791,1.0693284832881442,0.23420879042441828,1.3434005638113256e-05
0,1,0,MLR,9,X1,0.001530272,0.99827556,1.6157083212170715,0.37505206893979964,1.7369758422480785e-06
0,1,0,MLR,9,X2,0.001418412,0.998596011,1.771725495011212,0.26593769247729865,3.4829722346252366e-07
0,1,0,SVR,9,W1,0.155929988,0.824284953,1.287316788813386,0.36631327481917386,7.031794234378941e-05
0,1,0,SVR,9,W2,0.334024013,0.669372459,1.0672292809201824,0.21886348667100536,5.4161659454821095e-06
0,1,0,SVR,9,X1,0.00175114,0.998026668,1.6100356675279055,0.3737315914434747,0.00025224782589632343
0,1,0,SVR,9,X2,0.001418787,0.99859564,1.7728451108746008,0.2654295007340531,3.25605664852624e-07
0,1,0,RF-R,9,W1,0.174232366,0.803660291,1.2146652539355987,0.34776098002602407,0.0006258898725101769
0,1,0,RF-R,9,W2,0.353869521,0.649728746,0.9770475652028567,0.22940946867219392,0.0015222237769883962
0,1,0,RF-R,9,X1,0.015834826,0.982155984,1.4935040836937217,0.33951574606818974,0.0010821113565672614
0,1,0,RF-R,9,X2,0.022865656,0.97736685,1.6079648658058487,0.24301040546803257,-0.0004165886920211692
0,1,0,XGBoost-R,9,W1,0.162630616,0.763893326,1.2788699080062538,0.37324151897255087,-0.01237683357096534
0,1,0,XGBoost-R,9,W2,0.350118604,0.568733189,1.0996538272544079,0.2301998494787126,0.010725324381125367
0,1,0,XGBoost-R,9,X1,0.003041355,0.994437658,1.6156243695414918,0.3694369816764788,0.0004283986448803012
0,1,0,XGBoost-R,9,X2,0.003625763,0.994780267,1.765248870710589,0.26140191658716383,-0.0002217921086622665
0,1,0,MLP-R,9,W1,0.156564522,0.823569907,1.2699446100525114,0.38566376284662224,0.0007465959940731292
0,1,0,MLP-R,9,W2,0.332788395,0.670595512,1.0835526407908183,0.23445653496732005,-5.236346239902989e-05
0,1,0,MLP-R,9,X1,0.001529757,0.998276141,1.6156645547625046,0.3749171022604293,1.7572522552300463e-06
0,1,0,MLP-R,9,X2,0.001424039,0.998590442,1.771722981064785,0.26590780313502804,3.429692495671155e-07
0,1,0,MLR,10,W1,0.152562096,0.837315745,1.3859217682843266,0.3374026979621479,-0.00019953796777005817
0,1,0,MLR,10,W2,0.324995763,0.664502702,1.0827229321938379,0.23757836272335994,-6.252995596687239e-05
0,1,0,MLR,10,X1,0.001695764,0.998191725,1.6722457265529198,0.34416852722541424,4.5297444997149936e-07
0,1,0,MLR,10,X2,0.001551873,0.998397981,1.7560521481492941,0.27237982470310457,-3.2366315266818546e-06
0,1,0,SVR,10,W1,0.152270742,0.83762643,1.3696784691611912,0.32980312936421685,-0.00012616485779344267
0,1,0,SVR,10,W2,0.324207742,0.665316187,1.0863270325704606,0.23756281407601798,-5.977224184160468e-05
0,1,0,SVR,10,X1,0.007345151,0.992167514,1.6648059791110235,0.3341256601005777,-0.0007407214777480298
0,1,0,SVR,10,X2,0.003293241,0.996600345,1.679359588442906,0.26082231627122604,3.5233770428022558e-06
0,1,0,RF-R,10,W1,0.171849378,0.816748795,1.2795009553993293,0.30887720869406865,0.0009367718901722166
0,1,0,RF-R,10,W2,0.361709174,0.626602977,0.9679770170789295,0.20579367331928725,0.0009054095342438395
0,1,0,RF-R,10,X1,0.017207142,0.981651202,1.548971009549201,0.30577388348305296,0.0011007362848922675
0,1,0,RF-R,10,X2,0.029573774,0.969470614,1.575878762159564,0.24246968077918662,-0.0009939139450317325
0,1,0,XGBoost-R,10,W1,0.159723234,0.791795228,1.4080110253984346,0.33359417242770883,0.002815678239698316
0,1,0,XGBoost-R,10,W2,0.339605372,0.548422413,1.075852225899208,0.19750004598070103,0.01669705938509628
0,1,0,XGBoost-R,10,X1,0.003634615,0.993437929,1.6740380646588022,0.3363929973699428,7.880126963909495e-05
0,1,0,XGBoost-R,10,X2,0.004067321,0.992302848,1.7481092347007645,0.2632513803468596,0.0007804063017360918
0,1,0,MLP-R,10,W1,0.152543912,0.837335136,1.3846374959928016,0.3375510566680749,-0.000150355125485091
0,1,0,MLP-R,10,W2,0.325340307,0.664147025,1.0864705139560031,0.24266760909067617,-4.360898075499442e-05
0,1,0,MLP-R,10,X1,0.001694467,0.998193109,1.6731639869689794,0.34487944783446406,2.9014827015449995e-06
0,1,0,MLP-R,10,X2,0.001549097,0.998400847,1.7552220728002994,0.27212829896881136,1.8746951584525105e-05
0,1,1,MLR,1,W1,0.044816732,0.952189284,0.34874227785940837,1.5996685624425058,7.917138256841039e-05
0,1,1,MLR,1,W2,0.11090444,0.887612949,0.35256180900843503,1.5039160553051572,0.00023679707218297042
0,1,1,MLR,1,X1,0.001770865,0.998110832,0.4453468492193872,1.594331163956285,5.080234653920268e-06
0,1,1,MLR,1,X2,0.001814894,0.998160844,0.5700305335759308,1.4713709119579148,2.826055666205196e-06
0,1,1,SVR,1,W1,0.044799297,0.952207885,0.3505719289985182,1.5882074319694097,0.0002050887742148455
0,1,1,SVR,1,W2,0.111181557,0.887332128,0.3543125129748866,1.5238896830900368,0.00018886991543632937
0,1,1,SVR,1,X1,0.002441021,0.997395906,0.4448062408601695,1.5911626577464475,0.00036804947881021734
0,1,1,SVR,1,X2,0.001815718,0.998160009,0.5697917567198718,1.4720390825324445,5.19456649218375e-06
0,1,1,RF-R,1,W1,0.061893233,0.933971988,0.31328921471085447,1.5037066970408663,0.0023136128971213534
0,1,1,RF-R,1,W2,0.14262379,0.855469563,0.32135109261717626,1.4068865546062255,-2.74705631623684e-05
0,1,1,RF-R,1,X1,0.015689104,0.983262785,0.39600479075462436,1.5134700320931622,0.0014874370466222198
0,1,1,RF-R,1,X2,0.020711626,0.979011494,0.520005285169922,1.346859258841048,-0.0014193221316936232
0,1,1,XGBoost-R,1,W1,0.048153426,0.933036452,0.34111592814688085,1.6036923951800854,-0.00034765627684355536
0,1,1,XGBoost-R,1,W2,0.121686067,0.843711828,0.3411417254709742,1.5205014598133126,0.002846833076309463
0,1,1,XGBoost-R,1,X1,0.003221854,0.994012249,0.44008186340746097,1.5972745671115913,0.00010315769819827514
0,1,1,XGBoost-R,1,X2,0.00370911,0.993587171,0.5625613732489185,1.4674389280219882,-0.0002630514548667695
0,1,1,MLP-R,1,W1,0.044779776,0.95222871,0.3479235186975179,1.5894957598595458,4.7154407558958054e-05
0,1,1,MLP-R,1,W2,0.111112463,0.887402145,0.3546789637451371,1.5017118891151555,0.0002608454270607408
0,1,1,MLP-R,1,X1,0.001769234,0.998112572,0.4447832240306785,1.5932394583931146,1.0654128009091046e-05
0,1,1,MLP-R,1,X2,0.00181235,0.998163422,0.5706100575023141,1.4722259779098477,7.791105263388332e-06
0,1,1,MLR,2,W1,0.043740648,0.951209114,0.3592623638534822,1.5896480306477934,-7.223318774516319e-05
0,1,1,MLR,2,W2,0.104707921,0.891751981,0.28877798926203246,1.4903981650142932,0.0
0,1,1,MLR,2,X1,0.001721292,0.99807997,0.46781033045285014,1.5894165215325171,2.1325298252161675e-06
0,1,1,MLR,2,X2,0.001650948,0.998293234,0.5012966935818629,1.4517269630353191,0.0
0,1,1,SVR,2,W1,0.043592131,0.951374779,0.35955138406741105,1.5797945963125035,-1.3334175151535899e-05
0,1,1,SVR,2,W2,0.10505199,0.89139628,0.2888496724829704,1.4945497147059474,-4.203972638072706e-06
0,1,1,SVR,2,X1,0.001719516,0.998081951,0.4668690106631418,1.5898619928218125,-4.113451116682931e-06
0,1,1,SVR,2,X2,0.001643383,0.998301056,0.501137872848282,1.4507571095687264,3.847472008988717e-06
0,1,1,RF-R,2,W1,0.066561406,0.925753501,0.33497063347670786,1.4197395207426113,0.0035339780423178204
0,1,1,RF-R,2,W2,0.129548452,0.86607161,0.2680248296630269,1.3682820255135333,0.0018316836792534041
0,1,1,RF-R,2,X1,0.02619689,0.970778452,0.42146767135535324,1.419811581024082,0.002526579559155584
0,1,1,RF-R,2,X2,0.021123061,0.978162784,0.4580084123104487,1.3110914895810137,0.00039287302532173827
0,1,1,XGBoost-R,2,W1,0.050584027,0.925101927,0.3569353541731851,1.5564905716828463,-0.00036515025030773305
0,1,1,XGBoost-R,2,W2,0.112568265,0.854672459,0.29029263314849124,1.4996836947375243,-0.0021795303908415664
0,1,1,XGBoost-R,2,X1,0.005614352,0.990460335,0.4521856658842978,1.564119060128104,2.7359112028801925e-05
0,1,1,XGBoost-R,2,X2,0.003669779,0.991815158,0.4851740069515647,1.4390036843407878,0.00025156910021484347
0,1,1,MLP-R,2,W1,0.043636163,0.951325663,0.36150175140772856,1.589686354785303,0.00020743013209090222
0,1,1,MLP-R,2,W2,0.105075189,0.891372296,0.2872403539985892,1.4891508579078598,-5.8263073267761366e-05
0,1,1,MLP-R,2,X1,0.001722561,0.998078555,0.46776336979448513,1.5894402779225487,2.3796622858340832e-06
0,1,1,MLP-R,2,X2,0.001644658,0.998299738,0.501423100022061,1.4512517904971098,3.87958026166757e-06
0,1,1,MLR,3,W1,0.053422939,0.943990007,0.4054285074217934,1.5719054952695184,0.0
0,1,1,MLR,3,W2,0.091549124,0.905688148,0.38109795707474886,1.4462316283391474,0.00014544418249936574
0,1,1,MLR,3,X1,0.001945052,0.997960757,0.519004121333029,1.5701182530419668,0.0
0,1,1,MLR,3,X2,0.001791956,0.998153967,0.5434650426301615,1.4153049636976314,8.843080949705318e-06
0,1,1,SVR,3,W1,0.053114016,0.94431389,0.41142783514201325,1.5566849151450894,4.90806562806978e-05
0,1,1,SVR,3,W2,0.091002647,0.906251116,0.37351127549585394,1.472343525266203,-2.984181856088286e-05
0,1,1,SVR,3,X1,0.00268487,0.997185112,0.5123219189005094,1.5603204116278513,0.00022125635381965437
0,1,1,SVR,3,X2,0.001787989,0.998158054,0.5441103872955864,1.4162037966215677,1.1645731553699967e-05
0,1,1,RF-R,3,W1,0.074765564,0.921613846,0.35268261456989497,1.4448519381183291,0.0007903959425321517
0,1,1,RF-R,3,W2,0.113379515,0.88319897,0.34006641111857744,1.326089989707723,0.0053582868729551755
0,1,1,RF-R,3,X1,0.018580285,0.980519948,0.4612834180509474,1.446766572093518,0.0017568754535924435
0,1,1,RF-R,3,X2,0.019787429,0.979615435,0.48417653910963915,1.295511918597086,0.00049744033764908
0,1,1,XGBoost-R,3,W1,0.059473982,0.918804858,0.3910303720191509,1.5650056144716529,-0.002586388031293818
0,1,1,XGBoost-R,3,W2,0.097852207,0.87136543,0.37148849479396795,1.4493111163624113,0.0061661251968771254
0,1,1,XGBoost-R,3,X1,0.004641018,0.990166926,0.5029746955345475,1.5524338303621747,-0.0006136014716568661
0,1,1,XGBoost-R,3,X2,0.003811445,0.993059978,0.5378221011780672,1.4121612188118378,0.00017190409630475357
0,1,1,MLP-R,3,W1,0.053298271,0.944120712,0.4134284845527752,1.5656462040504986,-4.881163397153498e-05
0,1,1,MLP-R,3,W2,0.09155515,0.90568194,0.38107022875436425,1.4462817494883713,0.0001464288776177769
0,1,1,MLP-R,3,X1,0.001946694,0.997959036,0.5197152813415707,1.5723243226449237,3.249229164982159e-05
0,1,1,MLP-R,3,X2,0.001790491,0.998155476,0.5435944863587677,1.415588718213127,9.979571874996208e-06
0,1,1,MLR,4,W1,0.050426098,0.951264519,0.4023514284824962,1.5357620713929083,7.151900311537229e-05
0,1,1,MLR,4,W2,0.101838483,0.901641223,0.35559674877961667,1.59185810962908,1.3603152778274286e-05
0,1,1,MLR,4,X1,0.001707102,0.998350131,0.5031255277348656,1.539698022463729,3.035417788965766e-06
0,1,1,MLR,4,X2,0.001746842,0.998312845,0.5385522907466367,1.592076671498649,0.0
0,1,1,SVR,4,W1,0.049564303,0.952097421,0.4189246313226178,1.5595964449685833,0.0006110317806381938
0,1,1,SVR,4,W2,0.102151271,0.901339122,0.35645147588357645,1.5936998592808491,0.00012225196127336747
0,1,1,SVR,4,X1,0.001706934,0.998350294,0.5036691172934779,1.5390767656947004,3.071837467671923e-06
0,1,1,SVR,4,X2,0.001737356,0.998322008,0.5375817986008111,1.5933166536255157,1.0078396451196347e-05
0,1,1,RF-R,4,W1,0.075843802,0.926698985,0.35485793231830487,1.3930196490707591,0.0012697919597845942
0,1,1,RF-R,4,W2,0.13661273,0.868055173,0.3147442391399136,1.4041839528274351,-0.00038068082526891976
0,1,1,RF-R,4,X1,0.024757409,0.976072624,0.43559874984533165,1.3811870223198408,0.001469417026872011
0,1,1,RF-R,4,X2,0.027022971,0.973900373,0.4764253710634841,1.4073695580812478,0.0003394603077381042
0,1,1,XGBoost-R,4,W1,0.055847312,0.928163721,0.39024330041391114,1.5219215928766263,0.001289907341177221
0,1,1,XGBoost-R,4,W2,0.112254397,0.851743289,0.34973720145337484,1.5505891221520405,-0.002281279149183657
0,1,1,XGBoost-R,4,X1,0.003218248,0.993747878,0.4919575529522501,1.5270752415822582,0.0007879146639384604
0,1,1,XGBoost-R,4,X2,0.004272503,0.990451514,0.5272525918993118,1.5912332158270615,0.00019918647029274484
0,1,1,MLP-R,4,W1,0.050094782,0.951584727,0.40279436467820595,1.538921006641041,6.844974787484359e-05
0,1,1,MLP-R,4,W2,0.102051427,0.901435555,0.3566191236613482,1.5960283021352482,0.00011828866690952733
0,1,1,MLP-R,4,X1,0.001707498,0.998349749,0.5031389356305507,1.5396577887509797,3.265523496354117e-06
0,1,1,MLP-R,4,X2,0.001743974,0.998315616,0.53841045728631,1.5892723993327345,2.7541136186759464e-05
0,1,1,MLR,5,W1,0.051129155,0.944168273,0.3659156724273055,1.5131404526197407,4.1843336805769125e-05
0,1,1,MLR,5,W2,0.096136287,0.897184146,0.3674972882310094,1.4094534396162373,-2.8014652607999403e-05
0,1,1,MLR,5,X1,0.001669727,0.998176701,0.47017774819156744,1.5313383117570445,6.499539182514003e-06
0,1,1,MLR,5,X2,0.00172042,0.998160045,0.5597433542286318,1.4377826905065452,0.0
0,1,1,SVR,5,W1,0.051142449,0.944153756,0.3642752904445198,1.5093889109801932,1.2338628996544365e-05
0,1,1,SVR,5,W2,0.095680186,0.897671937,0.35606050182399007,1.4064159160198373,-9.443142430000106e-05
0,1,1,SVR,5,X1,0.01995311,0.978211715,0.45552181289691607,1.4453320781488395,0.0005267237562888826
0,1,1,SVR,5,X2,0.001724271,0.998155926,0.5596828420671524,1.438138376267452,1.5007172172731842e-06
0,1,1,RF-R,5,W1,0.078776361,0.913978232,0.32265307282514666,1.3478170731365051,-4.8217798132632606e-05
0,1,1,RF-R,5,W2,0.113790773,0.878303024,0.3400261140553746,1.3009028461541752,0.004063454114713094
0,1,1,RF-R,5,X1,0.02606777,0.971534663,0.414122452004427,1.3659809888306724,0.0006474160514874372
0,1,1,RF-R,5,X2,0.018721913,0.979977285,0.5144081220825851,1.3091999162781218,0.0025094947282613077
0,1,1,XGBoost-R,5,W1,0.058537502,0.918946644,0.35083646494215953,1.4743661358326041,0.0018621870410890473
0,1,1,XGBoost-R,5,W2,0.098911679,0.86598889,0.36755739972361534,1.4105154369315183,0.01037666591061297
0,1,1,XGBoost-R,5,X1,0.005392689,0.989615987,0.4591354298124709,1.5096042267780527,-0.0011368392619495959
0,1,1,XGBoost-R,5,X2,0.00367329,0.994271115,0.5564842060773463,1.4231459232999673,-2.145104583964885e-05
0,1,1,MLP-R,5,W1,0.051134971,0.944161922,0.3666251023666458,1.5149058692436608,3.244501111118181e-05
0,1,1,MLP-R,5,W2,0.09418161,0.899274635,0.3760974767039641,1.4110681436346972,0.002232133629347044
0,1,1,MLP-R,5,X1,0.001672722,0.99817343,0.4702948284959313,1.5315273050716833,6.670734215796781e-06
0,1,1,MLP-R,5,X2,0.001708266,0.998173044,0.5644950533807418,1.433425183271003,1.1348931414856268e-06
0,1,1,MLR,6,W1,0.043883897,0.954505754,0.38892786342898616,1.5703842592491408,0.0
0,1,1,MLR,6,W2,0.117290853,0.885036709,0.3757656883866008,1.4179411462213145,0.0
0,1,1,MLR,6,X1,0.00184378,0.998088561,0.45998085434441877,1.593717890434217,5.8884224385713505e-06
0,1,1,MLR,6,X2,0.001825843,0.99821039,0.6165015624104487,1.488593581729886,4.2621279179422265e-06
0,1,1,SVR,6,W1,0.043127548,0.955289858,0.38579031442880707,1.609584751631433,0.00047899154177221125
0,1,1,SVR,6,W2,0.117049949,0.885272832,0.38440395251275594,1.4060335912204693,-6.504938183151676e-05
0,1,1,SVR,6,X1,0.001847468,0.998084738,0.4602860988465987,1.5942617762136613,4.751930118518377e-06
0,1,1,SVR,6,X2,0.001821392,0.998214752,0.6176187679702996,1.4887442365636145,5.356748261242661e-06
0,1,1,RF-R,6,W1,0.065043293,0.932569899,0.35117066060620744,1.4156239410578961,0.0044684271108176524
0,1,1,RF-R,6,W2,0.140399256,0.862386877,0.3287034049358629,1.286630373389816,0.00506039488356611
0,1,1,RF-R,6,X1,0.021733663,0.977468805,0.42632261540956007,1.4380094665869425,0.002401890047379407
0,1,1,RF-R,6,X2,0.024766857,0.975724626,0.5406649451924427,1.3328197902664567,0.00021142546254860896
0,1,1,XGBoost-R,6,W1,0.050405119,0.930579318,0.3790594795900273,1.5243088121290251,-0.00021565070290988642
0,1,1,XGBoost-R,6,W2,0.123856548,0.843581785,0.3485411628600435,1.403667928955937,0.0029060654359579384
0,1,1,XGBoost-R,6,X1,0.004126439,0.992618324,0.4573617163751174,1.5865517434326821,-0.0001070025195276214
0,1,1,XGBoost-R,6,X2,0.004049264,0.992842636,0.5949689185809657,1.4822081957885778,0.00038510901886390503
0,1,1,MLP-R,6,W1,0.043889728,0.954499709,0.3897741750142424,1.5736451401933713,-4.991405304253238e-05
0,1,1,MLP-R,6,W2,0.117188551,0.88513698,0.3739189340386149,1.4155820501400256,-0.0001581499619118909
0,1,1,MLP-R,6,X1,0.001845409,0.998086873,0.45977491591495034,1.5941867735283202,5.465480655875155e-06
0,1,1,MLP-R,6,X2,0.00182473,0.998211481,0.6187312844830261,1.4883806724264086,1.708496439571938e-05
0,1,1,MLR,7,W1,0.048592412,0.949796882,0.3695360593516289,1.634096515480205,5.5472810130285935e-05
0,1,1,MLR,7,W2,0.087945101,0.909417884,0.3507290480736803,1.5837122940901067,9.334623271740616e-05
0,1,1,MLR,7,X1,0.00169773,0.998245995,0.4687154429541004,1.6429881702981906,-4.667796958235382e-06
0,1,1,MLR,7,X2,0.001792326,0.998153931,0.5363638887255697,1.6093556055926594,1.390234764198084e-07
0,1,1,SVR,7,W1,0.048530703,0.949860636,0.3673090746788913,1.6388445117692059,0.00029241637720411884
0,1,1,SVR,7,W2,0.087192608,0.910192941,0.35568226089719424,1.5618980163188987,0.0004610671601327665
0,1,1,SVR,7,X1,0.001692183,0.998251726,0.4689066489616464,1.6412014475783772,-1.0138211056220925e-07
0,1,1,SVR,7,X2,0.001811567,0.998134113,0.5366020108109294,1.6000991801400317,5.513267733903148e-07
0,1,1,RF-R,7,W1,0.077679288,0.919745855,0.3282222334692972,1.464643110281208,-0.004030446605470838
0,1,1,RF-R,7,W2,0.109520422,0.887195632,0.3103252205305935,1.4325828328117474,0.0008578556966236106
0,1,1,RF-R,7,X1,0.026498127,0.972623532,0.4143659624851397,1.470766079164148,-0.001344714694381588
0,1,1,RF-R,7,X2,0.023769365,0.975517916,0.4673256318003317,1.4631166568799117,-0.0007018319811859852
0,1,1,XGBoost-R,7,W1,0.053581073,0.925804701,0.36122646033860706,1.6232728103784377,-7.352849889392665e-05
0,1,1,XGBoost-R,7,W2,0.089635259,0.877687725,0.3468812683185308,1.58148300566691,0.0007636364044895872
0,1,1,XGBoost-R,7,X1,0.00342634,0.993083846,0.45879727830018363,1.6400426570361268,-4.350988141976764e-05
0,1,1,XGBoost-R,7,X2,0.003774995,0.992764907,0.5307103838300301,1.5972747114937433,3.5844245167782064e-06
0,1,1,MLP-R,7,W1,0.04862014,0.949768235,0.3699925008283087,1.633624373839004,6.341783137279178e-05
0,1,1,MLP-R,7,W2,0.087203048,0.910182188,0.3464517666929584,1.580627173170398,0.0011342893171260027
0,1,1,MLP-R,7,X1,0.00169777,0.998245954,0.46871069010482874,1.6429905306044028,-4.1269345561145695e-06
0,1,1,MLP-R,7,X2,0.001791696,0.998154581,0.5361966641492264,1.6095858587762535,9.334316024567357e-08
0,1,1,MLR,8,W1,0.048036959,0.954906837,0.3545187193948488,1.4480971637903663,-6.489973805924309e-05
0,1,1,MLR,8,W2,0.112588046,0.883067963,0.3359760501962599,1.4667639470387104,0.00019669855848899464
0,1,1,MLR,8,X1,0.001656496,0.998445017,0.4424421228832484,1.4394450951239974,1.1109656034646864e-05
0,1,1,MLR,8,X2,0.001976069,0.997947688,0.5814948029709865,1.4542403148513052,-4.3226416805985935e-07
0,1,1,SVR,8,W1,0.047984276,0.954956292,0.35673625645384976,1.4505714388202073,-1.3957661492003392e-05
0,1,1,SVR,8,W2,0.112756693,0.882892809,0.33685062381202857,1.46526826730054,4.637445632840187e-05
0,1,1,SVR,8,X1,0.001654352,0.998447029,0.44253862214037304,1.4401896814055166,8.572369908954603e-06
0,1,1,SVR,8,X2,0.001972939,0.997950939,0.5815450277588857,1.4533606000486885,6.861287445203424e-07
0,1,1,RF-R,8,W1,0.079908743,0.924988217,0.3202557475744787,1.3154813767828117,-0.0009170883384471251
0,1,1,RF-R,8,W2,0.128252214,0.866799424,0.313125055839648,1.345270526325168,0.0034192354783210365
0,1,1,RF-R,8,X1,0.029362845,0.972436567,0.38471780697779495,1.313546006541814,-0.001708475719435254
0,1,1,RF-R,8,X2,0.025423891,0.973595177,0.5062951306915139,1.3147470202312375,0.0023374075939477158
0,1,1,XGBoost-R,8,W1,0.053717256,0.929698236,0.3352939685881278,1.427597619193173,-0.00039162811390782706
0,1,1,XGBoost-R,8,W2,0.11684137,0.84857576,0.34335652555569623,1.4388028032825193,0.0006445480049625974
0,1,1,XGBoost-R,8,X1,0.004558962,0.992481665,0.4214847707374146,1.4381847791314866,-5.7185482565214055e-05
0,1,1,XGBoost-R,8,X2,0.003765199,0.992564127,0.572645669071431,1.4491792718446697,1.6437938652047458e-05
0,1,1,MLP-R,8,W1,0.047968671,0.95497094,0.352419088099409,1.467034152453035,-8.603496866455007e-05
0,1,1,MLP-R,8,W2,0.112822073,0.882824906,0.33590389980772206,1.4666624587221022,0.00019622070373964684
0,1,1,MLP-R,8,X1,0.001658574,0.998443067,0.44242119570129057,1.4394545392520368,1.1209705443593342e-05
0,1,1,MLP-R,8,X2,0.001977795,0.997945895,0.5815552234316137,1.4541271891988092,-7.865144844854122e-07
0,1,1,MLR,9,W1,0.046313403,0.951933401,0.38891244030675265,1.485878328416748,0.0
0,1,1,MLR,9,W2,0.117211942,0.878049208,0.33953595213552823,1.4641515237495484,0.0003046283696822694
0,1,1,MLR,9,X1,0.001836464,0.998094017,0.4855995095020411,1.4724454471440636,0.0
0,1,1,MLR,9,X2,0.001551584,0.998385686,0.5464325215345394,1.4654196987981398,9.918715457857274e-08
0,1,1,SVR,9,W1,0.046276223,0.951971988,0.3908413471100648,1.481321322098752,0.00010757238369604182
0,1,1,SVR,9,W2,0.115791298,0.879527288,0.3124451522953205,1.4902214575392752,0.00041254301204795006
0,1,1,SVR,9,X1,0.001833126,0.998097481,0.4829911241366339,1.4690988984565363,-5.150267516351725e-07
0,1,1,SVR,9,X2,0.004894708,0.9949074,0.5067077321768669,1.396457772541591,-4.810964821544416e-06
0,1,1,RF-R,9,W1,0.070727943,0.926594648,0.35065908828429376,1.3823912588536067,-0.0007566970598231859
0,1,1,RF-R,9,W2,0.134772755,0.859778415,0.31721879798928765,1.3294036255724921,0.004274373767047113
0,1,1,RF-R,9,X1,0.01823423,0.981075513,0.4460096466082616,1.3568495805244956,0.002031949691759183
0,1,1,RF-R,9,X2,0.023816484,0.975220622,0.48650890048447415,1.3350104408972723,0.003890689458981589
0,1,1,XGBoost-R,9,W1,0.052313552,0.930807655,0.38396647273109014,1.487426133890226,-0.00010835747406119367
0,1,1,XGBoost-R,9,W2,0.120472598,0.836286554,0.3476161583256864,1.44983171911235,0.0002533166908734841
0,1,1,XGBoost-R,9,X1,0.003824369,0.99300853,0.46980461780586824,1.4635567055260261,0.0001560163075617016
0,1,1,XGBoost-R,9,X2,0.003883418,0.990385477,0.5393272215051199,1.4613345631398822,-0.0006275094385955193
0,1,1,MLP-R,9,W1,0.046243284,0.952006174,0.386030015652594,1.4862427531540792,7.555078537498927e-05
0,1,1,MLP-R,9,W2,0.116749908,0.878529922,0.3360290894223844,1.4581937796303364,-0.0001838756040285272
0,1,1,MLP-R,9,X1,0.001836846,0.998093621,0.48559092580355384,1.472405206219767,-3.6083635780448374e-07
0,1,1,MLP-R,9,X2,0.001551758,0.998385504,0.5462846416803658,1.465345760003878,2.147567305788023e-06
0,1,1,MLR,10,W1,0.050560984,0.946217217,0.3932579222088478,1.5544627217079925,0.0
0,1,1,MLR,10,W2,0.106180325,0.90167901,0.358793664983417,1.412558983425323,0.0
0,1,1,MLR,10,X1,0.00191224,0.99796591,0.49376465628081806,1.5246502452111905,0.0
0,1,1,MLR,10,X2,0.001679749,0.998444584,0.525200172673493,1.4124625356276121,0.0
0,1,1,SVR,10,W1,0.050505756,0.946275965,0.3837535578942333,1.530451496377043,-1.5984794321188822e-05
0,1,1,SVR,10,W2,0.105746487,0.902080736,0.35254572793054767,1.4182714170614987,-4.058689974170138e-05
0,1,1,SVR,10,X1,0.001927678,0.997949489,0.4945496264590924,1.5254798066283604,-1.1031412138096108e-06
0,1,1,SVR,10,X2,0.001684215,0.998440449,0.5250537289346188,1.4141132828831247,-1.1826659641833715e-06
0,1,1,RF-R,10,W1,0.067525743,0.928171446,0.35799985636155557,1.443821044888722,0.0035720363097420547
0,1,1,RF-R,10,W2,0.133782764,0.876119669,0.32387227650799166,1.2863735149380484,0.001295822031824345
0,1,1,RF-R,10,X1,0.018668889,0.98014151,0.45509141799082614,1.3954450360078199,0.00038878481523333395
0,1,1,RF-R,10,X2,0.024605621,0.977215656,0.4675738487309218,1.286319363560301,0.000295016197423259
0,1,1,XGBoost-R,10,W1,0.052803515,0.934076153,0.3940363984912573,1.5834011994119712,0.00407718125240839
0,1,1,XGBoost-R,10,W2,0.115328459,0.857923741,0.3402532388992703,1.386990183872385,-0.005284749476174111
0,1,1,XGBoost-R,10,X1,0.003583821,0.993462322,0.4928347799181373,1.5268663188169447,-0.00018223526728023965
0,1,1,XGBoost-R,10,X2,0.003864676,0.993499972,0.5138794689963099,1.4061180518581853,-4.4573935409775166e-05
0,1,1,MLP-R,10,W1,0.050580842,0.946196094,0.3930653681248913,1.5511020362824852,-4.806822443974568e-05
0,1,1,MLP-R,10,W2,0.106138307,0.901717918,0.3599047200211314,1.420076000525849,2.6455402615577216e-05
0,1,1,MLP-R,10,X1,0.001895359,0.997983866,0.494893364052988,1.521739366294553,1.335240880684374e-06
0,1,1,MLP-R,10,X2,0.00165347,0.998468918,0.5247813489253403,1.4124966451888046,1.5035975497545984e-05
0,1,2,MLR,1,W1,0.100633539,0.895815952,1.0579159932661868,0.9296782792874625,0.0
0,1,2,MLR,1,W2,0.212743965,0.777959473,0.8586425289915234,0.7401119382804114,0.0
0,1,2,MLR,1,X1,0.001101476,0.998859662,1.2695586468119122,0.9675579682229832,1.0907756993194795e-07
0,1,2,MLR,1,X2,0.001016648,0.998938927,1.289615514366995,0.7400185516312788,4.888536214042727e-06
0,1,2,SVR,1,W1,0.100404713,0.896052852,1.0559018587197375,0.9200978685779215,-2.2556431237052975e-06
0,1,2,SVR,1,W2,0.212688755,0.778017096,0.8550632322924707,0.7290116720669131,-0.00012990813367278476
0,1,2,SVR,1,X1,0.003435409,0.996443384,1.211075971329724,0.9167976687720296,3.4767124131585e-05
0,1,2,SVR,1,X2,0.001015506,0.998940118,1.2904693239544547,0.7405319016453752,7.5008779482410585e-06
0,1,2,RF-R,1,W1,0.134326158,0.860934605,0.9397820310936529,0.8284061344018596,-0.0037558444448167806
0,1,2,RF-R,1,W2,0.238994094,0.750562256,0.7813097362682685,0.6662705550328075,0.005783615595131552
0,1,2,RF-R,1,X1,0.027176407,0.971864767,1.128991646168366,0.855040771163921,-0.0005186873818350812
0,1,2,RF-R,1,X2,0.018375828,0.980821179,1.1750015934828795,0.674352070285474,0.0006132881974684312
0,1,2,XGBoost-R,1,W1,0.110657047,0.835857421,1.0377030573405228,0.9053442962109873,-0.009951016860573047
0,1,2,XGBoost-R,1,W2,0.226813781,0.711389972,0.8429797669063201,0.730402230626279,0.012583309862345871
0,1,2,XGBoost-R,1,X1,0.004145375,0.989744299,1.2585640828517368,0.9453959754325639,-0.0005132333073423311
0,1,2,XGBoost-R,1,X2,0.002948329,0.995284771,1.2903923778933069,0.7399921383018068,0.0004972791997960968
0,1,2,MLP-R,1,W1,0.100587245,0.89586388,1.0515564250586587,0.9316134699259111,-3.2180675936910317e-06
0,1,2,MLP-R,1,W2,0.212938016,0.777756942,0.8592009186097943,0.7396645328864095,-0.00022458020691078494
0,1,2,MLP-R,1,X1,0.001101849,0.998859276,1.2696925341375533,0.9676509523736637,9.563646226062872e-08
0,1,2,MLP-R,1,X2,0.001016492,0.998939089,1.289593743883251,0.7399973123808821,5.078030813931989e-06
0,1,2,MLR,2,W1,0.105345502,0.89312387,0.90306465573385,0.8823970359967148,-6.304413610863646e-05
0,1,2,MLR,2,W2,0.22968131,0.75574971,0.7436260173024405,0.8434242707521671,4.5053643984982464e-05
0,1,2,MLR,2,X1,0.001113317,0.998870507,1.1279943740515048,0.8983051928363803,-7.32914846163224e-06
0,1,2,MLR,2,X2,0.000943839,0.998996292,1.151434711885876,0.8380064932270634,1.093086492387485e-06
0,1,2,SVR,2,W1,0.105540955,0.892925578,0.9197255339466149,0.8809933032632113,-0.00016694230835749834
0,1,2,SVR,2,W2,0.228974795,0.75650104,0.7369649613567989,0.8398717617322751,0.0001346493401910065
0,1,2,SVR,2,X1,0.001093196,0.99889092,1.1273828632136158,0.8951935977824377,-1.327225824356848e-05
0,1,2,SVR,2,X2,0.000944274,0.99899583,1.1519333078612983,0.8380045532717932,6.457187087804961e-07
0,1,2,RF-R,2,W1,0.137742077,0.860256587,0.8051354550274855,0.7810006358427808,-0.0005525930808909618
0,1,2,RF-R,2,W2,0.245782003,0.73862773,0.6930422495531551,0.7649069433723641,0.00756258903195558
0,1,2,RF-R,2,X1,0.026939002,0.972669585,1.00761413766404,0.7896518193505999,0.000561907038628906
0,1,2,RF-R,2,X2,0.017708002,0.981168757,1.0791521251946852,0.7431053738687342,0.0007311644547224438
0,1,2,XGBoost-R,2,W1,0.116524466,0.848084739,0.8798583306831269,0.8502241051980585,-0.0026639738232823286
0,1,2,XGBoost-R,2,W2,0.232388206,0.690826066,0.715340212822422,0.846949683508327,0.01883752533916002
0,1,2,XGBoost-R,2,X1,0.00421483,0.990718522,1.096583416898859,0.876851648681248,-0.00019515097310832675
0,1,2,XGBoost-R,2,X2,0.002917524,0.993994917,1.1622105454840859,0.8212758118444661,-0.00016917373501814658
0,1,2,MLP-R,2,W1,0.105231711,0.893239316,0.9156256432881402,0.8911399734621499,-5.247740256116851e-05
0,1,2,MLP-R,2,W2,0.228283379,0.757236313,0.7483427272923653,0.8537048359613996,0.0020928067109043493
0,1,2,MLP-R,2,X1,0.001107752,0.998876153,1.131606637448971,0.8967073462511206,1.3323503784723468e-05
0,1,2,MLP-R,2,X2,0.000944651,0.998995428,1.1514288949371239,0.8380977024487176,1.2454848713261412e-06
0,1,2,MLR,3,W1,0.11561022,0.886477968,0.8640586520749354,0.8564987347508743,2.6351586657613614e-05
0,1,2,MLR,3,W2,0.211075447,0.77808255,0.899369651389053,0.672851717181773,0.00010179133621910364
0,1,2,MLR,3,X1,0.001193123,0.998828428,1.0717496336339187,0.8791228352876235,3.338777335715193e-07
0,1,2,MLR,3,X2,0.000944184,0.999007317,1.3281943968457388,0.6630741598181225,1.9616464974170354e-06
0,1,2,SVR,3,W1,0.115332037,0.886751127,0.8622334012331239,0.8501761016948117,5.422953081590798e-05
0,1,2,SVR,3,W2,0.210015809,0.779196617,0.8845441989165745,0.7070002235127284,0.0001604768311243565
0,1,2,SVR,3,X1,0.001191571,0.998829952,1.070300100034104,0.8802283976733722,-1.2834001443473576e-06
0,1,2,SVR,3,X2,0.000944977,0.999006484,1.326201446096697,0.6632485299948871,-6.973660486853106e-08
0,1,2,RF-R,3,W1,0.132104314,0.870281796,0.808270149481516,0.785206097417132,0.0016937866304118643
0,1,2,RF-R,3,W2,0.234886541,0.753048386,0.7882104014427342,0.5938088451183783,0.003508191950074102
0,1,2,RF-R,3,X1,0.016707107,0.983594662,0.9851957117402638,0.7991406472761484,0.0029377201795110497
0,1,2,RF-R,3,X2,0.018034972,0.981038652,1.1974133514333742,0.5983428076730674,0.002383535085614341
0,1,2,XGBoost-R,3,W1,0.119535859,0.852509595,0.8876975962031219,0.8452657252304169,-0.0008195021920989531
0,1,2,XGBoost-R,3,W2,0.215799489,0.67223032,0.8508401071399723,0.6071606866503727,-0.006793266175958379
0,1,2,XGBoost-R,3,X1,0.003354326,0.994093581,1.0622029325931668,0.8733395679490485,-5.07908361741416e-05
0,1,2,XGBoost-R,3,X2,0.002915438,0.994727243,1.3213564452969098,0.6589790743887631,0.00031074372989884356
0,1,2,MLP-R,3,W1,0.115762602,0.886328339,0.86407629883561,0.8555783746756124,1.9192549073043795e-05
0,1,2,MLP-R,3,W2,0.210803669,0.778368288,0.8999158468612416,0.6771607351104094,0.0003482942959834201
0,1,2,MLP-R,3,X1,0.001193379,0.998828176,1.0716291425369204,0.8789585133656782,3.939606955993824e-07
0,1,2,MLP-R,3,X2,0.000944041,0.999007468,1.3282511935417602,0.6629369762815055,2.2266218649646952e-06
0,1,2,MLR,4,W1,0.109680243,0.893240027,0.9143041456236084,0.9200047784319091,-0.00032833957698353845
0,1,2,MLR,4,W2,0.237458914,0.774769685,0.8313615483163866,0.7276945885741996,0.0
0,1,2,MLR,4,X1,0.001173111,0.998858123,1.1070643906238513,0.9349536648743086,-3.320886005642176e-06
0,1,2,MLR,4,X2,0.000865813,0.999178774,1.3126625069477635,0.7391816412877047,0.0
0,1,2,SVR,4,W1,0.10969811,0.893222636,0.9029645017244381,0.9094039899190234,-0.0003713180906989355
0,1,2,SVR,4,W2,0.236376906,0.775795972,0.8452628129848492,0.7392286601322756,-0.00010928706645402242
0,1,2,SVR,4,X1,0.019154739,0.981355262,1.0380610685675447,0.8636832225462223,0.0017027003813862684
0,1,2,SVR,4,X2,0.000870067,0.999174739,1.3125188209959808,0.7392942159947945,-1.187061144336532e-06
0,1,2,RF-R,4,W1,0.13845559,0.865230832,0.769011052986417,0.8000327113630906,-5.8421437067224245e-05
0,1,2,RF-R,4,W2,0.285610997,0.729097326,0.7192691757130716,0.6517909642723556,0.004002256158923467
0,1,2,RF-R,4,X1,0.03119061,0.969639849,0.9693292383590892,0.8323553615319641,0.0015002824591994312
0,1,2,RF-R,4,X2,0.030710597,0.97087093,1.1308011799187478,0.6557274185114836,0.001644118347089918
0,1,2,XGBoost-R,4,W1,0.111095542,0.851964388,0.865958673529397,0.8943310559305164,-0.005140355988013956
0,1,2,XGBoost-R,4,W2,0.248277216,0.704209675,0.8094089951209256,0.690916248820289,0.02158315374809804
0,1,2,XGBoost-R,4,X1,0.006685236,0.990134875,1.0785213554609592,0.9115495731496412,1.6078761991122904e-05
0,1,2,XGBoost-R,4,X2,0.004913251,0.989144148,1.2644243168896674,0.7175495601541547,-0.000747272141441857
0,1,2,MLP-R,4,W1,0.109686539,0.893233898,0.9106515714396066,0.9231880830439119,-0.00025108465448592243
0,1,2,MLP-R,4,W2,0.236264919,0.775902192,0.9064687887858895,0.740319340780769,-5.237499148648128e-05
0,1,2,MLP-R,4,X1,0.001168547,0.998862566,1.1058676629788633,0.935459081179889,-2.1899550368909005e-06
0,1,2,MLP-R,4,X2,0.000865202,0.999179354,1.312129000914251,0.7384471195354931,-5.208993810068562e-07
0,1,2,MLR,5,W1,0.110777113,0.89343888,0.8943630699225533,0.8009713339130016,3.56603071871131e-05
0,1,2,MLR,5,W2,0.19226397,0.7926637,0.971157882133561,0.8005680238807251,-7.642616050697048e-05
0,1,2,MLR,5,X1,0.001177439,0.998867373,1.153877121098929,0.7645797309719116,-2.453010985148385e-06
0,1,2,MLR,5,X2,0.000921782,0.999005956,1.4111529223090167,0.7693229665484242,2.4278923198783887e-06
0,1,2,SVR,5,W1,0.11018528,0.894008189,0.9109808669756768,0.7953200306573828,9.643100287954897e-05
0,1,2,SVR,5,W2,0.192319981,0.792603299,0.9660414817395374,0.7860359610189387,-5.8881316475001276e-05
0,1,2,SVR,5,X1,0.002712461,0.99739077,1.1411497617250026,0.7548257541292642,-0.00013697447149320087
0,1,2,SVR,5,X2,0.00127821,0.998621586,1.404434448171256,0.7665238293278531,0.00019727109129294985
0,1,2,RF-R,5,W1,0.1364313,0.868761048,0.8122529361825631,0.7305367970307246,0.0029308416749214473
0,1,2,RF-R,5,W2,0.223689293,0.758774822,0.8640460315553848,0.722468616905594,0.0025137273130539815
0,1,2,RF-R,5,X1,0.023671269,0.97722962,1.0252975507652258,0.676334939729408,0.0011648288396959084
0,1,2,RF-R,5,X2,0.020929886,0.977429338,1.2674758533277113,0.6924912395905782,-0.0008817320128589268
0,1,2,XGBoost-R,5,W1,0.12140311,0.854971151,0.9044244528456915,0.7892877976890065,-0.002276970597740047
0,1,2,XGBoost-R,5,W2,0.207244146,0.688155382,0.9515932132483744,0.783245634816762,-0.012490530999750282
0,1,2,XGBoost-R,5,X1,0.003083465,0.994860565,1.137789537887387,0.7500786588993262,0.0003088685948829495
0,1,2,XGBoost-R,5,X2,0.002495707,0.994949851,1.4027097531760362,0.7643327396476319,8.60512285029591e-05
0,1,2,MLP-R,5,W1,0.110581396,0.893627148,0.8964337909355731,0.8034392194796289,6.372395592897373e-05
0,1,2,MLP-R,5,W2,0.192408356,0.792507996,0.9711414170453864,0.8005670205794845,-7.591612048707397e-05
0,1,2,MLP-R,5,X1,0.001176858,0.998867932,1.1539095947238327,0.7644542081668193,-1.1512816530445668e-06
0,1,2,MLP-R,5,X2,0.000920657,0.999007169,1.4106769105638244,0.7693905697323266,3.991370873945854e-06
0,1,2,MLR,6,W1,0.104757112,0.886128307,0.8764873674047076,1.059425672003577,1.824910658557721e-05
0,1,2,MLR,6,W2,0.252334859,0.763118193,0.7214368624248122,0.7567019706877236,0.00014681548445104607
0,1,2,MLR,6,X1,0.001426477,0.99844941,1.1152390219445574,1.0302646546464849,0.0
0,1,2,MLR,6,X2,0.001027757,0.999035184,1.1876222252586415,0.7818699599418442,6.483811560653585e-07
0,1,2,SVR,6,W1,0.104378694,0.886539649,0.8897820033516577,1.032206198338932,0.0002738152086730894
0,1,2,SVR,6,W2,0.252415165,0.763042805,0.7275530596066837,0.7575318044594958,0.0001036710051717682
0,1,2,SVR,6,X1,0.001427729,0.998448049,1.1144290700111188,1.0291239824219895,3.1993912297245686e-07
0,1,2,SVR,6,X2,0.001100598,0.998966803,1.1941674203847872,0.7831079615646963,-8.038140264443604e-06
0,1,2,RF-R,6,W1,0.125781899,0.86327422,0.813057589498654,0.9714102288565243,0.001941449971011422
0,1,2,RF-R,6,W2,0.27830526,0.738738226,0.6561406388627153,0.6887090426703462,0.006435858083160539
0,1,2,RF-R,6,X1,0.020198229,0.978044387,1.02476347509783,0.9408821962635898,-0.001378830232908812
0,1,2,RF-R,6,X2,0.027908516,0.973800609,1.0712404602813383,0.7035215865274655,0.0016372365821896717
0,1,2,XGBoost-R,6,W1,0.113043452,0.835530522,0.8715906229970034,1.0418393540656259,-0.008439455494670211
0,1,2,XGBoost-R,6,W2,0.270066986,0.706708396,0.7123257867591659,0.7449572396026591,0.01184552561650074
0,1,2,XGBoost-R,6,X1,0.003682879,0.991394706,1.1077440377138892,1.023510895142456,0.00022245724879984551
0,1,2,XGBoost-R,6,X2,0.0029802,0.993199376,1.176996906074549,0.7720829828710954,-0.0002283872106370488
0,1,2,MLP-R,6,W1,0.104761392,0.886123654,0.8765017690072645,1.0593094190174046,1.871454578986631e-05
0,1,2,MLP-R,6,W2,0.252341359,0.763112091,0.7215075600036241,0.756637655574252,0.00014684702191146702
0,1,2,MLP-R,6,X1,0.001426724,0.998449141,1.115500356676865,1.029545924977144,1.4207801076748794e-07
0,1,2,MLP-R,6,X2,0.001026762,0.999036117,1.1871727347463366,0.7819469722418412,8.201831650955782e-07
0,1,2,MLR,7,W1,0.112194523,0.887671225,0.801109183364259,0.9097472114763434,-0.00011101540264768506
0,1,2,MLR,7,W2,0.194131084,0.799844276,0.6640244151174614,0.8330681294478168,0.0
0,1,2,MLR,7,X1,0.001040282,0.998958473,1.0455423955788212,0.9228307317732579,0.0
0,1,2,MLR,7,X2,0.000965044,0.999005007,1.0610416420697337,0.7849481776007632,-2.9519567057434416e-08
0,1,2,SVR,7,W1,0.112034251,0.887831689,0.8146284611515228,0.902358341026936,-9.674031552069362e-05
0,1,2,SVR,7,W2,0.193796144,0.80018961,0.6560103559124387,0.8399039158331855,0.0009185575486316266
0,1,2,SVR,7,X1,0.002366498,0.997630671,1.013751038539892,0.8925113239192786,-3.6622725947110804e-05
0,1,2,SVR,7,X2,0.003383358,0.996511643,1.0283720134401266,0.7416772770191649,1.100889572073216e-05
0,1,2,RF-R,7,W1,0.145612179,0.854213582,0.7319257175409615,0.8133829632808706,0.007159017318101068
0,1,2,RF-R,7,W2,0.232824566,0.759949986,0.6040525286331031,0.7346094633900883,-0.008846427944445678
0,1,2,RF-R,7,X1,0.027065053,0.972902561,0.96213020076182,0.7985847348219767,-0.0024037514049897847
0,1,2,RF-R,7,X2,0.018337231,0.981093693,0.9905953651515315,0.7054516636706414,-3.134515473314225e-05
0,1,2,XGBoost-R,7,W1,0.123433738,0.842048579,0.77953911331933,0.875130483026258,0.0031408369598029283
0,1,2,XGBoost-R,7,W2,0.212750323,0.716213611,0.6612502407002835,0.7938429258580977,-0.00923348267033539
0,1,2,XGBoost-R,7,X1,0.00511301,0.991382596,1.04455399700772,0.9012146928667664,-0.0006540964977807429
0,1,2,XGBoost-R,7,X2,0.004440383,0.993132292,1.0671185174426543,0.7682708597070571,0.00023761682376661765
0,1,2,MLP-R,7,W1,0.11197141,0.887894605,0.8035191859787048,0.9125509045956886,-2.719855935866544e-05
0,1,2,MLP-R,7,W2,0.192447939,0.801579655,0.6653063393089049,0.8318574023169358,0.0030293758914978876
0,1,2,MLP-R,7,X1,0.001034335,0.998964427,1.048218962440904,0.9232657805189104,-1.5964350015273965e-06
0,1,2,MLP-R,7,X2,0.000962294,0.999007842,1.0604452915030054,0.7853544190556787,6.987604656782942e-07
0,1,2,MLR,8,W1,0.125279956,0.871401713,0.9032356321008983,0.884450193183578,0.0006349560132954624
0,1,2,MLR,8,W2,0.22201972,0.78659158,0.7610825136652297,0.7999831834331718,0.0
0,1,2,MLR,8,X1,0.001036745,0.998935794,1.1517605868333536,0.915609705382827,0.0
0,1,2,MLR,8,X2,0.000900509,0.999134418,1.2180921554770974,0.7851940411264183,1.9707979259653285e-07
0,1,2,SVR,8,W1,0.124993664,0.871695588,0.8871202439884238,0.8798425427142623,0.0010467168746904009
0,1,2,SVR,8,W2,0.221896345,0.786710169,0.7659237579964003,0.8184525070825712,-0.0006003835801172586
0,1,2,SVR,8,X1,0.001036658,0.998935884,1.1510769019799982,0.9143391643648139,1.2804519684106453e-06
0,1,2,SVR,8,X2,0.001488762,0.998568981,1.2125705439230485,0.7800944018687712,0.0006880635352141228
0,1,2,RF-R,8,W1,0.149971391,0.846056268,0.8070065784297743,0.8149044337078276,-0.0020979564212446843
0,1,2,RF-R,8,W2,0.259371433,0.750688597,0.6994159359592544,0.7129834162390333,0.004042836540323958
0,1,2,RF-R,8,X1,0.024235038,0.97512304,1.0305225566676026,0.8286632967191758,-9.895954760055225e-05
0,1,2,RF-R,8,X2,0.02699502,0.974052014,1.0954033753459114,0.6899330968643561,2.6866720009299794e-05
0,1,2,XGBoost-R,8,W1,0.127388818,0.833772294,0.8929552362065071,0.8825690795410663,-0.00023221023861151878
0,1,2,XGBoost-R,8,W2,0.239882255,0.714875861,0.7862633458183412,0.7869207599925784,0.005862656113460052
0,1,2,XGBoost-R,8,X1,0.003687997,0.991296656,1.1630420261180736,0.9043085021800781,0.00010169499652397107
0,1,2,XGBoost-R,8,X2,0.002649985,0.99415659,1.2174920253457062,0.7740564198236533,0.0001670662923521138
0,1,2,MLP-R,8,W1,0.125162001,0.871522792,0.9053414065681269,0.8763395684100054,0.0003625131260081349
0,1,2,MLP-R,8,W2,0.222652065,0.785983761,0.7640166609514614,0.7985349954826895,-0.0005041370250807419
0,1,2,MLP-R,8,X1,0.001035341,0.998937236,1.1520499003549731,0.915337049686174,1.2198448433919928e-06
0,1,2,MLP-R,8,X2,0.000900178,0.999134737,1.218418831003402,0.7843212323851106,1.0605431662535914e-06
0,1,2,MLR,9,W1,0.125615631,0.870892926,0.887139190589696,1.0143877441838962,0.0004900991614962602
0,1,2,MLR,9,W2,0.230117495,0.798857811,0.7868511813802057,0.7946454475967377,0.0
0,1,2,MLR,9,X1,0.001096361,0.998873166,1.1119808734889878,1.04588546335948,0.0
0,1,2,MLR,9,X2,0.001098221,0.999040061,1.2257334719236042,0.8133683122206531,3.7591631929512206e-08
0,1,2,SVR,9,W1,0.125528815,0.870982155,0.8853785992011497,1.012475839862002,0.0004033175652182197
0,1,2,SVR,9,W2,0.231161047,0.797945658,0.7848753276574186,0.8034827913394217,-0.000777719611162675
0,1,2,SVR,9,X1,0.001104429,0.998864874,1.1104783643684781,1.0444483104298068,6.822965595509878e-07
0,1,2,SVR,9,X2,0.007072842,0.993817737,1.200420712914551,0.7900660380129936,0.002780535479829327
0,1,2,RF-R,9,W1,0.14209071,0.853959927,0.8186119288369416,0.9058804439849923,0.002364624831005524
0,1,2,RF-R,9,W2,0.281951619,0.753550394,0.7021602613487197,0.6869821150948733,-0.003134259212359547
0,1,2,RF-R,9,X1,0.023097236,0.976260784,1.0191594905908015,0.9180125383972882,-0.00011913421885551001
0,1,2,RF-R,9,X2,0.037557336,0.967171706,1.0676013321044404,0.6962118727220779,0.002672746856694863
0,1,2,XGBoost-R,9,W1,0.130584805,0.832561714,0.9070327538857159,1.004325193638579,-0.0006832724724353811
0,1,2,XGBoost-R,9,W2,0.24171766,0.729951707,0.7926934505516228,0.7869064106099158,-0.0038793175539288847
0,1,2,XGBoost-R,9,X1,0.003606722,0.993454843,1.11057068675229,1.0374886236432552,0.0005071477623009635
0,1,2,XGBoost-R,9,X2,0.004168568,0.992634423,1.208102585495069,0.7919872688700179,0.0005064248667805748
0,1,2,MLP-R,9,W1,0.125509961,0.871001532,0.8861511933855402,1.024528211917833,0.0010107087918546198
0,1,2,MLP-R,9,W2,0.231176576,0.797932084,0.7881639153045262,0.7919533925278837,-0.0008769321167076849
0,1,2,MLP-R,9,X1,0.001097096,0.998872411,1.11202917984656,1.0458875121386102,6.148469942957036e-07
0,1,2,MLP-R,9,X2,0.001098237,0.999040048,1.2257013788433426,0.8133434220108301,3.8111167499632614e-08
0,1,2,MLR,10,W1,0.117836284,0.884667912,0.9793984062836738,0.8805764896555301,2.0672907205787626e-05
0,1,2,MLR,10,W2,0.241456197,0.771513151,0.7978688020288531,0.728644636073357,9.677380388858347e-05
0,1,2,MLR,10,X1,0.001068421,0.998954285,1.1793529332767976,0.8990418511023062,0.0
0,1,2,MLR,10,X2,0.000979328,0.999073275,1.2622481348468837,0.7474781495667596,-2.0573384074129562e-08
0,1,2,SVR,10,W1,0.117420531,0.885074831,0.9381895031830133,0.8721239610757904,-1.2134961410026346e-05
0,1,2,SVR,10,W2,0.241160535,0.771792932,0.8005427033970092,0.7326397431561149,0.00034897367541691926
0,1,2,SVR,10,X1,0.002690367,0.997366807,1.1693245958779175,0.8935163833246482,0.0009509752633653834
0,1,2,SVR,10,X2,0.00097834,0.999074209,1.2622104099651046,0.7463773661868808,-1.1250800538875616e-06
0,1,2,RF-R,10,W1,0.1477742,0.855366221,0.8709239486729159,0.7875149930932375,-0.0007598406551185932
0,1,2,RF-R,10,W2,0.278383339,0.736569478,0.7018940313571568,0.6410066359461658,0.0013968987473790384
0,1,2,RF-R,10,X1,0.025372299,0.9751669,1.0407557580192246,0.8067501058356601,0.002050439485015454
0,1,2,RF-R,10,X2,0.030482039,0.971155244,1.1314604042252394,0.6534139688164189,8.378804239486115e-05
0,1,2,XGBoost-R,10,W1,0.13113147,0.84072215,0.9652564403815876,0.8631600196608176,0.0026180600023042898
0,1,2,XGBoost-R,10,W2,0.254519966,0.704243082,0.7786566175220964,0.7143109708402845,0.009384610530499837
0,1,2,XGBoost-R,10,X1,0.00374672,0.993642191,1.1600025086124195,0.8876348442971969,0.0002948579625505876
0,1,2,XGBoost-R,10,X2,0.004290336,0.993353273,1.2439098677265612,0.7329159596875867,0.00041477717523770164
0,1,2,MLP-R,10,W1,0.117632459,0.884867406,0.9738444762847529,0.8744321965557807,2.3182109711650246e-05
0,1,2,MLP-R,10,W2,0.24133556,0.771627308,0.8045319664359128,0.729026637049995,5.564819158686563e-05
0,1,2,MLP-R,10,X1,0.00106801,0.998954687,1.180052412725974,0.8992375870261503,-8.386805264604113e-07
0,1,2,MLP-R,10,X2,0.000971583,0.999080604,1.2618086608084191,0.74555535953538,2.4308878468937147e-06
1,0,0,MLR,1,W1,0.18041088,0.808240568,1.3470266394303831,0.34531884939565216,-0.00019762822586021355
1,0,0,MLR,1,W2,0.312069335,0.70771253,1.0135192571472547,0.2603154873701793,3.7436093889364753e-05
1,0,0,MLR,1,X1,0.00159417,0.99830555,1.7220439974123043,0.35321744393615373,-3.1047572209841334e-06
1,0,0,MLR,1,X2,0.001419474,0.998670506,1.6849025668784416,0.23146018432964438,1.8571678417345084e-09
1,0,0,SVR,1,W1,0.180270253,0.808390041,1.3517904723439416,0.3488854871504242,-2.4294591934592713e-05
1,0,0,SVR,1,W2,0.310842079,0.708861991,1.030823723105626,0.26882735422984416,7.864380785486125e-05
1,0,0,SVR,1,X1,0.002353888,0.997498044,1.7072224722755887,0.3526756272187458,0.00046043357155556297
1,0,0,SVR,1,X2,0.001419159,0.9986708,1.6844777215940379,0.23127420338134708,6.641178774469126e-07
1,0,0,RF-R,1,W1,0.193896533,0.793906614,1.247836341853858,0.31634210142072555,0.002094733573446672
1,0,0,RF-R,1,W2,0.341608461,0.68004587,0.9124767195755563,0.24792074244692214,0.011858489541132855
1,0,0,RF-R,1,X1,0.015708686,0.983303177,1.583304816450011,0.32284133826983163,0.0010932116544874026
1,0,0,RF-R,1,X2,0.024833158,0.976741,1.515548033462175,0.2191969204565078,0.0024041175951891036
1,0,0,XGBoost-R,1,W1,0.185297952,0.761481652,1.3642415104460013,0.33177622974681775,0.0013262691294226303
1,0,0,XGBoost-R,1,W2,0.325563386,0.639425122,0.9775946264589266,0.2633977480275418,0.016574717415374106
1,0,0,XGBoost-R,1,X1,0.003393865,0.993937819,1.713002431368691,0.34751326456070863,2.9611040488197737e-05
1,0,0,XGBoost-R,1,X2,0.005776947,0.992198708,1.6546682221644269,0.2273965723658989,0.0004913064064046236
1,0,0,MLP-R,1,W1,0.180374024,0.808279742,1.355002445818458,0.34529810672630895,-0.00021802084740342177
1,0,0,MLP-R,1,W2,0.310594862,0.709093538,1.0421684130642408,0.2558216892166429,0.006700996348422972
1,0,0,MLP-R,1,X1,0.001594012,0.998305718,1.7221371954903968,0.35323205331864976,-2.968733706132376e-06
1,0,0,MLP-R,1,X2,0.001419452,0.998670526,1.6847773186655342,0.23142742992869952,6.772014243816571e-08
1,0,0,MLR,2,W1,0.172167831,0.823943204,1.2807224739052172,0.33470041787089694,0.0
1,0,0,MLR,2,W2,0.298213257,0.706623881,1.1073313023372482,0.26930733707861076,0.0
1,0,0,MLR,2,X1,0.001627578,0.998335658,1.6663147047371587,0.3340042796892619,3.3552159122041127e-06
1,0,0,MLR,2,X2,0.001479764,0.998544238,1.6939323677903686,0.29023867389000424,6.995957671063203e-07
1,0,0,SVR,2,W1,0.171179124,0.824954244,1.3221483847080524,0.34375389664693845,-0.00038232390241360603
1,0,0,SVR,2,W2,0.29774326,0.707086254,1.1031187941838834,0.28021278929433147,0.00019343378882863416
1,0,0,SVR,2,X1,0.002285876,0.99766249,1.6424250824348783,0.3211024841475846,3.605046659095334e-05
1,0,0,SVR,2,X2,0.001518705,0.998505929,1.6960405176600895,0.28664859691191424,1.3486682343133438e-07
1,0,0,RF-R,2,W1,0.203238777,0.792170421,1.1787528487086205,0.2973334284847664,0.0014243538253923215
1,0,0,RF-R,2,W2,0.320455727,0.684742192,1.0215219963888904,0.24693835726515884,0.004538858723286532
1,0,0,RF-R,2,X1,0.018721412,0.980855705,1.5410196182456128,0.30408068001548577,-0.0001684193857547589
1,0,0,RF-R,2,X2,0.01743034,0.982852387,1.563857064693142,0.261405913965327,0.0008440909419228371
1,0,0,XGBoost-R,2,W1,0.177317185,0.772032962,1.290688044541929,0.31734275192707345,-0.005983299824588628
1,0,0,XGBoost-R,2,W2,0.305422991,0.629325489,1.08172813135699,0.2536301978617049,0.008469065855868051
1,0,0,XGBoost-R,2,X1,0.003918024,0.994973202,1.6610490529736714,0.3268681768576819,6.549611874595573e-05
1,0,0,XGBoost-R,2,X2,0.003275981,0.993848172,1.6852776092773394,0.28325563575117996,-0.0004821450796849591
1,0,0,MLP-R,2,W1,0.172298046,0.823810048,1.2814181749428915,0.3352710983999888,-0.00020813422003824745
1,0,0,MLP-R,2,W2,0.297924708,0.706907749,1.1066222107024608,0.27025641938269035,0.0002114853220208768
1,0,0,MLP-R,2,X1,0.001620916,0.99834247,1.667614040380713,0.3338052268989652,2.8944024506150077e-06
1,0,0,MLP-R,2,X2,0.001477689,0.99854628,1.6946255164859294,0.29041846589219283,6.617616293724815e-07
1,0,0,MLR,3,W1,0.161064603,0.860462823,1.336487308162636,0.30806352592983366,0.0
1,0,0,MLR,3,W2,0.312448107,0.722098659,1.0879343762875262,0.27558793771096346,2.5437793548432898e-05
1,0,0,MLR,3,X1,0.001693908,0.998532495,1.640804173403157,0.31609277557376175,-8.082998527836339e-07
1,0,0,MLR,3,X2,0.001363755,0.998787033,1.713990877821378,0.2500851404566567,-8.202516339816946e-07
1,0,0,SVR,3,W1,0.16071022,0.86076984,1.3558735306531668,0.31104049435217485,-3.4324414512565405e-06
1,0,0,SVR,3,W2,0.310620004,0.723724632,1.110710201400272,0.2797478548037108,0.0001129343475407496
1,0,0,SVR,3,X1,0.001693516,0.998532835,1.6402855913962369,0.31662812193377227,-8.57457873149059e-08
1,0,0,SVR,3,X2,0.001358697,0.998791531,1.7139825596336926,0.2494964395243112,-1.9547621145088455e-07
1,0,0,RF-R,3,W1,0.191065655,0.834471624,1.2302177244203918,0.28781451788001033,0.006787580845909513
1,0,0,RF-R,3,W2,0.344041849,0.693998174,0.9969372602292499,0.2574385320566091,0.004640474274327522
1,0,0,RF-R,3,X1,0.02898484,0.97488919,1.4896285443526922,0.2916211071309432,0.0007316602550065943
1,0,0,RF-R,3,X2,0.025258398,0.977534372,1.5598264696225101,0.21867758436794574,-0.0013270604810643794
1,0,0,XGBoost-R,3,W1,0.172098564,0.80408655,1.3457017159460758,0.2904291467991834,0.0006481013491969167
1,0,0,XGBoost-R,3,W2,0.325620675,0.650426073,1.069774848049007,0.28044550819568426,0.007994973439678898
1,0,0,XGBoost-R,3,X1,0.00541054,0.991993543,1.620678665507072,0.31054414721329293,-0.00034940653344250894
1,0,0,XGBoost-R,3,X2,0.004885949,0.993388556,1.7042847476797989,0.24695851738470384,-7.898403516680697e-05
1,0,0,MLP-R,3,W1,0.161150745,0.860388194,1.3360553306567802,0.3034082125285498,-0.00013179431001001385
1,0,0,MLP-R,3,W2,0.31292337,0.721675944,1.0891338116721017,0.2746202727204384,7.488840181101298e-05
1,0,0,MLP-R,3,X1,0.001694044,0.998532377,1.6404521641589997,0.3161158359344324,-8.750446707561643e-07
1,0,0,MLP-R,3,X2,0.001362247,0.998788374,1.7146567592471562,0.2500004077816825,-9.559472988529548e-07
1,0,0,MLR,4,W1,0.156687541,0.843865143,1.3476109094444262,0.30712165301398575,0.0
1,0,0,MLR,4,W2,0.291255575,0.724869133,1.088917675197728,0.2632195700532032,0.0
1,0,0,MLR,4,X1,0.001685609,0.998320336,1.6481634532623541,0.30508676827940656,-1.1166691128439155e-07
1,0,0,MLR,4,X2,0.001274055,0.99879648,1.6410304325973926,0.2489747548120802,0.0
1,0,0,SVR,4,W1,0.15689477,0.843658645,1.3406540963351536,0.30389554922134143,-3.0365987504987756e-05
1,0,0,SVR,4,W2,0.291240735,0.724883152,1.0973465128710775,0.25859285630512924,-4.2056782329613626e-05
1,0,0,SVR,4,X1,0.012072211,0.987970371,1.6256355595082543,0.2995415704695272,-0.004377762431181464
1,0,0,SVR,4,X2,0.004576568,0.995676803,1.6142348651886038,0.2492862716547874,0.00043539734136354146
1,0,0,RF-R,4,W1,0.188111542,0.812551984,1.2313595656441092,0.2826454130708094,0.0005974405538957339
1,0,0,RF-R,4,W2,0.314240815,0.703156419,1.0177069198450035,0.2509337256556929,0.00866080011174456
1,0,0,RF-R,4,X1,0.024244863,0.975840655,1.5122981176943544,0.27653423254597354,-0.0007426924255085398
1,0,0,RF-R,4,X2,0.012959825,0.987757666,1.5231184153874764,0.23126552587449495,0.0011989051776472137
1,0,0,XGBoost-R,4,W1,0.164648371,0.794214396,1.3385826278934596,0.3037846078517997,0.0031826869976176674
1,0,0,XGBoost-R,4,W2,0.299709718,0.640936795,1.068287425948565,0.24907026862800025,0.010763196052523604
1,0,0,XGBoost-R,4,X1,0.004779761,0.992391467,1.6199827825183442,0.30228821463130745,7.90891480313416e-06
1,0,0,XGBoost-R,4,X2,0.002607001,0.99568345,1.6360932234458154,0.24694944109799097,0.0001132854163582886
1,0,0,MLP-R,4,W1,0.156913616,0.843639865,1.3487617327983015,0.3075367450897313,-8.390467964557447e-05
1,0,0,MLP-R,4,W2,0.291508526,0.724630186,1.088585762006026,0.2641041130266131,-0.0001593536455720801
1,0,0,MLP-R,4,X1,0.001684684,0.998321259,1.647238836185115,0.3044909348980231,-2.1676662990133266e-07
1,0,0,MLP-R,4,X2,0.001276782,0.998793904,1.6411103025355438,0.2489902313915607,-2.0137165707256875e-06
1,0,0,MLR,5,W1,0.140670939,0.859049257,1.3884846924091072,0.3305019460493615,8.905001387522482e-05
1,0,0,MLR,5,W2,0.324474543,0.669131364,1.071949060527103,0.2622696171940257,0.0
1,0,0,MLR,5,X1,0.001735546,0.998261002,1.6726284533135805,0.33098984989857017,2.7583262722785663e-07
1,0,0,MLR,5,X2,0.001341733,0.998631826,1.7355336175598843,0.2577029421653361,1.0101448484456377e-06
1,0,0,SVR,5,W1,0.140733517,0.858986554,1.3845350461645582,0.3304318825830409,9.543856021224651e-05
1,0,0,SVR,5,W2,0.324611319,0.668991893,1.0745967966301986,0.2608857311972007,-0.00013346452123935704
1,0,0,SVR,5,X1,0.002250498,0.997745025,1.6611480450399423,0.33118297196827773,0.00033063264274804107
1,0,0,SVR,5,X2,0.001344051,0.998629463,1.7365231382677617,0.25742531274785624,8.395642269065639e-07
1,0,0,RF-R,5,W1,0.168491841,0.831173017,1.2863369956160264,0.3150203762995409,0.0018754225299055349
1,0,0,RF-R,5,W2,0.34915484,0.643964718,1.0045102721539882,0.25419231645732515,0.00825007013715412
1,0,0,RF-R,5,X1,0.017666309,0.982298551,1.5502159467318222,0.30639732187807167,0.0014023265630490056
1,0,0,RF-R,5,X2,0.01338121,0.9863551,1.6382914958794603,0.23686622989796277,0.0008894994757892682
1,0,0,XGBoost-R,5,W1,0.148588727,0.81070637,1.3705513308400288,0.3457463678156282,0.000846977124247128
1,0,0,XGBoost-R,5,W2,0.335269116,0.600534158,1.0544541173211819,0.268141172353571,0.009370505023712483
1,0,0,XGBoost-R,5,X1,0.003485955,0.99469197,1.6595960417303093,0.32514294178185055,0.00022622886524393816
1,0,0,XGBoost-R,5,X2,0.00304968,0.992318094,1.7433780194627162,0.2505610175468118,-0.00017662651571045406
1,0,0,MLP-R,5,W1,0.140847289,0.858872556,1.388450408603208,0.33064874103479946,8.924457051459055e-05
1,0,0,MLP-R,5,W2,0.3248911,0.668706599,1.073269079155223,0.25840052043366507,-0.00013941204554015484
1,0,0,MLP-R,5,X1,0.001735065,0.998261484,1.6726486452741014,0.33090438407774325,2.595316294984329e-07
1,0,0,MLP-R,5,X2,0.001340953,0.998632623,1.7352246636764534,0.2578254529652441,9.556767699536728e-07
1,0,0,MLR,6,W1,0.167576263,0.817303298,1.4013170938163293,0.3028094426089554,0.000192898885991577
1,0,0,MLR,6,W2,0.311081833,0.702504105,1.207684012867592,0.2327175217644369,-2.2679872691333535e-06
1,0,0,MLR,6,X1,0.001618144,0.998235851,1.749987041710975,0.3157366119494999,0.0
1,0,0,MLR,6,X2,0.001207503,0.998845233,1.795458139197684,0.25950029816828324,-1.2065821945017597e-06
1,0,0,SVR,6,W1,0.166988782,0.817943787,1.3937297556884851,0.298791559649344,0.00020871945061933238
1,0,0,SVR,6,W2,0.311202136,0.702389056,1.1912709970318107,0.23306398601482764,-7.816058442301488e-05
1,0,0,SVR,6,X1,0.001640472,0.998211508,1.7500792068104964,0.31589860845347584,-3.5722258827086684e-06
1,0,0,SVR,6,X2,0.001778487,0.998299186,1.767324742005495,0.2613849408251405,7.76596934917162e-06
1,0,0,RF-R,6,W1,0.189685695,0.793198927,1.313653778213836,0.27781274872764455,0.0006532236445657036
1,0,0,RF-R,6,W2,0.356286595,0.659273579,1.0688088942613032,0.20531924762483422,-0.007878712065580995
1,0,0,RF-R,6,X1,0.017314892,0.981122782,1.6223546595300007,0.28804290062176285,0.0006213443705330391
1,0,0,RF-R,6,X2,0.021964531,0.978994731,1.6223867216011674,0.23022156097931612,0.0007622407110580376
1,0,0,XGBoost-R,6,W1,0.17253071,0.751334634,1.4035838723296505,0.2744436893610669,-0.006089160613263566
1,0,0,XGBoost-R,6,W2,0.324423407,0.601810356,1.197537326390891,0.22591197147027212,-0.005710516107056862
1,0,0,XGBoost-R,6,X1,0.002981278,0.99448205,1.7474301122734537,0.31450960803222094,-0.00018032302049009186
1,0,0,XGBoost-R,6,X2,0.003309759,0.993663413,1.7631672956901592,0.25474028543386534,-0.0004373372127379427
1,0,0,MLP-R,6,W1,0.167423865,0.817469446,1.3989058263330303,0.3023517248535618,0.0002323364086326385
1,0,0,MLP-R,6,W2,0.311964088,0.701660381,1.2058934304025444,0.23262643326896915,3.651379258329257e-06
1,0,0,MLP-R,6,X1,0.001619841,0.998234001,1.7498969878609274,0.31572196206518643,-1.2488220137996109e-06
1,0,0,MLP-R,6,X2,0.001205094,0.998847536,1.7944248487873,0.25931364056670275,-2.6900717274847e-07
1,0,0,MLR,7,W1,0.154630475,0.841896642,1.367287092350581,0.35699987837119973,0.0
1,0,0,MLR,7,W2,0.278321155,0.714194108,1.1584568913345332,0.24257343636937123,0.0
1,0,0,MLR,7,X1,0.001526813,0.998438896,1.6755641129351413,0.3448625295552291,2.014583084919419e-06
1,0,0,MLR,7,X2,0.001252609,0.998713705,1.8134938720320382,0.2624202746842138,4.0740052327237207e-07
1,0,0,SVR,7,W1,0.154582487,0.841945707,1.3689760332330878,0.36191188135805663,1.7290664019675717e-05
1,0,0,SVR,7,W2,0.27802865,0.714494479,1.1606843278505572,0.2395249602507134,6.403595189237165e-05
1,0,0,SVR,7,X1,0.002263557,0.997685606,1.6702646686109248,0.3427392599114799,0.000557468693196328
1,0,0,SVR,7,X2,0.001826527,0.998124353,1.8088639878601356,0.2616257494166314,0.00028698575834884554
1,0,0,RF-R,7,W1,0.176582466,0.819451625,1.2607416366980644,0.3249507515980202,-0.0020466733374939206
1,0,0,RF-R,7,W2,0.302127345,0.689747712,1.0955070772760003,0.22803632669194807,0.0012761438133728875
1,0,0,RF-R,7,X1,0.014452602,0.985222803,1.5666399023132525,0.31378168203729934,0.0004891265129145061
1,0,0,RF-R,7,X2,0.017030038,0.982511982,1.6777938626696343,0.24016285190722728,-0.000875271878222672
1,0,0,XGBoost-R,7,W1,0.162296149,0.800777942,1.3490016689686601,0.351572158605434,0.004463716507113735
1,0,0,XGBoost-R,7,W2,0.28825256,0.640917018,1.1565851451461668,0.2553791206054778,-0.00029880027664240804
1,0,0,XGBoost-R,7,X1,0.00298937,0.995076205,1.6793209960204663,0.33915989597470203,-0.0001781690745425668
1,0,0,XGBoost-R,7,X2,0.002969803,0.994644756,1.8158869226189984,0.2585255519951503,6.690422738986346e-06
1,0,0,MLP-R,7,W1,0.154828126,0.841694551,1.3591312317162982,0.356195917539252,-0.0001795271493585382
1,0,0,MLP-R,7,W2,0.27795892,0.714566085,1.1680327329863915,0.24632491093896003,0.00016023628829807678
1,0,0,MLP-R,7,X1,0.001526458,0.998439259,1.6754756043595969,0.344793127470402,2.493505270650953e-06
1,0,0,MLP-R,7,X2,0.001253008,0.998713296,1.8135240528882968,0.2623973724231939,4.7371732234680055e-07
1,0,0,MLR,8,W1,0.170004094,0.83319634,1.3536218197497623,0.31460722899936117,-4.710384032889925e-05
1,0,0,MLR,8,W2,0.337492317,0.677915197,1.0520997526553135,0.3063544801398358,-1.009704642085385e-06
1,0,0,MLR,8,X1,0.001631089,0.998399617,1.7247838418337236,0.30874165292161576,1.9220085907267758e-07
1,0,0,MLR,8,X2,0.001303323,0.998756178,1.6945408604881311,0.2911504093649212,0.0
1,0,0,SVR,8,W1,0.169626199,0.83356712,1.3686506680101536,0.33045443127472185,0.0008737442623741765
1,0,0,SVR,8,W2,0.337721613,0.677696369,1.0410546105980474,0.3078103261884949,1.3028932576153452e-07
1,0,0,SVR,8,X1,0.001642382,0.998388536,1.7247775387035804,0.30904665301195056,9.177810190608148e-07
1,0,0,SVR,8,X2,0.00268999,0.997432816,1.6871539815373229,0.2908138647275119,0.00025911989964042534
1,0,0,RF-R,8,W1,0.192769414,0.81085959,1.2591910027660296,0.2914811195854753,0.005944123509121979
1,0,0,RF-R,8,W2,0.36172198,0.65479169,0.9520727275440134,0.27877723401704524,0.006049327927672233
1,0,0,RF-R,8,X1,0.019869913,0.980504151,1.5787774731868915,0.27506555072414024,0.00021151980243736546
1,0,0,RF-R,8,X2,0.01684072,0.983928109,1.5672305385575283,0.26050172718400877,0.0008749598882055621
1,0,0,XGBoost-R,8,W1,0.179250901,0.783560378,1.3577279127820643,0.300675385040261,0.007248340694061361
1,0,0,XGBoost-R,8,W2,0.348978824,0.59214617,1.0477239754731393,0.3013714458052084,0.00682075965715595
1,0,0,XGBoost-R,8,X1,0.003710684,0.994226741,1.728892069123906,0.30659085486389837,0.0002212019829421763
1,0,0,XGBoost-R,8,X2,0.00258009,0.995536359,1.6843577497798186,0.2852025485443794,1.9107872365509147e-05
1,0,0,MLP-R,8,W1,0.169589262,0.833603362,1.3593192576472177,0.3139578557767898,0.00027762755555995613
1,0,0,MLP-R,8,W2,0.337458135,0.677947819,1.0405353267052588,0.31680755451650083,1.0393710171086036e-06
1,0,0,MLP-R,8,X1,0.001630973,0.998399731,1.724550180780787,0.308670185071637,-5.27418195095386e-07
1,0,0,MLP-R,8,X2,0.001309379,0.998750398,1.6947202319612706,0.29117740335136094,-3.32376248268762e-06
1,0,0,MLR,9,W1,0.159352882,0.834427615,1.4342410241441104,0.3307893206016342,0.0001413755145970419
1,0,0,MLR,9,W2,0.318312738,0.652110645,1.137667434987372,0.2757223651351456,0.00015825774252792302
1,0,0,MLR,9,X1,0.001817298,0.998111773,1.7471703114180195,0.3429833450149665,1.5977699556302128e-06
1,0,0,MLR,9,X2,0.001270919,0.998610991,1.7740802915460239,0.28977760657369206,-4.926375201608213e-06
1,0,0,SVR,9,W1,0.159318534,0.834463303,1.4344383093878867,0.3374738366640818,0.00028236476776746235
1,0,0,SVR,9,W2,0.317948699,0.652508509,1.1146426618079879,0.2767122686837961,9.14514043251824e-05
1,0,0,SVR,9,X1,0.001880093,0.998046527,1.7381816989832095,0.33965256785913883,2.748237556328137e-05
1,0,0,SVR,9,X2,0.001267216,0.998615039,1.7740342792279105,0.2907233441438942,-3.440619748373841e-06
1,0,0,RF-R,9,W1,0.175934494,0.817198827,1.3453276590263794,0.30995986309785895,0.0017234659189964807
1,0,0,RF-R,9,W2,0.343715589,0.624347441,1.045114675141188,0.2527533053989058,0.005127861680510759
1,0,0,RF-R,9,X1,0.019170494,0.980081286,1.6095494058051159,0.30675848166670117,0.00018947438061338583
1,0,0,RF-R,9,X2,0.013408486,0.98534564,1.6529285028906373,0.26121013826529665,0.0010637995986866543
1,0,0,XGBoost-R,9,W1,0.162639006,0.786474769,1.4403863916086919,0.3245631606326004,-0.00428374349147651
1,0,0,XGBoost-R,9,W2,0.322746073,0.538093013,1.1373143916280457,0.2598503146521839,-0.009205426381219317
1,0,0,XGBoost-R,9,X1,0.003969791,0.993738064,1.733958975460767,0.33798716529158324,0.00013492442184477317
1,0,0,XGBoost-R,9,X2,0.002518081,0.995981908,1.7625585364140133,0.2870283089459888,0.0003556510734287532
1,0,0,MLP-R,9,W1,0.159236205,0.834548845,1.4336280140544535,0.33114857692003924,8.3632268360756e-05
1,0,0,MLP-R,9,W2,0.31805987,0.652387009,1.12673003496438,0.2711195117511815,0.00010256028670517781
1,0,0,MLP-R,9,X1,0.001820063,0.9981089,1.7469076186272072,0.3427997855308248,2.8060223813075603e-06
1,0,0,MLP-R,9,X2,0.001269997,0.998611999,1.7737009298708597,0.28975216459022146,-5.013115269081325e-06
1,0,0,MLR,10,W1,0.176702481,0.825773488,1.3311711577119782,0.32648964916513,0.0002464994087373218
1,0,0,MLR,10,W2,0.293082501,0.704383357,1.0995945922429409,0.3132121582990769,0.0001792640882345542
1,0,0,MLR,10,X1,0.001809547,0.998215809,1.7285357349393622,0.3172068780763705,-5.273788361548349e-06
1,0,0,MLR,10,X2,0.001221013,0.998768429,1.6975216690041282,0.25639374612638394,-4.544667648542777e-07
1,0,0,SVR,10,W1,0.176136483,0.826331555,1.3380670900046905,0.3380412546996262,0.00018791029226290502
1,0,0,SVR,10,W2,0.291858397,0.705618046,1.0944489148344978,0.3228409191115134,0.0010690587129488117
1,0,0,SVR,10,X1,0.001816626,0.998208828,1.7277129774788396,0.3172034516143441,-6.148934700744846e-06
1,0,0,SVR,10,X2,0.001219672,0.998769782,1.6979042518037968,0.25630840871709915,-2.8102168148080864e-08
1,0,0,RF-R,10,W1,0.203024436,0.799820358,1.227662831956557,0.31422867598149756,0.005088839048400684
1,0,0,RF-R,10,W2,0.320449297,0.676779934,1.012789719555415,0.2977247918470095,0.0023360293846303114
1,0,0,RF-R,10,X1,0.022999265,0.977323003,1.5636138813173672,0.2854805585858312,-0.0009804037283347223
1,0,0,RF-R,10,X2,0.014997247,0.984873079,1.6055221593475875,0.23804069999693822,-0.0012742710997245
1,0,0,XGBoost-R,10,W1,0.18865866,0.765916179,1.316298155490782,0.33217573476774626,0.0006443381431492812
1,0,0,XGBoost-R,10,W2,0.300144865,0.617530571,1.0987163725539493,0.31471922808407665,-0.000496816907501052
1,0,0,XGBoost-R,10,X1,0.003888625,0.993114422,1.7199923220890654,0.31289824231578417,7.957361628149195e-05
1,0,0,XGBoost-R,10,X2,0.002208758,0.995661889,1.6949187864981738,0.2552532995967197,0.00012860170549879867
1,0,0,MLP-R,10,W1,0.176730584,0.825745779,1.3311668826382748,0.3265787931579392,0.00024696144615161676
1,0,0,MLP-R,10,W2,0.292694148,0.704775069,1.1000836448453892,0.31762761825247093,0.000283527042102294
1,0,0,MLP-R,10,X1,0.001810923,0.998214452,1.7285607567724774,0.3172079076068214,-5.164790603284786e-06
1,0,0,MLP-R,10,X2,0.001220764,0.998768681,1.6976066611966896,0.2562899534630893,-3.521372480719265e-07
1,0,1,MLR,1,W1,0.049396263,0.948533808,0.40125658187380847,1.528070581161682,0.0
1,0,1,MLR,1,W2,0.109780571,0.879561886,0.3366431345018929,1.5815138090279848,0.0
1,0,1,MLR,1,X1,0.001944304,0.997974221,0.5102596722590838,1.530747003262882,8.094188492102639e-06
1,0,1,MLR,1,X2,0.001749523,0.998080633,0.563274535058318,1.5379430060782935,-8.963742707113198e-06
1,0,1,SVR,1,W1,0.049488245,0.948437971,0.4005045629917497,1.5251614780916143,1.2736358370957213e-06
1,0,1,SVR,1,W2,0.109784847,0.879557195,0.330059711009678,1.575853430956336,1.7075314675130125e-05
1,0,1,SVR,1,X1,0.001944759,0.997973747,0.510068023196055,1.5307611138037351,8.721834857061683e-06
1,0,1,SVR,1,X2,0.001747909,0.998082403,0.5637239888717506,1.5391799136126274,-8.1844572923373e-06
1,0,1,RF-R,1,W1,0.067679517,0.929484403,0.3623273826918726,1.4125078274671083,0.0013214332503290959
1,0,1,RF-R,1,W2,0.124400162,0.863523019,0.3105963691247134,1.4735216490531646,0.0019740709279104317
1,0,1,RF-R,1,X1,0.022104659,0.976969055,0.4478735325359361,1.4021915205042035,0.000269137525801022
1,0,1,RF-R,1,X2,0.015799886,0.982666254,0.5020361335606117,1.4348772695627823,0.0005372589665058158
1,0,1,XGBoost-R,1,W1,0.056214665,0.930201084,0.38533427213556626,1.505258249243629,0.0021942520189223826
1,0,1,XGBoost-R,1,W2,0.113972801,0.847890473,0.34737790964216647,1.5485267173168125,-0.0019234844198504852
1,0,1,XGBoost-R,1,X1,0.005663113,0.990408547,0.4920307844208428,1.5096688291176232,3.300054459448587e-05
1,0,1,XGBoost-R,1,X2,0.003635221,0.99362894,0.5432386335191848,1.5310458733357468,-8.04297852483149e-05
1,0,1,MLP-R,1,W1,0.049386102,0.948544395,0.40644981978747186,1.5268680238979129,4.827258114348254e-07
1,0,1,MLP-R,1,W2,0.109788361,0.87955334,0.3366170404540507,1.5814507020195863,1.156380946781832e-05
1,0,1,MLP-R,1,X1,0.001943876,0.997974667,0.5099408742577425,1.5305446760854937,9.010883178539597e-06
1,0,1,MLP-R,1,X2,0.001753295,0.998076495,0.5632880057742573,1.5379695786823695,-8.77184706891132e-06
1,0,1,MLR,2,W1,0.05578402,0.946607122,0.3644583111834153,1.483068855907422,0.0
1,0,1,MLR,2,W2,0.103798414,0.895899726,0.3384770383628021,1.4140961585562155,0.00012976638464287093
1,0,1,MLR,2,X1,0.001793394,0.998283478,0.4606901244665934,1.4840604389445897,-2.8637613511128812e-06
1,0,1,MLR,2,X2,0.001705795,0.998289244,0.5444039337988571,1.423421562413154,1.2161259554943626e-07
1,0,1,SVR,2,W1,0.055699516,0.946688004,0.3589494514119999,1.4878514667130716,3.161535168419993e-05
1,0,1,SVR,2,W2,0.103683168,0.896015307,0.3366997619527628,1.421656954935675,6.207966249078822e-05
1,0,1,SVR,2,X1,0.001791678,0.998285121,0.4604866241711346,1.4843633847344642,-2.0653922909064095e-06
1,0,1,SVR,2,X2,0.001705885,0.998289155,0.5449596139711066,1.4239607107514065,3.3650734510004555e-08
1,0,1,RF-R,2,W1,0.075760822,0.927486611,0.33674476445634705,1.3694694138985297,0.00013210518828196127
1,0,1,RF-R,2,W2,0.132801759,0.866812035,0.3152029600536584,1.3200439235029477,0.0026683153212426537
1,0,1,RF-R,2,X1,0.019123066,0.98169663,0.4232191966469438,1.3747258533344913,0.0005828838003765103
1,0,1,RF-R,2,X2,0.019766113,0.980176405,0.49958101930729504,1.2998838470727938,0.0004494362280682007
1,0,1,XGBoost-R,2,W1,0.059556741,0.93048019,0.35737022088204407,1.494101389279019,0.0006299842356189078
1,0,1,XGBoost-R,2,W2,0.111865556,0.863901193,0.336961846816884,1.380779880449137,0.004133246612165353
1,0,1,XGBoost-R,2,X1,0.00450783,0.99224834,0.44566120144884086,1.4834465895506628,0.0004109093391767016
1,0,1,XGBoost-R,2,X2,0.003704684,0.992880195,0.5368161017305464,1.4018608568978217,0.00025290842707345054
1,0,1,MLP-R,2,W1,0.055708202,0.94667969,0.3647339233289701,1.480889852190582,-6.574225924748101e-05
1,0,1,MLP-R,2,W2,0.103702989,0.895995429,0.34844861138044914,1.4248998365251637,0.0033367164013882065
1,0,1,MLP-R,2,X1,0.001783579,0.998292873,0.461507955497901,1.486596114970721,3.380881370751432e-07
1,0,1,MLP-R,2,X2,0.001705598,0.998289442,0.5448328758706557,1.4234629729779205,1.6692112523308821e-07
1,0,1,MLR,3,W1,0.048469707,0.951465583,0.37311936851903754,1.5286970061162974,3.204456204872752e-05
1,0,1,MLR,3,W2,0.090436785,0.909465319,0.3280022558771047,1.4708682811722678,0.0
1,0,1,MLR,3,X1,0.00191044,0.998087009,0.45368986030740144,1.525338456597686,0.0
1,0,1,MLR,3,X2,0.001982762,0.998015092,0.5048872147384128,1.4718798860640576,0.0
1,0,1,SVR,3,W1,0.048503318,0.951431927,0.372156893929874,1.5258380389017716,-3.774782779476515e-05
1,0,1,SVR,3,W2,0.090481286,0.909420771,0.3287131730177865,1.4726574895480309,4.03164782158516e-05
1,0,1,SVR,3,X1,0.002907012,0.997089106,0.4526092690420894,1.5071687790646906,-3.284786609636381e-06
1,0,1,SVR,3,X2,0.005518212,0.994475814,0.49126994242434163,1.4616593924869292,0.0002657007447677828
1,0,1,RF-R,3,W1,0.071152576,0.928752431,0.3433574618921368,1.4025657885859188,-0.0017639760026679219
1,0,1,RF-R,3,W2,0.117895065,0.881977317,0.29581542485557394,1.3506025073864099,-0.0027716585379696347
1,0,1,RF-R,3,X1,0.019331067,0.980643125,0.4243663822509644,1.419765681435014,0.0004985270954210752
1,0,1,RF-R,3,X2,0.019664717,0.980313997,0.45752452968174373,1.3619352619823704,0.0006737560412363508
1,0,1,XGBoost-R,3,W1,0.05344184,0.930771399,0.36418492388643287,1.5008034012328917,0.0008140365787981275
1,0,1,XGBoost-R,3,W2,0.101193225,0.870623185,0.3157582890693008,1.469863644459751,-0.003803046724170167
1,0,1,XGBoost-R,3,X1,0.005715362,0.993033943,0.4527908669953725,1.504175949652241,-2.685447108029537e-05
1,0,1,XGBoost-R,3,X2,0.006095512,0.991433538,0.48998518198294905,1.458696323625652,0.00020001242809086772
1,0,1,MLP-R,3,W1,0.048487472,0.951447794,0.3730853522321711,1.5287463412816538,2.9479113093366927e-05
1,0,1,MLP-R,3,W2,0.090467163,0.909434909,0.32576490521535256,1.4781695998400917,5.381403978514943e-05
1,0,1,MLP-R,3,X1,0.001910636,0.998086814,0.4536758174677279,1.525290154432207,-1.5352422714220992e-07
1,0,1,MLP-R,3,X2,0.001981785,0.998016069,0.5044476269046273,1.4709701010020992,-3.997295415003599e-07
1,0,1,MLR,4,W1,0.05755015,0.946690051,0.36759325759364125,1.4553233121198255,-2.793978997606139e-07
1,0,1,MLR,4,W2,0.102004555,0.893667268,0.36415256886253305,1.5166692471169618,-4.464590202840624e-05
1,0,1,MLR,4,X1,0.002130594,0.998026385,0.46087631499985343,1.4360561481370724,1.6538151781486655e-06
1,0,1,MLR,4,X2,0.002042071,0.997871281,0.563362063874849,1.5261495522011193,0.0
1,0,1,SVR,4,W1,0.057524965,0.946713381,0.36880089933024557,1.4566358558534263,-1.352847045499317e-09
1,0,1,SVR,4,W2,0.102229756,0.893432511,0.37343625846621287,1.5140859533902278,-4.958885784528411e-05
1,0,1,SVR,4,X1,0.002131208,0.998025816,0.4605710635753578,1.4357313277912809,3.8142182244294e-06
1,0,1,SVR,4,X2,0.00447665,0.9953334,0.5606630544981096,1.5033275913460042,-0.0003977601373180706
1,0,1,RF-R,4,W1,0.08237318,0.923695942,0.34038559585775063,1.3340227359519505,0.0012037538390516466
1,0,1,RF-R,4,W2,0.120067929,0.874837443,0.34196849256969675,1.3811701859549745,0.005426571709367467
1,0,1,RF-R,4,X1,0.02901857,0.973119471,0.41586669549543087,1.3032069370330075,-0.0016221654139072506
1,0,1,RF-R,4,X2,0.019032218,0.980160222,0.5178269399720999,1.3887716211973,0.0002962886060338454
1,0,1,XGBoost-R,4,W1,0.061328345,0.93227657,0.3653417079280002,1.458332106731649,0.0005899233628431033
1,0,1,XGBoost-R,4,W2,0.106334643,0.868197136,0.35527641104936497,1.5011828529932723,0.005574015583363812
1,0,1,XGBoost-R,4,X1,0.004319435,0.993040152,0.4495815055444224,1.4299785866431145,0.0009511304096034845
1,0,1,XGBoost-R,4,X2,0.00488782,0.991506814,0.5640542999633624,1.504683774820362,-0.00011189148209116429
1,0,1,MLP-R,4,W1,0.057595223,0.9466483,0.36746952938500776,1.4552625779462471,-3.372140000901247e-07
1,0,1,MLP-R,4,W2,0.101747984,0.893934725,0.36443755299445335,1.5155489626651448,9.52196187757437e-05
1,0,1,MLP-R,4,X1,0.002130734,0.998026255,0.4610537311340653,1.4361007829828278,1.676535806216517e-06
1,0,1,MLP-R,4,X2,0.002046238,0.997866938,0.5634218148122112,1.5252159770463867,-3.638405297945457e-06
1,0,1,MLR,5,W1,0.047503423,0.949611395,0.4243012295078448,1.4760118927884383,7.4723857777292405e-06
1,0,1,MLR,5,W2,0.096882967,0.906206573,0.31598724882661,1.4467440299907506,-8.974130829436655e-05
1,0,1,MLR,5,X1,0.001994891,0.997883946,0.5165973586562991,1.4996481569871873,-4.620632069218811e-06
1,0,1,MLR,5,X2,0.001921156,0.998140108,0.49495802986013676,1.4443776908365247,-3.466062712131901e-06
1,0,1,SVR,5,W1,0.047475867,0.949640624,0.42423221477534084,1.4717693235042852,1.4658637835784916e-05
1,0,1,SVR,5,W2,0.098012485,0.905113075,0.32147565516749854,1.4123037515972534,-0.00020764956852871165
1,0,1,SVR,5,X1,0.002610525,0.997230921,0.4955916140488911,1.4781729164189112,4.50369474697121e-06
1,0,1,SVR,5,X2,0.001924406,0.998136962,0.4949281073346472,1.444505219617793,2.0126706254952608e-07
1,0,1,RF-R,5,W1,0.069649271,0.926120489,0.38684323560576217,1.3685580814808211,0.0023451894971389777
1,0,1,RF-R,5,W2,0.129368024,0.874757445,0.2980796823428852,1.3135050000531803,-0.002393767520652723
1,0,1,RF-R,5,X1,0.021537531,0.977154359,0.4665442783596309,1.387413451764417,0.00047778709788232065
1,0,1,RF-R,5,X2,0.028193795,0.972705288,0.44935803730727786,1.314879938156346,-0.0007341869613141317
1,0,1,XGBoost-R,5,W1,0.051687797,0.935530184,0.42147037069657756,1.469319236845981,0.0023604373423792404
1,0,1,XGBoost-R,5,W2,0.098778411,0.865900762,0.3192462066906688,1.3921622522829928,-0.004093222155609988
1,0,1,XGBoost-R,5,X1,0.004460152,0.992714439,0.5151636294231439,1.4854263046885,0.0010253177976374817
1,0,1,XGBoost-R,5,X2,0.004882268,0.991350223,0.48459289251828563,1.4192407834868859,-2.693177031443117e-05
1,0,1,MLP-R,5,W1,0.047505328,0.949609374,0.4242902348797922,1.4758450411310267,7.63343263534555e-06
1,0,1,MLP-R,5,W2,0.096485562,0.906591304,0.31721950760425105,1.4452844430001006,5.619432886039277e-06
1,0,1,MLP-R,5,X1,0.001995367,0.997883442,0.517323643311814,1.5013652968117543,6.4833728527169395e-06
1,0,1,MLP-R,5,X2,0.001922947,0.998138374,0.4948332498157416,1.444574364280252,-1.791865691358474e-06
1,0,1,MLR,6,W1,0.049437061,0.951582657,0.35443565885645395,1.484536042698818,0.0
1,0,1,MLR,6,W2,0.10497727,0.887016179,0.3791459251675132,1.5172432055066398,0.0
1,0,1,MLR,6,X1,0.001928974,0.998110814,0.4574623555870076,1.4471127250860134,1.5362251286399341e-06
1,0,1,MLR,6,X2,0.001545289,0.998336852,0.5999638549741122,1.521368963367531,5.166927821020906e-06
1,0,1,SVR,6,W1,0.049238971,0.951776661,0.35382898258400386,1.4929212505920706,-4.101951593016295e-05
1,0,1,SVR,6,W2,0.104870523,0.887131067,0.37964628964989594,1.5160092813901265,0.00019186851830853556
1,0,1,SVR,6,X1,0.001932018,0.998107833,0.45755390770095483,1.4467296473041888,-2.8577857646094885e-06
1,0,1,SVR,6,X2,0.00249304,0.997316817,0.5943489490750002,1.5157016008099364,-9.312697698045102e-05
1,0,1,RF-R,6,W1,0.07646409,0.925113103,0.338007683393429,1.3611445196239773,-0.0004752094941464113
1,0,1,RF-R,6,W2,0.127242905,0.863052358,0.33908004760053456,1.386606647703688,0.0006726942807144476
1,0,1,RF-R,6,X1,0.021138994,0.979297031,0.43134289660980346,1.3217765493621756,-0.0002604279146032784
1,0,1,RF-R,6,X2,0.01589892,0.982888479,0.5446823039769954,1.3972053205180823,0.0011173827948501081
1,0,1,XGBoost-R,6,W1,0.055816844,0.933072761,0.3554282245192667,1.464167665051506,-0.0004908217204666165
1,0,1,XGBoost-R,6,W2,0.111834581,0.853277872,0.36627033613640736,1.5072554876172268,0.004014885235439902
1,0,1,XGBoost-R,6,X1,0.005157466,0.992837393,0.4540273273860128,1.4301129494469258,0.00015171804594206196
1,0,1,XGBoost-R,6,X2,0.003652366,0.991158871,0.5886704071783206,1.5132508224571928,0.0002460488875373201
1,0,1,MLP-R,6,W1,0.049451445,0.95156857,0.3544667336205028,1.4857674782089425,-3.757235649097801e-05
1,0,1,MLP-R,6,W2,0.104059278,0.888004185,0.37989193270898297,1.5012613212242976,0.0012443172187583617
1,0,1,MLP-R,6,X1,0.001932178,0.998107676,0.4572315012673952,1.4473815254985236,2.651039858037052e-06
1,0,1,MLP-R,6,X2,0.001543685,0.998338579,0.6004386305547433,1.5213268512054587,7.615677182393199e-06
1,0,1,MLR,7,W1,0.04746736,0.95542341,0.36385502240201467,1.4777542019429815,0.0
1,0,1,MLR,7,W2,0.105849725,0.900386971,0.3318605827748259,1.4375756052972417,9.506865570814149e-05
1,0,1,MLR,7,X1,0.001986207,0.998134754,0.45683994374538467,1.454660965253493,3.7115859786163163e-06
1,0,1,MLR,7,X2,0.001949331,0.998165524,0.5172800586780272,1.4704376895557296,2.3819258327062443e-06
1,0,1,SVR,7,W1,0.047702375,0.955202708,0.3646657418620464,1.4842256294363605,-0.0001552188630791762
1,0,1,SVR,7,W2,0.10547905,0.900735806,0.33018761739597835,1.4211565723385493,0.0003048905188916762
1,0,1,SVR,7,X1,0.001991532,0.998129752,0.45631643933250043,1.4571459581302324,7.3106479460127716e-06
1,0,1,SVR,7,X2,0.003721215,0.99649804,0.48929477455620907,1.4172409971136735,-2.988019949606846e-05
1,0,1,RF-R,7,W1,0.069580938,0.934656553,0.34188949838361304,1.342567531834149,0.0007961626598040339
1,0,1,RF-R,7,W2,0.129882571,0.877770147,0.30448835401620833,1.3003437092698444,0.005873950704207953
1,0,1,RF-R,7,X1,0.023372833,0.978050577,0.42316314277836653,1.311768406970041,0.0010616180786147788
1,0,1,RF-R,7,X2,0.028178658,0.973481637,0.4796254128553373,1.3263242394729946,-0.00031832217869044445
1,0,1,XGBoost-R,7,W1,0.05229198,0.938566792,0.3669813320680962,1.456108491812935,-0.000820063545736005
1,0,1,XGBoost-R,7,W2,0.115018232,0.864840003,0.34050706340677317,1.407314109410305,0.000828942405928712
1,0,1,XGBoost-R,7,X1,0.004061803,0.994337219,0.4526841773548099,1.4360027441061738,0.0007466131289010303
1,0,1,XGBoost-R,7,X2,0.005331138,0.991157165,0.5131517081494498,1.43373184231403,-0.00018515698522341139
1,0,1,MLP-R,7,W1,0.047658253,0.955244143,0.362168262973629,1.479700526162325,-0.00011519107033524101
1,0,1,MLP-R,7,W2,0.105572443,0.900647916,0.3261326606469413,1.4368155322167229,7.910939134317952e-05
1,0,1,MLP-R,7,X1,0.001985811,0.998135125,0.4568592008307394,1.454537954547895,4.374715574173571e-06
1,0,1,MLP-R,7,X2,0.001956072,0.99815918,0.5172013556644142,1.4703806991494912,2.872134183262709e-06
1,0,1,MLR,8,W1,0.044946841,0.955618297,0.3365886973869424,1.5918456235345069,0.0
1,0,1,MLR,8,W2,0.0997069,0.903712985,0.33063868875251656,1.4837940688213687,0.0
1,0,1,MLR,8,X1,0.001842847,0.998180324,0.4227083402335281,1.577589048627589,3.7851949805656206e-07
1,0,1,MLR,8,X2,0.001859011,0.998204752,0.512010325926944,1.450805844993424,1.8614774174419147e-06
1,0,1,SVR,8,W1,0.045022516,0.955543573,0.34081223174108777,1.5949943308580132,-0.00012597401296315924
1,0,1,SVR,8,W2,0.099447857,0.903963142,0.3153018861539878,1.4994073795158336,-8.072792217395097e-06
1,0,1,SVR,8,X1,0.001838203,0.99818491,0.42235861007921593,1.5796126988730501,6.754547268983391e-06
1,0,1,SVR,8,X2,0.001856451,0.998207224,0.5111092653830369,1.4507079404376297,4.590325065900735e-06
1,0,1,RF-R,8,W1,0.066783497,0.934056204,0.3170657127935318,1.4731552779291248,0.0010140582340667059
1,0,1,RF-R,8,W2,0.124551726,0.879720321,0.30905065322702374,1.368731796401293,-0.0008655283762960764
1,0,1,RF-R,8,X1,0.021937367,0.978338462,0.3867963858896104,1.4539825883727449,0.0005581920994214174
1,0,1,RF-R,8,X2,0.0192779,0.98138332,0.4694992544143696,1.3394931084347235,0.000994199683794972
1,0,1,XGBoost-R,8,W1,0.048634265,0.939130595,0.3336890359327459,1.5700402316778752,0.001083530806440336
1,0,1,XGBoost-R,8,W2,0.106774403,0.873561891,0.33295661262533005,1.47126746952328,-0.0017030166390848644
1,0,1,XGBoost-R,8,X1,0.004588206,0.993137394,0.4155870611593803,1.5619655098741947,-0.0001664544631215348
1,0,1,XGBoost-R,8,X2,0.004838845,0.993355551,0.5072426503080238,1.439683713662623,0.0002421844894489933
1,0,1,MLP-R,8,W1,0.044963461,0.955601887,0.3365977152105949,1.6008841898319912,-6.558155631855022e-05
1,0,1,MLP-R,8,W2,0.099800587,0.903622512,0.3306464299210755,1.4838424626972722,-2.8058246830198196e-05
1,0,1,MLP-R,8,X1,0.001843079,0.998180094,0.4228105028734518,1.5775746317390058,-4.7647906498138323e-08
1,0,1,MLP-R,8,X2,0.001858074,0.998205657,0.5114474423540754,1.4502285751264685,3.0674940369124216e-06
1,0,1,MLR,9,W1,0.047834892,0.954305472,0.3601800241628789,1.436972825118623,0.0
1,0,1,MLR,9,W2,0.10278433,0.888423027,0.35440975185046,1.426487028781622,0.00010406801546660737
1,0,1,MLR,9,X1,0.001607754,0.998464185,0.4609154870364412,1.431444521085299,1.3233342878171682e-07
1,0,1,MLR,9,X2,0.002000284,0.997828602,0.5671959682019962,1.419397500463382,1.0488115968987355e-05
1,0,1,SVR,9,W1,0.047780474,0.954357455,0.3617529630593543,1.4519282766379538,1.578093129839253e-07
1,0,1,SVR,9,W2,0.102750266,0.888460006,0.35855316523442865,1.4289479028193208,0.00015502839615678666
1,0,1,SVR,9,X1,0.00557726,0.994672294,0.4573551136050682,1.4149520042626909,0.0002569365785719646
1,0,1,SVR,9,X2,0.002404438,0.997389876,0.5633540446516976,1.4132046700417074,0.00037886799213909805
1,0,1,RF-R,9,W1,0.074206313,0.929114035,0.3307119322562358,1.3221596566361191,0.00034263586664855515
1,0,1,RF-R,9,W2,0.119134452,0.870674241,0.3281185574877788,1.3351364825383152,0.005110589472804905
1,0,1,RF-R,9,X1,0.026183497,0.974988079,0.4185460897270171,1.293284189657405,0.0005423233583219389
1,0,1,RF-R,9,X2,0.014920813,0.983802793,0.5153460945742067,1.3328161618469803,0.0014303132164786958
1,0,1,XGBoost-R,9,W1,0.053754604,0.937122887,0.3575943915358186,1.4319776668077033,0.0012726245261717839
1,0,1,XGBoost-R,9,W2,0.106514273,0.851149545,0.3506172032770076,1.432168661239227,-0.008998789798968
1,0,1,XGBoost-R,9,X1,0.003937197,0.992443331,0.45103031197281107,1.4185863338597873,0.0006910006411398384
1,0,1,XGBoost-R,9,X2,0.00356496,0.994260418,0.5594083806865763,1.4170523264492798,9.020248234781202e-06
1,0,1,MLP-R,9,W1,0.04776082,0.954376229,0.3579609295257554,1.4495774792949196,4.136960762479713e-06
1,0,1,MLP-R,9,W2,0.102746378,0.888464226,0.3561957332874852,1.4281248578655732,0.00013945812799511791
1,0,1,MLP-R,9,X1,0.001599067,0.998472483,0.46282930378722337,1.4315514638006364,2.9800675926949795e-09
1,0,1,MLP-R,9,X2,0.001966529,0.997865245,0.5691409672989087,1.4112457025922405,2.420969389431704e-05
1,0,1,MLR,10,W1,0.051629031,0.951138503,0.33853923085360027,1.5061342211652176,0.0
1,0,1,MLR,10,W2,0.099685548,0.898108664,0.38490026734213834,1.3954143744381255,0.00015845957050583114
1,0,1,MLR,10,X1,0.002160664,0.997955157,0.42711310686282833,1.5060246438679985,0.0
1,0,1,MLR,10,X2,0.001927871,0.998029471,0.5846161727122731,1.386924706032638,4.5452831320957896e-08
1,0,1,SVR,10,W1,0.051690445,0.951080381,0.3367053990878902,1.4994459615389906,-0.00010530081095507792
1,0,1,SVR,10,W2,0.099667178,0.898127441,0.38181417729377476,1.4018451489363368,0.0003172504248511121
1,0,1,SVR,10,X1,0.002158533,0.997957173,0.4273460843665301,1.5050696041508398,7.4114260138036235e-06
1,0,1,SVR,10,X2,0.001926463,0.998030909,0.5848879220141452,1.387247811275861,6.360226170176731e-08
1,0,1,RF-R,10,W1,0.070990203,0.932815172,0.3208521304819759,1.3793551183094643,0.002708217527682488
1,0,1,RF-R,10,W2,0.118970358,0.87839713,0.3752490003150123,1.2945398334562201,-0.0008111006525616471
1,0,1,RF-R,10,X1,0.021693611,0.979469258,0.39613142257695494,1.374734618791615,0.0009178500002597456
1,0,1,RF-R,10,X2,0.020003716,0.979553652,0.5530907120489083,1.276202495946729,0.0013930360924622963
1,0,1,XGBoost-R,10,W1,0.055785092,0.934731772,0.3299819849962701,1.505211930039985,0.001987031782907289
1,0,1,XGBoost-R,10,W2,0.103666305,0.867818438,0.39180826520106715,1.370133621147818,0.001773220278372656
1,0,1,XGBoost-R,10,X1,0.004344545,0.993187813,0.41811885542883315,1.5159050946564059,-0.00031070424384357367
1,0,1,XGBoost-R,10,X2,0.004708243,0.991704349,0.5855802417113023,1.3664280453192734,-0.0002593861024379418
1,0,1,MLP-R,10,W1,0.051790899,0.950985312,0.34003105783754173,1.511511745721244,-0.00015595648679307407
1,0,1,MLP-R,10,W2,0.099676174,0.898118245,0.3841723077719768,1.3925476346925678,0.00017650939402538146
1,0,1,MLP-R,10,X1,0.002141074,0.997973697,0.42732763641019644,1.50464786913042,2.6364886380159104e-05
1,0,1,MLP-R,10,X2,0.001927532,0.998029817,0.5846720556273023,1.3868926544308091,6.163951320470318e-08
1,0,2,MLR,1,W1,0.114707185,0.894068763,0.8279523862548585,0.8375943954629594,-6.268671758323796e-05
1,0,2,MLR,1,W2,0.22094668,0.785585188,0.7015049654614985,0.7822867856737789,-0.0001417948897556198
1,0,2,MLR,1,X1,0.001074899,0.999007339,1.1048328880291254,0.8217549497595756,-9.914057473192627e-07
1,0,2,MLR,1,X2,0.000982953,0.999046106,1.0881847185633786,0.7618972032858704,2.1902714260058076e-06
1,0,2,SVR,1,W1,0.114396027,0.894356115,0.8309379574070925,0.838116838217911,-3.694901749022872e-05
1,0,2,SVR,1,W2,0.220110828,0.78639633,0.6924641787260111,0.8157492310070223,6.423194107478825e-05
1,0,2,SVR,1,X1,0.001073947,0.999008218,1.105377982380905,0.8215225434920981,5.772872425868769e-07
1,0,2,SVR,1,X2,0.000983848,0.999045238,1.0895849575315317,0.7613165322437533,3.958427161987466e-06
1,0,2,RF-R,1,W1,0.142628213,0.8682839,0.7618372175309852,0.7825956099349087,-0.00038957410802530345
1,0,2,RF-R,1,W2,0.239461153,0.76761806,0.6529826343581162,0.7244378524895463,0.001785931844744082
1,0,2,RF-R,1,X1,0.02320788,0.978567695,0.9893040974071271,0.7535947653825998,0.0009985383282719695
1,0,2,RF-R,1,X2,0.020275364,0.980324039,1.0081974764554171,0.6936129507004539,-6.961244594105853e-06
1,0,2,XGBoost-R,1,W1,0.120445946,0.863465213,0.8299877769920989,0.831610880729321,0.0019369498776991233
1,0,2,XGBoost-R,1,W2,0.221731084,0.745234997,0.7093083328885089,0.7833738184951593,0.006279490051129255
1,0,2,XGBoost-R,1,X1,0.003611886,0.995280028,1.09696557381665,0.8224541976675235,3.2148057712655385e-05
1,0,2,XGBoost-R,1,X2,0.002718733,0.995356424,1.0839686975724463,0.7584861970098762,-8.889390435318224e-06
1,0,2,MLP-R,1,W1,0.112442021,0.896160625,0.8992246360284177,0.8130251723605308,-2.972982583603345e-05
1,0,2,MLP-R,1,W2,0.220853167,0.785675937,0.7016538082095856,0.7857240439307218,-0.00015186894164737064
1,0,2,MLP-R,1,X1,0.00107692,0.999005472,1.10483489905284,0.821742245650138,-9.73691130157217e-07
1,0,2,MLP-R,1,X2,0.000985116,0.999044007,1.088244195917049,0.7618684015203061,2.5433798910734497e-06
1,0,2,MLR,2,W1,0.131434534,0.861525883,0.8914001984129726,1.025834449973035,0.0
1,0,2,MLR,2,W2,0.235850587,0.786181766,0.7466838568014009,0.7162330953138744,-0.00011334514749674617
1,0,2,MLR,2,X1,0.001116234,0.998823981,1.1034187794276955,1.0151582055740975,-2.283095831068227e-06
1,0,2,MLR,2,X2,0.00096988,0.999120723,1.2194907630930203,0.7158880135525797,-1.8880867017956326e-06
1,0,2,SVR,2,W1,0.131581281,0.861371277,0.8885351541069182,1.0267472746600974,-3.0061765193933885e-06
1,0,2,SVR,2,W2,0.234708636,0.78721704,0.7688906951269191,0.7120246983517726,5.028757199652123e-05
1,0,2,SVR,2,X1,0.001116032,0.998824193,1.1034673624057256,1.014767511592376,-1.1139372075863463e-06
1,0,2,SVR,2,X2,0.001132539,0.998973259,1.2070140720209555,0.7064303658882065,-7.329320992988109e-06
1,0,2,RF-R,2,W1,0.157162514,0.834419923,0.816984149634411,0.912351790304621,-0.001005901416291677
1,0,2,RF-R,2,W2,0.2611658,0.763231414,0.6791180533505099,0.6341980320621519,0.004654864384350965
1,0,2,RF-R,2,X1,0.020192084,0.978726436,1.003275751191954,0.9088274010940316,-0.0003990413413150873
1,0,2,RF-R,2,X2,0.022506315,0.979596147,1.104391545909365,0.6503426293197138,0.001323711942075334
1,0,2,XGBoost-R,2,W1,0.139150095,0.827445692,0.8956330601783596,0.9964935466227753,0.005742533736086797
1,0,2,XGBoost-R,2,W2,0.240420655,0.731700775,0.7392068602173772,0.7104547199785995,0.010048476389968742
1,0,2,XGBoost-R,2,X1,0.004770595,0.990877202,1.078876222487721,0.9999210464939272,0.0003885173431482092
1,0,2,XGBoost-R,2,X2,0.004527195,0.993146684,1.1955984333245353,0.7147076497600209,0.0003469744160333521
1,0,2,MLP-R,2,W1,0.131474614,0.861483657,0.8884942380971665,1.0181526316939031,4.3362551697345705e-06
1,0,2,MLP-R,2,W2,0.235365887,0.786621188,0.7554125398245686,0.7155384131035392,0.00010686630755769588
1,0,2,MLP-R,2,X1,0.001115047,0.998825231,1.1027492913943528,1.0154456052079268,-1.8398653751972026e-06
1,0,2,MLP-R,2,X2,0.000969899,0.999120706,1.2195580462701723,0.7160944476733611,-1.6017626702002906e-06
1,0,2,MLR,3,W1,0.107029201,0.892573476,0.8661137498846276,0.891843005257563,2.1546353868440173e-05
1,0,2,MLR,3,W2,0.205739566,0.803759035,0.7779581783347425,0.7866281841102987,0.0
1,0,2,MLR,3,X1,0.001116091,0.998879766,1.078170034297868,0.8979253713409621,6.651306180160965e-07
1,0,2,MLR,3,X2,0.001029325,0.999018197,1.2066583821348629,0.7514060970132939,-8.560503371723982e-08
1,0,2,SVR,3,W1,0.106979501,0.89262336,0.8730604994268498,0.8932926580462072,0.00010203293621978693
1,0,2,SVR,3,W2,0.204953748,0.804508572,0.7944461577303482,0.8049059864175548,-8.965437252650421e-06
1,0,2,SVR,3,X1,0.001115487,0.998880372,1.0788607505423087,0.8967825526368196,4.5744556437243844e-07
1,0,2,SVR,3,X2,0.001032608,0.999015066,1.2074924082121155,0.7514454752358918,2.0418729054227925e-07
1,0,2,RF-R,3,W1,0.126455386,0.873075175,0.7980528523138002,0.8315787303453066,-0.00027462590917088915
1,0,2,RF-R,3,W2,0.23047314,0.780167362,0.7082926591917197,0.7343036403129083,0.006723325875064579
1,0,2,RF-R,3,X1,0.01805748,0.981875485,0.9931055123580773,0.8187334665326246,-0.00019119471293937984
1,0,2,RF-R,3,X2,0.023128633,0.977939172,1.0824827894173072,0.7012867703108975,0.002223339421069004
1,0,2,XGBoost-R,3,W1,0.113295959,0.856085412,0.8487645066162065,0.9186561705748699,-0.0005604355897434355
1,0,2,XGBoost-R,3,W2,0.215730001,0.744234534,0.7644471034429674,0.7731641068044048,0.0010895787081897424
1,0,2,XGBoost-R,3,X1,0.00283686,0.995007905,1.0707996545693832,0.8991303071827146,0.00018132400792529867
1,0,2,XGBoost-R,3,X2,0.004624288,0.993229279,1.1812563606615465,0.7508579401667498,0.00028358639191283785
1,0,2,MLP-R,3,W1,0.106909992,0.892693128,0.8607831191713062,0.8937441982187266,0.0009630223140424498
1,0,2,MLP-R,3,W2,0.206013557,0.803497693,0.7786369371316266,0.7863193556002501,-1.0091088868935394e-05
1,0,2,MLP-R,3,X1,0.001115737,0.998880121,1.07753441216833,0.8974683003614524,1.4071622936207006e-06
1,0,2,MLP-R,3,X2,0.001020858,0.999026273,1.2074599384006666,0.7496035905866786,4.363549306884984e-07
1,0,2,MLR,4,W1,0.110648075,0.88881466,0.9175277487652499,0.8892198136724133,5.75849343062762e-05
1,0,2,MLR,4,W2,0.224579865,0.771095091,0.7885651526583488,0.7714730465823871,1.0634094302619523e-05
1,0,2,MLR,4,X1,0.001179113,0.998815162,1.1489520956914556,0.884583684516782,3.726447311125369e-06
1,0,2,MLR,4,X2,0.001010571,0.998969968,1.235738763722133,0.806547029350465,-1.501599520914443e-06
1,0,2,SVR,4,W1,0.110781144,0.888680945,0.9156581394275509,0.8915433520770559,6.253112327520016e-05
1,0,2,SVR,4,W2,0.224574823,0.77110023,0.7892958505462417,0.7681636207064857,-4.9052241492009153e-05
1,0,2,SVR,4,X1,0.001180091,0.998814179,1.1498719021220407,0.8848764223154231,3.2306252165437143e-06
1,0,2,SVR,4,X2,0.001009774,0.998970779,1.2353767550502035,0.8068640417653643,-2.2762071408943816e-06
1,0,2,RF-R,4,W1,0.138476863,0.860850746,0.8230922291530762,0.8347588468909912,0.002464925522737049
1,0,2,RF-R,4,W2,0.236129882,0.759322639,0.7191645022897518,0.718241215889224,0.005130608005510806
1,0,2,RF-R,4,X1,0.018940191,0.980967843,1.0259773881451002,0.8199293740443849,0.001081348558309847
1,0,2,RF-R,4,X2,0.017568314,0.982093349,1.14250542059269,0.724211757709237,0.00015165373479684164
1,0,2,XGBoost-R,4,W1,0.120032103,0.855617141,0.8992790108103286,0.9029248061256154,0.0014759304630408976
1,0,2,XGBoost-R,4,W2,0.228199679,0.704851306,0.7493093052397689,0.770178676212434,0.0003498301376837376
1,0,2,XGBoost-R,4,X1,0.004232037,0.993130137,1.1316614298283874,0.88602749500055,6.919350246024081e-05
1,0,2,XGBoost-R,4,X2,0.002984926,0.994515526,1.2321539352991882,0.7980503033693156,0.0001265942427884803
1,0,2,MLP-R,4,W1,0.110803843,0.888658136,0.9175257253320386,0.8893505537429179,5.7365841055312394e-05
1,0,2,MLP-R,4,W2,0.224730911,0.770941137,0.7883983308044046,0.7715975386229885,1.1164122562445922e-05
1,0,2,MLP-R,4,X1,0.00118025,0.998814019,1.14882763964031,0.8846986635501578,4.356401495464457e-06
1,0,2,MLP-R,4,X2,0.001010376,0.998970166,1.236138834586447,0.8069115245664703,-1.1182691912026144e-06
1,0,2,MLR,5,W1,0.104003109,0.890067468,0.9911593223021529,0.9252555076917457,9.98071293754399e-05
1,0,2,MLR,5,W2,0.220529415,0.773437547,0.8276600160086124,0.7635091420535512,-6.48907227907669e-05
1,0,2,MLR,5,X1,0.001129836,0.99880575,1.1791641351424778,0.9123673607937587,0.0
1,0,2,MLR,5,X2,0.001042718,0.998928756,1.2543393529158966,0.7868968366170254,2.70731723484019e-08
1,0,2,SVR,5,W1,0.103692965,0.890395294,0.9906185533608486,0.928674139489775,0.0003631467366148278
1,0,2,SVR,5,W2,0.2203594,0.773612213,0.8228694177772251,0.7589887819881211,-0.00011736426496991025
1,0,2,SVR,5,X1,0.001130928,0.998804595,1.1756544318816304,0.9091133556037828,3.2336392482679164e-06
1,0,2,SVR,5,X2,0.001045005,0.998926407,1.254414512548986,0.786812670387384,2.8520294170775174e-08
1,0,2,RF-R,5,W1,0.122013647,0.871030114,0.9133525637818677,0.843961541400884,0.00527682748760252
1,0,2,RF-R,5,W2,0.240483875,0.752937191,0.728073713204219,0.7045260316661162,0.004191932218575567
1,0,2,RF-R,5,X1,0.018457492,0.98049021,1.1004954746091,0.818712366332044,-0.0014479358636341534
1,0,2,RF-R,5,X2,0.019473897,0.979993354,1.1363499444014606,0.7240771530734271,0.0016649492232606367
1,0,2,XGBoost-R,5,W1,0.109281295,0.864215207,1.0065111346602635,0.9161000017939402,0.010846389719134342
1,0,2,XGBoost-R,5,W2,0.233806967,0.697465548,0.8106450067338746,0.7505532066131811,-0.0014705774732060362
1,0,2,XGBoost-R,5,X1,0.003054934,0.994019587,1.1762042233283065,0.8955866956001117,2.4039980253232062e-05
1,0,2,XGBoost-R,5,X2,0.003870359,0.993590101,1.22624479752895,0.785566838381013,0.0001305138582407328
1,0,2,MLP-R,5,W1,0.104095374,0.889969943,0.9910592183491242,0.925026949747432,0.00010023186883578727
1,0,2,MLP-R,5,W2,0.220107357,0.773871151,0.8088865156623422,0.7551123747260344,-5.961786187075324e-05
1,0,2,MLP-R,5,X1,0.001124844,0.998811027,1.176532738670567,0.9118408705940493,2.2201468403371117e-06
1,0,2,MLP-R,5,X2,0.001043673,0.998927775,1.254450331362888,0.7869922313708537,2.3200139742662885e-08
1,0,2,MLR,6,W1,0.118333216,0.873444789,0.909822149679188,0.8645588457500724,0.0
1,0,2,MLR,6,W2,0.241587306,0.755732589,0.7722047295496582,0.7442335793730238,0.0005854760917112567
1,0,2,MLR,6,X1,0.00114076,0.998779978,1.1084083007180205,0.8743969763788799,1.7084232080577521e-06
1,0,2,MLR,6,X2,0.001036303,0.998952201,1.2661797331396634,0.7738311074773185,3.2616634215720805e-08
1,0,2,SVR,6,W1,0.117602146,0.874226655,0.8739011520351264,0.8639326331573806,-4.963949827574421e-05
1,0,2,SVR,6,W2,0.241564258,0.755755894,0.7775671285902989,0.7425263985794142,0.0006550348744232438
1,0,2,SVR,6,X1,0.001650029,0.998235324,1.102511171828652,0.8724333212099712,0.0007134246686087975
1,0,2,SVR,6,X2,0.001474716,0.998508924,1.265078529388898,0.7711270078714573,-0.00019710664838470393
1,0,2,RF-R,6,W1,0.13700562,0.853474994,0.8235722655820951,0.7874979426285839,0.0006135853271379665
1,0,2,RF-R,6,W2,0.265268863,0.731788316,0.6949988985283815,0.685730421288366,0.005115838288864483
1,0,2,RF-R,6,X1,0.015447205,0.983479497,1.0411679580379214,0.793340456729191,0.0003271033929536316
1,0,2,RF-R,6,X2,0.014437281,0.985402556,1.1687165075204,0.7152364393026625,0.00031219152958934516
1,0,2,XGBoost-R,6,W1,0.123529988,0.839535693,0.9045533002962172,0.8624218941045108,0.006429285319975164
1,0,2,XGBoost-R,6,W2,0.250146825,0.675113594,0.7427722454231043,0.7477542766632803,-0.00925448457821294
1,0,2,XGBoost-R,6,X1,0.002903416,0.995249571,1.105030756079221,0.8680779689992569,7.313939009347958e-05
1,0,2,XGBoost-R,6,X2,0.002693024,0.995158004,1.2597791369793456,0.7684366152699253,0.00017867659202370768
1,0,2,MLP-R,6,W1,0.118336032,0.873441777,0.877701702824757,0.8770455628981428,0.0007369983718547246
1,0,2,MLP-R,6,W2,0.240144403,0.7571915,0.7734998720350206,0.7494714225894381,0.0007340448394730137
1,0,2,MLP-R,6,X1,0.001141287,0.998779415,1.1083589188684304,0.8743237095103422,1.508153162370629e-05
1,0,2,MLP-R,6,X2,0.001036746,0.998951753,1.2663636340006563,0.7739714522411859,-2.0298548430996988e-07
1,0,2,MLR,7,W1,0.108930515,0.884357727,0.8722816100889517,0.9455025124157688,-0.0005572126115850673
1,0,2,MLR,7,W2,0.200592198,0.791538225,0.8355198159210323,0.807608165969933,-7.579996833939617e-06
1,0,2,MLR,7,X1,0.001068946,0.99886519,1.0679596278374008,0.9541489602990587,-1.63902114932446e-06
1,0,2,MLR,7,X2,0.001008522,0.998951912,1.1978852987671567,0.8133218643544893,4.043764988415077e-08
1,0,2,SVR,7,W1,0.10857057,0.884739851,0.8688162979101165,0.95031438645176,-0.0003796850214828673
1,0,2,SVR,7,W2,0.197722825,0.794520169,0.8113537285184634,0.8074939183458534,0.001861960716644373
1,0,2,SVR,7,X1,0.001678541,0.998218036,1.06555802512227,0.9538247644285685,-9.047904825630893e-05
1,0,2,SVR,7,X2,0.00100567,0.998954876,1.1983572923346508,0.81392810914239,1.4117934097335194e-07
1,0,2,RF-R,7,W1,0.126076596,0.86615519,0.7911089199880463,0.8814700434088127,0.0019541469924761025
1,0,2,RF-R,7,W2,0.227607436,0.763463133,0.7643792720424136,0.7594939674589961,-0.002595626675935192
1,0,2,RF-R,7,X1,0.014955342,0.984123184,0.9957265853258399,0.8735505591599271,-0.00047812507701870953
1,0,2,RF-R,7,X2,0.017032071,0.982299732,1.096455506138533,0.7604408520566844,0.0005693380719700048
1,0,2,XGBoost-R,7,W1,0.115572243,0.845181216,0.8679084710279408,0.9607718262835029,-0.00276543782640154
1,0,2,XGBoost-R,7,W2,0.204587117,0.713863297,0.8054855499990701,0.8057246932028755,-0.013776169550093365
1,0,2,XGBoost-R,7,X1,0.002418059,0.994949348,1.0716404649441398,0.953379555270492,-0.00023508202775601728
1,0,2,XGBoost-R,7,X2,0.002494105,0.994212023,1.1910450338459508,0.8112235493816744,8.917618088475355e-05
1,0,2,MLP-R,7,W1,0.107616103,0.885753128,0.854811482181945,0.9407770936252365,-2.7431643849473718e-05
1,0,2,MLP-R,7,W2,0.198914536,0.793281704,0.8252222038576867,0.7614160296521215,0.0007979715826655464
1,0,2,MLP-R,7,X1,0.001069569,0.998864529,1.0679349656022032,0.9540900432710562,-1.5387638520159009e-06
1,0,2,MLP-R,7,X2,0.001008267,0.998952177,1.1979333437757975,0.8133743968216081,4.594339305663553e-08
1,0,2,MLR,8,W1,0.113259245,0.87832097,0.9349683326974167,0.8621052487500223,0.0
1,0,2,MLR,8,W2,0.218863919,0.777166728,0.7247805508506729,0.8236453551683482,-7.268871932309961e-05
1,0,2,MLR,8,X1,0.001047275,0.99887487,1.2008554259091266,0.8889292909643712,-2.347227613386238e-08
1,0,2,MLR,8,X2,0.000993746,0.998988231,1.0967053062456174,0.8019244043889824,0.0
1,0,2,SVR,8,W1,0.113003348,0.87859589,0.9500949814556652,0.86361034987998,-6.572530704714862e-05
1,0,2,SVR,8,W2,0.218223052,0.777819218,0.7186524880557948,0.8237889422977022,2.6910463865659207e-05
1,0,2,SVR,8,X1,0.001047213,0.998874937,1.20106908370277,0.88918643798099,-1.4372611178981032e-08
1,0,2,SVR,8,X2,0.000992551,0.998989448,1.0975926726431657,0.8015064237958418,-1.4016804043448516e-06
1,0,2,RF-R,8,W1,0.135009395,0.854953896,0.8719750793607179,0.7878041221028459,0.00483891138544793
1,0,2,RF-R,8,W2,0.242036002,0.753574392,0.6674914407366279,0.7594834696095021,0.005473857583302866
1,0,2,RF-R,8,X1,0.018305889,0.980333236,1.1093764667143133,0.8164051351236006,1.3689476345246642e-05
1,0,2,RF-R,8,X2,0.015134265,0.984591258,1.0403643198479338,0.7299150230784563,0.0006182758187417536
1,0,2,XGBoost-R,8,W1,0.119900794,0.849297652,0.941241214369346,0.8658540814241469,0.0025105657579641448
1,0,2,XGBoost-R,8,W2,0.22883011,0.706312351,0.6996980449597932,0.8122457482981862,0.007514198537083327
1,0,2,XGBoost-R,8,X1,0.003543087,0.994485579,1.1932884728467938,0.8834378775367668,0.00044713264513766
1,0,2,XGBoost-R,8,X2,0.002820747,0.995287182,1.102205266686484,0.7869465733621148,-0.00017098132176277537
1,0,2,MLP-R,8,W1,0.113015437,0.878582903,0.9554563873715173,0.8542625485180269,-0.000223960748946872
1,0,2,MLP-R,8,W2,0.21871379,0.777319581,0.720942762124735,0.8252412496452793,-4.7317954310155395e-05
1,0,2,MLP-R,8,X1,0.001048431,0.998873628,1.2008404455342307,0.8889385600954872,-2.2609252070537878e-08
1,0,2,MLP-R,8,X2,0.000993718,0.99898826,1.0968154742912684,0.8020089257109936,-1.1198623902641813e-06
1,0,2,MLR,9,W1,0.12618638,0.870289456,1.0177489502853123,0.8306725008774738,-0.0003411232611143955
1,0,2,MLR,9,W2,0.240351048,0.753843938,0.8405657815010589,0.7571350232822296,-0.0003270164401125597
1,0,2,MLR,9,X1,0.001189267,0.998777519,1.2656828070872579,0.8316496004617232,0.0
1,0,2,MLR,9,X2,0.000903659,0.999074516,1.2955214724557236,0.777943498124787,9.653712114365832e-07
1,0,2,SVR,9,W1,0.12548941,0.871005892,1.020691911997279,0.8449622956863939,0.00034889720065034435
1,0,2,SVR,9,W2,0.239571562,0.754642251,0.8179530988599936,0.7389858565820691,0.0003690824466134002
1,0,2,SVR,9,X1,0.001198232,0.998768304,1.2664942219314377,0.8320654238410409,-3.435739230384094e-06
1,0,2,SVR,9,X2,0.000903682,0.999074492,1.2962116392719474,0.7780750636575484,9.072039596103032e-07
1,0,2,RF-R,9,W1,0.150474958,0.845322541,0.9233031278289318,0.7565902375464458,0.002723149630121491
1,0,2,RF-R,9,W2,0.262632888,0.731023942,0.7875599157302714,0.7023400458611587,0.00951463566346542
1,0,2,RF-R,9,X1,0.019924965,0.979518565,1.155900783184602,0.7586061813285003,-0.0007280124599548965
1,0,2,RF-R,9,X2,0.016030859,0.98358196,1.1978633295257692,0.7054548720510181,0.002204331855696817
1,0,2,XGBoost-R,9,W1,0.130917103,0.839266465,1.0062857006716261,0.8253710772871535,0.002984047043174476
1,0,2,XGBoost-R,9,W2,0.249700367,0.690737647,0.8227252741387598,0.7505355358712662,2.30332403435618e-05
1,0,2,XGBoost-R,9,X1,0.002640711,0.994593248,1.2479678398167227,0.8266230705432271,-0.00018019803850901627
1,0,2,XGBoost-R,9,X2,0.003351741,0.994642525,1.289407968705889,0.7674481800379676,7.307748289886451e-06
1,0,2,MLP-R,9,W1,0.126210869,0.870264284,1.017637845753978,0.8307947363657204,-0.000337159498194195
1,0,2,MLP-R,9,W2,0.24020028,0.753998348,0.8424328381569722,0.7617328516109068,-9.997572144704314e-05
1,0,2,MLP-R,9,X1,0.001192307,0.998774394,1.265356805316736,0.8317927868472236,-2.2798779038435414e-06
1,0,2,MLP-R,9,X2,0.000902809,0.999075387,1.2958461188844284,0.7781654500674267,8.16424793503856e-07
1,0,2,MLR,10,W1,0.116016384,0.893532912,0.8421788873478621,0.8519128102494559,0.00022617373888573767
1,0,2,MLR,10,W2,0.220584079,0.793143791,0.766112413042087,0.7771196648835683,8.843090849397495e-06
1,0,2,MLR,10,X1,0.001231329,0.998870021,1.0755162934067761,0.8600495693866084,-2.785013657136126e-07
1,0,2,MLR,10,X2,0.001025825,0.999038016,1.2045110915410535,0.7668205391361573,3.79060030253342e-07
1,0,2,SVR,10,W1,0.115855321,0.893680718,0.8417378395098091,0.8528665521431147,0.0004755108824021859
1,0,2,SVR,10,W2,0.220337134,0.793375367,0.7680118546544632,0.783487443989476,-1.6908876524279747e-06
1,0,2,SVR,10,X1,0.001311368,0.99879657,1.069207601568125,0.8507125501128646,-1.1505810009970752e-06
1,0,2,SVR,10,X2,0.001027157,0.999036767,1.2052538906877293,0.7677254637390102,1.2997898119593288e-06
1,0,2,RF-R,10,W1,0.146999744,0.865099789,0.7694543512732267,0.7786310053870558,-0.0019745690512632864
1,0,2,RF-R,10,W2,0.249922483,0.765631238,0.7022447034076614,0.7205225126697957,0.004562132776369343
1,0,2,RF-R,10,X1,0.021101059,0.980635767,0.9807163083922565,0.7936544045804268,0.0005680370309009364
1,0,2,RF-R,10,X2,0.02460853,0.976922961,1.0874968976220176,0.6901214651055165,0.0011042418197323768
1,0,2,XGBoost-R,10,W1,0.124668668,0.850244135,0.820888317353436,0.8393122240006059,-0.005006297331691778
1,0,2,XGBoost-R,10,W2,0.228791724,0.742284644,0.7406688423347755,0.7808813764179903,0.00948196157300637
1,0,2,XGBoost-R,10,X1,0.003371107,0.994206604,1.0687877358698825,0.8486001564040005,8.695757727642529e-05
1,0,2,XGBoost-R,10,X2,0.003173016,0.995124635,1.1915893137854425,0.7540855121100725,8.661963789159399e-05
1,0,2,MLP-R,10,W1,0.116013122,0.893535906,0.8423266435491283,0.8518811446275734,0.00022613300704563689
1,0,2,MLP-R,10,W2,0.220127115,0.793572316,0.7669986354711117,0.7888398700563808,-4.7119475970136545e-06
1,0,2,MLP-R,10,X1,0.00122795,0.998873123,1.0757513749121013,0.8614812003171768,-1.2172379444619353e-06
1,0,2,MLP-R,10,X2,0.001027157,0.999036767,1.204594459172133,0.7668701028979782,3.6264998677371095e-07
1,1,0,MLR,1,W1,0.177965844,0.820463987,1.3285999310580006,0.3447393375726794,2.4413199323614077e-05
1,1,0,MLR,1,W2,0.337479697,0.655963266,1.0592247784299418,0.31194502775099264,-0.0001349920153858375
1,1,0,MLR,1,X1,0.001650792,0.998334643,1.677593118762881,0.335393132295028,-1.7458845148699e-06
1,1,0,MLR,1,X2,0.001414118,0.998558407,1.7133446307958846,0.3153224382973662,0.0
1,1,0,SVR,1,W1,0.177676377,0.820756007,1.3090569860628545,0.35608955102765977,-9.00482526064339e-05
1,1,0,SVR,1,W2,0.336324761,0.657140642,1.0433577814968023,0.31479504688499615,0.0004554496416182552
1,1,0,SVR,1,X1,0.001649157,0.998336293,1.677268116533797,0.3357835168576592,-9.464490210220333e-07
1,1,0,SVR,1,X2,0.001414294,0.998558227,1.712587367608576,0.3153536519299278,-1.5406518401483992e-06
1,1,0,RF-R,1,W1,0.205418259,0.792769362,1.2116653519849119,0.31973109533139354,-0.0045784909092609904
1,1,0,RF-R,1,W2,0.359129884,0.633892429,0.9748148662984224,0.284745979086244,0.0056860771549292035
1,1,0,RF-R,1,X1,0.015586722,0.984275758,1.5547257605227691,0.3039635782073393,0.0007765669945048126
1,1,0,RF-R,1,X2,0.013492541,0.986245306,1.5957402265111984,0.2787714551271649,0.001800213955110741
1,1,0,XGBoost-R,1,W1,0.185909438,0.759880534,1.3244314771113905,0.34053210027197955,0.0018223774309062523
1,1,0,XGBoost-R,1,W2,0.349998782,0.559691896,1.0807481292762187,0.32573833663048857,0.016103418402623738
1,1,0,XGBoost-R,1,X1,0.002828319,0.994413162,1.6733713881678505,0.33176419290784154,0.0005112485428374836
1,1,0,XGBoost-R,1,X2,0.002750275,0.9952656,1.709028985776446,0.309143026803007,0.0002360408814295889
1,1,0,MLP-R,1,W1,0.177985707,0.820443948,1.3284081659546518,0.3447497059624222,2.446032252230168e-05
1,1,0,MLP-R,1,W2,0.336381148,0.65708316,1.041442633086786,0.3074190896722664,0.00039850240263673565
1,1,0,MLP-R,1,X1,0.001650988,0.998334446,1.6776488338796198,0.3353908050058564,-1.4459507294839469e-06
1,1,0,MLP-R,1,X2,0.001410319,0.998562279,1.7130456165157564,0.3161150266576665,-1.3801345268293908e-06
1,1,0,MLR,2,W1,0.166745004,0.843112743,1.2917340553598897,0.3049006447999435,-0.0001824430231259777
1,1,0,MLR,2,W2,0.295917986,0.694943627,1.1060799805367478,0.28412079875887697,-0.00024873409244572373
1,1,0,MLR,2,X1,0.001724667,0.998377293,1.656197905741751,0.3195489912828604,0.0
1,1,0,MLR,2,X2,0.001345054,0.998613409,1.69140595986905,0.29116127335505926,1.2305179398874877e-06
1,1,0,SVR,2,W1,0.165985319,0.843827516,1.3134376725634422,0.300578626172635,-0.00018124167089780263
1,1,0,SVR,2,W2,0.295776825,0.695089146,1.09856538916488,0.28014669913026924,-0.0001325922768997012
1,1,0,SVR,2,X1,0.001731508,0.998370857,1.6592248961107905,0.3204796912904769,-9.759974417544726e-07
1,1,0,SVR,2,X2,0.001344125,0.998614367,1.69159105973511,0.2910721935944847,3.35305008064557e-06
1,1,0,RF-R,2,W1,0.19956038,0.81223737,1.1992824262291968,0.2813365296968352,-0.0034165131508762992
1,1,0,RF-R,2,W2,0.32406321,0.665929235,1.033544824481687,0.25842604387484963,0.0004763185582296825
1,1,0,RF-R,2,X1,0.026001816,0.975535378,1.5215246954220674,0.28667238891377134,-0.0010757323602922364
1,1,0,RF-R,2,X2,0.020537624,0.978828143,1.5670815701521277,0.26417947690749766,-0.0008244912352518452
1,1,0,XGBoost-R,2,W1,0.175592786,0.794327181,1.2633628630400746,0.3021715399622068,-0.0031272792658818107
1,1,0,XGBoost-R,2,W2,0.304212417,0.591352887,1.1212531527375593,0.2603440472202495,-0.019237270095526192
1,1,0,XGBoost-R,2,X1,0.005769284,0.993037762,1.6407918920482245,0.30907155296386024,-0.00022371956153853788
1,1,0,XGBoost-R,2,X2,0.004129924,0.992287099,1.677751091348031,0.2848994656499543,-0.00046717177037750577
1,1,0,MLP-R,2,W1,0.166198546,0.843626895,1.3150999688824596,0.3101588075876284,-1.364056313539752e-05
1,1,0,MLP-R,2,W2,0.295944184,0.694916619,1.106040160818636,0.2841086664110875,-0.0002480947397235478
1,1,0,MLP-R,2,X1,0.001730943,0.998371388,1.6564105836196734,0.3194516934029875,-4.1974386018051034e-07
1,1,0,MLP-R,2,X2,0.001344981,0.998613484,1.6914390499809406,0.29116497455863155,1.3430070565423335e-06
1,1,0,MLR,3,W1,0.180938776,0.823248936,1.2538329698844082,0.3134500259944967,0.00010321618352119311
1,1,0,MLR,3,W2,0.26400908,0.733794029,1.0993965973361788,0.26280591710786333,-0.00014556728925422258
1,1,0,MLR,3,X1,0.001786773,0.998254581,1.6109816736083264,0.3146738040770599,0.0
1,1,0,MLR,3,X2,0.001269482,0.998719954,1.6770640873394647,0.26035296198437197,-3.0327574253030676e-06
1,1,0,SVR,3,W1,0.180370161,0.82380439,1.259048840648862,0.31924258532160393,0.00018109502209983085
1,1,0,SVR,3,W2,0.263563412,0.734243406,1.1165446545638187,0.26037509445601764,-0.00016630062771334498
1,1,0,SVR,3,X1,0.00245759,0.99759929,1.6066136092385328,0.3123580025382938,-9.72054832964142e-05
1,1,0,SVR,3,X2,0.001267486,0.998721967,1.6778824293430628,0.2607266974267627,-2.5852584798480294e-06
1,1,0,RF-R,3,W1,0.202138061,0.802540295,1.136685690809618,0.2802810443171272,0.000745420383403661
1,1,0,RF-R,3,W2,0.296135235,0.701400544,1.0166967490958918,0.24516943229990656,0.0007616120237839529
1,1,0,RF-R,3,X1,0.017785132,0.982626493,1.4802853910442786,0.287063862645973,-6.382691116222362e-05
1,1,0,RF-R,3,X2,0.017099543,0.982758167,1.5599584401489939,0.24028838554055304,0.00019101686588460787
1,1,0,XGBoost-R,3,W1,0.185057745,0.780986438,1.2405574770103465,0.2989823169785705,-0.00016758111692659615
1,1,0,XGBoost-R,3,W2,0.275385563,0.652445202,1.1065058380054427,0.2790309991847937,0.01619041816519151
1,1,0,XGBoost-R,3,X1,0.004096903,0.994225448,1.6049299508979782,0.3069054694151858,-0.00028110032808731367
1,1,0,XGBoost-R,3,X2,0.00357591,0.994209746,1.663040875195205,0.25594940806112715,0.0001228276385286664
1,1,0,MLP-R,3,W1,0.180888472,0.823298076,1.2585079949478004,0.30826064917975027,-3.386625379696584e-05
1,1,0,MLP-R,3,W2,0.264010451,0.733792647,1.0994800830249818,0.262730470333078,-0.00014570546893207803
1,1,0,MLP-R,3,X1,0.001786638,0.998254712,1.611888290926211,0.31452599702786294,1.4871695992024759e-05
1,1,0,MLP-R,3,X2,0.001269188,0.998720251,1.6768194866613453,0.26035111059745286,-2.6650127383343046e-06
1,1,0,MLR,4,W1,0.151036014,0.845520209,1.3837894738383643,0.30762625553680173,7.953541942361531e-05
1,1,0,MLR,4,W2,0.304668764,0.698359049,1.0752711669934873,0.24462535275380523,-0.0002846277390512575
1,1,0,MLR,4,X1,0.001672039,0.998289837,1.6957293785909855,0.3292109300715659,0.0
1,1,0,MLR,4,X2,0.001368136,0.99864546,1.695491115391461,0.24757140834683736,5.274375083130778e-07
1,1,0,SVR,4,W1,0.150457739,0.846111669,1.3843766705953207,0.3004344645528597,0.00012031081976074943
1,1,0,SVR,4,W2,0.304437317,0.698588196,1.107848062443156,0.22780316020189106,-4.558850577718321e-05
1,1,0,SVR,4,X1,0.002396481,0.997548877,1.6638434111963452,0.3190635037892088,3.930460701115912e-05
1,1,0,SVR,4,X2,0.001367155,0.998646431,1.696356829966284,0.24721935709627035,6.480659580532233e-07
1,1,0,RF-R,4,W1,0.163234465,0.83304362,1.2865563794051282,0.283850145770391,0.002528385377921538
1,1,0,RF-R,4,W2,0.323263673,0.679948938,1.0233695840855246,0.24369356280668414,0.006338486193181636
1,1,0,RF-R,4,X1,0.018419374,0.981160645,1.5593980588396648,0.29436498233420194,0.00019167388442964395
1,1,0,RF-R,4,X2,0.019962509,0.980235879,1.5729395289194597,0.22599687952615874,-0.0013547560260611657
1,1,0,XGBoost-R,4,W1,0.149702971,0.809622615,1.3887304976280874,0.29592712569512497,0.004363621372611715
1,1,0,XGBoost-R,4,W2,0.313729237,0.633653343,1.0874656891577859,0.24176685916107066,0.012091402498126735
1,1,0,XGBoost-R,4,X1,0.002869124,0.994996326,1.6891543661295585,0.32393242736074,-3.6698461583095646e-05
1,1,0,XGBoost-R,4,X2,0.0033404,0.995243567,1.6865851609365485,0.2446849630146553,-0.00021503241898570557
1,1,0,MLP-R,4,W1,0.150586639,0.84597983,1.3858048348891794,0.3082443676478429,0.0013093847773341994
1,1,0,MLP-R,4,W2,0.304397898,0.698627223,1.0759461892930315,0.2444315599298598,-0.00021248300787108932
1,1,0,MLP-R,4,X1,0.001669476,0.998292458,1.693986753059041,0.3287356141207538,-3.173798981870313e-06
1,1,0,MLP-R,4,X2,0.001367988,0.998645607,1.6960267385465495,0.24754330503003855,5.40876842636262e-07
1,1,0,MLR,5,W1,0.162704835,0.839159144,1.3246655821110997,0.34214026226845873,0.00022895578501284098
1,1,0,MLR,5,W2,0.311402063,0.692584832,1.1026309925540647,0.2874727524215208,0.0
1,1,0,MLR,5,X1,0.001727467,0.998292323,1.6401577456682723,0.33496547535593496,2.3102067906455303e-07
1,1,0,MLR,5,X2,0.001353971,0.998663364,1.7440903597957536,0.2807593549978299,2.2510973563649726e-06
1,1,0,SVR,5,W1,0.162784452,0.839080439,1.3222641055809525,0.3433245875708588,0.00029801590159539426
1,1,0,SVR,5,W2,0.311093735,0.692889213,1.0950580735185986,0.2967689129181929,5.262357732617184e-05
1,1,0,SVR,5,X1,0.003248113,0.996789098,1.6286710028033298,0.33304962394594856,-0.00025086710769270935
1,1,0,SVR,5,X2,0.00264007,0.997393731,1.7282066654929493,0.2778765367842363,-5.133809040567261e-05
1,1,0,RF-R,5,W1,0.188785431,0.813377332,1.2125022973597335,0.3087937896854834,-0.0006728443794330574
1,1,0,RF-R,5,W2,0.359015039,0.645581448,1.0024911032056054,0.25438822024925783,0.0010435304568436777
1,1,0,RF-R,5,X1,0.022482983,0.977774586,1.5208827876177806,0.3018378256835474,0.0011581615210694229
1,1,0,RF-R,5,X2,0.022555811,0.977732972,1.6004094494797214,0.2470062994031456,-9.791110668257996e-05
1,1,0,XGBoost-R,5,W1,0.166553058,0.793106043,1.299209244801085,0.33866062681774817,-0.0037997655553000053
1,1,0,XGBoost-R,5,W2,0.333764054,0.594748035,1.112902396781159,0.28563613815914596,0.005610652534216898
1,1,0,XGBoost-R,5,X1,0.004089038,0.993968987,1.6293114139979097,0.32596482187320036,0.00019953116070565714
1,1,0,XGBoost-R,5,X2,0.004207027,0.991976884,1.7463242314822751,0.27563578909431113,-0.0010513912180430962
1,1,0,MLP-R,5,W1,0.162776392,0.839088406,1.3154864838472478,0.34179960543613264,0.00021704873526412483
1,1,0,MLP-R,5,W2,0.311547471,0.692441287,1.1023657334323411,0.28759527650688044,3.398964794717463e-05
1,1,0,MLP-R,5,X1,0.0017248,0.99829496,1.6397428101102869,0.33597772742743687,-2.5580203195652017e-07
1,1,0,MLP-R,5,X2,0.001352818,0.998664502,1.7436675725648427,0.28095810474648275,4.116719459845708e-06
1,1,0,MLR,6,W1,0.175394637,0.820165903,1.3081876403974955,0.31927865674114575,4.924474638934307e-06
1,1,0,MLR,6,W2,0.307113421,0.698390695,1.0838273330529478,0.26636739236507034,0.00144104210948508
1,1,0,MLR,6,X1,0.001674116,0.99828351,1.6976115457232523,0.3282959270506962,0.0
1,1,0,MLR,6,X2,0.001347291,0.998676856,1.7448534885971003,0.26210554836050937,-4.98500554202419e-07
1,1,0,SVR,6,W1,0.174834769,0.820739941,1.337203861453459,0.3227436550384408,2.542798771505428e-05
1,1,0,SVR,6,W2,0.306574438,0.698920018,1.101165345075637,0.271421397813399,0.0017361624494367956
1,1,0,SVR,6,X1,0.002438315,0.997499968,1.6862243789812568,0.32723958526842667,7.60797654751344e-05
1,1,0,SVR,6,X2,0.001877341,0.998156305,1.7260536248447376,0.25607350646174976,-5.901319337191513e-05
1,1,0,RF-R,6,W1,0.195519459,0.799531695,1.2035419026834258,0.282861673231373,0.005389991668828298
1,1,0,RF-R,6,W2,0.332623402,0.673337906,0.9735100608633619,0.24642852968935697,0.009414883427440434
1,1,0,RF-R,6,X1,0.018440381,0.98109287,1.5613583305064436,0.30077967317456933,7.798529633652462e-05
1,1,0,RF-R,6,X2,0.016879542,0.983422975,1.597196941722073,0.23861356187901114,0.003106581185899071
1,1,0,XGBoost-R,6,W1,0.179768581,0.766221831,1.2874777920173823,0.31415538740565135,0.0012404098432247212
1,1,0,XGBoost-R,6,W2,0.321402478,0.61609557,1.0682773994006078,0.270157551623314,0.005584581974772684
1,1,0,XGBoost-R,6,X1,0.003589875,0.994683544,1.6924140886424623,0.3237776549916737,-4.537515464385633e-05
1,1,0,XGBoost-R,6,X2,0.00350213,0.994501633,1.728016639524499,0.2615446320583364,-0.000702865426597532
1,1,0,MLP-R,6,W1,0.175179984,0.820385989,1.3170005520980557,0.31602236603805334,-4.625825579251952e-07
1,1,0,MLP-R,6,W2,0.306802959,0.698695592,1.0955700962712176,0.26832197166064514,0.001323481520915537
1,1,0,MLP-R,6,X1,0.001679091,0.998278409,1.6974682285003886,0.32822237182007385,-4.633116533703241e-06
1,1,0,MLP-R,6,X2,0.001347011,0.998677131,1.745386867840562,0.2620230648981239,-4.0542864568893224e-07
1,1,0,MLR,7,W1,0.162021224,0.844225347,1.332005197501509,0.3581263371837221,0.0
1,1,0,MLR,7,W2,0.317055187,0.661823281,1.2036237674584425,0.2917463063219371,4.464298132403899e-05
1,1,0,MLR,7,X1,0.00162783,0.998434929,1.6234068410466396,0.355017074441044,0.0
1,1,0,MLR,7,X2,0.001313094,0.99859943,1.8317324963121933,0.29053369640666915,1.3455078283763912e-07
1,1,0,SVR,7,W1,0.161679169,0.844554214,1.3235830477253536,0.36224392036850395,-0.00014616845552279935
1,1,0,SVR,7,W2,0.317533174,0.661313452,1.1906539769860944,0.2868901395820753,-0.00031890137793708637
1,1,0,SVR,7,X1,0.002841898,0.997267669,1.5776032586408943,0.35815525630299105,2.1298868395935867e-05
1,1,0,SVR,7,X2,0.001313267,0.998599246,1.8316595450615751,0.2906763082587292,1.367224556458879e-07
1,1,0,RF-R,7,W1,0.191052148,0.816313682,1.21527153723154,0.3186050604714074,0.004804213329281914
1,1,0,RF-R,7,W2,0.346358691,0.63056764,1.0449469933620277,0.24409386214797196,0.0031454108373765053
1,1,0,RF-R,7,X1,0.02354668,0.977361139,1.4976804318626857,0.31458492788015674,0.002583436716405352
1,1,0,RF-R,7,X2,0.020789508,0.977825539,1.6803709080835376,0.2581387284100953,-0.0009669286498145135
1,1,0,XGBoost-R,7,W1,0.178225063,0.794985554,1.3337921886843935,0.34080565836484294,0.0062702924150359165
1,1,0,XGBoost-R,7,W2,0.32737612,0.558558538,1.1680549374468792,0.27319644369508833,0.0021558874670803752
1,1,0,XGBoost-R,7,X1,0.005170335,0.993854723,1.6049297684111636,0.34743644313495836,0.0006430955030363172
1,1,0,XGBoost-R,7,X2,0.003423409,0.994633934,1.8213515274460896,0.28652371997853676,0.0004647650027762351
1,1,0,MLP-R,7,W1,0.161956032,0.844288025,1.3364301136613739,0.3593524512412757,-3.207848442406958e-05
1,1,0,MLP-R,7,W2,0.316818893,0.662075316,1.1782714866038897,0.28549708971923476,-9.385505269300376e-05
1,1,0,MLP-R,7,X1,0.001629032,0.998433774,1.6230992404931968,0.3549585995688874,-1.3886131355667074e-06
1,1,0,MLP-R,7,X2,0.001312993,0.998599539,1.831654488472316,0.29058008920741046,2.343891554179578e-07
1,1,0,MLR,8,W1,0.178883757,0.827049577,1.28129232718608,0.3147328140935073,1.0830763437441605e-06
1,1,0,MLR,8,W2,0.294591946,0.693287219,1.1984610867075707,0.2696389111005636,0.0005590386123567104
1,1,0,MLR,8,X1,0.001658827,0.998396194,1.629377673595537,0.325025668591367,6.619160521248446e-07
1,1,0,MLR,8,X2,0.001397197,0.998545316,1.7569887986401143,0.29356973507885603,4.981720131747025e-07
1,1,0,SVR,8,W1,0.179417622,0.826533419,1.2757532259258717,0.3121270667687642,-0.0001461467789712234
1,1,0,SVR,8,W2,0.295272231,0.692578944,1.194516495596878,0.2633223411704703,0.0014889608463427573
1,1,0,SVR,8,X1,0.001667194,0.998388105,1.6344870610653062,0.32235440747108673,2.778813654313872e-06
1,1,0,SVR,8,X2,0.003679302,0.996169315,1.746481202709661,0.2923595084566604,-0.0008580525005869366
1,1,0,RF-R,8,W1,0.192369484,0.814011153,1.191741705654789,0.292375202579576,0.004697700601727783
1,1,0,RF-R,8,W2,0.305059459,0.682389026,1.0692870991341867,0.2447152525634305,0.010430113523078332
1,1,0,RF-R,8,X1,0.015154078,0.985348562,1.522192086980212,0.2982003203865321,0.00093568183400623
1,1,0,RF-R,8,X2,0.015329512,0.984039763,1.6176544980195735,0.2686396575858793,0.0007445461211886606
1,1,0,XGBoost-R,8,W1,0.184296496,0.786192031,1.2819597786626027,0.31644657317830654,0.003997362346847921
1,1,0,XGBoost-R,8,W2,0.301488659,0.623860026,1.1942087829112333,0.30093122259101845,0.025532883946938423
1,1,0,XGBoost-R,8,X1,0.0030231,0.995366723,1.6223837538822683,0.3201791326094695,5.926754306184723e-05
1,1,0,XGBoost-R,8,X2,0.002771541,0.995560033,1.7570471795063884,0.28735933617754195,-0.0001478081986659996
1,1,0,MLP-R,8,W1,0.178693814,0.82723322,1.2783187224554249,0.3100791668374397,4.757943926987362e-05
1,1,0,MLP-R,8,W2,0.293282855,0.694650172,1.173871936364058,0.2717659143271889,0.0006395283656079554
1,1,0,MLP-R,8,X1,0.001658717,0.998396301,1.6295921213869746,0.3249651197693564,7.541428847068766e-07
1,1,0,MLP-R,8,X2,0.001396317,0.998546232,1.7575527459020357,0.2931895016953585,9.153605193934489e-07
1,1,0,MLR,9,W1,0.172114842,0.838537558,1.2658301672341992,0.2944243918843835,0.0
1,1,0,MLR,9,W2,0.333433067,0.697569184,1.0790599234838931,0.26025371822287646,0.0002160057360553802
1,1,0,MLR,9,X1,0.001731266,0.998375884,1.6044507466306093,0.29495504432011005,0.0
1,1,0,MLR,9,X2,0.001278066,0.998840767,1.6659944067357777,0.23641477651600792,1.0076561769878367e-06
1,1,0,SVR,9,W1,0.172181066,0.838475433,1.2636418621052885,0.29495828256068146,5.0232694530050194e-05
1,1,0,SVR,9,W2,0.332988965,0.697971994,1.0833396580582004,0.2619686265539015,0.0010617955601911256
1,1,0,SVR,9,X1,0.001745832,0.998362219,1.6038360813937018,0.29518892198621266,-2.8442826456642755e-06
1,1,0,SVR,9,X2,0.00148992,0.998648611,1.6778371606381608,0.23976214138139956,-2.035827264839085e-05
1,1,0,RF-R,9,W1,0.199853684,0.812515507,1.183088334300266,0.26831596699067645,-0.0026527420202749562
1,1,0,RF-R,9,W2,0.371176875,0.663334755,0.9741394186300099,0.241980071821349,-0.0020382239164853156
1,1,0,RF-R,9,X1,0.022715892,0.978690023,1.467600090155241,0.27323372461132706,-0.0032481608746971037
1,1,0,RF-R,9,X2,0.023390628,0.978784207,1.5325393676343733,0.21794327008382025,-0.002255338443645194
1,1,0,XGBoost-R,9,W1,0.179388576,0.794525513,1.2725243051975759,0.2866825452729424,0.006191059848555591
1,1,0,XGBoost-R,9,W2,0.356145983,0.604782767,1.0157771783343272,0.24678537021349226,0.0003046942209476211
1,1,0,XGBoost-R,9,X1,0.003477305,0.994724844,1.5899491187446717,0.2941391927413276,-0.000246231306539868
1,1,0,XGBoost-R,9,X2,0.002999016,0.994948259,1.6643704288598389,0.23181233517869632,-0.00030236394152647337
1,1,0,MLP-R,9,W1,0.172226816,0.838432514,1.26583284049974,0.2945033627677975,2.0056323668316e-05
1,1,0,MLP-R,9,W2,0.333470007,0.697535679,1.0790616514881086,0.26022292368706657,0.00022146939009626276
1,1,0,MLP-R,9,X1,0.001739665,0.998368005,1.6044930657610306,0.2950106704092951,-4.014126187235067e-06
1,1,0,MLP-R,9,X2,0.001281689,0.998837481,1.6660704695262383,0.2363852720416427,1.0930482406523723e-06
1,1,0,MLR,10,W1,0.162694382,0.83959563,1.205968862271678,0.3685959515087765,9.340417787556676e-05
1,1,0,MLR,10,W2,0.292068279,0.710818343,1.1004936101996046,0.2911687255050972,0.0
1,1,0,MLR,10,X1,0.001506426,0.998514778,1.524870745377959,0.35154255802850237,8.173515801290776e-07
1,1,0,MLR,10,X2,0.001449092,0.99856523,1.71923579865955,0.2923550063497083,0.0
1,1,0,SVR,10,W1,0.16187412,0.840404347,1.210226131620148,0.3690373503647878,0.0007651301839091684
1,1,0,SVR,10,W2,0.292014506,0.710871585,1.1077539763935085,0.28602767411899277,-8.352130076122455e-05
1,1,0,SVR,10,X1,0.0015022,0.998518944,1.525682119375946,0.35217397302377196,3.8974978211592235e-06
1,1,0,SVR,10,X2,0.001453833,0.998560536,1.7184423411192609,0.29262751537996357,-1.4933285713447652e-06
1,1,0,RF-R,10,W1,0.189295624,0.813368815,1.107154202108339,0.342075917476797,0.004367957426474755
1,1,0,RF-R,10,W2,0.320392751,0.682773812,0.9872387498368413,0.2626500860826521,0.004547032489794012
1,1,0,RF-R,10,X1,0.016895167,0.983342641,1.4295438849645816,0.32713514263020416,0.0006751769821748855
1,1,0,RF-R,10,X2,0.014436096,0.985706582,1.6119086091326935,0.2590446256192479,-6.726802837392354e-05
1,1,0,XGBoost-R,10,W1,0.171695825,0.782890009,1.1969045007570198,0.3629835765184425,-0.007421814002278126
1,1,0,XGBoost-R,10,W2,0.303776922,0.629008207,1.0586020530492364,0.29605954512900123,0.010474383503991358
1,1,0,XGBoost-R,10,X1,0.003492449,0.994170531,1.5292941986261899,0.3478986434129824,-0.00016314856578621972
1,1,0,XGBoost-R,10,X2,0.003385789,0.995592755,1.7102107981547363,0.2850732201915539,-0.0001157559999044766
1,1,0,MLP-R,10,W1,0.162746141,0.8395446,1.2059421804841386,0.36862054421861135,9.764656531138227e-05
1,1,0,MLP-R,10,W2,0.286990689,0.715845749,1.0984754247567055,0.28576822445003247,-0.00022987408008718903
1,1,0,MLP-R,10,X1,0.001506455,0.998514749,1.5248538560490519,0.35153501225132955,9.589845817781217e-07
1,1,0,MLP-R,10,X2,0.001435809,0.998578382,1.723039847567674,0.29161579061764276,3.8928535112447985e-06
1,1,1,MLR,1,W1,0.048146056,0.950142776,0.36694179172468455,1.5000314815079385,0.0
1,1,1,MLR,1,W2,0.100836427,0.905885942,0.337598089659559,1.4307765098776675,0.0001357783305385163
1,1,1,MLR,1,X1,0.001722452,0.99821633,0.46037182012750605,1.4892428604108547,1.1938914419973301e-06
1,1,1,MLR,1,X2,0.001758151,0.998359058,0.515799748760051,1.3963343553832677,0.0
1,1,1,SVR,1,W1,0.048376938,0.949903689,0.36730437153776235,1.4971111588355952,-0.0001792999233142245
1,1,1,SVR,1,W2,0.100850748,0.905872576,0.33949184344418903,1.4348614700865325,4.54404421998067e-05
1,1,1,SVR,1,X1,0.001780234,0.998156494,0.4649839696613,1.4907122954988676,1.8369919798333358e-05
1,1,1,SVR,1,X2,0.001933589,0.998195316,0.5061306811923603,1.394024874074668,-7.908611728035808e-06
1,1,1,RF-R,1,W1,0.063625457,0.934113219,0.3340566978275323,1.3999989140643367,0.003436586554353993
1,1,1,RF-R,1,W2,0.126689663,0.88175624,0.3034728851178278,1.304003964135988,0.0048055607108887675
1,1,1,RF-R,1,X1,0.016374463,0.983043569,0.4219830574699939,1.3758557409705352,0.0022612342629798167
1,1,1,RF-R,1,X2,0.025726019,0.975989034,0.4655615701112512,1.2725737387254399,0.0005067845710258534
1,1,1,XGBoost-R,1,W1,0.050323582,0.932271685,0.3623818457327616,1.4871065743021448,-0.0011729516131248952
1,1,1,XGBoost-R,1,W2,0.104675602,0.876461174,0.327516617504771,1.3918090407507182,0.002290439815777712
1,1,1,XGBoost-R,1,X1,0.003280461,0.994347998,0.45401748913736,1.4786374551251966,-3.239644574103418e-05
1,1,1,XGBoost-R,1,X2,0.005005124,0.992934595,0.5099424647314388,1.3783601304857258,-0.00019970794890393772
1,1,1,MLP-R,1,W1,0.048074271,0.950217112,0.36559193498449866,1.4782507194179029,0.0011418708265171994
1,1,1,MLP-R,1,W2,0.100706754,0.90600697,0.33607784516252187,1.4359476198966346,0.0001799241570927701
1,1,1,MLP-R,1,X1,0.001722889,0.998215878,0.4602782487282527,1.487662934744234,1.5071659963838968e-06
1,1,1,MLP-R,1,X2,0.001755886,0.998361172,0.5149722304127623,1.3944367792380472,9.291630054253374e-09
1,1,1,MLR,2,W1,0.055159919,0.946829868,0.3684634266160324,1.5034300444743873,0.00010152661607506496
1,1,1,MLR,2,W2,0.092911024,0.914281754,0.3542312980630704,1.3573439081031333,0.0002946528061687492
1,1,1,MLR,2,X1,0.001660919,0.998398995,0.4573882840448012,1.487862036383072,3.902042932446559e-06
1,1,1,MLR,2,X2,0.001725682,0.998407913,0.514313922965334,1.3291110980320384,4.2368308701301595e-06
1,1,1,SVR,2,W1,0.05517673,0.946813663,0.3654133343746647,1.5099368737485876,-1.6528799869774956e-05
1,1,1,SVR,2,W2,0.09274676,0.914433301,0.35414008631430266,1.3703874006398624,0.0002212958112105201
1,1,1,SVR,2,X1,0.001660527,0.998399374,0.4557930511908439,1.4876184224018218,1.006037445253627e-05
1,1,1,SVR,2,X2,0.00172393,0.998409529,0.5141131403670001,1.3306101662943082,5.940377488955484e-06
1,1,1,RF-R,2,W1,0.074927361,0.927775498,0.3390611269737021,1.3953166781057766,0.003123512865264666
1,1,1,RF-R,2,W2,0.115865828,0.893104014,0.32811357962105187,1.255345451129563,0.00043637696573235464
1,1,1,RF-R,2,X1,0.02130089,0.979467498,0.42293177328795617,1.3605360701462197,0.0006371060047205112
1,1,1,RF-R,2,X2,0.024483565,0.977411849,0.46003747569161,1.2425655581804445,0.0006581681503700753
1,1,1,XGBoost-R,2,W1,0.060124079,0.93119872,0.3655538032297401,1.487110804368895,0.0021190554256835135
1,1,1,XGBoost-R,2,W2,0.097354856,0.888057414,0.3544945641332788,1.3476095847292227,0.0012775628067336008
1,1,1,XGBoost-R,2,X1,0.005692605,0.990969432,0.45187691499142935,1.4668533370364247,-7.070616057864853e-05
1,1,1,XGBoost-R,2,X2,0.004579431,0.991561658,0.502442490591516,1.3189483568539317,-0.0014169785891430143
1,1,1,MLP-R,2,W1,0.055017846,0.946966816,0.3625015935122618,1.5331267609630257,0.0001175798452768051
1,1,1,MLP-R,2,W2,0.09281821,0.914367383,0.3439824169832203,1.393629412628536,-4.143187183036634e-06
1,1,1,MLP-R,2,X1,0.001660257,0.998399633,0.45725770972628127,1.4879370661973546,4.738124204850536e-06
1,1,1,MLP-R,2,X2,0.001724392,0.998409103,0.5148182416432024,1.3286532269300695,5.0075236785795955e-06
1,1,1,MLR,3,W1,0.051968259,0.948210242,0.3685394682127284,1.5272153193003108,-2.296732880704422e-05
1,1,1,MLR,3,W2,0.101263447,0.898203383,0.35358369217388536,1.3690550946776512,0.0
1,1,1,MLR,3,X1,0.001924653,0.998081958,0.4552479465007503,1.536728292690623,3.1452611137239295e-06
1,1,1,MLR,3,X2,0.001631552,0.998359857,0.5726675576027969,1.3580475879244662,5.0842246568372215e-08
1,1,1,SVR,3,W1,0.051842717,0.948335353,0.3672963661709981,1.5270424758894534,1.8746363381516585e-05
1,1,1,SVR,3,W2,0.101207741,0.898259382,0.3532354028600536,1.376817691917447,0.0005254331214246455
1,1,1,SVR,3,X1,0.001924751,0.998081861,0.45625144213630653,1.533445608200779,6.597023559040682e-06
1,1,1,SVR,3,X2,0.001627481,0.99836395,0.5716069025675773,1.3588833724185683,-7.053231414588801e-07
1,1,1,RF-R,3,W1,0.071360018,0.92888509,0.33933107420407266,1.4143862632794235,-0.0016590313916910794
1,1,1,RF-R,3,W2,0.120298301,0.879068308,0.33343344330164404,1.2693566172648136,0.003736692158767063
1,1,1,RF-R,3,X1,0.020900507,0.979171282,0.4171833481310925,1.4102753307134506,-0.00027828568848038416
1,1,1,RF-R,3,X2,0.020006423,0.97988824,0.5244945362412949,1.2527419739062418,-0.0012627238325337742
1,1,1,XGBoost-R,3,W1,0.05498654,0.931437626,0.36512287039276003,1.5299953365978227,-0.001293109566823747
1,1,1,XGBoost-R,3,W2,0.104648876,0.866672567,0.3377624046343247,1.3572564235171558,-0.0016462694905107656
1,1,1,XGBoost-R,3,X1,0.004030467,0.992302228,0.44478819847142625,1.5407588424226217,-0.0005717219450451672
1,1,1,XGBoost-R,3,X2,0.00458292,0.99307611,0.561429376934258,1.3497238419701518,-0.00021730540650961584
1,1,1,MLP-R,3,W1,0.051330632,0.948845679,0.35389207293946956,1.5121772640083653,6.48166802403538e-05
1,1,1,MLP-R,3,W2,0.10117151,0.898295804,0.35871620634123225,1.371240407545379,-3.719163500381928e-05
1,1,1,MLP-R,3,X1,0.001929131,0.998077495,0.45680998892491037,1.5365381947800738,5.480032912352772e-06
1,1,1,MLP-R,3,X2,0.001635019,0.998356373,0.5726652717111304,1.358042167334429,4.889875282465539e-08
1,1,1,MLR,4,W1,0.058286309,0.944842026,0.34901075384931857,1.5442519600682112,-0.00012749783067991238
1,1,1,MLR,4,W2,0.115799377,0.886392177,0.31524121713052133,1.3490144764399503,-0.0003802911345094695
1,1,1,MLR,4,X1,0.001807071,0.998289918,0.4450316094079623,1.5397176103820258,1.231046090832688e-06
1,1,1,MLR,4,X2,0.002003606,0.998034314,0.5279849150461203,1.3531277140851001,-8.707405735597362e-06
1,1,1,SVR,4,W1,0.058234089,0.944891443,0.3498061933564807,1.5490079023185723,-0.0001655244470271433
1,1,1,SVR,4,W2,0.115174474,0.887005253,0.3135494032297046,1.3565386398763963,-5.344408530372213e-05
1,1,1,SVR,4,X1,0.001807107,0.998289884,0.44507527745613995,1.539746964494141,1.64373715870747e-06
1,1,1,SVR,4,X2,0.002003058,0.998034851,0.5274484422274667,1.3522796591777837,-1.0364500008175347e-05
1,1,1,RF-R,4,W1,0.078773854,0.925454086,0.31254128807757686,1.414366409890921,0.001633723660532338
1,1,1,RF-R,4,W2,0.131178468,0.871304141,0.2869579030953566,1.2536613311923406,0.0034375247741929792
1,1,1,RF-R,4,X1,0.020256133,0.980831052,0.40542120925708086,1.411183641058007,0.0005910617687372666
1,1,1,RF-R,4,X2,0.019846607,0.980528998,0.4732989231612425,1.2562670082508636,-0.0015519975860266877
1,1,1,XGBoost-R,4,W1,0.06255172,0.929721689,0.35016414540280044,1.5334229521959917,0.0029896775025253343
1,1,1,XGBoost-R,4,W2,0.124288648,0.851846718,0.30164919503406645,1.346216835639007,0.0025470837267808966
1,1,1,XGBoost-R,4,X1,0.003706761,0.994145791,0.445583183446845,1.5260197505278978,0.0007547825603804071
1,1,1,XGBoost-R,4,X2,0.004441123,0.993378149,0.5150433373353887,1.3418197609675135,-0.0001095945845881685
1,1,1,MLP-R,4,W1,0.058282948,0.944845207,0.3488083044056423,1.5447005121681159,-0.00013255997600244429
1,1,1,MLP-R,4,W2,0.115258808,0.886922515,0.3147168761043632,1.351480454838706,-0.0003617407855771249
1,1,1,MLP-R,4,X1,0.001805708,0.998291207,0.44439235490661433,1.5402680496706143,1.3090350474587175e-06
1,1,1,MLP-R,4,X2,0.002003012,0.998034896,0.5284802586462543,1.3525379550815206,-9.466135882596483e-06
1,1,1,MLR,5,W1,0.045290592,0.947489253,0.4222393937556734,1.629114876348464,0.0
1,1,1,MLR,5,W2,0.103936506,0.889581214,0.3915820182593431,1.3974071508662689,0.0
1,1,1,MLR,5,X1,0.001822018,0.997887519,0.5269473770647977,1.6322707008134345,0.0
1,1,1,MLR,5,X2,0.001925324,0.997954598,0.6071018948115755,1.4078860826487734,-1.371917317982696e-06
1,1,1,SVR,5,W1,0.04530978,0.947467005,0.4215099668971112,1.6316823571371426,1.772922905179941e-05
1,1,1,SVR,5,W2,0.103919916,0.889598839,0.39156040533706243,1.3892556431008338,-6.42199829426926e-05
1,1,1,SVR,5,X1,0.001825707,0.997883241,0.5266217836952254,1.6324517886138956,-5.173549181081149e-06
1,1,1,SVR,5,X2,0.001926602,0.99795324,0.6068237023831313,1.4088077337117562,-1.419252537460114e-06
1,1,1,RF-R,5,W1,0.062215181,0.927866572,0.38513144585092274,1.53190157127386,0.0018627366323930583
1,1,1,RF-R,5,W2,0.123078766,0.869245096,0.3528260983867518,1.2969020125419255,-0.001218767910853158
1,1,1,RF-R,5,X1,0.015969199,0.981485016,0.46726338540536344,1.5187983745744216,0.0009728129314781842
1,1,1,RF-R,5,X2,0.014542387,0.984550638,0.554545955030253,1.3118964094479861,-0.00047265897085102537
1,1,1,XGBoost-R,5,W1,0.048922082,0.928780574,0.41219331802935955,1.6212611175073153,0.004206331809266295
1,1,1,XGBoost-R,5,W2,0.110216118,0.848387916,0.3886355019156197,1.4101150098597575,-0.003594585609714074
1,1,1,XGBoost-R,5,X1,0.004232352,0.991617975,0.5134063354350511,1.6375542651359065,-0.0006435907250641026
1,1,1,XGBoost-R,5,X2,0.003258281,0.994448143,0.6071676820496386,1.405451646116569,2.5454943269154206e-05
1,1,1,MLP-R,5,W1,0.045303728,0.947474023,0.42107913033118916,1.6318655528368993,5.291152142394839e-06
1,1,1,MLP-R,5,W2,0.104016041,0.889496719,0.3892708431875206,1.3989916987169706,-7.990273482817445e-05
1,1,1,MLP-R,5,X1,0.001823294,0.997886039,0.5262951855325108,1.631098397068892,-1.5068318988009643e-06
1,1,1,MLP-R,5,X2,0.001925342,0.997954579,0.6070784049369439,1.4077720520321682,-1.354935302255722e-06
1,1,1,MLR,6,W1,0.054062457,0.946055174,0.40450723039063846,1.4972866064200907,0.0
1,1,1,MLR,6,W2,0.103233066,0.898683346,0.3618520072521786,1.432542498468265,0.0001144004321407155
1,1,1,MLR,6,X1,0.002026543,0.997977866,0.5243506997898126,1.482587675193337,1.2567454889311768e-06
1,1,1,MLR,6,X2,0.001617441,0.998412585,0.5566324906185989,1.419033334170289,0.0
1,1,1,SVR,6,W1,0.054078324,0.946039341,0.41816813775766376,1.4887546104950402,-7.92207082522478e-05
1,1,1,SVR,6,W2,0.103159602,0.898755445,0.3551322871315514,1.4332485754049002,0.00018093298280202896
1,1,1,SVR,6,X1,0.002025455,0.997978952,0.5239373596785685,1.480785059982138,1.126665948092409e-06
1,1,1,SVR,6,X2,0.001631867,0.998398426,0.5564885806710098,1.4199914368177917,-1.1982765855467204e-05
1,1,1,RF-R,6,W1,0.075107392,0.925056028,0.3660732949499578,1.38650308077051,-0.0012791678578022547
1,1,1,RF-R,6,W2,0.128225897,0.874154479,0.32836300205795305,1.3067574757388944,-0.0029141587047082584
1,1,1,RF-R,6,X1,0.017213462,0.982823992,0.4685578423902764,1.3828873790859681,0.00035237602575414193
1,1,1,RF-R,6,X2,0.02475395,0.97570558,0.4995025184920102,1.2886485009140634,-0.0031875927061033706
1,1,1,XGBoost-R,6,W1,0.059013067,0.927311199,0.40082650647477075,1.4800101425654772,-0.003070251814702363
1,1,1,XGBoost-R,6,W2,0.109036619,0.869506944,0.3573367535070906,1.4338220078300172,8.401277075987812e-05
1,1,1,XGBoost-R,6,X1,0.004185473,0.993873055,0.515045686608335,1.4759973170791292,0.00023851305865815186
1,1,1,XGBoost-R,6,X2,0.003252042,0.992806709,0.545763513350708,1.3964190121273472,-0.00013764234204870495
1,1,1,MLP-R,6,W1,0.053996211,0.946121275,0.40325158532495803,1.4943109316223924,0.00017391986448882512
1,1,1,MLP-R,6,W2,0.10327239,0.898644751,0.36185877247524034,1.432574378363292,0.00011740776890591941
1,1,1,MLP-R,6,X1,0.002026832,0.997977578,0.5243119123164719,1.482606772102026,1.2639609532127948e-06
1,1,1,MLP-R,6,X2,0.001627083,0.998403122,0.5555628013991536,1.4186265032389302,-1.1042513194281511e-05
1,1,1,MLR,7,W1,0.056694053,0.940159949,0.445033846402919,1.4880364286362486,3.051793445248974e-05
1,1,1,MLR,7,W2,0.100013835,0.896425948,0.38359146678939504,1.4357393595175236,5.021936523604831e-05
1,1,1,MLR,7,X1,0.001864061,0.9980325,0.5857487708084748,1.5146973086906392,0.0
1,1,1,MLR,7,X2,0.001848921,0.998085262,0.5756558420188418,1.447042013768312,-1.235712403735434e-07
1,1,1,SVR,7,W1,0.056525923,0.940337408,0.4472762804586533,1.4835868951696831,2.4748382206685183e-05
1,1,1,SVR,7,W2,0.099632354,0.896821008,0.38276781465120846,1.4192709716638308,0.00040070253374620003
1,1,1,SVR,7,X1,0.001843794,0.998053893,0.5851460310498925,1.5034492932986734,2.298788254195827e-07
1,1,1,SVR,7,X2,0.001850907,0.998083206,0.5754544115573108,1.445792176028627,-4.2827807789080905e-08
1,1,1,RF-R,7,W1,0.07092756,0.925136613,0.414587625192789,1.3792460337945018,-4.439598875645156e-05
1,1,1,RF-R,7,W2,0.120308558,0.875408789,0.3558599279677638,1.3189194349892501,-0.0020356811805127273
1,1,1,RF-R,7,X1,0.015940942,0.983174482,0.5375804133435962,1.405854080768553,-0.0005764847359836178
1,1,1,RF-R,7,X2,0.019585586,0.979717221,0.5192164931276215,1.3167055783701032,0.00013494706967588367
1,1,1,XGBoost-R,7,W1,0.060245953,0.921590753,0.4350676767099749,1.4840398325278346,-0.0007645643031068516
1,1,1,XGBoost-R,7,W2,0.10493705,0.865841231,0.3750872103125491,1.4173822933465665,-0.0034028538444503932
1,1,1,XGBoost-R,7,X1,0.004271773,0.992415034,0.589209835257435,1.502390666327933,4.428963792029173e-05
1,1,1,XGBoost-R,7,X2,0.00356214,0.993969311,0.5719203459512621,1.4367767733857892,-0.00033453213936868176
1,1,1,MLP-R,7,W1,0.056594945,0.940264556,0.449163184806574,1.4950888773153104,9.769657974603163e-05
1,1,1,MLP-R,7,W2,0.100115549,0.896320613,0.38356391458130135,1.4357174752634556,4.973497104323599e-05
1,1,1,MLP-R,7,X1,0.001865564,0.998030914,0.5856550107381098,1.5142817090344711,1.407943300058001e-06
1,1,1,MLP-R,7,X2,0.001847287,0.998086954,0.5765898870037827,1.4477609712893522,-1.2182510905622834e-07
1,1,1,MLR,8,W1,0.047111477,0.954800493,0.40251414088285015,1.509846518744814,6.970525072665933e-05
1,1,1,MLR,8,W2,0.113757773,0.892403303,0.36464648697125124,1.2822788115426873,5.886596538665634e-05
1,1,1,MLR,8,X1,0.001804113,0.998269105,0.5001809700032255,1.535928306913566,0.0
1,1,1,MLR,8,X2,0.001866823,0.998234284,0.5843384874264548,1.3051249641993672,-4.577443212883114e-06
1,1,1,SVR,8,W1,0.047053494,0.954856122,0.4036308421885789,1.5149647789788179,0.00019181047084443348
1,1,1,SVR,8,W2,0.113419057,0.892723674,0.36407849712362056,1.2828399871584608,0.0003317875788849678
1,1,1,SVR,8,X1,0.001804346,0.998268882,0.5011647316611435,1.5360789731043838,-1.2470595660563079e-07
1,1,1,SVR,8,X2,0.001865118,0.998235896,0.585071015984681,1.305274139233045,-3.713768945123874e-06
1,1,1,RF-R,8,W1,0.069361417,0.933453543,0.369744730248878,1.3752924812313432,0.0019195409288942145
1,1,1,RF-R,8,W2,0.139271692,0.868271207,0.3348495371550354,1.1832602049223513,0.0022298402601048316
1,1,1,RF-R,8,X1,0.027592138,0.97352766,0.4365924601159338,1.3941742845152114,0.0006774692126136683
1,1,1,RF-R,8,X2,0.022315924,0.978892698,0.5235988598243333,1.1952355361779805,0.002552872855432475
1,1,1,XGBoost-R,8,W1,0.05203059,0.935712886,0.393167319409938,1.4904824662576026,9.408676377019587e-05
1,1,1,XGBoost-R,8,W2,0.118959035,0.854371958,0.3493667738548639,1.2651634399462517,-0.004410558684160603
1,1,1,XGBoost-R,8,X1,0.005494988,0.993130353,0.4892475507771131,1.537645008151951,0.0004141789553908426
1,1,1,XGBoost-R,8,X2,0.003893646,0.993718916,0.5738176626987459,1.2917952014225165,-3.5356251802176607e-06
1,1,1,MLP-R,8,W1,0.047099593,0.954811895,0.40227054038177706,1.508503109000579,0.00010405010565006645
1,1,1,MLP-R,8,W2,0.113281677,0.892853613,0.37197389502069267,1.2780313344028573,0.001837047695272831
1,1,1,MLP-R,8,X1,0.0018052,0.998268062,0.50017387669132,1.5360473654749895,-6.077032016715833e-07
1,1,1,MLP-R,8,X2,0.001861159,0.998239641,0.5864789236925351,1.302723884000328,1.562226855056359e-06
1,1,1,MLR,9,W1,0.047315626,0.956667412,0.37062873669392415,1.545855940934659,1.706117996407297e-05
1,1,1,MLR,9,W2,0.107730235,0.887475482,0.3769493445875684,1.4455677462651122,4.470805158363067e-06
1,1,1,MLR,9,X1,0.001895826,0.998263765,0.46264568516195015,1.565423412195575,2.5166829984990535e-06
1,1,1,MLR,9,X2,0.001902109,0.998013242,0.602740897347032,1.4646946776113354,0.0
1,1,1,SVR,9,W1,0.047318317,0.956664948,0.3739266041835726,1.547077141089777,2.5277931508571604e-05
1,1,1,SVR,9,W2,0.107428347,0.887790804,0.38327659208971504,1.439218734631395,6.943593500619016e-07
1,1,1,SVR,9,X1,0.001894726,0.998264772,0.4621063947474623,1.5656542652686765,3.116515269518949e-06
1,1,1,SVR,9,X2,0.001903999,0.998011268,0.60258756774486,1.46550977632201,1.0979012817546873e-06
1,1,1,RF-R,9,W1,0.067660735,0.938034958,0.35153637328624693,1.4042133459649535,0.0019063767766512197
1,1,1,RF-R,9,W2,0.125189169,0.869239579,0.34692255545175954,1.3566928886223546,0.0036646394413719975
1,1,1,RF-R,9,X1,0.021013498,0.980755422,0.42666788480277,1.4279193485706467,0.00042791407618786304
1,1,1,RF-R,9,X2,0.017860575,0.981344582,0.5494899732286649,1.334725054600707,0.0005478476846467295
1,1,1,XGBoost-R,9,W1,0.051001924,0.93930374,0.36570557418923755,1.5340478515409095,0.0013726949520168285
1,1,1,XGBoost-R,9,W2,0.111245039,0.861673454,0.37244088751293414,1.4671087657015196,0.005442587222218886
1,1,1,XGBoost-R,9,X1,0.003385133,0.993621141,0.4594814677264848,1.5389409257013082,-0.0002813391036758595
1,1,1,XGBoost-R,9,X2,0.00299685,0.994236054,0.5978726918561494,1.4491978046617242,-0.00020046067225494292
1,1,1,MLP-R,9,W1,0.047301995,0.956679895,0.3711841276171867,1.5425285613276496,1.0082840215708267e-05
1,1,1,MLP-R,9,W2,0.108284032,0.88689704,0.3769832624215478,1.4454263210212797,4.564540794327332e-06
1,1,1,MLP-R,9,X1,0.001895528,0.998264038,0.46264739087426665,1.5654966814078364,3.0505800327040864e-06
1,1,1,MLP-R,9,X2,0.001901272,0.998014116,0.6027552282373503,1.4642655883770244,1.3030912205946876e-06
1,1,1,MLR,10,W1,0.048978979,0.949588123,0.4035231764223379,1.5828368827137047,0.0
1,1,1,MLR,10,W2,0.113278119,0.891663028,0.3570154231345296,1.377184553109423,-1.3604544846645972e-05
1,1,1,MLR,10,X1,0.001828127,0.998118391,0.5043198621891279,1.5884486440227956,3.1763625175651454e-07
1,1,1,MLR,10,X2,0.001967936,0.998117904,0.5751810687996874,1.3767908686021628,-8.867087613273483e-06
1,1,1,SVR,10,W1,0.049160527,0.949401263,0.4050681908364604,1.576703302915814,-6.338414890126876e-05
1,1,1,SVR,10,W2,0.113114812,0.891819211,0.3598864482421523,1.3844154850657828,0.00017437981122525592
1,1,1,SVR,10,X1,0.001826793,0.998119763,0.504467554212041,1.588490689532436,6.001378641595778e-07
1,1,1,SVR,10,X2,0.001976259,0.998109945,0.5753715943521491,1.377294189989244,-8.878378631016482e-06
1,1,1,RF-R,10,W1,0.067289524,0.930741895,0.3611871019679911,1.4656625384164383,0.0018470109840316052
1,1,1,RF-R,10,W2,0.139013444,0.867050267,0.33589831779894863,1.259531534816424,0.0005203746433930622
1,1,1,RF-R,10,X1,0.0216068,0.977761085,0.4491720417528704,1.4628530591440398,-0.00047542017998604137
1,1,1,RF-R,10,X2,0.023921853,0.977121609,0.5298771974111504,1.2527205581971075,-0.00035437066588691615
1,1,1,XGBoost-R,10,W1,0.053785571,0.930527624,0.39613524601760525,1.5799881299578116,0.0003230077407870291
1,1,1,XGBoost-R,10,W2,0.12078941,0.859052787,0.3698101353041007,1.3570189475294638,0.0026427193070984066
1,1,1,XGBoost-R,10,X1,0.004520859,0.992778845,0.4895685623212345,1.5892508567273749,4.873906967043373e-05
1,1,1,XGBoost-R,10,X2,0.003433879,0.994347099,0.5716675147874842,1.3620337922856387,0.0006584616272730104
1,1,1,MLP-R,10,W1,0.04884996,0.949720916,0.40366308202088097,1.583868724238922,0.0001265863351039287
1,1,1,MLP-R,10,W2,0.113280965,0.891660306,0.35701149194324866,1.377276479395689,-1.1784510142198723e-05
1,1,1,MLP-R,10,X1,0.00182871,0.99811779,0.5043155073971896,1.5883977777704814,3.2632648880870365e-07
1,1,1,MLP-R,10,X2,0.00197281,0.998113243,0.5751820972706886,1.3768152129073097,-8.627705126751373e-06
1,1,2,MLR,1,W1,0.112703262,0.884598121,0.8346990137974307,0.8428463614805757,-8.603487640576057e-05
1,1,2,MLR,1,W2,0.201345751,0.79447038,0.8196807935904381,0.7993125746261674,0.00023327780686220877
1,1,2,MLR,1,X1,0.001018568,0.998957042,1.0810643461843352,0.8196188461134548,0.0
1,1,2,MLR,1,X2,0.000906122,0.999075049,1.2304167389805492,0.8187005912757256,5.15983433757583e-10
1,1,2,SVR,1,W1,0.112518493,0.884787315,0.8503963397417509,0.848047585066362,-0.00012026932552305913
1,1,2,SVR,1,W2,0.201280026,0.794537471,0.8222404628826656,0.7946546847475375,0.0002620922723266528
1,1,2,SVR,1,X1,0.001018529,0.998957083,1.0784756377270095,0.8204140586097382,-1.189820974523137e-07
1,1,2,SVR,1,X2,0.00100277,0.998976393,1.224315668875759,0.8099192835298105,1.2375010622123205e-06
1,1,2,RF-R,1,W1,0.136361623,0.860373274,0.7746562968495139,0.7850854335459917,-0.0014999473624818793
1,1,2,RF-R,1,W2,0.220042199,0.77538543,0.766667321754954,0.7417618160149841,0.0025106133551569985
1,1,2,RF-R,1,X1,0.016081809,0.983533121,1.0018050843404969,0.7585887263317757,-0.0010864278152045604
1,1,2,RF-R,1,X2,0.01880946,0.980799689,1.1380660856859344,0.730134282686628,6.9935623755224e-05
1,1,2,XGBoost-R,1,W1,0.118597022,0.848641929,0.8161482884206327,0.8302995093495203,4.292606668399035e-05
1,1,2,XGBoost-R,1,W2,0.21039717,0.735585685,0.8272251579624015,0.7875875315964113,0.002968101029386139
1,1,2,XGBoost-R,1,X1,0.002785543,0.995502325,1.0758719474821823,0.8167940260768969,0.00014552127000386773
1,1,2,XGBoost-R,1,X2,0.002557386,0.994931257,1.228300003754627,0.8089402709008787,-3.17745371694822e-05
1,1,2,MLP-R,1,W1,0.112615527,0.884687957,0.8416421202137198,0.8477229208150044,-3.1900994504074906e-05
1,1,2,MLP-R,1,W2,0.201058804,0.79476329,0.825138412693506,0.7711337335254902,0.0010894703242223746
1,1,2,MLP-R,1,X1,0.001018239,0.99895738,1.0806371058440247,0.8183981120032475,-4.929875609738233e-07
1,1,2,MLP-R,1,X2,0.000904967,0.999076229,1.2293978506170198,0.8190785226439209,-3.219158363543251e-07
1,1,2,MLR,2,W1,0.116035341,0.885525386,0.8563278781210792,0.9277010538999291,-3.261463361625694e-06
1,1,2,MLR,2,W2,0.20376009,0.80313069,0.7358492784326194,0.8120045012579246,1.4470602864824489e-05
1,1,2,MLR,2,X1,0.00111604,0.998898971,1.0945126770150662,0.9176235972538279,0.0
1,1,2,MLR,2,X2,0.000821333,0.999206443,1.1627025679392424,0.7493108173614894,-2.3049868252966732e-07
1,1,2,SVR,2,W1,0.115902289,0.885656649,0.8631549115123157,0.9362064333930178,-2.8933475936909757e-06
1,1,2,SVR,2,W2,0.202970456,0.803893619,0.7349933328720897,0.826823602228921,2.0497722331669356e-05
1,1,2,SVR,2,X1,0.002082222,0.997945785,1.0617172615586137,0.8976114557883648,-7.1379838083140966e-06
1,1,2,SVR,2,X2,0.000820082,0.999207651,1.1627252689847887,0.7495731371797256,6.661446680933381e-07
1,1,2,RF-R,2,W1,0.151017459,0.851013793,0.7878971760734541,0.8443203982925234,-0.004160153293451263
1,1,2,RF-R,2,W2,0.237735282,0.770304474,0.6793131982170336,0.7360780585361137,-0.0006980769902408146
1,1,2,RF-R,2,X1,0.024241694,0.976084368,1.0015614884608268,0.8301046276189735,0.0009422008903095525
1,1,2,RF-R,2,X2,0.018780962,0.981854175,1.0659946282619077,0.6888865184918859,0.0005365849506013043
1,1,2,XGBoost-R,2,W1,0.128438847,0.843826958,0.8514350245285623,0.9045544391412292,-0.0063948830741064385
1,1,2,XGBoost-R,2,W2,0.217482619,0.741973422,0.7328917619082167,0.8044659861737544,-0.0034838973929401384
1,1,2,XGBoost-R,2,X1,0.00516491,0.990429347,1.0833805156688112,0.901391162892765,-0.000298967642941228
1,1,2,XGBoost-R,2,X2,0.003360562,0.993551565,1.1540830480893725,0.7410303289866923,-0.0005934019501604215
1,1,2,MLP-R,2,W1,0.116010489,0.885549905,0.8581261345606375,0.9277222258393663,-2.6801236781559545e-06
1,1,2,MLP-R,2,W2,0.203564256,0.803319901,0.7340945994759762,0.8139185153821529,5.8705818432291944e-05
1,1,2,MLP-R,2,X1,0.001116532,0.998898486,1.0946775375082285,0.9175938140563067,-1.5293229870261272e-07
1,1,2,MLP-R,2,X2,0.000820568,0.999207182,1.162765139998776,0.7494924964068062,-1.8889708739422417e-07
1,1,2,MLR,3,W1,0.110002488,0.890006246,0.8288159699743396,0.8641637434903959,0.0
1,1,2,MLR,3,W2,0.22667887,0.782992186,0.7389471808138945,0.7816815123948844,0.0
1,1,2,MLR,3,X1,0.001134843,0.998865247,1.0519779284306827,0.8591121843618099,0.0
1,1,2,MLR,3,X2,0.000946839,0.999093557,1.1556065359536487,0.7816968587829007,-5.76241008420908e-07
1,1,2,SVR,3,W1,0.109696092,0.890312617,0.8283314461585582,0.8715855914970236,2.3184947719545602e-05
1,1,2,SVR,3,W2,0.226534913,0.783130001,0.7283559585913484,0.7752779688902159,-3.699753493726643e-05
1,1,2,SVR,3,X1,0.001153762,0.99884633,1.0521759805584385,0.8601332185817595,-1.1086404751958768e-05
1,1,2,SVR,3,X2,0.000946493,0.999093888,1.1547990244941513,0.7811313664359592,3.753751003698902e-07
1,1,2,RF-R,3,W1,0.132139682,0.86787081,0.7752370438461591,0.8113611046311421,-0.001340977012949629
1,1,2,RF-R,3,W2,0.251119768,0.759594038,0.6752292578290934,0.7056840228055382,-0.005541577759936389
1,1,2,RF-R,3,X1,0.017452637,0.982548749,0.9645572784905546,0.8026508263935552,-0.00031440310554231576
1,1,2,RF-R,3,X2,0.018804207,0.981998058,1.083105457974971,0.7059930803349515,0.0006950958828965903
1,1,2,XGBoost-R,3,W1,0.113761105,0.855266401,0.8490138586612019,0.8755245972804404,-0.0027307431969531004
1,1,2,XGBoost-R,3,W2,0.231580302,0.715356759,0.7308667975329428,0.7800791355744323,-0.01293407801470291
1,1,2,XGBoost-R,3,X1,0.002910441,0.994904535,1.0426126182182707,0.8570634701538269,-0.0001433300747476607
1,1,2,XGBoost-R,3,X2,0.003582197,0.99493161,1.1496377457391032,0.7638425481517114,-0.00011245314427617003
1,1,2,MLP-R,3,W1,0.110032774,0.889975963,0.8310670892174017,0.8637277281522218,2.3047804373754756e-05
1,1,2,MLP-R,3,W2,0.224273765,0.785294679,0.7404764101624658,0.7759822835800494,0.0020777954251784193
1,1,2,MLP-R,3,X1,0.001137635,0.998862456,1.0519257121623427,0.8570849357434772,2.4150832372504817e-06
1,1,2,MLP-R,3,X2,0.000941998,0.999098192,1.15488905964077,0.7821845152721074,-8.044403565499181e-08
1,1,2,MLR,4,W1,0.111948698,0.882535311,0.9421018018911113,0.884908204714835,0.0001046043754746706
1,1,2,MLR,4,W2,0.222900578,0.780622967,0.8080610384797099,0.7599595399188704,0.0
1,1,2,MLR,4,X1,0.001123823,0.998820803,1.1468811359894913,0.9044354718373266,-1.4876262578122913e-06
1,1,2,MLR,4,X2,0.000979786,0.999035702,1.234497901392772,0.7599819749414383,1.2946805787894533e-06
1,1,2,SVR,4,W1,0.111508148,0.882997568,0.9422613771772499,0.8814320171502692,0.0005060930874736358
1,1,2,SVR,4,W2,0.222880977,0.780642259,0.8166962383697987,0.7533678393912827,-6.813547769490835e-06
1,1,2,SVR,4,X1,0.001173131,0.998769066,1.1521976933401525,0.9105551340117554,2.600787942885763e-06
1,1,2,SVR,4,X2,0.00098001,0.999035481,1.2346818925068264,0.7599475837626757,1.2928242546506041e-06
1,1,2,RF-R,4,W1,0.143693297,0.849226576,0.846779376468831,0.7866408933462012,-0.002530317451240438
1,1,2,RF-R,4,W2,0.251485112,0.752490289,0.7423616809523237,0.6861136100845742,-0.0011457056044470114
1,1,2,RF-R,4,X1,0.019985046,0.979030241,1.0429436444044762,0.8178507174942261,-0.00024129919069054706
1,1,2,RF-R,4,X2,0.022872709,0.977488856,1.1034403412431828,0.6939367643201735,-0.0012477484526047578
1,1,2,XGBoost-R,4,W1,0.119512815,0.850937059,0.9256647263207032,0.8725928545697041,0.00307588670271427
1,1,2,XGBoost-R,4,W2,0.228427419,0.721823754,0.7927180449454969,0.7510612053184658,0.0004336747873235014
1,1,2,XGBoost-R,4,X1,0.0027742,0.994817068,1.1424723731449498,0.9019659945029893,0.00014946136369128337
1,1,2,XGBoost-R,4,X2,0.002830132,0.994905205,1.2226912676401511,0.7561851575979981,0.00014408568307540116
1,1,2,MLP-R,4,W1,0.111942739,0.882541564,0.9392959504837854,0.8856908376100397,0.00012959588548761003
1,1,2,MLP-R,4,W2,0.222891474,0.780631927,0.8092415205104443,0.7593087365336774,6.292565471971434e-05
1,1,2,MLP-R,4,X1,0.001119015,0.998825848,1.1484657690943836,0.9033452002234583,-5.529137601989476e-07
1,1,2,MLP-R,4,X2,0.000979837,0.999035652,1.234480874861064,0.7599703499588275,1.2956190875601514e-06
1,1,2,MLR,5,W1,0.109870088,0.895832989,0.8151779508461825,0.8402797572795209,-0.00040940971384920697
1,1,2,MLR,5,W2,0.211759794,0.788335267,0.7805682144288877,0.8321187397386198,-0.00018781094108634156
1,1,2,MLR,5,X1,0.001208215,0.998854501,1.0146775837699422,0.8363477193327549,7.045327668042667e-07
1,1,2,MLR,5,X2,0.001047377,0.998953093,1.2094494243356655,0.8028393085239334,3.4679797160652727e-07
1,1,2,SVR,5,W1,0.109650198,0.896041465,0.8092618547478008,0.831480054035459,-0.0003039276115073597
1,1,2,SVR,5,W2,0.211423644,0.788671267,0.7905199609183118,0.8402566828270908,2.3525889875730675e-05
1,1,2,SVR,5,X1,0.001202984,0.99885946,1.0163926829521617,0.8344318421143327,1.906341092705599e-06
1,1,2,SVR,5,X2,0.001050588,0.998949883,1.2103671369772786,0.8025087414042036,-2.2115928539956363e-06
1,1,2,RF-R,5,W1,0.136809887,0.870291567,0.7576656394041645,0.7841153898172023,0.002621652343172798
1,1,2,RF-R,5,W2,0.240042785,0.760064974,0.7270148778158727,0.7600830308442424,0.0007098064271685578
1,1,2,RF-R,5,X1,0.021556288,0.979562644,0.938535066765995,0.7696968986942164,0.0007439606509197394
1,1,2,RF-R,5,X2,0.020481897,0.979527298,1.1141364436966215,0.7203895664780793,2.1999138836015232e-05
1,1,2,XGBoost-R,5,W1,0.117935115,0.861770993,0.8131523042964414,0.8295615240936793,-0.002947512191006674
1,1,2,XGBoost-R,5,W2,0.223899145,0.719415528,0.7635501686099677,0.8433951274933843,0.003031593940894106
1,1,2,XGBoost-R,5,X1,0.004084642,0.993483214,1.004822298547781,0.8264946722360413,-0.0002978190565431693
1,1,2,XGBoost-R,5,X2,0.002600028,0.995320251,1.2019165776937706,0.7945915919389112,-0.00013136312025125997
1,1,2,MLP-R,5,W1,0.109888693,0.89581535,0.8139536082691621,0.8409070745265487,-0.00039039704684261655
1,1,2,MLP-R,5,W2,0.212178486,0.787916763,0.7804923699021762,0.8322366251159401,-0.0001876389614196894
1,1,2,MLP-R,5,X1,0.001206326,0.998856291,1.0161056654028466,0.8369181656845832,7.453538329871278e-08
1,1,2,MLP-R,5,X2,0.001047118,0.998953352,1.2103889295788415,0.8017044756170015,-1.7729360867080323e-06
1,1,2,MLR,6,W1,0.114834821,0.885123673,0.9439784801675664,0.9123850943306204,-8.211746123480968e-05
1,1,2,MLR,6,W2,0.225785431,0.777772729,0.7312583578217005,0.8729004969678243,1.8702679268978174e-05
1,1,2,MLR,6,X1,0.001145636,0.99885395,1.1628461964361125,0.9051044502342636,1.2882667377311917e-09
1,1,2,MLR,6,X2,0.000985232,0.999030294,1.1719393847565691,0.8392112802611951,1.5130044694777744e-06
1,1,2,SVR,6,W1,0.114220024,0.885738692,0.9280637120766111,0.915635899684777,0.000206628876205317
1,1,2,SVR,6,W2,0.225734925,0.777822439,0.7331334021411406,0.8793717113566144,-9.285248815394942e-05
1,1,2,SVR,6,X1,0.001145975,0.998853611,1.1639962609506236,0.9059173078622628,8.155731360259821e-08
1,1,2,SVR,6,X2,0.000982135,0.999033343,1.171338054733779,0.8415574755087679,1.3058747192151721e-06
1,1,2,RF-R,6,W1,0.133262544,0.866689289,0.87729689172501,0.8394421541567372,0.0016678358303836792
1,1,2,RF-R,6,W2,0.264434379,0.739732851,0.6691400079788183,0.7693175960008094,-0.0030337065224350203
1,1,2,RF-R,6,X1,0.023345846,0.976645716,1.061947101269578,0.8251721731012867,-0.0034784209229885344
1,1,2,RF-R,6,X2,0.022334849,0.978017127,1.0853059124458055,0.7595248464691774,0.0003203755563736532
1,1,2,XGBoost-R,6,W1,0.115733633,0.855717465,0.964694126362635,0.899308875371769,0.00442739489974211
1,1,2,XGBoost-R,6,W2,0.239518523,0.689565996,0.6999636327621406,0.8376286247203071,-0.008718613001710951
1,1,2,XGBoost-R,6,X1,0.003315985,0.991844834,1.1430610172822757,0.8935324321259124,-0.0006473504138397202
1,1,2,XGBoost-R,6,X2,0.003235728,0.991623881,1.1515889442827922,0.8345866169112359,-0.0003435510304521383
1,1,2,MLP-R,6,W1,0.114831474,0.885127021,0.9441520703662831,0.9123645953553187,-7.65153517504058e-05
1,1,2,MLP-R,6,W2,0.225800894,0.77775751,0.7312318868440933,0.8729395763045126,1.925972795547848e-05
1,1,2,MLP-R,6,X1,0.001145111,0.998854475,1.162615556644681,0.905314925108153,7.62187497560518e-09
1,1,2,MLP-R,6,X2,0.000975067,0.999040299,1.1670684127297506,0.8420142406755838,3.175181668091387e-06
1,1,2,MLR,7,W1,0.122489742,0.875796518,0.9099468655822427,0.7840620195412253,0.0
1,1,2,MLR,7,W2,0.230336859,0.792067924,0.7090719443030895,0.7157142152337743,-0.00018543278486923275
1,1,2,MLR,7,X1,0.0011606,0.998823163,1.1755307771600825,0.7733837443456137,2.5158350874798785e-07
1,1,2,MLR,7,X2,0.000963425,0.999130287,1.1162594159709767,0.6824746746641115,-2.1427461965872752e-07
1,1,2,SVR,7,W1,0.122392528,0.875895092,0.916947928159845,0.7828963421079391,8.268409042797576e-05
1,1,2,SVR,7,W2,0.229285557,0.793016967,0.7147993770908594,0.7237918136260238,6.568804712920872e-05
1,1,2,SVR,7,X1,0.001159679,0.998824096,1.17538060903984,0.7750470806695181,1.7219245561639341e-07
1,1,2,SVR,7,X2,0.000963389,0.999130319,1.1167029881560118,0.6822559669752746,4.96919621117975e-08
1,1,2,RF-R,7,W1,0.150400904,0.847494854,0.8297054782911129,0.7269694452635195,-0.0028638467184411544
1,1,2,RF-R,7,W2,0.259943827,0.765340816,0.6426284053508154,0.6695366374853066,0.0063899943100047315
1,1,2,RF-R,7,X1,0.017491464,0.982263815,1.08095912763549,0.717709494317295,-0.00011927902633976917
1,1,2,RF-R,7,X2,0.020167461,0.981794221,1.0332864742290098,0.6133905860747622,0.0005510454384555774
1,1,2,XGBoost-R,7,W1,0.130253703,0.825231731,0.888392632896086,0.7698592615339642,-0.006127625287308591
1,1,2,XGBoost-R,7,W2,0.238990921,0.74367063,0.6770166108049672,0.7425136733309498,0.004726091515676378
1,1,2,XGBoost-R,7,X1,0.002889253,0.993674461,1.160211244803962,0.7666614556031099,-0.00036976813001295963
1,1,2,XGBoost-R,7,X2,0.002927738,0.993383043,1.1067667917795372,0.6707920307742068,-0.0004302724599035357
1,1,2,MLP-R,7,W1,0.122451132,0.875835668,0.9083354229348306,0.7883728553834559,-6.701655155112451e-05
1,1,2,MLP-R,7,W2,0.228558424,0.793673372,0.6592220578029335,0.7790776046101855,0.000979080110655961
1,1,2,MLP-R,7,X1,0.001160721,0.998823039,1.1755670265560323,0.7733920964348329,2.3028631201960081e-07
1,1,2,MLP-R,7,X2,0.000963371,0.999130336,1.116273104282464,0.6825753755348068,-2.511508423452824e-07
1,1,2,MLR,8,W1,0.109711165,0.88994585,0.8953194762427149,0.8028005748325733,3.923855286649403e-05
1,1,2,MLR,8,W2,0.213494192,0.7832005,0.7661674569951662,0.727818041165633,0.0
1,1,2,MLR,8,X1,0.001061574,0.998935108,1.1138076171976021,0.8344191963702878,4.702103444942374e-07
1,1,2,MLR,8,X2,0.000960682,0.999024445,1.1481741415205255,0.7390943216377543,0.0
1,1,2,SVR,8,W1,0.109666557,0.889990598,0.8956835235742509,0.8004244291032714,1.5969534556037336e-05
1,1,2,SVR,8,W2,0.213340353,0.78335672,0.7648280044914035,0.7246710595747334,-9.854736776848672e-06
1,1,2,SVR,8,X1,0.00113182,0.998864641,1.1132489694735317,0.8297120277214104,4.669435041826376e-06
1,1,2,SVR,8,X2,0.001446343,0.998531265,1.1282721120023587,0.7248017402401737,1.1046631852806855e-06
1,1,2,RF-R,8,W1,0.130858563,0.86873234,0.8265467600213642,0.7523887636473231,-1.8179860841505135e-05
1,1,2,RF-R,8,W2,0.234741322,0.761624422,0.6769813893112777,0.6610472485114907,-0.005599158369325241
1,1,2,RF-R,8,X1,0.017244516,0.982701573,1.0314745130325986,0.778466464608003,0.0004389289481437242
1,1,2,RF-R,8,X2,0.016532502,0.983211542,1.0615684033677184,0.6787507054625663,8.68034958930397e-05
1,1,2,XGBoost-R,8,W1,0.115432722,0.850961534,0.8683337880722066,0.7905690073781221,-0.002236284954731005
1,1,2,XGBoost-R,8,W2,0.218080872,0.717227261,0.7195417328786349,0.7369862970625614,-0.004995444422228568
1,1,2,XGBoost-R,8,X1,0.003798664,0.993414251,1.1029546716657932,0.8221237777175838,0.00017740477456438253
1,1,2,XGBoost-R,8,X2,0.003279477,0.994844188,1.1420707762787543,0.7321110428545639,0.00024827516442890165
1,1,2,MLP-R,8,W1,0.109647591,0.890009623,0.8892919338226213,0.8025194430787532,5.192891320215942e-05
1,1,2,MLP-R,8,W2,0.210763851,0.785973112,0.7611590824129274,0.7245262240071206,5.067184784314227e-05
1,1,2,MLP-R,8,X1,0.00106255,0.998934129,1.1138113135595518,0.8344786019334757,4.81825668530167e-07
1,1,2,MLP-R,8,X2,0.000960845,0.999024279,1.1483150546532574,0.7390570878186559,-3.72565143258452e-07
1,1,2,MLR,9,W1,0.103949838,0.901454292,0.9610154437487075,0.87719213503813,0.0
1,1,2,MLR,9,W2,0.213383816,0.766049611,0.9205121159159282,0.807824329183522,0.0008826821676826135
1,1,2,MLR,9,X1,0.001080573,0.998975604,1.1732954365457156,0.8877186828826703,1.3339023989256127e-06
1,1,2,MLR,9,X2,0.000983833,0.998921342,1.3344434861043182,0.8687334231916799,2.8515753623170602e-06
1,1,2,SVR,9,W1,0.10342969,0.9019474,0.9616580079446534,0.8728081877140543,0.0002893884734871288
1,1,2,SVR,9,W2,0.212783972,0.766707271,0.9118485917507193,0.8001615151606222,0.0010283492874237576
1,1,2,SVR,9,X1,0.001080681,0.998975501,1.1746171910638339,0.8873625330836642,2.914421211053231e-06
1,1,2,SVR,9,X2,0.000985793,0.998919193,1.3341916494486312,0.8678916677756667,4.273699727119773e-06
1,1,2,RF-R,9,W1,0.138328053,0.868863328,0.8631685198833366,0.7974195892130728,-0.0015217865970372445
1,1,2,RF-R,9,W2,0.225698516,0.752547984,0.821379895988995,0.7344415759574183,0.002640291461440636
1,1,2,RF-R,9,X1,0.02110078,0.979996205,1.0678568346237565,0.8081060940197032,-0.00015033833858428823
1,1,2,RF-R,9,X2,0.012596782,0.986189102,1.2386902112880587,0.7998811466724075,0.0014028288889308183
1,1,2,XGBoost-R,9,W1,0.112732494,0.861939403,0.9367299662478121,0.8590295339845229,-0.0034061918759264566
1,1,2,XGBoost-R,9,W2,0.218778487,0.700724263,0.9140205657164275,0.8198645623857939,-0.0034179287717552077
1,1,2,XGBoost-R,9,X1,0.002838816,0.99489459,1.1602916813378523,0.8863363151399687,4.389878575341566e-05
1,1,2,XGBoost-R,9,X2,0.003189837,0.994161007,1.3310646938570314,0.8629897442933465,-0.0001719088455350626
1,1,2,MLP-R,9,W1,0.103993024,0.901413352,0.9610163590010327,0.8772296641949751,-5.465529460135787e-06
1,1,2,MLP-R,9,W2,0.212795889,0.766694204,0.9130523007469146,0.8021408351917761,0.0009031734025476302
1,1,2,MLP-R,9,X1,0.001080585,0.998975593,1.1732162445508103,0.8877646721347503,1.4759188596724648e-06
1,1,2,MLP-R,9,X2,0.000983123,0.998922121,1.333874314910228,0.8687293391021906,6.6958484926882275e-06
1,1,2,MLR,10,W1,0.113947534,0.891969119,0.8915095095266633,0.8994079427990409,0.0001067771326508371
1,1,2,MLR,10,W2,0.203624374,0.810086106,0.833599173454599,0.750234556877835,0.00017004650565946022
1,1,2,MLR,10,X1,0.001135685,0.998923284,1.1387694678453157,0.875976434372449,2.584642505243373e-07
1,1,2,MLR,10,X2,0.000927562,0.999134893,1.235950542780931,0.7734081874892855,9.498355720838348e-08
1,1,2,SVR,10,W1,0.11389862,0.892015493,0.8924948950140523,0.9022076509644151,5.74474052162377e-05
1,1,2,SVR,10,W2,0.20355185,0.810153747,0.8390302517306477,0.7521892283467861,0.00013978782616871354
1,1,2,SVR,10,X1,0.003627763,0.996560606,1.1303539447865345,0.8678406075411236,-3.8223672255544014e-05
1,1,2,SVR,10,X2,0.003089222,0.997118782,1.2196836453638848,0.7711178460554421,0.00026300099685847564
1,1,2,RF-R,10,W1,0.144253085,0.863237164,0.8133367647959471,0.827122301170126,0.0013604644857835968
1,1,2,RF-R,10,W2,0.242449508,0.773875155,0.7547684291675005,0.6837764259975272,-0.004964496578042122
1,1,2,RF-R,10,X1,0.023272802,0.977935623,1.027790163178014,0.8093431518430358,0.00029254982787993986
1,1,2,RF-R,10,X2,0.021249106,0.980181644,1.1285050423098706,0.7118450850215527,0.00010900924305518034
1,1,2,XGBoost-R,10,W1,0.123230807,0.853009605,0.8861902064411378,0.895680821194562,-0.00537472121428616
1,1,2,XGBoost-R,10,W2,0.212411652,0.758687462,0.8172493521589599,0.7335720860060791,0.0005987380730295589
1,1,2,XGBoost-R,10,X1,0.003313947,0.993431875,1.1242064267988199,0.8712079417698936,8.362599338377353e-05
1,1,2,XGBoost-R,10,X2,0.003775783,0.993722779,1.2172857229030076,0.774382017640914,-0.000249380978643754
1,1,2,MLP-R,10,W1,0.113996238,0.891922944,0.8915105662558485,0.8993729342447544,0.00010516364687318536
1,1,2,MLP-R,10,W2,0.203573965,0.810133121,0.8372677680726766,0.7527695794992049,0.00020014685969069746
1,1,2,MLP-R,10,X1,0.001135583,0.998923382,1.1388033803149478,0.8759546504625508,3.972747516733932e-07
1,1,2,MLP-R,10,X2,0.000926989,0.999135427,1.2357618855310495,0.7730589065298961,2.0460573282310435e-07
2,0,0,MLR,1,W1,0.182280062,0.81303907,1.3515105188038379,0.30642944046793136,1.3495452334977287e-06
2,0,0,MLR,1,W2,0.29473014,0.690200535,1.0876082608239748,0.26463836213258934,-2.0887226849120033e-05
2,0,0,MLR,1,X1,0.001653519,0.998304019,1.7618174023384525,0.32516456355102635,0.0
2,0,0,MLR,1,X2,0.001426857,0.998500189,1.7343587438045174,0.2815628151085436,1.911834357737341e-06
2,0,0,SVR,1,W1,0.182099932,0.813223826,1.3596258762878697,0.30293937467656423,1.1036979684053705e-05
2,0,0,SVR,1,W2,0.294521373,0.690419976,1.0917351473640247,0.2626743275633191,-3.771821471898473e-05
2,0,0,SVR,1,X1,0.001653203,0.998304344,1.7631738519378495,0.3245739585339965,-1.2935354046228476e-06
2,0,0,SVR,1,X2,0.001464079,0.998461064,1.7378367907533459,0.2817417548519031,-7.455466556804957e-06
2,0,0,RF-R,1,W1,0.203014271,0.791772417,1.223867188428085,0.27081649235573085,0.004481369073896702
2,0,0,RF-R,1,W2,0.324117744,0.659310366,0.9606361758640258,0.2300955744285545,-0.0016254572972988046
2,0,0,RF-R,1,X1,0.015924491,0.983666576,1.6373948534616847,0.29014165143767134,0.0006571134324390493
2,0,0,RF-R,1,X2,0.015991306,0.98319107,1.6184227799310702,0.2556725166130954,-0.0003741155796603168
2,0,0,XGBoost-R,1,W1,0.190613168,0.767484865,1.3343744451046564,0.29369371226672014,0.002417757009363408
2,0,0,XGBoost-R,1,W2,0.30336487,0.589534407,1.07918514900835,0.2548042956533155,-0.0012716587273612578
2,0,0,XGBoost-R,1,X1,0.004145506,0.994605682,1.752661488259576,0.3203032008376321,0.0002382164314780111
2,0,0,XGBoost-R,1,X2,0.003587636,0.994914294,1.7295225399128367,0.27596306480118804,0.00012309850653811072
2,0,0,MLP-R,1,W1,0.182308242,0.813010166,1.3514865548131882,0.3064295652345908,1.2037588534186127e-06
2,0,0,MLP-R,1,W2,0.294520241,0.690421167,1.090143022300142,0.262501348618031,-2.325552760537031e-05
2,0,0,MLP-R,1,X1,0.001654133,0.99830339,1.7622999413926863,0.3250549845388308,-1.0277639007183482e-06
2,0,0,MLP-R,1,X2,0.00142731,0.998499713,1.7344151615933558,0.28146094299977154,2.2514189847888668e-06
2,0,0,MLR,2,W1,0.178596432,0.833302757,1.304709932893162,0.277064195630805,0.00013270322513669885
2,0,0,MLR,2,W2,0.330475417,0.648663637,1.0985568943441613,0.2617989298948341,-0.00022586047714469039
2,0,0,MLR,2,X1,0.001802846,0.99831727,1.6485780870052071,0.2990983922363669,0.0
2,0,0,MLR,2,X2,0.00139342,0.998518622,1.7748460053327046,0.30722102466745793,1.1603550262639927e-06
2,0,0,SVR,2,W1,0.178496929,0.83339563,1.3100219812259726,0.2732438754349937,8.773043865437647e-05
2,0,0,SVR,2,W2,0.329831607,0.649348087,1.1008046437267027,0.2586923176110531,0.0004117793116599766
2,0,0,SVR,2,X1,0.003295877,0.996923714,1.6377011573901452,0.2982228075990947,-0.00022371658490646373
2,0,0,SVR,2,X2,0.001393534,0.998518501,1.7750286285362242,0.3075579721499597,4.566883261425403e-06
2,0,0,RF-R,2,W1,0.199603862,0.813694971,1.2162385053281635,0.25716791116863635,-0.0007023014653728566
2,0,0,RF-R,2,W2,0.341758502,0.636668319,1.0353891863008047,0.2456258713305357,0.0008066778402991304
2,0,0,RF-R,2,X1,0.019511502,0.981788474,1.5151789280336798,0.2729273629701354,-0.0003968036869104963
2,0,0,RF-R,2,X2,0.016326538,0.982642864,1.6692777393848126,0.27254835520206133,-0.00015113426750752447
2,0,0,XGBoost-R,2,W1,0.180763055,0.791963807,1.290436595621284,0.2700626652964491,-0.005152908164641268
2,0,0,XGBoost-R,2,W2,0.332788915,0.585353705,1.0815691745611664,0.2787050741328686,0.005850238713413669
2,0,0,XGBoost-R,2,X1,0.003884202,0.994899496,1.6371680564791604,0.2967485230959005,-7.415773951535698e-06
2,0,0,XGBoost-R,2,X2,0.003059051,0.994598279,1.7635046942026407,0.30176928755508664,0.00029961021086499784
2,0,0,MLP-R,2,W1,0.178589654,0.833309083,1.2977728236517228,0.27824233422231914,9.358834855650588e-05
2,0,0,MLP-R,2,W2,0.330001515,0.649167454,1.0943830671907366,0.2597912160960697,-7.699993158652996e-05
2,0,0,MLP-R,2,X1,0.001797051,0.998322679,1.6470959027775094,0.29930054471455547,-1.179698276498886e-06
2,0,0,MLP-R,2,X2,0.001395416,0.9985165,1.774839693783008,0.3072103471417607,1.0153292518633173e-06
2,0,0,MLR,3,W1,0.176402233,0.828912975,1.3673410974402942,0.30114419702302536,-0.000180087478767188
2,0,0,MLR,3,W2,0.294602678,0.706572234,1.145932949922401,0.3023594950580865,-0.00023530095041773835
2,0,0,MLR,3,X1,0.001661776,0.998388296,1.6905045800726914,0.30612954295549155,1.1889284757149454e-06
2,0,0,MLR,3,X2,0.001437204,0.998568528,1.7535876202053011,0.30454314969564433,-8.299314633641863e-07
2,0,0,SVR,3,W1,0.176017063,0.82928654,1.3585364531873603,0.3001850766704644,1.3454830001669027e-05
2,0,0,SVR,3,W2,0.29402875,0.707143874,1.1610012354659973,0.3030378263615736,7.41310366661252e-05
2,0,0,SVR,3,X1,0.001661972,0.998388105,1.6904753308145906,0.30602468131373833,1.4808749148387256e-06
2,0,0,SVR,3,X2,0.004562403,0.995455793,1.7260286374635012,0.29984506193281263,0.001352293883809219
2,0,0,RF-R,3,W1,0.189682057,0.816033289,1.278898121898099,0.2843623063076343,0.004394109690851977
2,0,0,RF-R,3,W2,0.321945379,0.67933858,1.055480639749843,0.28070002694697677,0.0028948195822887214
2,0,0,RF-R,3,X1,0.016507335,0.983990051,1.5779694348218363,0.2821419859912919,0.0001420462316785942
2,0,0,RF-R,3,X2,0.01632997,0.983735156,1.625556156487337,0.27824030038057607,0.0010311888781696754
2,0,0,XGBoost-R,3,W1,0.180846649,0.792069201,1.3919043860542948,0.29200987600747574,0.002556742555086489
2,0,0,XGBoost-R,3,W2,0.305321211,0.638626553,1.1419255391214154,0.30777238996363526,0.0011732160536660596
2,0,0,XGBoost-R,3,X1,0.002697402,0.996090977,1.6949703060945853,0.3035545231645818,0.0005954587733909445
2,0,0,XGBoost-R,3,X2,0.003539833,0.99482607,1.7438025552878806,0.2982804654420576,7.392623541072619e-05
2,0,0,MLP-R,3,W1,0.176450165,0.828866488,1.3673770736474835,0.30110070090699254,-0.00017876293324652347
2,0,0,MLP-R,3,W2,0.294611373,0.706563573,1.1459244135285522,0.30236859488222856,-0.00023488272543054078
2,0,0,MLP-R,3,X1,0.001661763,0.998388308,1.6906336311515904,0.3061009577767213,1.1293286822811055e-06
2,0,0,MLP-R,3,X2,0.001437282,0.99856845,1.7536891048313739,0.30450347763876834,-7.478759841417215e-07
2,0,0,MLR,4,W1,0.176897905,0.828489386,1.3757669005677122,0.32395054807774837,0.00014299706769405063
2,0,0,MLR,4,W2,0.317458857,0.689866357,1.1398045934039192,0.2796515547326519,0.00013859236509426997
2,0,0,MLR,4,X1,0.001643765,0.998406295,1.7485244613144562,0.3269488555712714,2.1694974067010263e-06
2,0,0,MLR,4,X2,0.001367824,0.998663738,1.7385866728835098,0.2954099117414308,-1.3356090894589557e-06
2,0,0,SVR,4,W1,0.176806597,0.828577914,1.3743616598767097,0.3221991665109245,0.00019875410162734086
2,0,0,SVR,4,W2,0.31718901,0.690129977,1.136323708541479,0.2811691711244685,0.00016896483212552882
2,0,0,SVR,4,X1,0.00164388,0.998406183,1.7486298298645224,0.32722527735020507,1.4324686421818277e-06
2,0,0,SVR,4,X2,0.00198822,0.998057657,1.7014259481179148,0.28550883073864497,-4.4776038064742174e-05
2,0,0,RF-R,4,W1,0.210139414,0.796260223,1.271047429691411,0.2974657128631573,-0.004365544796712617
2,0,0,RF-R,4,W2,0.336732937,0.671037017,1.0151285884324808,0.2675259032776788,0.0022141845440630027
2,0,0,RF-R,4,X1,0.026006528,0.974785481,1.6076131830927742,0.30057392313165254,-0.0014547127515150081
2,0,0,RF-R,4,X2,0.018973298,0.981464502,1.6046356527288865,0.2637379400625533,-0.0007454360529872584
2,0,0,XGBoost-R,4,W1,0.189654106,0.780908447,1.3726127330886724,0.3309004875394818,-0.00304902550486319
2,0,0,XGBoost-R,4,W2,0.32403589,0.619555589,1.1215058453485658,0.27409859221928007,0.00786277751863057
2,0,0,XGBoost-R,4,X1,0.007464489,0.990125956,1.718272470874151,0.3245900630848764,-0.0003720402636847475
2,0,0,XGBoost-R,4,X2,0.003921969,0.99332141,1.7280775737241005,0.2855141107607196,-0.0006657650920828484
2,0,0,MLP-R,4,W1,0.17685481,0.828531169,1.3806544331467527,0.32478355032538425,0.00018564186402301175
2,0,0,MLP-R,4,W2,0.317381694,0.689941739,1.1405977244472223,0.2799582042492352,0.00019438330974288486
2,0,0,MLP-R,4,X1,0.001642177,0.998407834,1.7479815278159614,0.3267812168129098,2.639557500661027e-06
2,0,0,MLP-R,4,X2,0.001364664,0.998666825,1.7381444427850936,0.29469742588987774,2.873667700487026e-06
2,0,0,MLR,5,W1,0.167229419,0.830852077,1.3220184630668297,0.34707604263712166,-1.8826434837948546e-05
2,0,0,MLR,5,W2,0.335719949,0.675900258,1.0336545383207516,0.30346175654800056,2.0237056227667694e-05
2,0,0,MLR,5,X1,0.001760633,0.998219169,1.6469736218873934,0.35247874209777674,-1.7184190101993124e-07
2,0,0,MLR,5,X2,0.001346374,0.998700228,1.6788845475398673,0.3033823160265281,0.0
2,0,0,SVR,5,W1,0.166608901,0.831479714,1.312692697998337,0.32830510459143,6.35572401875395e-05
2,0,0,SVR,5,W2,0.335617572,0.675999091,1.0267085718105395,0.297862962643364,-2.6275794242880403e-05
2,0,0,SVR,5,X1,0.001767925,0.998211793,1.646389079191496,0.35225283441714506,1.1391292521478746e-06
2,0,0,SVR,5,X2,0.001533089,0.998519976,1.6750370602000657,0.3013324835158217,0.00018456156391641887
2,0,0,RF-R,5,W1,0.182979467,0.814921341,1.2386082024898903,0.320742968032699,0.0010674644480972773
2,0,0,RF-R,5,W2,0.362220294,0.650317164,0.948746429807702,0.26612998041058417,-0.0009271771237176374
2,0,0,RF-R,5,X1,0.01123854,0.988632528,1.557281575581443,0.3239869406894397,0.0008631997232511846
2,0,0,RF-R,5,X2,0.015335083,0.985195707,1.5667812142043267,0.2733284380787288,0.0006592188107777064
2,0,0,XGBoost-R,5,W1,0.173626327,0.789416871,1.3284256573040554,0.34304384849333386,0.007957504226320754
2,0,0,XGBoost-R,5,W2,0.346068829,0.58945306,1.0036372945153564,0.31395651162174265,0.0008011376242503365
2,0,0,XGBoost-R,5,X1,0.003097835,0.995884423,1.6490035560166205,0.3442762670428734,0.00026165759843287394
2,0,0,XGBoost-R,5,X2,0.002659236,0.996311484,1.6817490676128393,0.2965539875645852,0.0003421451713238932
2,0,0,MLP-R,5,W1,0.167236966,0.830844444,1.322096700267211,0.3470377178389686,-1.8837784132341716e-05
2,0,0,MLP-R,5,W2,0.335740938,0.675879996,1.033664531133637,0.3034812361327207,2.0264519343371477e-05
2,0,0,MLP-R,5,X1,0.001762951,0.998216824,1.6469628149923434,0.35248181299122,-1.6455466124165595e-07
2,0,0,MLP-R,5,X2,0.001345958,0.998700629,1.6794322104070427,0.30352974239641556,-3.2041447975972306e-07
2,0,0,MLR,6,W1,0.183584888,0.808024839,1.4198676576675404,0.3406521683236353,1.3815814245643487e-05
2,0,0,MLR,6,W2,0.339013903,0.653432353,1.058856360829558,0.2987641317810078,-0.0002303103375674076
2,0,0,MLR,6,X1,0.001841741,0.998074087,1.8048457128848572,0.35581492919246793,1.6186624017366924e-06
2,0,0,MLR,6,X2,0.001450812,0.998516862,1.7627680324391615,0.30556045107057417,2.0942837900550514e-07
2,0,0,SVR,6,W1,0.183640808,0.807966363,1.4295340935185492,0.3427132023049478,-1.6521669021973827e-05
2,0,0,SVR,6,W2,0.33836156,0.654099231,1.07195134604319,0.2907525696418821,0.0001061987717309809
2,0,0,SVR,6,X1,0.001837756,0.998078254,1.8056886052672012,0.3556721314929291,1.7327827773638837e-06
2,0,0,SVR,6,X2,0.001449769,0.998517928,1.7627990312496973,0.30553783518431954,1.881020656979704e-06
2,0,0,RF-R,6,W1,0.19625697,0.794773612,1.3159297945025228,0.31134113618249765,0.005650764911667905
2,0,0,RF-R,6,W2,0.356018751,0.636048611,0.9953643227057404,0.2850739812703609,0.009839169393324809
2,0,0,RF-R,6,X1,0.014512676,0.984824059,1.69038944154584,0.3239703118329697,1.725142705599758e-05
2,0,0,RF-R,6,X2,0.015077233,0.984586823,1.6593627610935164,0.2726987469864533,-0.0004584837069740333
2,0,0,XGBoost-R,6,W1,0.190341663,0.772844835,1.4269203697534176,0.34220537354503666,0.008213906023421069
2,0,0,XGBoost-R,6,W2,0.345200651,0.569269298,1.0374513025551555,0.2876855000396078,0.0026212742331652716
2,0,0,XGBoost-R,6,X1,0.003422258,0.994895332,1.7933018690533817,0.3539830839624425,8.980360725949766e-05
2,0,0,XGBoost-R,6,X2,0.002860516,0.995145367,1.7602042688373682,0.30238053495411343,0.00024661925182540846
2,0,0,MLP-R,6,W1,0.183585447,0.808024253,1.419821691938703,0.3407451197874785,1.3698618392876672e-05
2,0,0,MLP-R,6,W2,0.339034009,0.653411799,1.0588864960295097,0.298619531141148,-0.00023088330180455198
2,0,0,MLP-R,6,X1,0.001839119,0.998076828,1.8079177802995356,0.3547915428597733,1.0289723544942841e-05
2,0,0,MLP-R,6,X2,0.001450703,0.998516973,1.7628348045297018,0.3055631161725982,3.6284566703459473e-07
2,0,0,MLR,7,W1,0.178116299,0.824001364,1.3355537586535637,0.35594136005715193,-4.785590490314906e-05
2,0,0,MLR,7,W2,0.334842053,0.679532557,1.1233569516360313,0.25755214043961294,-0.0012073108388023668
2,0,0,MLR,7,X1,0.001876592,0.998145719,1.748627767862796,0.33729094450373454,1.4860973978070292e-07
2,0,0,MLR,7,X2,0.001306537,0.998749552,1.75112202325739,0.2555064804910069,-5.464839646751596e-06
2,0,0,SVR,7,W1,0.177732029,0.824381065,1.3422325184378332,0.36520184310582393,-8.013247876439422e-05
2,0,0,SVR,7,W2,0.334992778,0.679388303,1.1255608917013171,0.2633826801923684,-0.001444322887047922
2,0,0,SVR,7,X1,0.005035612,0.995024257,1.733134493623393,0.335617172354124,0.002429764826555758
2,0,0,SVR,7,X2,0.001819733,0.998258387,1.743285719035229,0.25498128456994595,5.42265021573507e-05
2,0,0,RF-R,7,W1,0.202977543,0.799435701,1.2392154716713881,0.3329487857393585,0.0033788149379381125
2,0,0,RF-R,7,W2,0.356204494,0.659087196,1.0182117759154496,0.23248426718695514,-0.002686645923865194
2,0,0,RF-R,7,X1,0.018239448,0.981977404,1.6373749861009135,0.3146996509786555,-0.00011888669833751698
2,0,0,RF-R,7,X2,0.016296137,0.984403449,1.6250859349430644,0.23473829858967976,-8.175948083481988e-05
2,0,0,XGBoost-R,7,W1,0.181919644,0.779808614,1.3311792524507775,0.3452676867022325,0.001600088071994965
2,0,0,XGBoost-R,7,W2,0.339790267,0.604493913,1.1197278165507423,0.25143070734608014,-0.004583743189082823
2,0,0,XGBoost-R,7,X1,0.005039967,0.993932401,1.7350164566822255,0.3329246756597964,0.0004318531978697138
2,0,0,XGBoost-R,7,X2,0.00330775,0.995441049,1.7520792055604986,0.2516959672353712,4.209967939602377e-05
2,0,0,MLP-R,7,W1,0.177596096,0.824515382,1.3451278307174859,0.3621397169711448,-6.714272849829283e-05
2,0,0,MLP-R,7,W2,0.334486382,0.67987296,1.1283500783980438,0.25163310438990305,-0.00022682393806884306
2,0,0,MLP-R,7,X1,0.001876437,0.998145872,1.7487654596155928,0.3373102801740013,1.5352317066508193e-07
2,0,0,MLP-R,7,X2,0.001305798,0.99875026,1.7509617563503486,0.25554494331543764,-4.505115725939035e-06
2,0,0,MLR,8,W1,0.153521843,0.841750429,1.352662945363433,0.3580111372830675,0.0
2,0,0,MLR,8,W2,0.328028522,0.66154937,1.0475919473071698,0.28557112253759487,-0.0006247610511972534
2,0,0,MLR,8,X1,0.001688985,0.998259003,1.6768948364583078,0.3542776260905687,-6.420134385232146e-08
2,0,0,MLR,8,X2,0.001480046,0.99847293,1.7155900205842993,0.29721575195661143,1.7898487969403298e-06
2,0,0,SVR,8,W1,0.15335298,0.841924492,1.351583626850122,0.36169254103269366,8.826231242189397e-05
2,0,0,SVR,8,W2,0.327840146,0.661743731,1.040083958492147,0.2885499226335799,-0.0004197589350851794
2,0,0,SVR,8,X1,0.001694401,0.99825342,1.679930341156472,0.35420900229366636,-1.3321690761736172e-06
2,0,0,SVR,8,X2,0.001481601,0.998471326,1.7158694500025942,0.2972070279424919,-1.7585001595987749e-07
2,0,0,RF-R,8,W1,0.178742597,0.815752999,1.2518671480607033,0.32209071182909527,-0.0007416718485754314
2,0,0,RF-R,8,W2,0.343943624,0.645128614,0.9577147605094088,0.25192200946087234,0.00451452878476708
2,0,0,RF-R,8,X1,0.015099747,0.984435254,1.5755577127488116,0.32388224264389154,0.00017953172673892403
2,0,0,RF-R,8,X2,0.014404924,0.985137404,1.614517114098112,0.267606550736533,0.0008182540403776084
2,0,0,XGBoost-R,8,W1,0.162928966,0.794849001,1.3206245957656173,0.37098456785021783,-0.002145804760670056
2,0,0,XGBoost-R,8,W2,0.332047404,0.584787973,1.0780703318706677,0.2691247222881207,0.006690151275011147
2,0,0,XGBoost-R,8,X1,0.003429772,0.995679685,1.6735361186340119,0.34983559457263447,0.00038528079164731335
2,0,0,XGBoost-R,8,X2,0.002733763,0.996157179,1.7092592607154231,0.29507827574036166,1.2037591593572206e-05
2,0,0,MLP-R,8,W1,0.154030373,0.841226239,1.3528133820526533,0.3579932447939604,-0.0002856841223718654
2,0,0,MLP-R,8,W2,0.327131134,0.662475269,1.0486574601399927,0.28682389531961705,0.00039501051261194855
2,0,0,MLP-R,8,X1,0.001688938,0.998259051,1.6768979610366415,0.3542051842670849,-3.959372472106537e-08
2,0,0,MLP-R,8,X2,0.001482191,0.998470717,1.7156095912279412,0.29721056635569876,1.7573765802580965e-06
2,0,0,MLR,9,W1,0.169701169,0.817335016,1.286245204885636,0.3800555260277214,0.0003348869228696483
2,0,0,MLR,9,W2,0.307786312,0.699325275,1.1941537051261208,0.2828015206743437,7.842032346859762e-05
2,0,0,MLR,9,X1,0.001584827,0.998294104,1.6511384331781354,0.36902059977132307,0.0
2,0,0,MLR,9,X2,0.001405417,0.998627056,1.7333595398604564,0.26200617533239046,-1.7331516850238594e-06
2,0,0,SVR,9,W1,0.169689601,0.817347466,1.2873248896580727,0.3810439073321665,0.0001890550601871044
2,0,0,SVR,9,W2,0.307182432,0.699915202,1.1693248499825595,0.2740015776846144,0.00012444223669123567
2,0,0,SVR,9,X1,0.001586291,0.998292529,1.6512442503027134,0.36895074378570525,-8.154779884694818e-09
2,0,0,SVR,9,X2,0.00576867,0.994364618,1.7104287556754205,0.2540690620754448,0.0021487769045992478
2,0,0,RF-R,9,W1,0.190662798,0.794772085,1.2136392106708243,0.34956406010269686,6.658032580662e-05
2,0,0,RF-R,9,W2,0.320860983,0.686552702,1.0925744524238485,0.2676715024186483,0.007509899458089331
2,0,0,RF-R,9,X1,0.011670953,0.987437479,1.5504391328447444,0.339736820416683,0.0014379333682639883
2,0,0,RF-R,9,X2,0.014940794,0.985404422,1.598919714665398,0.2436389592470994,0.001443781431678026
2,0,0,XGBoost-R,9,W1,0.176299308,0.768440499,1.2968707035828104,0.37574309914677306,-0.004642361185469712
2,0,0,XGBoost-R,9,W2,0.312993446,0.631781035,1.2006705172299366,0.276531277225183,-0.003910713136006561
2,0,0,XGBoost-R,9,X1,0.003041841,0.994546335,1.6504644314808292,0.36645356717422617,4.141367497709769e-05
2,0,0,XGBoost-R,9,X2,0.003116822,0.99538209,1.726571428703635,0.2583615201001213,-0.00022927009080170313
2,0,0,MLP-R,9,W1,0.169709607,0.817325933,1.2861859906794333,0.38007510011774787,0.00033365335401449594
2,0,0,MLP-R,9,W2,0.308617379,0.69851341,1.1942248653311505,0.28290036620417336,7.83949536985018e-05
2,0,0,MLP-R,9,X1,0.001582682,0.998296413,1.6476311557449232,0.36780074217295466,8.605166805786268e-08
2,0,0,MLP-R,9,X2,0.00140511,0.998627356,1.7332226687465482,0.26208036381523275,-1.7180388218740461e-06
2,0,0,MLR,10,W1,0.163337431,0.83139293,1.3459667105265518,0.3491784443894975,2.356467585242772e-05
2,0,0,MLR,10,W2,0.315480979,0.694014655,1.0036722909144713,0.2897000633738074,0.000855320698826556
2,0,0,MLR,10,X1,0.00166095,0.998285464,1.68418546370559,0.3703219253628389,0.0
2,0,0,MLR,10,X2,0.001314893,0.998724684,1.64021542012966,0.2769768572755309,0.0
2,0,0,SVR,10,W1,0.163113898,0.831623675,1.3849275267477874,0.3324756901109934,0.00011588493265731747
2,0,0,SVR,10,W2,0.314758362,0.694715521,0.9975093014785269,0.2841479131072699,0.0011951536939241558
2,0,0,SVR,10,X1,0.001818016,0.998123331,1.6699445559929895,0.37088835362194944,3.136262966796366e-06
2,0,0,SVR,10,X2,0.001318456,0.998721228,1.6406636036586584,0.277269239499977,-1.8742008413896726e-06
2,0,0,RF-R,10,W1,0.177149766,0.817134978,1.2713282387888056,0.32865598179848815,0.0008023511747027423
2,0,0,RF-R,10,W2,0.334987826,0.675094943,0.9403812513722052,0.26266873986580774,0.0037692607862171547
2,0,0,RF-R,10,X1,0.012599141,0.986994382,1.5929808748684924,0.33528423870177415,0.00026805318407716603
2,0,0,RF-R,10,X2,0.01201787,0.988343854,1.5432980571021058,0.25501919325864275,0.0002882114795638269
2,0,0,XGBoost-R,10,W1,0.16882118,0.789891336,1.3528283694000904,0.34755605361586084,-0.00014129169232484083
2,0,0,XGBoost-R,10,W2,0.319289771,0.644091153,1.0229075290659302,0.31048342319261757,0.01506531793699235
2,0,0,XGBoost-R,10,X1,0.00270247,0.994938472,1.6884999857085865,0.3627894002951845,-0.00015400633526106987
2,0,0,XGBoost-R,10,X2,0.002655066,0.996514948,1.6406229466530398,0.2762910414288693,7.321933846138329e-05
2,0,0,MLP-R,10,W1,0.162630202,0.832122976,1.3473644648878313,0.3508340331433198,-4.0837342009214515e-06
2,0,0,MLP-R,10,W2,0.314658823,0.694812065,1.0058338715081783,0.2890668421338345,0.004182854473919561
2,0,0,MLP-R,10,X1,0.001661063,0.998285347,1.6840572819993267,0.3704556420875482,1.6362861764429583e-07
2,0,0,MLP-R,10,X2,0.001319238,0.998720469,1.6400146430451197,0.2769244632367142,-2.8691438875294573e-06
2,0,1,MLR,1,W1,0.049204519,0.952743479,0.3506346550885035,1.4999144267763795,-1.5515860749548693e-06
2,0,1,MLR,1,W2,0.103249431,0.896998,0.34083569639361666,1.4764911167394763,5.382828220261704e-05
2,0,1,MLR,1,X1,0.001859547,0.998214072,0.43508264332943475,1.4781584087157653,-2.906839290495178e-07
2,0,1,MLR,1,X2,0.001822979,0.99818139,0.5233738644034678,1.4570659148446379,1.4986380822978873e-07
2,0,1,SVR,1,W1,0.049175349,0.952771494,0.3502115270911667,1.5052716393020877,-3.696043298079266e-05
2,0,1,SVR,1,W2,0.102940037,0.897306652,0.3409861892329694,1.4861813829582062,0.0003950790504390178
2,0,1,SVR,1,X1,0.00190292,0.998172416,0.4311974763469245,1.4856161688690495,-2.2472755542013446e-07
2,0,1,SVR,1,X2,0.001899619,0.998104933,0.5203464409176007,1.4583680128736503,3.969267033532287e-06
2,0,1,RF-R,1,W1,0.065814378,0.936791201,0.3284774096566788,1.41432040357539,-0.0009511388049991299
2,0,1,RF-R,1,W2,0.121168942,0.879121432,0.31817328174772797,1.3704541729596218,0.0015525974652378482
2,0,1,RF-R,1,X1,0.012160358,0.988321069,0.40911167295045664,1.3997162904541738,0.0005082008132771487
2,0,1,RF-R,1,X2,0.015168299,0.984868051,0.4856060709571525,1.3502281617766885,0.0018468579778403327
2,0,1,XGBoost-R,1,W1,0.054236482,0.938351003,0.3483806045554984,1.4966831060520642,-0.0006609976144917983
2,0,1,XGBoost-R,1,W2,0.109349065,0.870053849,0.32952418531462296,1.4557701045019282,-0.000691821914540458
2,0,1,XGBoost-R,1,X1,0.003502893,0.995902177,0.4331469486996415,1.4730564814903007,0.00029172419963092723
2,0,1,XGBoost-R,1,X2,0.0040287,0.994567237,0.5174579334560381,1.4565633398543052,0.00013539188326435747
2,0,1,MLP-R,1,W1,0.049230696,0.952718338,0.3506033617761316,1.4999790206033696,-1.7567394489770294e-06
2,0,1,MLP-R,1,W2,0.103004711,0.897242133,0.33954450270085795,1.4810654597300514,0.00023283132265315974
2,0,1,MLP-R,1,X1,0.001856963,0.998216554,0.4362091329773266,1.4773821592268053,-3.3113747837099084e-07
2,0,1,MLP-R,1,X2,0.001820216,0.998184146,0.5239771210475745,1.4562431682104455,3.6721267770989384e-08
2,0,1,MLR,2,W1,0.053470958,0.943106301,0.3923948065827394,1.581442706721172,2.5873332957526697e-05
2,0,1,MLR,2,W2,0.096365341,0.906038034,0.3491376325370436,1.4162271566551052,0.00012578956314820421
2,0,1,MLR,2,X1,0.001960762,0.997913727,0.5018458370179961,1.5638939416525832,8.536531202585352e-07
2,0,1,MLR,2,X2,0.001753984,0.99828976,0.5477305336042436,1.3831629135727448,-7.918376779270098e-07
2,0,1,SVR,2,W1,0.053266673,0.943323662,0.39662223041971967,1.5936133246461561,2.4569262358076217e-05
2,0,1,SVR,2,W2,0.096424622,0.905980231,0.3485382242750149,1.4140693350867901,0.00010551569394301463
2,0,1,SVR,2,X1,0.001962062,0.997912344,0.5015520937199811,1.5642127540878348,7.103374880190749e-07
2,0,1,SVR,2,X2,0.001750714,0.998292949,0.5479632094939287,1.384676762049952,-2.009654544776751e-07
2,0,1,RF-R,2,W1,0.069890677,0.925635535,0.36645422829328117,1.4765414583516203,-0.0004948525389411928
2,0,1,RF-R,2,W2,0.110521818,0.892234623,0.32707547669976433,1.3340136944873737,0.002817354810688544
2,0,1,RF-R,2,X1,0.015365479,0.983650958,0.45372984541879857,1.4620396496259647,-0.0005427732135796836
2,0,1,RF-R,2,X2,0.01196104,0.988337271,0.5048543870060245,1.3141965220693366,0.0004895765160045529
2,0,1,XGBoost-R,2,W1,0.056169523,0.928935574,0.39064646348589155,1.5697345881691889,0.0011399341615172976
2,0,1,XGBoost-R,2,W2,0.097167177,0.890608807,0.35769545210391296,1.4327507312704795,0.008993648386763997
2,0,1,XGBoost-R,2,X1,0.002890974,0.994698045,0.49196979845066935,1.5654752629414304,0.00018118874109093185
2,0,1,XGBoost-R,2,X2,0.003153693,0.995022557,0.5417979301403915,1.3804333852714792,-0.00018952794673480212
2,0,1,MLP-R,2,W1,0.053384716,0.943198062,0.39673961147528825,1.5787595281898077,2.0634526434781807e-05
2,0,1,MLP-R,2,W2,0.096428852,0.905976107,0.34915955537303284,1.4162527723652825,0.00012589801605599192
2,0,1,MLP-R,2,X1,0.001960424,0.997914087,0.5019046726014732,1.56375721406475,6.869401316778046e-07
2,0,1,MLP-R,2,X2,0.001751679,0.998292008,0.5474620179389964,1.3838340758033159,-1.741860552462171e-08
2,0,1,MLR,3,W1,0.04900558,0.953062865,0.40606580678950843,1.4371202448976745,0.0
2,0,1,MLR,3,W2,0.104952816,0.887160626,0.36942804561614084,1.4674640712896156,0.0
2,0,1,MLR,3,X1,0.002011232,0.998073659,0.4926417651450664,1.4503271353622258,0.0
2,0,1,MLR,3,X2,0.00176535,0.998101995,0.5810200828629373,1.4933992352870986,-5.478622308485725e-07
2,0,1,SVR,3,W1,0.048998541,0.953069608,0.40415608797971697,1.4388009732838376,0.00013851114389693553
2,0,1,SVR,3,W2,0.104286948,0.88787653,0.36108691530848025,1.4514354835612953,0.00011187513918744507
2,0,1,SVR,3,X1,0.002326769,0.99777144,0.4837184913997466,1.4310232144106596,-1.0319781360801362e-05
2,0,1,SVR,3,X2,0.001763486,0.998103998,0.5817329800534223,1.4937696975066448,5.033623153849476e-07
2,0,1,RF-R,3,W1,0.068506688,0.934384868,0.36760894190595217,1.3561431932827273,0.0011056802537664722
2,0,1,RF-R,3,W2,0.124653721,0.865979319,0.3448079761877588,1.3711907562304329,-0.0018837336830955786
2,0,1,RF-R,3,X1,0.016091226,0.984587959,0.4471141574916452,1.3535297603071126,0.00017999996819261231
2,0,1,RF-R,3,X2,0.017872841,0.980784125,0.5352855425389718,1.3761742653413904,-0.0018427437547526514
2,0,1,XGBoost-R,3,W1,0.052416973,0.936230357,0.3983385680484904,1.447714160610683,-0.001046246223368985
2,0,1,XGBoost-R,3,W2,0.110011968,0.851590535,0.361526222400735,1.4647523748001876,-0.0010604158566230204
2,0,1,XGBoost-R,3,X1,0.003405807,0.994918547,0.48675697230760084,1.4451665495020842,0.00010567913498761294
2,0,1,XGBoost-R,3,X2,0.003360196,0.994400697,0.575904438633641,1.4845269952818805,8.832162454105452e-05
2,0,1,MLP-R,3,W1,0.049029701,0.953039763,0.40656829061468513,1.439834707099476,9.124279949812575e-05
2,0,1,MLP-R,3,W2,0.104248427,0.887917946,0.3544004976634015,1.4585468081848891,0.00016133319711459927
2,0,1,MLP-R,3,X1,0.002015193,0.998069865,0.4926592404429592,1.4503086485927477,-6.768798467504666e-07
2,0,1,MLP-R,3,X2,0.001762561,0.998104993,0.5813657946239423,1.4932109160312226,1.0442714857283875e-06
2,0,1,MLR,4,W1,0.051278676,0.949826226,0.3651969319215157,1.4772641717262691,0.0
2,0,1,MLR,4,W2,0.108139998,0.890885538,0.38927758650986355,1.522404067106528,1.2518908782144233e-05
2,0,1,MLR,4,X1,0.001945987,0.998095943,0.4420112526644431,1.4684275935949933,0.0
2,0,1,MLR,4,X2,0.00196467,0.998017626,0.603979074284128,1.5406213496972305,-1.8861949740989203e-07
2,0,1,SVR,4,W1,0.051574829,0.949536455,0.36263840292651234,1.4679126186300484,-5.25727698268752e-05
2,0,1,SVR,4,W2,0.107754856,0.891274151,0.3862726850487971,1.5070632726911908,1.5519895874305246e-05
2,0,1,SVR,4,X1,0.001948915,0.998093079,0.44258637366325404,1.4678136707052065,-3.873654316199904e-07
2,0,1,SVR,4,X2,0.00196423,0.99801807,0.6032877950365493,1.541057298251528,-3.577489339101625e-07
2,0,1,RF-R,4,W1,0.070247656,0.931265971,0.3405091283901597,1.366178387889613,-0.0013430075456282386
2,0,1,RF-R,4,W2,0.122316462,0.876581328,0.3597333651145108,1.415849056295691,0.0018376006758553554
2,0,1,RF-R,4,X1,0.016308027,0.984043362,0.4142006804074601,1.3713794761400917,-0.0002902171219826277
2,0,1,RF-R,4,X2,0.01876888,0.981061991,0.5416353068788491,1.409391655013561,-9.418180282139144e-06
2,0,1,XGBoost-R,4,W1,0.05596732,0.931146419,0.3626280924624599,1.4684329090904833,-0.0011771373096073567
2,0,1,XGBoost-R,4,W2,0.110933497,0.869355756,0.39184113060777487,1.5168229326105422,0.002749903454103497
2,0,1,XGBoost-R,4,X1,0.004198744,0.993797635,0.43829737900237226,1.455832199211339,-9.514564385098012e-05
2,0,1,XGBoost-R,4,X2,0.004423603,0.992891551,0.5907432103129789,1.5169582370865884,-4.798788032340795e-05
2,0,1,MLP-R,4,W1,0.051312402,0.949793227,0.3628713611529008,1.4771348434997986,-5.081665645547684e-05
2,0,1,MLP-R,4,W2,0.107936723,0.891090645,0.3884005005666454,1.5133970155692626,2.302867492124383e-05
2,0,1,MLP-R,4,X1,0.001942584,0.998099273,0.4408906211576847,1.4693731859453556,-3.217379112241403e-07
2,0,1,MLP-R,4,X2,0.001964204,0.998018097,0.6037810756648747,1.540496876505566,-1.6128399495940471e-07
2,0,1,MLR,5,W1,0.046887887,0.951099993,0.3918675954110571,1.5132362155540582,1.996356511435593e-06
2,0,1,MLR,5,W2,0.100566856,0.897891782,0.3232692560847391,1.505931989748256,0.0
2,0,1,MLR,5,X1,0.001849353,0.998071285,0.48656967195507406,1.5044252319937612,-1.45628155830968e-06
2,0,1,MLR,5,X2,0.001706408,0.998267439,0.5167368197539066,1.500348279106554,0.0
2,0,1,SVR,5,W1,0.046871868,0.951116699,0.3897218692088753,1.5190204966035847,-3.492785221792527e-06
2,0,1,SVR,5,W2,0.100498263,0.897961427,0.32010580747912126,1.5148375121018371,-2.2761540747529007e-05
2,0,1,SVR,5,X1,0.001846859,0.998073886,0.4867402035174272,1.5042202986120632,8.190849463352023e-07
2,0,1,SVR,5,X2,0.001709346,0.998264456,0.5166747881796857,1.500445820534839,-2.9392067356970308e-06
2,0,1,RF-R,5,W1,0.061713547,0.935638114,0.3590263319846033,1.4322100922493821,0.0014682164605601344
2,0,1,RF-R,5,W2,0.113823828,0.884431624,0.3017075735036063,1.4021298760362089,0.001288993537933314
2,0,1,RF-R,5,X1,0.014187004,0.985204183,0.4458389209786845,1.4123362804006916,0.0005018368452725741
2,0,1,RF-R,5,X2,0.013454503,0.986339283,0.4751519458606843,1.3850143757208184,0.0014804478329099146
2,0,1,XGBoost-R,5,W1,0.049757548,0.934788526,0.38311920010670975,1.5244220545855007,0.00022707515193772787
2,0,1,XGBoost-R,5,W2,0.10298136,0.877685061,0.3241387007259455,1.5090820363192154,0.006808934649581866
2,0,1,XGBoost-R,5,X1,0.003605714,0.994636761,0.4779491979807971,1.5098387357094278,0.000765091321992184
2,0,1,XGBoost-R,5,X2,0.003584774,0.994900395,0.5097549488252406,1.5011437881658751,0.00015551510281226478
2,0,1,MLP-R,5,W1,0.046880292,0.951107914,0.3911371563923027,1.51644110637933,6.864340152734627e-06
2,0,1,MLP-R,5,W2,0.100590802,0.897867469,0.3268725229942071,1.5011597094776783,0.00012784520925473997
2,0,1,MLP-R,5,X1,0.001847063,0.998073674,0.4856556458712517,1.5067868227940557,1.3336387989837383e-06
2,0,1,MLP-R,5,X2,0.001705709,0.998268148,0.5168805176310918,1.5004213526017012,1.2553415257410272e-06
2,0,1,MLR,6,W1,0.049002591,0.945172144,0.36690632455232003,1.5267531179530853,0.0
2,0,1,MLR,6,W2,0.101566349,0.901916065,0.28986462179554984,1.4942893080746071,-5.6701535273251394e-05
2,0,1,MLR,6,X1,0.001842872,0.997938053,0.46750071024349565,1.5287657957042697,2.6596994729954914e-07
2,0,1,MLR,6,X2,0.001685877,0.998371927,0.4666619158333007,1.4709229155567929,-5.377099209702419e-06
2,0,1,SVR,6,W1,0.048887109,0.945301354,0.3683180720455925,1.5144985586232873,0.00017028867427866247
2,0,1,SVR,6,W2,0.101410509,0.902066562,0.2860679731122472,1.5013181138802945,-3.815686250708827e-05
2,0,1,SVR,6,X1,0.001949196,0.99781909,0.4638333262078834,1.5391980453983436,2.3769510740789812e-07
2,0,1,SVR,6,X2,0.002547447,0.997539898,0.4636526673468424,1.4658800599367583,0.0002259770504984271
2,0,1,RF-R,6,W1,0.058751777,0.934264007,0.35028159281889115,1.4540609108659306,0.0008482786110929119
2,0,1,RF-R,6,W2,0.118383505,0.88567552,0.2758804856529837,1.418831279823415,0.0010526894187035784
2,0,1,RF-R,6,X1,0.009884102,0.988940909,0.438312139186244,1.4486639166768593,-0.00022721531755339752
2,0,1,RF-R,6,X2,0.015838116,0.984704927,0.4368077123162881,1.376363288840866,-0.0005124438503063544
2,0,1,XGBoost-R,6,W1,0.051175409,0.933624423,0.3708686496913348,1.5265471847074066,0.0009567815039329241
2,0,1,XGBoost-R,6,W2,0.104053104,0.876260148,0.2861377669700228,1.520362403332361,-0.003118357268726313
2,0,1,XGBoost-R,6,X1,0.002908302,0.994828138,0.46476645136764844,1.5342832999223357,8.291120399466223e-05
2,0,1,XGBoost-R,6,X2,0.002824639,0.994730723,0.45791570974469453,1.4654418494062338,-1.5477646852013472e-05
2,0,1,MLP-R,6,W1,0.049042011,0.945128038,0.3680358480044523,1.518119448369296,-1.631481261887835e-05
2,0,1,MLP-R,6,W2,0.101239913,0.902231308,0.2713171174197684,1.491593453639221,-5.369887629140813e-05
2,0,1,MLP-R,6,X1,0.001842832,0.997938098,0.46768088368957433,1.5283522110109036,1.8410761125631226e-07
2,0,1,MLP-R,6,X2,0.00168464,0.998373121,0.4665141578617417,1.4715047778564636,-5.230837005720801e-06
2,0,1,MLR,7,W1,0.051556851,0.947388825,0.3689319060071997,1.4972649250228662,-5.3166319967867806e-05
2,0,1,MLR,7,W2,0.097647394,0.894015991,0.4629809505266055,1.3527898311371511,1.3218025500139063e-06
2,0,1,MLR,7,X1,0.001925573,0.99803505,0.4700206361313188,1.5248670915739253,0.0
2,0,1,MLR,7,X2,0.00174238,0.998108865,0.6667197731209428,1.4051022837010243,2.639462710174456e-06
2,0,1,SVR,7,W1,0.051511537,0.947435066,0.3689866322618062,1.4992184052417954,-2.0699867826234898e-05
2,0,1,SVR,7,W2,0.097598409,0.894069158,0.46077588756162224,1.3485412907925174,1.9445534847961633e-05
2,0,1,SVR,7,X1,0.001925909,0.998034707,0.4700129173323065,1.5253223738876283,-7.471875127285088e-07
2,0,1,SVR,7,X2,0.002124875,0.997693714,0.6634195823245587,1.40153628953218,-3.0284593572704745e-05
2,0,1,RF-R,7,W1,0.065334194,0.933329739,0.3425361110846205,1.40843644706157,-0.00039206813033074714
2,0,1,RF-R,7,W2,0.109155965,0.881524879,0.42492875916561446,1.2948314990207357,0.001871205976512791
2,0,1,RF-R,7,X1,0.016777071,0.982879843,0.43349981517333813,1.4224156149216747,-0.00016951954236953392
2,0,1,RF-R,7,X2,0.013972443,0.984834664,0.6099115981852739,1.3369733051726058,-0.0005261169310451618
2,0,1,XGBoost-R,7,W1,0.054772674,0.931448297,0.36220929547433045,1.4911677378678596,-0.0008868533940603052
2,0,1,XGBoost-R,7,W2,0.101817569,0.875211204,0.4614793085285062,1.3696650052823773,0.002822049208845212
2,0,1,XGBoost-R,7,X1,0.003781756,0.994158965,0.46448263571838755,1.520538372366825,-0.00024545764592052153
2,0,1,XGBoost-R,7,X2,0.003642638,0.994062952,0.6565848454237655,1.4171984631322325,0.0001411166594256663
2,0,1,MLP-R,7,W1,0.05144412,0.947503861,0.3671504729828479,1.4963474358051685,-1.4663193934305596e-05
2,0,1,MLP-R,7,W2,0.097624721,0.894040599,0.46216435715145543,1.3503242462265155,4.483041333203097e-06
2,0,1,MLP-R,7,X1,0.001926066,0.998034546,0.46994252262787795,1.5250469918030052,-6.472197511042666e-07
2,0,1,MLP-R,7,X2,0.001747908,0.998102865,0.6667803666386631,1.405028449013087,2.7980674244143524e-06
2,0,1,MLR,8,W1,0.046464278,0.951327671,0.41784206443913463,1.6260927200710362,1.5887153665283815e-05
2,0,1,MLR,8,W2,0.101632615,0.899064543,0.32816539287345436,1.4550217513008277,-7.17619089855237e-05
2,0,1,MLR,8,X1,0.001873355,0.998037621,0.5038845254853651,1.6154013207742033,9.614513379663236e-07
2,0,1,MLR,8,X2,0.00165517,0.998356183,0.5254554254965946,1.4228455273172387,-2.90986242768021e-08
2,0,1,SVR,8,W1,0.046418772,0.95137534,0.4154257499984645,1.629190018438057,2.9064569607317736e-05
2,0,1,SVR,8,W2,0.101591263,0.899105611,0.32799752296092144,1.448871726687135,-4.744910794207691e-05
2,0,1,SVR,8,X1,0.001872459,0.998038559,0.503847854171048,1.6155588103777099,3.4024953019518025e-07
2,0,1,SVR,8,X2,0.002869372,0.99715031,0.5173985350206022,1.4165473626668164,0.0009001384514963351
2,0,1,RF-R,8,W1,0.065855637,0.931014806,0.3800357777312599,1.520315838738292,0.0026669915985789274
2,0,1,RF-R,8,W2,0.12567121,0.875190842,0.30114527554785153,1.3438525529046035,-0.0009681945823652671
2,0,1,RF-R,8,X1,0.0160459,0.983191575,0.4641122423534044,1.5152729742060704,0.0008935608421354657
2,0,1,RF-R,8,X2,0.020171007,0.979967357,0.4779856708502992,1.3111797227894755,0.0001721437864983466
2,0,1,XGBoost-R,8,W1,0.050258397,0.933778588,0.4053325622291479,1.6062642508366676,0.0008352642775173447
2,0,1,XGBoost-R,8,W2,0.108431687,0.866150265,0.31674893814263694,1.4548892856409812,-0.0006111959878179474
2,0,1,XGBoost-R,8,X1,0.003531828,0.993617027,0.5007298832598033,1.6135809288186345,0.00015504118507975173
2,0,1,XGBoost-R,8,X2,0.004304504,0.993537808,0.5133464345217684,1.4219394495894595,0.00033448345733255724
2,0,1,MLP-R,8,W1,0.046462061,0.951329994,0.4184283164139756,1.6270894042942534,1.1689076616250293e-05
2,0,1,MLP-R,8,W2,0.101505875,0.899190413,0.33320883819631597,1.458511397143452,-6.791112158706092e-05
2,0,1,MLP-R,8,X1,0.001873147,0.998037838,0.5037623726430122,1.615458189192219,9.719964824128624e-07
2,0,1,MLP-R,8,X2,0.001655184,0.99835617,0.5255276449220241,1.422808924109797,-6.437325728025911e-09
2,0,1,MLR,9,W1,0.052458274,0.949759181,0.3643103456194813,1.5253377270212949,1.7764332465031174e-06
2,0,1,MLR,9,W2,0.108469421,0.891495721,0.3347540528839858,1.4774421226503647,9.051949445337826e-07
2,0,1,MLR,9,X1,0.001885762,0.998193951,0.45981262410588597,1.5073916022274518,1.12735814983278e-06
2,0,1,MLR,9,X2,0.001655145,0.998344323,0.5264700724882208,1.4551128096766175,-5.872353766922523e-07
2,0,1,SVR,9,W1,0.052433695,0.949782722,0.36332488739749114,1.5316925205043852,-1.9031180945350278e-05
2,0,1,SVR,9,W2,0.108247798,0.891717414,0.32888058103288326,1.4802646175816094,-5.131841806179649e-05
2,0,1,SVR,9,X1,0.005266252,0.994956357,0.45686215643252126,1.493626238942274,0.00038772772170606593
2,0,1,SVR,9,X2,0.001654264,0.998345204,0.526561019523376,1.4560767796007392,-4.170041724482765e-07
2,0,1,RF-R,9,W1,0.070845809,0.932148903,0.3338772110013083,1.43489840202869,0.0019157461671059361
2,0,1,RF-R,9,W2,0.126580082,0.873379239,0.31075423518905626,1.3927133633238447,0.0019208817853240356
2,0,1,RF-R,9,X1,0.018396875,0.982380776,0.41936830449963763,1.4027671877463943,0.0008805718171548294
2,0,1,RF-R,9,X2,0.014374601,0.985620779,0.4902536974457689,1.351467545433711,0.0021237796311706194
2,0,1,XGBoost-R,9,W1,0.057218444,0.936443147,0.3654841930890248,1.508037691663199,0.00022437374827085632
2,0,1,XGBoost-R,9,W2,0.112841384,0.869444714,0.34295923583598587,1.472414346030773,0.0023355163009970204
2,0,1,XGBoost-R,9,X1,0.005053564,0.992106616,0.4558366235658002,1.487750870382627,-0.0002365189124887146
2,0,1,XGBoost-R,9,X2,0.003594329,0.994328257,0.522230808767289,1.446648622792481,6.635212869849915e-05
2,0,1,MLP-R,9,W1,0.052446521,0.949770438,0.36472032153074563,1.527797546768167,2.590369795536507e-05
2,0,1,MLP-R,9,W2,0.107983562,0.891981736,0.31439067416851635,1.482795409593802,5.192595614034179e-05
2,0,1,MLP-R,9,X1,0.001885996,0.998193727,0.45981859799602126,1.5073840442595092,1.1275704437041512e-06
2,0,1,MLP-R,9,X2,0.001654972,0.998344497,0.5263132377085032,1.455755180452776,7.562887647916128e-07
2,0,1,MLR,10,W1,0.050682181,0.951192304,0.39338577100601274,1.4875257370635748,1.4683868852705118e-05
2,0,1,MLR,10,W2,0.098240088,0.903620082,0.3794968677452465,1.4418539883915382,4.6373259370335876e-05
2,0,1,MLR,10,X1,0.002153038,0.997926592,0.48445190292274676,1.4613394239065547,-4.4359203101196344e-06
2,0,1,MLR,10,X2,0.001909994,0.998126171,0.583272769455802,1.4517856548815888,7.000931484313355e-07
2,0,1,SVR,10,W1,0.050691883,0.951182961,0.39630508666300834,1.4900019336701975,5.942626422932307e-05
2,0,1,SVR,10,W2,0.098051344,0.903805252,0.38137743306820276,1.4323282498893135,0.00013458837886132224
2,0,1,SVR,10,X1,0.002169915,0.99791034,0.48883042114891617,1.4651985116204165,5.453089147766655e-06
2,0,1,SVR,10,X2,0.001908678,0.998127463,0.5833954421169456,1.4516122226171864,2.0205811635420902e-06
2,0,1,RF-R,10,W1,0.065939167,0.9364996,0.36352414742615335,1.3890314136090847,0.0029872912546914155
2,0,1,RF-R,10,W2,0.117743911,0.884485563,0.35066759810076487,1.3308467826921695,0.0030085409482784485
2,0,1,RF-R,10,X1,0.015222034,0.985340955,0.452888081847764,1.3713701051516156,-0.00038160231667209164
2,0,1,RF-R,10,X2,0.018176664,0.98216751,0.529735226118539,1.3290448271508777,-0.00016014067828757917
2,0,1,XGBoost-R,10,W1,0.054068113,0.93766271,0.3890463405212129,1.4835949054918287,0.0015846956459135476
2,0,1,XGBoost-R,10,W2,0.106564219,0.871382531,0.3658733316698545,1.4349646096482347,0.002724318934072667
2,0,1,XGBoost-R,10,X1,0.003670703,0.995046244,0.480912957712215,1.466737754459071,0.0001765623850151665
2,0,1,XGBoost-R,10,X2,0.004228482,0.993884179,0.5765991514008755,1.45057847146461,-0.00011799826883548414
2,0,1,MLP-R,10,W1,0.050643479,0.951229576,0.39510571271176725,1.4928139464852246,4.859371441853222e-05
2,0,1,MLP-R,10,W2,0.098152325,0.903706183,0.3804165863170729,1.4381527928032465,0.00011134867250104375
2,0,1,MLP-R,10,X1,0.002152748,0.997926872,0.4846015760517065,1.4611471302514147,-4.6976826066358335e-06
2,0,1,MLP-R,10,X2,0.001910665,0.998125514,0.583280069150017,1.451755947389588,8.582365211617926e-07
2,0,2,MLR,1,W1,0.117123839,0.882838393,0.8804297897768738,0.8527306582804799,5.782618871741363e-07
2,0,2,MLR,1,W2,0.217461677,0.773330363,0.725361398935318,0.8395407086021429,0.00032178018126829413
2,0,2,MLR,1,X1,0.001089302,0.998910347,1.1153141828764674,0.8535716879373172,0.0
2,0,2,MLR,1,X2,0.000867268,0.99909601,1.1645997770722336,0.812447273631314,1.3512178674846e-07
2,0,2,SVR,1,W1,0.117096943,0.882865298,0.8850378784466754,0.8501838309799785,2.3576903147437546e-05
2,0,2,SVR,1,W2,0.217425557,0.773368012,0.7201349754995751,0.8309124076170503,0.00021955865493074046
2,0,2,SVR,1,X1,0.001375894,0.998623663,1.1096655703092917,0.8516588008956416,0.0001725231293137619
2,0,2,SVR,1,X2,0.000866925,0.999096367,1.1645427190208735,0.8125820535277596,2.1764073304675335e-07
2,0,2,RF-R,1,W1,0.136614142,0.863341805,0.8073388584019504,0.8058236647066039,0.0011044429877052897
2,0,2,RF-R,1,W2,0.232391031,0.757768857,0.6679222662289369,0.7664865071776814,0.000697645214243281
2,0,2,RF-R,1,X1,0.014976278,0.985018892,1.0300762444922817,0.8031827381780469,0.0009123820107302283
2,0,2,RF-R,1,X2,0.011332098,0.988188068,1.083515442897419,0.7680092785095907,0.0011212796176038986
2,0,2,XGBoost-R,1,W1,0.121525665,0.844447183,0.8611421735236211,0.8355968229268539,-0.004067490722462141
2,0,2,XGBoost-R,1,W2,0.218851158,0.719684588,0.7300589958082027,0.8466994224211077,-0.00614386886523397
2,0,2,XGBoost-R,1,X1,0.002787262,0.995049952,1.1006071669277715,0.846006669175547,-1.0027751509411598e-05
2,0,2,XGBoost-R,1,X2,0.002089653,0.996818536,1.1585621271505775,0.8174588415478075,5.979277890050261e-05
2,0,2,MLP-R,1,W1,0.116874108,0.883088205,0.8798328677171575,0.8535213802785669,3.830872919743378e-05
2,0,2,MLP-R,1,W2,0.217460773,0.773331305,0.7252746812875428,0.839476495228641,0.0003232756122925395
2,0,2,MLP-R,1,X1,0.001095675,0.998903972,1.1153686349373224,0.8534873850593829,-4.64885424046324e-06
2,0,2,MLP-R,1,X2,0.000866528,0.999096781,1.1651130192382362,0.8129619065261391,1.2119975523194881e-07
2,0,2,MLR,2,W1,0.113223959,0.891132885,0.8485343377734516,0.8985567795954605,6.499297498363532e-06
2,0,2,MLR,2,W2,0.211910699,0.784209703,0.7894631900402092,0.777965407061308,2.693342600309512e-05
2,0,2,MLR,2,X1,0.001036372,0.999003507,1.0696827145302834,0.9274872004613158,5.74279102505404e-07
2,0,2,MLR,2,X2,0.000969587,0.999012663,1.218653387565704,0.7199641613193252,3.2931938725999643e-07
2,0,2,SVR,2,W1,0.113193697,0.891161982,0.8470355373485106,0.8943651386220159,-4.435005449117124e-05
2,0,2,SVR,2,W2,0.21165957,0.78446543,0.7963838667946292,0.7835954548471009,0.0003621086715673516
2,0,2,SVR,2,X1,0.001037084,0.999002823,1.0695930916131275,0.927579719090496,-9.250307001495983e-08
2,0,2,SVR,2,X2,0.000971678,0.999010533,1.2184246507236538,0.7199661566512792,4.37045115653234e-07
2,0,2,RF-R,2,W1,0.135052683,0.870144127,0.789294838085494,0.8251209885659077,0.0025289376832729584
2,0,2,RF-R,2,W2,0.235473958,0.760215056,0.711555449044724,0.7113198949514447,0.001454766087789483
2,0,2,RF-R,2,X1,0.018595197,0.982120344,0.9869793219051732,0.845248264860157,0.0016422198715829728
2,0,2,RF-R,2,X2,0.014170823,0.985569742,1.131893432897354,0.6758568543545855,0.0023721785188984155
2,0,2,XGBoost-R,2,W1,0.119385394,0.852224489,0.830359424085912,0.8934026013845966,-0.0019588135932502417
2,0,2,XGBoost-R,2,W2,0.214652527,0.732549614,0.7771671126792068,0.7571759492903094,-0.005488951168713696
2,0,2,XGBoost-R,2,X1,0.002894761,0.995078736,1.0609442088926724,0.918395255404918,-9.34417049386349e-06
2,0,2,XGBoost-R,2,X2,0.002297729,0.995685669,1.2110531620868474,0.7203267763844625,-1.4210018842497618e-05
2,0,2,MLP-R,2,W1,0.113118284,0.891234493,0.8367835488203996,0.883326963462207,-4.9364320628608736e-05
2,0,2,MLP-R,2,W2,0.211651736,0.784473408,0.7923649025071813,0.7965200811886917,0.0012560052628534546
2,0,2,MLP-R,2,X1,0.001035104,0.999004727,1.0698966954002467,0.9268263701824608,2.1059796372457916e-06
2,0,2,MLP-R,2,X2,0.000971042,0.99901118,1.218636784656608,0.7199678874383009,3.3194578259454487e-07
2,0,2,MLR,3,W1,0.117792621,0.884118514,0.8761395515744977,0.937539560551621,0.0
2,0,2,MLR,3,W2,0.231715568,0.748693245,0.7924987234015936,0.8225994520107982,0.00031068664511264555
2,0,2,MLR,3,X1,0.001029082,0.998987614,1.0998168359998535,0.9258766348223384,0.0
2,0,2,MLR,3,X2,0.000951493,0.99896806,1.2266928182723127,0.7980787161400111,2.821836247335341e-07
2,0,2,SVR,3,W1,0.117664548,0.884244509,0.8661852843334664,0.9289078667235444,2.4794729132848747e-05
2,0,2,SVR,3,W2,0.231009361,0.74945916,0.7815279752513677,0.8172136904776647,0.00026688234156377886
2,0,2,SVR,3,X1,0.002723277,0.997320907,1.0935550945788497,0.9238462917895063,0.00036173343172621884
2,0,2,SVR,3,X2,0.00095216,0.998967336,1.226612223180716,0.7978837139081412,2.47583978196797e-07
2,0,2,RF-R,3,W1,0.139353418,0.862907532,0.8068126804192142,0.8519199226584968,0.0006865589609478917
2,0,2,RF-R,3,W2,0.242082586,0.737449711,0.7227580233622927,0.7472671661147616,0.004792149774938703
2,0,2,RF-R,3,X1,0.017806499,0.982482403,1.0209824473499827,0.8498398210851436,0.0005527250023506846
2,0,2,RF-R,3,X2,0.011227437,0.987823301,1.1482604636126996,0.7361469663724828,0.0001652608690434154
2,0,2,XGBoost-R,3,W1,0.123312618,0.853256599,0.871476366633126,0.9344393644436566,4.873170368977497e-05
2,0,2,XGBoost-R,3,W2,0.235815858,0.707873983,0.7834991434828626,0.8229998928316113,0.014542607386695994
2,0,2,XGBoost-R,3,X1,0.003180218,0.994074497,1.0917700298180288,0.9221234064861745,-5.3956317213232904e-05
2,0,2,XGBoost-R,3,X2,0.001934285,0.996119552,1.2229520932043407,0.7909433125154117,5.679763983146291e-05
2,0,2,MLP-R,3,W1,0.117857189,0.884054994,0.8760947460516844,0.9370191216783251,0.00010826085969555255
2,0,2,MLP-R,3,W2,0.230343855,0.750180934,0.7773435033478099,0.8113477473640867,0.0003367845248625656
2,0,2,MLP-R,3,X1,0.001028927,0.998987767,1.103281400439411,0.9270917154924669,-3.2670779903654076e-08
2,0,2,MLP-R,3,X2,0.000951774,0.998967755,1.2269402469281845,0.798344412125681,-2.8023314646574705e-08
2,0,2,MLR,4,W1,0.109135957,0.880431185,0.9052229498953197,0.9579941698041395,0.0
2,0,2,MLR,4,W2,0.233445976,0.761431784,0.7822920250551036,0.744044507192082,0.0
2,0,2,MLR,4,X1,0.001101616,0.998793075,1.1306651842594966,0.9121149222090217,1.094178113303368e-06
2,0,2,MLR,4,X2,0.000970369,0.99900834,1.2410236638627057,0.7446624761971323,0.0
2,0,2,SVR,4,W1,0.109153697,0.880411749,0.9082547395754179,0.957778842216299,-2.673080059599764e-05
2,0,2,SVR,4,W2,0.233629413,0.761244322,0.7777957009615784,0.735356545942522,-3.992626272883992e-05
2,0,2,SVR,4,X1,0.001369206,0.998499905,1.1276841151837815,0.9083071769205777,-9.348952363716912e-05
2,0,2,SVR,4,X2,0.000968463,0.999010287,1.241321370188907,0.7451737653955017,4.3895681433037127e-07
2,0,2,RF-R,4,W1,0.131628921,0.855788005,0.8376889959747047,0.8854056691577268,-0.0027508966906388045
2,0,2,RF-R,4,W2,0.251524851,0.742956224,0.741930654795076,0.6982946084895627,0.0005176226449330245
2,0,2,RF-R,4,X1,0.01301827,0.985737248,1.0669746623100078,0.8450217435058477,-0.0001625884210045947
2,0,2,RF-R,4,X2,0.012371287,0.987357264,1.1583700601241973,0.7100696773439797,0.001269803687972404
2,0,2,XGBoost-R,4,W1,0.113251706,0.849779913,0.9096683722999485,0.954618106338921,0.0039754212454551794
2,0,2,XGBoost-R,4,W2,0.239094495,0.713061673,0.7777808104497622,0.7516795399252828,0.012482945255083644
2,0,2,XGBoost-R,4,X1,0.002468216,0.995765092,1.1306840453895577,0.9123086091866497,0.0007775247047675738
2,0,2,XGBoost-R,4,X2,0.003032249,0.995313663,1.2344618331659418,0.7450588161164665,-3.0840679170252016e-06
2,0,2,MLP-R,4,W1,0.109063249,0.880510843,0.9052092216399169,0.9630547097181237,-7.558584931733891e-05
2,0,2,MLP-R,4,W2,0.233821178,0.761048349,0.7835411018193142,0.7434461165846674,2.5799865542430746e-05
2,0,2,MLP-R,4,X1,0.001099992,0.998794854,1.1300848854039827,0.9110441839522128,3.9092257075878933e-07
2,0,2,MLP-R,4,X2,0.000970011,0.999008705,1.2410987829256301,0.744761917375197,-5.816303894068398e-09
2,0,2,MLR,5,W1,0.116363087,0.888733518,0.8977700554218659,0.866180334532473,-0.00018029229478611075
2,0,2,MLR,5,W2,0.211394489,0.792439282,0.768012641975122,0.7879643968026209,0.0
2,0,2,MLR,5,X1,0.001078195,0.998969029,1.125850723562282,0.8566349295568516,-4.157063301168939e-06
2,0,2,MLR,5,X2,0.001061197,0.998958048,1.1677509142190734,0.757166045410702,0.0
2,0,2,SVR,5,W1,0.11613521,0.888951415,0.9037648578263517,0.8864661667274033,-2.2252372964037814e-05
2,0,2,SVR,5,W2,0.211896251,0.791946619,0.7620559251084272,0.7917144686869355,-0.0003841100626716387
2,0,2,SVR,5,X1,0.001075032,0.998972054,1.125732245437594,0.8565068817962894,-1.662496156318305e-06
2,0,2,SVR,5,X2,0.002176905,0.997862574,1.1585628006594852,0.7560855785396823,0.000756695217468395
2,0,2,RF-R,5,W1,0.137355161,0.86866088,0.8146071524867777,0.803516596106807,0.002725178048984278
2,0,2,RF-R,5,W2,0.228891484,0.775259605,0.7018833513063389,0.737816330989817,0.0033843487913925107
2,0,2,RF-R,5,X1,0.016466007,0.98425519,1.0316028994406832,0.7906155488287683,0.001683105440156729
2,0,2,RF-R,5,X2,0.014522305,0.985741066,1.075472034998341,0.7179020751193712,0.000875479284945735
2,0,2,XGBoost-R,5,W1,0.121116252,0.858506112,0.8742882100750149,0.8637256319977944,0.00021774008152553037
2,0,2,XGBoost-R,5,W2,0.219573187,0.737973536,0.7395154960274566,0.7796319711969759,-0.0016681915465779351
2,0,2,XGBoost-R,5,X1,0.002851248,0.995406906,1.1099947487615247,0.8546540602398686,-9.718177362088021e-05
2,0,2,XGBoost-R,5,X2,0.003183248,0.995704691,1.1558832011304205,0.7553561048303754,-1.0666148772597861e-05
2,0,2,MLP-R,5,W1,0.11651516,0.888588106,0.8977727223081958,0.866202319211353,-0.00017965249812162964
2,0,2,MLP-R,5,W2,0.212399472,0.791452525,0.7683978826165672,0.7902195435150103,-0.0007174029422960416
2,0,2,MLP-R,5,X1,0.001077083,0.998970092,1.1254646368967847,0.8568219749152943,-3.919419628861664e-06
2,0,2,MLP-R,5,X2,0.001061406,0.998957843,1.1675207426229186,0.7572185355169587,2.8729823742246196e-09
2,0,2,MLR,6,W1,0.114764426,0.884604657,0.7780914535443896,0.9395275443825012,-0.00023716159204500986
2,0,2,MLR,6,W2,0.241185598,0.780019793,0.7278714754931245,0.7813334497645401,-1.3229013944093814e-05
2,0,2,MLR,6,X1,0.00122343,0.998769845,1.0032755264251925,0.936012239841674,-8.077742613687988e-08
2,0,2,MLR,6,X2,0.001074273,0.999020179,1.172032433376185,0.8035411233479796,0.0
2,0,2,SVR,6,W1,0.114420728,0.884950244,0.7902188683165632,0.9284358873485743,7.658900732546715e-05
2,0,2,SVR,6,W2,0.241137303,0.780063842,0.7309675297516112,0.7920967327961729,-4.6421831997545127e-05
2,0,2,SVR,6,X1,0.002338601,0.997648543,0.9985388120239336,0.9307561582431519,-0.00035017637530075917
2,0,2,SVR,6,X2,0.001131826,0.998967686,1.1659891978484156,0.7989647029883324,-1.2829763558430685e-06
2,0,2,RF-R,6,W1,0.134636653,0.864623182,0.7420622914462341,0.856776260341927,0.0007533809393909463
2,0,2,RF-R,6,W2,0.27749856,0.74689952,0.6559394169856427,0.6971938123723445,0.00047548114693368726
2,0,2,RF-R,6,X1,0.017525516,0.982378137,0.9348640834669293,0.8485061380435066,-0.00019016798348687748
2,0,2,RF-R,6,X2,0.020961831,0.980881164,1.0783046849116449,0.7300657712184675,0.0004413111132056446
2,0,2,XGBoost-R,6,W1,0.120846595,0.860208243,0.7872927797704176,0.943117151487219,0.005641140310894599
2,0,2,XGBoost-R,6,W2,0.25253178,0.714122086,0.7319893196589022,0.7506220621053334,0.0021794052994121627
2,0,2,XGBoost-R,6,X1,0.003352515,0.994815894,0.9982824951561602,0.9294306151212863,-0.00025537259356626094
2,0,2,XGBoost-R,6,X2,0.005378308,0.993371966,1.1650991233338814,0.7917583233133118,0.00011507312884350141
2,0,2,MLP-R,6,W1,0.114543222,0.884827076,0.7832779971564106,0.9381095621201633,-0.00012705444803856603
2,0,2,MLP-R,6,W2,0.241508953,0.779724867,0.7277698227432924,0.7804237178217018,-3.522464034414474e-05
2,0,2,MLP-R,6,X1,0.001223465,0.998769809,1.0032878213921081,0.9360953344970833,-9.257777041637994e-08
2,0,2,MLP-R,6,X2,0.001074597,0.999019883,1.1719557398381122,0.803823528761409,-6.65245331765707e-07
2,0,2,MLR,7,W1,0.111406594,0.887143625,0.8643551971509613,0.8507684643711484,0.0003269314118051647
2,0,2,MLR,7,W2,0.224727795,0.781194765,0.7569241955020832,0.7364201532015572,0.0
2,0,2,MLR,7,X1,0.000970581,0.999016789,1.0630411187255249,0.8455194255390112,-1.0356760837826329e-07
2,0,2,MLR,7,X2,0.000958358,0.999066899,1.1848115646595043,0.7446526511115032,-8.800545067022547e-07
2,0,2,SVR,7,W1,0.111263936,0.887288139,0.8549344799128381,0.844845965760791,0.0005243188568984092
2,0,2,SVR,7,W2,0.224725004,0.781197482,0.7538616998414702,0.7277124532925421,0.0001445197906030371
2,0,2,SVR,7,X1,0.001415956,0.998565617,1.060365484376884,0.8411810322848631,0.00011183250859750916
2,0,2,SVR,7,X2,0.00151512,0.99852481,1.1811422704352779,0.7434253737012024,-0.00013019012235999662
2,0,2,RF-R,7,W1,0.131321561,0.866969495,0.8065384470912622,0.7990772890685228,0.0017036706372738797
2,0,2,RF-R,7,W2,0.249357666,0.757213999,0.6815096105821544,0.6681836029835689,-0.0005658625110925297
2,0,2,RF-R,7,X1,0.013056298,0.986773795,1.0010148723130985,0.7885372215168714,0.0005444323606704216
2,0,2,RF-R,7,X2,0.01466417,0.985722295,1.0980280518153047,0.6891166556319618,-0.000932136850093701
2,0,2,XGBoost-R,7,W1,0.11723034,0.855117932,0.8645079846111134,0.8462631519623963,-0.00024597835229458467
2,0,2,XGBoost-R,7,W2,0.228956248,0.726174718,0.7434765866711271,0.7309377106651419,0.005461845013329613
2,0,2,XGBoost-R,7,X1,0.00239586,0.995865147,1.0638410003041427,0.8416549289033661,0.00021883019019187656
2,0,2,XGBoost-R,7,X2,0.002302393,0.995558639,1.1791236444279307,0.7390521597006469,-0.0002317091121854853
2,0,2,MLP-R,7,W1,0.110983812,0.887571908,0.8664166921020253,0.8482667441965079,0.0003850148560675559
2,0,2,MLP-R,7,W2,0.224779989,0.781143946,0.7569094812907671,0.7363983936878731,-4.542071744859655e-05
2,0,2,MLP-R,7,X1,0.000970645,0.999016723,1.0630665239979518,0.8455447235188016,-4.667652033774061e-08
2,0,2,MLP-R,7,X2,0.000958143,0.999067109,1.1845458295002502,0.7446058736528242,-9.806267699863368e-07
2,0,2,MLR,8,W1,0.106782845,0.894948917,0.8998495403448882,0.8548521764751709,4.7153885289752395e-06
2,0,2,MLR,8,W2,0.228817851,0.771082921,0.7375757519075673,0.7963252497235122,-0.00016425097552227319
2,0,2,MLR,8,X1,0.001151544,0.998867131,1.0813956869223336,0.8573627401789834,0.0
2,0,2,MLR,8,X2,0.001068326,0.99893121,1.189807368947456,0.8175076380657057,0.0
2,0,2,SVR,8,W1,0.106558147,0.895169971,0.8911039209574356,0.8442796100908982,7.973603389650474e-05
2,0,2,SVR,8,W2,0.228070959,0.771830137,0.7320394602251878,0.7962747548745608,0.0004463460447197365
2,0,2,SVR,8,X1,0.001154699,0.998864028,1.0812626406585042,0.8578134349124118,1.0172168342093002e-07
2,0,2,SVR,8,X2,0.001337633,0.998661786,1.1859348528101854,0.8143326600713475,0.0005445541154772471
2,0,2,RF-R,8,W1,0.129973915,0.872133951,0.8282712700320047,0.7955243034928734,-0.00039695839807331047
2,0,2,RF-R,8,W2,0.255165298,0.744724048,0.6668162198622,0.7203437418768932,0.0009665652858029117
2,0,2,RF-R,8,X1,0.021226778,0.97911747,0.9986561740232324,0.7930258752449738,-0.0008295349982058054
2,0,2,RF-R,8,X2,0.01469659,0.985297037,1.1181329563787084,0.7482040020718255,0.0009818768181727889
2,0,2,XGBoost-R,8,W1,0.110845119,0.865603887,0.8885566293314155,0.8422623344254916,0.0010154307596092703
2,0,2,XGBoost-R,8,W2,0.232830309,0.70012189,0.7235562109364048,0.7819652926297108,-0.0003654472167021527
2,0,2,XGBoost-R,8,X1,0.002547815,0.993791206,1.0715074224967087,0.8480829817961204,-0.00012009071909869773
2,0,2,XGBoost-R,8,X2,0.002359704,0.995811853,1.1856283735750748,0.8123882506503431,-0.00010690987879051761
2,0,2,MLP-R,8,W1,0.106795232,0.894936731,0.8997755619654931,0.8547618046999214,4.6978692697874355e-06
2,0,2,MLP-R,8,W2,0.229014237,0.77088645,0.7375984931359836,0.7962928626443931,-0.0001639860397045778
2,0,2,MLP-R,8,X1,0.001153529,0.998865178,1.0807686781177772,0.8568125615704816,-4.707869379227958e-07
2,0,2,MLP-R,8,X2,0.001066725,0.998932812,1.1893046362216122,0.8170574904770769,-1.2643391642530588e-07
2,0,2,MLR,9,W1,0.116929384,0.883869456,0.8585844578690394,0.9174809644796283,3.785546792823835e-05
2,0,2,MLR,9,W2,0.220386119,0.785092209,0.7708133013542176,0.7816059357338715,0.000291207354831291
2,0,2,MLR,9,X1,0.001085618,0.998921799,1.0536958913953938,0.8956045309553918,4.046204407526233e-07
2,0,2,MLR,9,X2,0.001014879,0.999010348,1.2094707369451592,0.7361456021358558,-3.3621100505976108e-06
2,0,2,SVR,9,W1,0.116516039,0.884279978,0.8145570710523314,0.9207924785183825,8.537587834965832e-05
2,0,2,SVR,9,W2,0.219246581,0.786203421,0.7786019924675673,0.7902397864399371,0.0012721827190526503
2,0,2,SVR,9,X1,0.001584225,0.998426598,1.052517763733262,0.8935766679901471,-3.075694137477658e-05
2,0,2,SVR,9,X2,0.001785307,0.998259072,1.1968462938652704,0.7328476802025924,-0.00010602607487950611
2,0,2,RF-R,9,W1,0.132172192,0.868730784,0.7838784527162664,0.8394557827469427,0.0027092111143895425
2,0,2,RF-R,9,W2,0.245378752,0.760720839,0.7216323469021149,0.7354610691268668,-0.001339132423613576
2,0,2,RF-R,9,X1,0.014196653,0.985900335,0.9878409931461197,0.8345350570021924,0.00031171536765826067
2,0,2,RF-R,9,X2,0.017813879,0.982628936,1.107359266416588,0.688135862119476,0.0008740685492475642
2,0,2,XGBoost-R,9,W1,0.119182334,0.859821732,0.8737251067051961,0.9198659918553315,0.003913444518759223
2,0,2,XGBoost-R,9,W2,0.228858403,0.732269583,0.7883130996187466,0.7906902280789161,-0.002753995205918769
2,0,2,XGBoost-R,9,X1,0.002466335,0.996122007,1.0510164136878006,0.8891132646105628,-3.939789806814975e-05
2,0,2,XGBoost-R,9,X2,0.002928775,0.994839887,1.195499008034679,0.7311820532758662,-0.0002767704427995343
2,0,2,MLP-R,9,W1,0.116869338,0.883929092,0.8553616485715192,0.9181031177809313,1.0533248009614304e-05
2,0,2,MLP-R,9,W2,0.220630158,0.784854237,0.7695109379160542,0.7822396009464756,0.0006241787313853387
2,0,2,MLP-R,9,X1,0.001085758,0.998921659,1.0535045393358,0.8954009919303673,4.0696716333554763e-07
2,0,2,MLP-R,9,X2,0.001014766,0.999010459,1.2094047959278162,0.7360668929309626,-3.55500774421591e-06
2,0,2,MLR,10,W1,0.112631706,0.895232526,0.8458028193726745,0.8672326486055258,0.0
2,0,2,MLR,10,W2,0.216741261,0.790145346,0.7923169906525752,0.8028625692248064,0.0
2,0,2,MLR,10,X1,0.001214126,0.998870648,1.046454477681583,0.8593980145583835,0.0
2,0,2,MLR,10,X2,0.000938645,0.999091179,1.1936378599919515,0.799975292790418,0.0
2,0,2,SVR,10,W1,0.112662857,0.895203549,0.848974043136724,0.8690368494814621,3.83204182669461e-05
2,0,2,SVR,10,W2,0.216297774,0.790574742,0.7837411258567055,0.8087298792869836,0.00018769996876916162
2,0,2,SVR,10,X1,0.001212812,0.99887187,1.046273755022797,0.8600727662176579,1.0309572655686772e-06
2,0,2,SVR,10,X2,0.00115584,0.998880885,1.1871357463582595,0.7984975384059527,0.0002684103315514608
2,0,2,RF-R,10,W1,0.13586404,0.873622332,0.7706438606528909,0.8093710021768576,0.0005052921370832464
2,0,2,RF-R,10,W2,0.245922017,0.761891763,0.7037011149342336,0.7241836776712088,-0.003147667217610406
2,0,2,RF-R,10,X1,0.016506158,0.984646344,0.9650758609554521,0.7976514861000263,0.00034521844103408973
2,0,2,RF-R,10,X2,0.014214314,0.986237323,1.109655379790273,0.7378814878120019,-0.0005184325808344048
2,0,2,XGBoost-R,10,W1,0.117886174,0.868228873,0.8345316203530946,0.8530558868980768,0.00026482503566693794
2,0,2,XGBoost-R,10,W2,0.22234472,0.728871972,0.7533652318583913,0.7948245373472506,-0.002985349326144082
2,0,2,XGBoost-R,10,X1,0.002431416,0.995204281,1.043718228677891,0.8520673029645696,3.399730123215816e-05
2,0,2,XGBoost-R,10,X2,0.002227499,0.995816457,1.1896293755929943,0.7965864217913229,3.510132436495006e-05
2,0,2,MLP-R,10,W1,0.112674369,0.895192842,0.8458913946199011,0.8674562853930196,3.789122716029159e-05
2,0,2,MLP-R,10,W2,0.215529251,0.791318847,0.7898042690974714,0.8031166342666559,0.0017009187838075812
2,0,2,MLP-R,10,X1,0.001213908,0.99887085,1.0463846859331742,0.8595176099996774,9.133842606146025e-07
2,0,2,MLP-R,10,X2,0.000938873,0.999090959,1.1936716627668582,0.8000045526323027,-3.535979433699765e-08
2,1,0,MLR,1,W1,0.153183079,0.844749566,1.4123435616905007,0.2873803419752078,-7.809382385325359e-05
2,1,0,MLR,1,W2,0.29917896,0.674855341,1.0693057399890096,0.2806572990397427,0.0009866905754903677
2,1,0,MLR,1,X1,0.001572298,0.998406482,1.6867632138825677,0.2952338771851489,0.0
2,1,0,MLR,1,X2,0.001205522,0.998689851,1.7110616810621202,0.27758476852254327,0.0
2,1,0,SVR,1,W1,0.152819714,0.845117835,1.3965986466687155,0.28011284967093303,-0.00021971306565872207
2,1,0,SVR,1,W2,0.299151352,0.674885345,1.0659304361669784,0.2808187644549653,0.0013065094237333596
2,1,0,SVR,1,X1,0.001575163,0.998403579,1.6872116494764362,0.29498163309463543,4.338565379624626e-07
2,1,0,SVR,1,X2,0.001204916,0.998690509,1.7107068389127924,0.2777264564418428,1.7865257641025422e-07
2,1,0,RF-R,1,W1,0.168598323,0.829126278,1.333507511523066,0.26471608580440614,0.0005873299947394605
2,1,0,RF-R,1,W2,0.319223802,0.65307081,0.9645891777766229,0.2581976475918232,-9.384931574105693e-05
2,1,0,RF-R,1,X1,0.013521194,0.986296324,1.580478404782074,0.27455156240916584,0.0006639894964811544
2,1,0,RF-R,1,X2,0.012373399,0.986552715,1.602860852990768,0.257240810857214,0.0005766110279845748
2,1,0,XGBoost-R,1,W1,0.157342775,0.805061179,1.4138440938461734,0.2828661739273577,-0.004334911389682538
2,1,0,XGBoost-R,1,W2,0.307721032,0.604356931,1.083524224166921,0.29775496408102964,0.001542020219447471
2,1,0,XGBoost-R,1,X1,0.002876063,0.995611284,1.688651860581445,0.2907492108017668,0.00012682411394405736
2,1,0,XGBoost-R,1,X2,0.00211002,0.996415566,1.7044316441244725,0.2750178071822319,1.1025236654871318e-05
2,1,0,MLP-R,1,W1,0.152811794,0.845125862,1.4079692518369988,0.28604195338875804,-2.94302860068818e-05
2,1,0,MLP-R,1,W2,0.299269173,0.674757299,1.0692828793439009,0.28061760949008735,0.000988554957968013
2,1,0,MLP-R,1,X1,0.00157352,0.998405244,1.6868203215731405,0.2952515074328446,3.086509165139972e-07
2,1,0,MLP-R,1,X2,0.00120607,0.998689255,1.7110657782711889,0.27759704764139437,-2.2446342616833094e-07
2,1,0,MLR,2,W1,0.178634282,0.825476535,1.3295537381121723,0.3261020487847292,0.0
2,1,0,MLR,2,W2,0.328650132,0.650704658,1.111324098097439,0.34562119655848106,3.1567922189057462e-06
2,1,0,MLR,2,X1,0.001761473,0.998279063,1.6807546515373868,0.3230107229636988,8.380629775706084e-08
2,1,0,MLR,2,X2,0.00144622,0.998462931,1.701765678488287,0.3145933016864723,4.630377290526511e-06
2,1,0,SVR,2,W1,0.178226735,0.825874704,1.3044360874306578,0.3292515427991813,0.0003766722089446617
2,1,0,SVR,2,W2,0.326767215,0.652705856,1.0924596322125386,0.3525719844867473,-0.00010767020868827082
2,1,0,SVR,2,X1,0.001761207,0.998279322,1.6800415516702802,0.32267284565326537,4.4002923363928306e-07
2,1,0,SVR,2,X2,0.001444933,0.998464299,1.7022241099476976,0.31485778661283714,4.682933346522589e-06
2,1,0,RF-R,2,W1,0.206049594,0.798692118,1.2037136964115773,0.30187973962611625,-0.002373128413447623
2,1,0,RF-R,2,W2,0.341800498,0.636728209,1.018104229224837,0.31559182159990284,-0.000907630611398591
2,1,0,RF-R,2,X1,0.018659176,0.981770218,1.5401707004719707,0.29998663934321024,-0.0010082287873946494
2,1,0,RF-R,2,X2,0.015399277,0.983633368,1.603397477517873,0.28564032426198943,-0.0011528935842875176
2,1,0,XGBoost-R,2,W1,0.182570321,0.783363871,1.3361958302327335,0.3229242088170599,0.004099784805395257
2,1,0,XGBoost-R,2,W2,0.329590019,0.595006254,1.153362028934315,0.3567831712404637,0.006334310306515911
2,1,0,XGBoost-R,2,X1,0.003718726,0.99466928,1.6615732301668735,0.3210655780403081,0.00014963306141234644
2,1,0,XGBoost-R,2,X2,0.003478527,0.994969532,1.698288793394136,0.311172999148119,-5.369921858922044e-06
2,1,0,MLP-R,2,W1,0.178893595,0.82522319,1.326591651292465,0.32375786789328453,-0.00011291594163927998
2,1,0,MLP-R,2,W2,0.328418683,0.650950646,1.1109536958278676,0.3475458717981382,-2.5402505852656355e-05
2,1,0,MLP-R,2,X1,0.001761535,0.998279002,1.6808165762361633,0.32291460392102234,2.0161093934523143e-05
2,1,0,MLP-R,2,X2,0.00144571,0.998463473,1.7017863031077334,0.3146717989603872,4.72927803175649e-06
2,1,0,MLR,3,W1,0.180047544,0.814337544,1.3245743375185202,0.33470764801359976,0.0
2,1,0,MLR,3,W2,0.323448545,0.690766136,1.1373406568434248,0.23643118168233931,0.0
2,1,0,MLR,3,X1,0.001861393,0.998080558,1.6902175887695055,0.35789908346088467,3.3800855425480946e-06
2,1,0,MLR,3,X2,0.001411977,0.998650076,1.7550376535144074,0.24071557329579552,-2.66351271349663e-07
2,1,0,SVR,3,W1,0.180205305,0.814174864,1.3139353786581647,0.3354329587586714,-0.000100027708074224
2,1,0,SVR,3,W2,0.32443308,0.689824868,1.145511442550226,0.23593398658463666,-2.9670110483071e-05
2,1,0,SVR,3,X1,0.002744519,0.997169892,1.6871747847876235,0.35676016390940934,8.84851175969148e-05
2,1,0,SVR,3,X2,0.001412046,0.998650009,1.7538859062573589,0.24093836773821858,-2.532848100145202e-07
2,1,0,RF-R,3,W1,0.201961849,0.791739827,1.2105660346329192,0.30044143813736995,-0.0033731799581050437
2,1,0,RF-R,3,W2,0.360382684,0.655455151,1.0211699822570637,0.20828886816995626,-0.0012835690564947932
2,1,0,RF-R,3,X1,0.013715371,0.985856905,1.5812352032466337,0.32469177568080393,-0.0003574277253703184
2,1,0,RF-R,3,X2,0.018039863,0.982752939,1.6233300845318877,0.2193487797168699,-0.0006073267534445703
2,1,0,XGBoost-R,3,W1,0.187566023,0.746834068,1.3011480657464989,0.31977401034610137,-0.016311410875677546
2,1,0,XGBoost-R,3,W2,0.336812902,0.605258995,1.0927493164601554,0.21770418122348092,-0.006822151143401301
2,1,0,XGBoost-R,3,X1,0.003351613,0.995116677,1.6984430806129922,0.35403210620920456,0.0007728006491080741
2,1,0,XGBoost-R,3,X2,0.003245663,0.996052385,1.740129973707894,0.2368497826604516,0.0001949765853243357
2,1,0,MLP-R,3,W1,0.180292514,0.814084935,1.324521483970289,0.33447743732478674,-0.0002032468248715946
2,1,0,MLP-R,3,W2,0.324360629,0.689894135,1.1374432683811044,0.23647558660885779,-1.5271280339157477e-05
2,1,0,MLP-R,3,X1,0.001864425,0.998077431,1.6900990669277163,0.35794505533951165,3.4692528106616828e-06
2,1,0,MLP-R,3,X2,0.001411188,0.99865083,1.7549749630681677,0.2404091932441105,-1.3820545872178513e-07
2,1,0,MLR,4,W1,0.155594507,0.836580723,1.4853962563176817,0.2870988980956959,4.2106441978684296e-05
2,1,0,MLR,4,W2,0.299903945,0.689898334,1.1672031237518248,0.2523229971320534,0.0008927852509645895
2,1,0,MLR,4,X1,0.001611348,0.998307619,1.8196147276299186,0.2973167849166762,4.9446736294367356e-08
2,1,0,MLR,4,X2,0.001525778,0.998422341,1.7613271777505641,0.25673360488164515,-1.346723092732205e-06
2,1,0,SVR,4,W1,0.155461602,0.836720312,1.4988241430198894,0.28663106451510423,7.337406353730147e-05
2,1,0,SVR,4,W2,0.299896058,0.689906488,1.1555869363661817,0.25889918798749606,0.0011605060727399863
2,1,0,SVR,4,X1,0.002628693,0.997239111,1.8109176503286455,0.29616745527814525,0.00015631390962742576
2,1,0,SVR,4,X2,0.001772672,0.998167051,1.7551637139687706,0.2554643589813671,0.00034804112378877816
2,1,0,RF-R,4,W1,0.178246149,0.812789941,1.390419328720966,0.2647119403318232,-0.0015073167769508512
2,1,0,RF-R,4,W2,0.315628908,0.67363867,1.0917075729972525,0.2321541362246903,0.007944279089665685
2,1,0,RF-R,4,X1,0.017428957,0.981694549,1.6935076031349794,0.2611932870854204,-0.0008449186608509906
2,1,0,RF-R,4,X2,0.012244022,0.987339641,1.6516351737286974,0.23163457185401234,0.0006531513932015454
2,1,0,XGBoost-R,4,W1,0.164061458,0.788143239,1.483756284660634,0.29476628827188345,-0.0031848194845569
2,1,0,XGBoost-R,4,W2,0.305201691,0.598344858,1.1979326074633876,0.23072234894632357,-0.005161414844428181
2,1,0,XGBoost-R,4,X1,0.003417225,0.994833831,1.8048689352180731,0.2910080047193721,0.00019705070810045467
2,1,0,XGBoost-R,4,X2,0.00272788,0.996008908,1.7650258358591784,0.2554804811797397,8.70352425530907e-05
2,1,0,MLP-R,4,W1,0.155570104,0.836606353,1.4884343798110082,0.28819687076505873,4.337738296430471e-05
2,1,0,MLP-R,4,W2,0.299876798,0.689926404,1.165968795176898,0.2519779301334438,0.000845065888665375
2,1,0,MLP-R,4,X1,0.00161223,0.998306692,1.8195549878752388,0.29731291742787264,5.659290046589049e-08
2,1,0,MLP-R,4,X2,0.001525515,0.998422612,1.7612667577824854,0.25678863029753873,-1.0366983633991468e-06
2,1,0,MLR,5,W1,0.1598448,0.846584037,1.3244461378608678,0.3349789938425004,8.227723883497129e-05
2,1,0,MLR,5,W2,0.301469692,0.693356092,1.199864453678924,0.2932544491455977,0.0
2,1,0,MLR,5,X1,0.001683405,0.9983843,1.656688336151791,0.33111439766852485,-2.625501703823474e-08
2,1,0,MLR,5,X2,0.001354907,0.998621838,1.7733830921442706,0.28707611558752066,8.026889537049442e-07
2,1,0,SVR,5,W1,0.159228569,0.847175484,1.3561165070302914,0.3521479490217052,8.667179444317163e-05
2,1,0,SVR,5,W2,0.301282199,0.693546803,1.179525107012855,0.288864256721791,-6.497113383784337e-05
2,1,0,SVR,5,X1,0.002484971,0.997614973,1.6474462613615724,0.32998919214372485,0.0001695954091021079
2,1,0,SVR,5,X2,0.00498371,0.994930753,1.7621452176150947,0.284308940950978,-0.002987131274584054
2,1,0,RF-R,5,W1,0.188452124,0.819127279,1.218120725022945,0.29741616685386346,-0.0015090864993205222
2,1,0,RF-R,5,W2,0.314739891,0.679858132,1.1103354066500808,0.27199413331156036,0.002905521914674014
2,1,0,RF-R,5,X1,0.015631148,0.984997525,1.5446047615996774,0.3031715620348515,-0.0001349636165096868
2,1,0,RF-R,5,X2,0.014538443,0.98521203,1.681920004081118,0.25364538774114287,-0.001281752863455088
2,1,0,XGBoost-R,5,W1,0.162932763,0.797794346,1.3170675235819773,0.30757851808931147,-0.00177971767735009
2,1,0,XGBoost-R,5,W2,0.305617581,0.632902313,1.2066942381487926,0.2886297778040744,-0.00022921884344918598
2,1,0,XGBoost-R,5,X1,0.003278095,0.994807008,1.6574258540764386,0.32292558896820395,-0.0004866909573196798
2,1,0,XGBoost-R,5,X2,0.002937464,0.995711235,1.7662081249909771,0.28019337189681065,-8.465216143401788e-05
2,1,0,MLP-R,5,W1,0.159516242,0.846899381,1.3252660223913184,0.3355280414536036,0.0009000134184249054
2,1,0,MLP-R,5,W2,0.301750182,0.693070788,1.1650839436192943,0.29036116701171705,-0.00027356508823975776
2,1,0,MLP-R,5,X1,0.001684785,0.998382976,1.6566004718846323,0.331144415818594,-6.978660130885216e-08
2,1,0,MLP-R,5,X2,0.00135492,0.998621825,1.7732407668389638,0.28723116259634496,1.3398855797652764e-06
2,1,0,MLR,6,W1,0.160225802,0.845298063,1.340926841677518,0.334684802960604,6.322821700769366e-05
2,1,0,MLR,6,W2,0.301611604,0.688708151,1.064168599481641,0.2848788274896775,0.0
2,1,0,MLR,6,X1,0.001575815,0.998478512,1.6564084236300878,0.3308842510479175,1.3161379881276857e-06
2,1,0,MLR,6,X2,0.001353177,0.998603393,1.7155006463861397,0.2611765161410225,0.0
2,1,0,SVR,6,W1,0.160152331,0.845369001,1.3489454075594642,0.3332145088564293,6.410798278891905e-05
2,1,0,SVR,6,W2,0.301188599,0.689144733,1.072337003613145,0.2892163531257247,-0.00014638841442129457
2,1,0,SVR,6,X1,0.001575635,0.998478686,1.6561797647325034,0.3308212334877415,1.9221875953712164e-06
2,1,0,SVR,6,X2,0.001351945,0.998604664,1.7152697166753135,0.2607379609958943,-2.3750169321212765e-07
2,1,0,RF-R,6,W1,0.189016257,0.817500173,1.2154820171647176,0.29835834393973204,-8.533973344777568e-05
2,1,0,RF-R,6,W2,0.330180445,0.659222391,0.9486892417572212,0.24657144214357635,-0.003519887027795332
2,1,0,RF-R,6,X1,0.022705986,0.978076814,1.5282538975210573,0.3012798940880632,-0.0017130218147418774
2,1,0,RF-R,6,X2,0.013355123,0.986216243,1.6068483807137284,0.2399869744090763,-0.0012100330887279576
2,1,0,XGBoost-R,6,W1,0.166404916,0.799988501,1.31867283007303,0.32081818278019986,-0.001477388526703005
2,1,0,XGBoost-R,6,W2,0.311459715,0.587907398,1.0337723016455034,0.2706230251390319,-0.002377597119896546
2,1,0,XGBoost-R,6,X1,0.003827451,0.994638544,1.6326645595763751,0.32817048714721314,-7.519282460317633e-05
2,1,0,XGBoost-R,6,X2,0.002516001,0.996234946,1.7129705660124426,0.2586355735939433,-8.147604001583764e-05
2,1,0,MLP-R,6,W1,0.160177772,0.845344437,1.345724390863245,0.33727143201432536,4.567731216325033e-05
2,1,0,MLP-R,6,W2,0.300651867,0.689698691,1.062559141267515,0.2848774925127134,-2.4993303687315115e-05
2,1,0,MLP-R,6,X1,0.001579579,0.998474877,1.6540316036405855,0.3318629942657608,3.959014684651318e-06
2,1,0,MLP-R,6,X2,0.001350547,0.998606107,1.7158645676631579,0.26019443443448076,1.387212750036948e-06
2,1,0,MLR,7,W1,0.161063408,0.845525188,1.4415806285930772,0.3154188390155615,0.0
2,1,0,MLR,7,W2,0.323340229,0.682274352,1.1912840964246683,0.2519542006129779,0.0
2,1,0,MLR,7,X1,0.00178289,0.998290042,1.7704383851238397,0.33006069183992537,3.055039521582259e-07
2,1,0,MLR,7,X2,0.001385874,0.998638191,1.8438725986163065,0.2724459948343626,0.0
2,1,0,SVR,7,W1,0.160890304,0.84569121,1.4451959797688123,0.31346039758485966,9.687474633142123e-05
2,1,0,SVR,7,W2,0.323547723,0.682070461,1.1850243674986731,0.2527464765713224,-2.3662054740736237e-05
2,1,0,SVR,7,X1,0.001799442,0.998274167,1.7732616825570102,0.33133965309425334,-6.932984028984456e-07
2,1,0,SVR,7,X2,0.001385994,0.998638073,1.8444215024553514,0.27218346743182603,-9.277086174153126e-07
2,1,0,RF-R,7,W1,0.188320376,0.819383216,1.3378063965525457,0.2958742284779145,-0.00209977888609163
2,1,0,RF-R,7,W2,0.354356027,0.651797122,1.0749463696386212,0.2288987845957609,0.003123390181481822
2,1,0,RF-R,7,X1,0.018638761,0.982123692,1.6298884677100047,0.2993145957390364,-0.00043418382086430897
2,1,0,RF-R,7,X2,0.017113015,0.98318414,1.6955229942890138,0.2447186511953118,0.0011919956659883434
2,1,0,XGBoost-R,7,W1,0.168994196,0.787176141,1.41696326666333,0.31458560444081246,-0.010472104677899663
2,1,0,XGBoost-R,7,W2,0.338610538,0.601211983,1.1764038266438115,0.2519818393800629,0.008209645512536034
2,1,0,XGBoost-R,7,X1,0.004225026,0.994005945,1.748724230448845,0.3226947382116819,-0.0006241062926191421
2,1,0,XGBoost-R,7,X2,0.004273415,0.994274669,1.8272635674171867,0.2682394078005776,0.00011113603728790666
2,1,0,MLP-R,7,W1,0.161028546,0.845558624,1.4432799476744465,0.31602784516270555,0.00010109469651874426
2,1,0,MLP-R,7,W2,0.323334444,0.682280037,1.189711127194235,0.25251685216835734,-3.248559205735191e-05
2,1,0,MLP-R,7,X1,0.001776005,0.998296646,1.7706542026832701,0.3273400774928796,1.167339164487302e-06
2,1,0,MLP-R,7,X2,0.001386736,0.998637343,1.8425422250014925,0.272271469628712,6.856088228812673e-07
2,1,0,MLR,8,W1,0.18305804,0.824025362,1.2435551366554578,0.33827216346452793,1.1311363441635081e-05
2,1,0,MLR,8,W2,0.305264005,0.698784255,1.13197008863581,0.27354701095694467,0.0
2,1,0,MLR,8,X1,0.001756502,0.998311466,1.606512723956839,0.31990313932044195,2.7899341251913513e-06
2,1,0,MLR,8,X2,0.001415084,0.998603682,1.7183132880336598,0.25830316139003784,6.734824235188341e-07
2,1,0,SVR,8,W1,0.18311735,0.823968347,1.2390794263056253,0.3350696424812376,8.25015418191799e-05
2,1,0,SVR,8,W2,0.305202926,0.698844524,1.1472338903550718,0.2810405022430157,-4.301302517952799e-05
2,1,0,SVR,8,X1,0.001755002,0.998312908,1.605661114818131,0.31996936418922106,2.6683041444153233e-06
2,1,0,SVR,8,X2,0.001416683,0.998602104,1.7185895108015345,0.25844484177195237,-8.324212177335256e-08
2,1,0,RF-R,8,W1,0.20912309,0.798968896,1.1615250811244229,0.3178282698529763,-0.001704626034342982
2,1,0,RF-R,8,W2,0.31784689,0.686368238,1.0718023975802544,0.2630020742320004,0.004345863991311061
2,1,0,RF-R,8,X1,0.016921191,0.983733572,1.4981080156437225,0.2988049732339762,0.00015450737900236656
2,1,0,RF-R,8,X2,0.013943926,0.986240992,1.6094359618486784,0.23963603797523728,0.0005062193738800125
2,1,0,XGBoost-R,8,W1,0.189963424,0.783177688,1.247296436983213,0.32137341871526204,-0.002852136853861231
2,1,0,XGBoost-R,8,W2,0.316059536,0.637558258,1.1220055085296936,0.2705555354576862,0.013398462203647276
2,1,0,XGBoost-R,8,X1,0.003023134,0.995161666,1.5978186347630239,0.31712988544577825,3.9408075707958456e-05
2,1,0,XGBoost-R,8,X2,0.003079738,0.995801051,1.703776474827849,0.25551045312383325,4.846317034564729e-05
2,1,0,MLP-R,8,W1,0.183248545,0.823842229,1.2435810243800898,0.33824253672075555,1.2303807404778766e-05
2,1,0,MLP-R,8,W2,0.303877404,0.700152468,1.1362398538392926,0.27573152230364495,-8.258046282771936e-05
2,1,0,MLP-R,8,X1,0.001757122,0.998310869,1.6065877888619866,0.31990366378179186,2.8157965436093056e-06
2,1,0,MLP-R,8,X2,0.00141356,0.998605186,1.7176599102246972,0.25825132589378985,1.654765406500225e-06
2,1,0,MLR,9,W1,0.162912184,0.837930668,1.2904387208333374,0.30629956777224987,0.00019506736683859715
2,1,0,MLR,9,W2,0.304831086,0.673456543,1.0875925492851806,0.31125432736549563,0.00045267861026137
2,1,0,MLR,9,X1,0.001600013,0.998408265,1.6072675705057065,0.3091164847793301,-4.961059837493842e-07
2,1,0,MLR,9,X2,0.001526687,0.998364571,1.7301305678279513,0.3002127075824448,2.3397536596747593e-06
2,1,0,SVR,9,W1,0.162956754,0.837886328,1.2964618191577864,0.3050409913298736,8.573748679812088e-05
2,1,0,SVR,9,W2,0.304288571,0.6740377,1.0886161004182136,0.3081952634511886,0.0016862677651975021
2,1,0,SVR,9,X1,0.001599902,0.998408376,1.6075675548948838,0.309052633255177,-3.28360330215105e-07
2,1,0,SVR,9,X2,0.001526387,0.998364893,1.7305078212474552,0.30043211820046334,3.2916223133394594e-06
2,1,0,RF-R,9,W1,0.172558116,0.828334641,1.2231648674871718,0.29485130250925684,0.005053141635055103
2,1,0,RF-R,9,W2,0.325743744,0.651054328,0.9870748114110344,0.2692239612925032,0.00017252190541738877
2,1,0,RF-R,9,X1,0.012802829,0.987263408,1.5098320524053257,0.28520212273465545,0.001041997660437588
2,1,0,RF-R,9,X2,0.01349297,0.985545959,1.6290222449507428,0.2733050814437655,-0.0005899807709183081
2,1,0,XGBoost-R,9,W1,0.166867111,0.80166736,1.307686522558837,0.3148590584773686,0.0005933827408380332
2,1,0,XGBoost-R,9,W2,0.309589526,0.552636506,1.0903644094658174,0.26809583026400896,-0.01708572937031052
2,1,0,XGBoost-R,9,X1,0.00275515,0.995654085,1.604114429750874,0.3052479559176791,-0.00012994103619299314
2,1,0,XGBoost-R,9,X2,0.002888423,0.994848099,1.7286415892636513,0.2962441762871386,-0.000542172924045814
2,1,0,MLP-R,9,W1,0.162562319,0.838278722,1.2883226218682204,0.3053897350841367,0.0003157160977284135
2,1,0,MLP-R,9,W2,0.30486842,0.67341655,1.0875278010530571,0.3113206469546893,0.0004570427572871072
2,1,0,MLP-R,9,X1,0.001598275,0.998409994,1.6063122897399225,0.3088637564159667,2.1260077160967227e-07
2,1,0,MLP-R,9,X2,0.001526784,0.998364467,1.7300443352897308,0.30020007406545723,2.341992278820371e-06
2,1,0,MLR,10,W1,0.179194118,0.810880177,1.322105608334414,0.3543380187147181,0.0
2,1,0,MLR,10,W2,0.336619734,0.661558771,1.0782333095896632,0.2980743888198993,9.961650652072773e-05
2,1,0,MLR,10,X1,0.001660455,0.998247571,1.693479654995753,0.37957759274209013,1.971680497647732e-07
2,1,0,MLR,10,X2,0.001371697,0.998620881,1.7403503606681165,0.28950009219796435,0.0
2,1,0,SVR,10,W1,0.178663668,0.81144001,1.3191116123065947,0.34702914729223727,5.6097059701554205e-06
2,1,0,SVR,10,W2,0.335564823,0.66261939,1.0727615415391643,0.30980867397242584,0.00010319398120700596
2,1,0,SVR,10,X1,0.002265789,0.997608707,1.6799723793544796,0.37743863348183065,0.00020981878536332487
2,1,0,SVR,10,X2,0.001382654,0.998609864,1.740128694871073,0.28931247159840945,-5.333218547765029e-06
2,1,0,RF-R,10,W1,0.191982021,0.797383943,1.2340260287046843,0.324461834079802,0.0016943710500417208
2,1,0,RF-R,10,W2,0.356910208,0.641158503,0.9682959034726345,0.2589040992885115,0.003352632308777681
2,1,0,RF-R,10,X1,0.014798156,0.984382163,1.578956654579898,0.3375308347851348,0.000540354830169254
2,1,0,RF-R,10,X2,0.014279829,0.985642901,1.6396546504823337,0.2592291319135361,0.0011727117411319376
2,1,0,XGBoost-R,10,W1,0.180468218,0.768422798,1.3018483619789518,0.3415445432240664,-0.0052494164569475196
2,1,0,XGBoost-R,10,W2,0.345347356,0.594827322,1.0738336145108578,0.30127177006491623,0.007286634892069943
2,1,0,XGBoost-R,10,X1,0.004522756,0.993583455,1.6794372114750011,0.3753353937214202,-0.0001277866595046362
2,1,0,XGBoost-R,10,X2,0.00399591,0.994711368,1.7439562267672095,0.28815900348370205,2.243462093376447e-05
2,1,0,MLP-R,10,W1,0.179384926,0.810678801,1.3290085586442595,0.35555049085436,-5.341967373558854e-05
2,1,0,MLP-R,10,W2,0.335223627,0.662962432,1.0792765815244858,0.30141297515852516,0.0014086443486542976
2,1,0,MLP-R,10,X1,0.001658759,0.998249361,1.6939483875855827,0.37977382063988563,4.386184334737031e-07
2,1,0,MLP-R,10,X2,0.001379145,0.998613393,1.739854942143997,0.2890481978155235,-5.032793502735e-06
2,1,1,MLR,1,W1,0.055299783,0.9430154,0.3812562827777656,1.4892372097850184,0.0
2,1,1,MLR,1,W2,0.112127604,0.893619407,0.3117572769312876,1.4704287933100253,0.0
2,1,1,MLR,1,X1,0.00190841,0.998033447,0.49514115333008757,1.4805934602877149,0.0
2,1,1,MLR,1,X2,0.001703311,0.998383991,0.5112493716827784,1.4648880642973756,7.272017319093216e-07
2,1,1,SVR,1,W1,0.055250489,0.943066196,0.38187524050371746,1.498306983330957,1.634117529941692e-05
2,1,1,SVR,1,W2,0.112271882,0.893482523,0.31010187043281656,1.4684493200288649,-0.00022075678781806606
2,1,1,SVR,1,X1,0.001909404,0.998032422,0.4950395958384167,1.480012634270515,-3.062070916270976e-07
2,1,1,SVR,1,X2,0.00169374,0.998393072,0.5103184786238023,1.4614123988033114,4.974735885210358e-06
2,1,1,RF-R,1,W1,0.071512128,0.926309113,0.3485684797980834,1.408770641741594,0.0011834375285197153
2,1,1,RF-R,1,W2,0.126731711,0.879763821,0.2924539599629239,1.3747287201603238,-0.0008182377903782178
2,1,1,RF-R,1,X1,0.012472449,0.987147553,0.45112143156496626,1.405085191924965,0.0015059796034654239
2,1,1,RF-R,1,X2,0.015988736,0.984830754,0.4691578249929971,1.3571703768618926,0.0010109414878873512
2,1,1,XGBoost-R,1,W1,0.058997149,0.922099896,0.3827419364075201,1.4875022663429152,-0.0030466585143785864
2,1,1,XGBoost-R,1,W2,0.115138066,0.873587905,0.31269959863405605,1.4641656624396293,0.0023271292206832883
2,1,1,XGBoost-R,1,X1,0.00327032,0.994319592,0.49027429642786197,1.4734240836023567,-0.00017962498884307453
2,1,1,XGBoost-R,1,X2,0.003480827,0.994035829,0.5007496183379725,1.4638140355455334,0.000243904978658116
2,1,1,MLP-R,1,W1,0.055325015,0.942989399,0.38165787583234695,1.4908862380082228,-2.0577590078840746e-05
2,1,1,MLP-R,1,W2,0.11196882,0.893770052,0.31118874999953405,1.4670787573019213,-0.0003224072924107313
2,1,1,MLP-R,1,X1,0.00190961,0.99803221,0.49516350461030767,1.4808048035510013,-5.731236238371018e-07
2,1,1,MLP-R,1,X2,0.001704347,0.998383008,0.511348130075359,1.464519904697153,1.1752343855864211e-06
2,1,1,MLR,2,W1,0.049162726,0.951043518,0.3549843386638692,1.4698529996452665,-4.976214407481638e-06
2,1,1,MLR,2,W2,0.099276381,0.904633075,0.36398419522914804,1.4414404848288225,-0.00013903308787129864
2,1,1,MLR,2,X1,0.001843509,0.998164225,0.44464467128055774,1.450163152233931,1.0064456204217365e-06
2,1,1,MLR,2,X2,0.001830994,0.99824111,0.5478866270474275,1.4657768039996566,0.0
2,1,1,SVR,2,W1,0.049095335,0.951110626,0.3536563645700955,1.4774929083601516,1.0119151999288257e-05
2,1,1,SVR,2,W2,0.099136307,0.904767633,0.3647630750287984,1.4391640967615467,-8.23003248799914e-05
2,1,1,SVR,2,X1,0.001843613,0.998164121,0.4444906724023111,1.4502856931710002,1.1903538590929408e-06
2,1,1,SVR,2,X2,0.001837342,0.998235012,0.5475773326642005,1.4644357650988076,-5.621300146774199e-06
2,1,1,RF-R,2,W1,0.065539185,0.93473576,0.33348972097708995,1.3805555636896185,0.002400462510268109
2,1,1,RF-R,2,W2,0.116415038,0.88816933,0.3319896472957914,1.3366756802151785,5.504859330339729e-05
2,1,1,RF-R,2,X1,0.014704103,0.985357583,0.41680305530034173,1.3529088754514684,0.0016119449030573608
2,1,1,RF-R,2,X2,0.019413531,0.981350964,0.5020490404660999,1.3439823540709974,-0.00044322879986801177
2,1,1,XGBoost-R,2,W1,0.052620377,0.934029185,0.35348868479015155,1.4363959091961818,0.00029956036609134483
2,1,1,XGBoost-R,2,W2,0.103737517,0.870987172,0.3582567054519054,1.4325668079264138,-0.0028655780382130457
2,1,1,XGBoost-R,2,X1,0.003901078,0.994541098,0.4411558002812258,1.437094687422674,0.00030264977512269866
2,1,1,XGBoost-R,2,X2,0.004655844,0.993260299,0.5448109331813845,1.4487328892071016,-0.00020222748423895932
2,1,1,MLP-R,2,W1,0.049169096,0.951037174,0.3549722061124937,1.4698902008915855,-4.923607249918138e-06
2,1,1,MLP-R,2,W2,0.099059523,0.904841394,0.3573005914950525,1.431716776840805,-5.2572744077550304e-05
2,1,1,MLP-R,2,X1,0.001842801,0.998164929,0.44485822910799894,1.449488485382919,1.3366776292378368e-06
2,1,1,MLP-R,2,X2,0.001828248,0.998243748,0.54822966501974,1.4646023861739912,-4.125382747155459e-06
2,1,1,MLR,3,W1,0.049628561,0.954059406,0.38123464880622465,1.5503701581418479,1.1355579177640962e-06
2,1,1,MLR,3,W2,0.097542924,0.894791531,0.3884379199446817,1.4294118135529392,2.304296389064042e-05
2,1,1,MLR,3,X1,0.001767028,0.998364283,0.4727809010775478,1.53886596493968,6.215462678871297e-07
2,1,1,MLR,3,X2,0.001687699,0.998179671,0.6002336307485729,1.3960169216611455,0.0
2,1,1,SVR,3,W1,0.049583035,0.954101548,0.38155365598230095,1.556585148146923,5.0365930512663585e-06
2,1,1,SVR,3,W2,0.097498157,0.894839817,0.3899406314629686,1.4303388951271099,1.611291816169258e-05
2,1,1,SVR,3,X1,0.00261652,0.997577917,0.4698314043980575,1.535325529487361,0.0004363929023503355
2,1,1,SVR,3,X2,0.00169881,0.998167687,0.6001948609938021,1.3954032019154956,-4.54637352964582e-07
2,1,1,RF-R,3,W1,0.067737352,0.937296304,0.3538904072630122,1.4388678329546156,0.0005618112052459545
2,1,1,RF-R,3,W2,0.108425231,0.883054023,0.36471272612696015,1.3447470154142134,-0.0005380027250514119
2,1,1,RF-R,3,X1,0.014691163,0.986400557,0.43352546112390833,1.4458542610943108,0.0007948204757348698
2,1,1,RF-R,3,X2,0.010335255,0.988852534,0.5578951597761772,1.3353508752999343,-0.0003913832184762378
2,1,1,XGBoost-R,3,W1,0.054650485,0.938377131,0.380390395865431,1.5441188535259645,-0.000304469365267257
2,1,1,XGBoost-R,3,W2,0.09901918,0.872493399,0.39212464462484686,1.4346867897794802,0.005204261207755423
2,1,1,XGBoost-R,3,X1,0.003375607,0.994752267,0.46642835096365776,1.5434177514096905,-1.2123334871638747e-05
2,1,1,XGBoost-R,3,X2,0.002726267,0.995051051,0.6000541511266279,1.397579477692739,-0.00010957656382598602
2,1,1,MLP-R,3,W1,0.049637529,0.954051104,0.38136176454661025,1.550363186839752,1.3367264687036418e-06
2,1,1,MLP-R,3,W2,0.097727749,0.894592182,0.38843806320792035,1.4293655442472741,2.2921966079569867e-05
2,1,1,MLP-R,3,X1,0.001767928,0.998363449,0.47270438961825684,1.5389508359468178,6.886909778236472e-07
2,1,1,MLP-R,3,X2,0.001692606,0.998174378,0.6001711305324883,1.396014628874697,-6.120972975920402e-07
2,1,1,MLR,4,W1,0.046777744,0.951582943,0.3603810352490802,1.5715151285600837,-2.476780329494499e-05
2,1,1,MLR,4,W2,0.105780215,0.892563289,0.39735480432456916,1.361348979585675,-0.00011251785017502014
2,1,1,MLR,4,X1,0.001749492,0.998189197,0.4547655903464795,1.5742382777101276,0.0
2,1,1,MLR,4,X2,0.001574604,0.998400738,0.6302135548384451,1.3549324707212627,0.0
2,1,1,SVR,4,W1,0.046766346,0.95159474,0.3600293205407409,1.575997338165319,7.491283106064728e-07
2,1,1,SVR,4,W2,0.105077973,0.893276529,0.41050030836103935,1.352530824567124,-8.239703333904336e-05
2,1,1,SVR,4,X1,0.001753625,0.99818492,0.45442469771791477,1.574466674498098,-2.2659229398369618e-07
2,1,1,SVR,4,X2,0.00157832,0.998396964,0.629916224930599,1.3562577994711749,-1.5751447625445002e-06
2,1,1,RF-R,4,W1,0.06090491,0.936960694,0.3448426074903951,1.466869540842392,0.0010755812054200065
2,1,1,RF-R,4,W2,0.125588976,0.872444328,0.36740038053383894,1.2798753808911632,-0.0005850035598560898
2,1,1,RF-R,4,X1,0.014476089,0.985016601,0.4252935683009803,1.4663209494510114,4.4692090024878175e-05
2,1,1,RF-R,4,X2,0.013879879,0.985902766,0.5752474811174902,1.279639686392613,-0.00037872501799326443
2,1,1,XGBoost-R,4,W1,0.049973357,0.934298891,0.3609796222673189,1.5535929147861103,-0.002440593397062685
2,1,1,XGBoost-R,4,W2,0.111510328,0.85968719,0.3984617524929639,1.354053938867986,0.0012016925781464405
2,1,1,XGBoost-R,4,X1,0.003486408,0.994608157,0.4497838964452474,1.5684224250626173,-0.0006957673868328463
2,1,1,XGBoost-R,4,X2,0.003050064,0.993379484,0.6185648963165871,1.3529100959791953,-8.470137348308704e-05
2,1,1,MLP-R,4,W1,0.046709963,0.951653099,0.35897075284102486,1.5640528768016417,-2.189579089462157e-06
2,1,1,MLP-R,4,W2,0.105074568,0.893279987,0.4131000987202416,1.3538599121350128,0.00012223110146687423
2,1,1,MLP-R,4,X1,0.001754401,0.998184116,0.4547894808185752,1.5739418609127056,-2.3122524691610025e-07
2,1,1,MLP-R,4,X2,0.001571593,0.998403797,0.6297363487131341,1.3551872744715028,8.397351000488661e-06
2,1,1,MLR,5,W1,0.048815571,0.950334164,0.4196515251810517,1.5725256928164284,9.545914885444874e-07
2,1,1,MLR,5,W2,0.099268732,0.902071893,0.36857842553916675,1.4088709499959893,-9.538307022483039e-05
2,1,1,MLR,5,X1,0.002220002,0.99774133,0.523146788572119,1.5908492046075309,-1.9331318234394603e-06
2,1,1,MLR,5,X2,0.001827281,0.998197397,0.5637598825634005,1.4126753610025404,-3.1454711421630144e-06
2,1,1,SVR,5,W1,0.048695193,0.950456639,0.4204736359353075,1.5640935107132734,-3.231462551489539e-06
2,1,1,SVR,5,W2,0.099366908,0.901975043,0.3687574672005998,1.4108447953542487,-0.00022938565842796078
2,1,1,SVR,5,X1,0.002221608,0.997739696,0.5227802688271059,1.592156610713199,-2.433586252359454e-06
2,1,1,SVR,5,X2,0.001829459,0.998195248,0.5633963853084094,1.4119785343880773,-6.683278699681772e-07
2,1,1,RF-R,5,W1,0.065387317,0.933473772,0.3931580024391291,1.4627360484054333,-0.0003174306406727889
2,1,1,RF-R,5,W2,0.116876129,0.884702284,0.3468691302303634,1.3046376320554889,0.0013071481105596749
2,1,1,RF-R,5,X1,0.01754655,0.982147826,0.4874250424160357,1.467541467060889,0.0004374564567150796
2,1,1,RF-R,5,X2,0.017671629,0.982567026,0.5305978121551963,1.3074114804343526,0.0002400475836515037
2,1,1,XGBoost-R,5,W1,0.052476047,0.934855784,0.41437210739483754,1.548294240546436,-0.0005099789131834176
2,1,1,XGBoost-R,5,W2,0.104111563,0.875340979,0.36591998314722074,1.396653858753093,0.0009577173282688811
2,1,1,XGBoost-R,5,X1,0.004307732,0.992619516,0.5237644447170106,1.567537975175379,0.0002458679669606445
2,1,1,XGBoost-R,5,X2,0.003630741,0.994472047,0.5585929854884046,1.404507952218111,0.00010257782829110606
2,1,1,MLP-R,5,W1,0.048522478,0.950632362,0.4197142369717768,1.5715746525975747,0.0007133416829155914
2,1,1,MLP-R,5,W2,0.099425432,0.90191731,0.3685386112253403,1.4089113185670226,-9.453742306909651e-05
2,1,1,MLP-R,5,X1,0.002216939,0.997744447,0.5222577603325693,1.5900711348399492,-7.425258575222138e-07
2,1,1,MLP-R,5,X2,0.001828852,0.998195847,0.5637665046583303,1.412694003244894,-2.745947770987911e-06
2,1,1,MLR,6,W1,0.047929641,0.951748798,0.38780341819504544,1.481550648177048,6.909260479381895e-06
2,1,1,MLR,6,W2,0.105096647,0.896135253,0.36110260920037274,1.4002310219121898,4.3038813027951316e-05
2,1,1,MLR,6,X1,0.001890558,0.998096758,0.47269249492919796,1.4786694312295041,6.401407432798934e-07
2,1,1,MLR,6,X2,0.001895107,0.998127107,0.5643439359403624,1.4106372153792315,2.5339706314131404e-06
2,1,1,SVR,6,W1,0.047807924,0.951871331,0.3819316809705421,1.4724315934268162,3.0820086250749056e-05
2,1,1,SVR,6,W2,0.10484538,0.896383576,0.36401095239612913,1.4302178841864,8.677265604305484e-05
2,1,1,SVR,6,X1,0.001895091,0.998092195,0.4739232982736111,1.4768404013623944,5.756615587571012e-06
2,1,1,SVR,6,X2,0.001899875,0.998122395,0.5641165703081088,1.411471190309414,2.3452996319006656e-06
2,1,1,RF-R,6,W1,0.063599567,0.935973742,0.3575653189186747,1.386436356419576,-0.002404259424738331
2,1,1,RF-R,6,W2,0.128959375,0.872552235,0.3332827260111736,1.3088804309374562,-0.001410346964660536
2,1,1,RF-R,6,X1,0.015469781,0.984426431,0.4314461579078429,1.3913001678537467,-0.001271165330846935
2,1,1,RF-R,6,X2,0.015303967,0.984875419,0.5227152738453038,1.3155999541859817,-0.00011712480834925598
2,1,1,XGBoost-R,6,W1,0.050216371,0.937876472,0.3892806014232778,1.4683301412152678,-0.002613568425062618
2,1,1,XGBoost-R,6,W2,0.110713297,0.864155958,0.3500264625044452,1.4037382664374443,-0.004132540950541797
2,1,1,XGBoost-R,6,X1,0.003594088,0.994105977,0.46806315676024096,1.4754878921357444,-0.0006150403656488557
2,1,1,XGBoost-R,6,X2,0.003473582,0.994827386,0.5614729020903075,1.4116130402345295,0.0003953617523544839
2,1,1,MLP-R,6,W1,0.04786977,0.951809071,0.38494041467741397,1.4825574764649583,3.2973878176800754e-07
2,1,1,MLP-R,6,W2,0.105100065,0.896131876,0.361190956344224,1.4003037668337472,4.283762306072081e-05
2,1,1,MLP-R,6,X1,0.001889824,0.998097497,0.4726235605495434,1.4785028421059134,1.4156765269945914e-06
2,1,1,MLP-R,6,X2,0.001889895,0.998132257,0.563495244905118,1.4104988372593013,1.4916736564951627e-06
2,1,1,MLR,7,W1,0.052791451,0.945039096,0.3932707077000659,1.5615975858321538,0.0
2,1,1,MLR,7,W2,0.101166282,0.892924059,0.37260359258345704,1.473097832249292,-3.499385997255411e-05
2,1,1,MLR,7,X1,0.001779065,0.998147825,0.4882183851857933,1.5542211427481956,0.0
2,1,1,MLR,7,X2,0.001707115,0.998193163,0.5592606159306893,1.509553676334916,-6.621525427297214e-07
2,1,1,SVR,7,W1,0.052746766,0.945085617,0.39003155088311114,1.5581348777478383,-9.564175750820247e-06
2,1,1,SVR,7,W2,0.100872089,0.893235438,0.3691481954337998,1.4631858273517102,1.3005002765131834e-06
2,1,1,SVR,7,X1,0.001782641,0.998144102,0.4883620065379836,1.5542820112184546,-5.260185806932327e-07
2,1,1,SVR,7,X2,0.001703981,0.998196481,0.5602908571984831,1.5095444221049505,-6.590095017355857e-07
2,1,1,RF-R,7,W1,0.068540745,0.928642589,0.3608589951705278,1.461743565610919,-0.0002001604604643603
2,1,1,RF-R,7,W2,0.116814617,0.876361621,0.3386720888314736,1.3722314898789332,-0.00034823280469911124
2,1,1,RF-R,7,X1,0.017657759,0.9816166,0.4412987900975738,1.4357483280289294,0.0006055893069674689
2,1,1,RF-R,7,X2,0.015618856,0.983468764,0.5137974214073258,1.396404775799076,0.0004556477196794084
2,1,1,XGBoost-R,7,W1,0.054540386,0.930886149,0.39587620238842364,1.5640945309606702,0.0005349971497063732
2,1,1,XGBoost-R,7,W2,0.101883591,0.872491251,0.3746840886354502,1.480019822637442,0.0006244119206048726
2,1,1,XGBoost-R,7,X1,0.003246393,0.994324361,0.4791671658427302,1.5488463104464227,-0.0002753892547078474
2,1,1,XGBoost-R,7,X2,0.003286774,0.995079925,0.5529237272709142,1.5044803469142507,0.0003346820638384762
2,1,1,MLP-R,7,W1,0.052504148,0.945338206,0.39345645831286213,1.5628892518537802,0.0004356480312592059
2,1,1,MLP-R,7,W2,0.101149787,0.892941517,0.37246464343163527,1.4719197181025319,-2.3384547446403393e-05
2,1,1,MLP-R,7,X1,0.001784991,0.998141656,0.4886576261325696,1.5552137669662718,-1.9892581118674536e-06
2,1,1,MLP-R,7,X2,0.001706978,0.998193308,0.5592830635719501,1.509515260264925,-5.5392250768449e-07
2,1,1,MLR,8,W1,0.048499759,0.953157968,0.3768061287797919,1.5116253951722813,-2.7267026976529608e-06
2,1,1,MLR,8,W2,0.106840324,0.899471318,0.3248918028120884,1.4717850387076195,1.4425981958632316e-05
2,1,1,MLR,8,X1,0.002040838,0.998028918,0.4624836515288221,1.5159160793777913,-2.4880852293684975e-06
2,1,1,MLR,8,X2,0.001751102,0.998352345,0.5296632512507982,1.4874702532019135,-4.0043806457945585e-06
2,1,1,SVR,8,W1,0.048138844,0.953506546,0.3764627838614446,1.5335111158614103,-1.2189132537265835e-05
2,1,1,SVR,8,W2,0.10674242,0.899563437,0.32325043624483485,1.46218357974593,5.055649542118346e-06
2,1,1,SVR,8,X1,0.002047254,0.998022721,0.4664095480723705,1.512752584966043,1.1093953349261555e-05
2,1,1,SVR,8,X2,0.001747292,0.99835593,0.5304402111383535,1.4869969279019801,-3.4356640389088255e-06
2,1,1,RF-R,8,W1,0.066762688,0.935519268,0.33835382409128084,1.4125065010078255,0.001279451998602621
2,1,1,RF-R,8,W2,0.126459878,0.881010798,0.30055428088863123,1.3436474691227296,0.002342112778305705
2,1,1,RF-R,8,X1,0.01628482,0.984271797,0.4214863347717639,1.4087514136922075,0.001369368016375372
2,1,1,RF-R,8,X2,0.023383698,0.977997705,0.4844622170996791,1.3574866198464899,-0.000700313767542915
2,1,1,XGBoost-R,8,W1,0.051590062,0.936504025,0.3691655016405636,1.5081753453370508,-0.0026757584025826064
2,1,1,XGBoost-R,8,W2,0.109846232,0.871978552,0.3118621714556001,1.4603796125585982,-0.00033994447521427105
2,1,1,XGBoost-R,8,X1,0.003426713,0.994639239,0.45482217458430385,1.5123301014620942,0.0004076048938863153
2,1,1,XGBoost-R,8,X2,0.004504811,0.994291252,0.5227486469688504,1.4710983790562397,-0.00011630170064557133
2,1,1,MLP-R,8,W1,0.048529574,0.953129172,0.37680221452592505,1.5117070325899253,-2.4393200098060676e-06
2,1,1,MLP-R,8,W2,0.106999075,0.899321945,0.32508419662720495,1.4716196152914547,1.3642715288852968e-05
2,1,1,MLP-R,8,X1,0.002040663,0.998029087,0.4624636058282229,1.5160136498324879,-2.0924016086221186e-06
2,1,1,MLP-R,8,X2,0.00174588,0.998357259,0.5300280935056223,1.4869545837075033,-2.3254543194961563e-06
2,1,1,MLR,9,W1,0.052947698,0.947067325,0.35760511295283753,1.5107282420593642,0.0
2,1,1,MLR,9,W2,0.096612947,0.906187947,0.35722397185484966,1.4472589127066802,0.0
2,1,1,MLR,9,X1,0.002103292,0.997897305,0.4478070930229817,1.52400207287437,2.5025322367810963e-06
2,1,1,MLR,9,X2,0.001724542,0.998325454,0.5607513064973675,1.4129597949943364,0.0
2,1,1,SVR,9,W1,0.052983165,0.947031867,0.3577357414303201,1.5115449048004617,-3.707431990767063e-05
2,1,1,SVR,9,W2,0.096838709,0.90596873,0.3650887129336736,1.4521058101543691,-0.0004956005317767187
2,1,1,SVR,9,X1,0.002103939,0.997896657,0.4480825324533317,1.5236735269596644,2.7396099168575107e-06
2,1,1,SVR,9,X2,0.001729188,0.998320943,0.5613046062075362,1.413346250436419,-4.820048597475868e-07
2,1,1,RF-R,9,W1,0.068891089,0.931128457,0.32674986715722665,1.4126441388861037,-0.0004953706548589065
2,1,1,RF-R,9,W2,0.118385317,0.885046777,0.3414867502813027,1.3344170817902792,0.005963371149627317
2,1,1,RF-R,9,X1,0.013946935,0.986057022,0.4117000968732157,1.430023588216551,0.0012131662820447976
2,1,1,RF-R,9,X2,0.019027915,0.98152372,0.520821738175394,1.295749464642586,0.00140126968819152
2,1,1,XGBoost-R,9,W1,0.055184618,0.932221449,0.35273061094284064,1.4973829079561647,-0.0007176599000074835
2,1,1,XGBoost-R,9,W2,0.103228381,0.872733333,0.3569567513384898,1.4290374125689294,0.002264603506042395
2,1,1,XGBoost-R,9,X1,0.003557554,0.994162908,0.44135119456734195,1.5219210022891771,-0.0001127736115580813
2,1,1,XGBoost-R,9,X2,0.005356137,0.9928412,0.5626805171567579,1.3906306474332593,-3.612914834140168e-05
2,1,1,MLP-R,9,W1,0.05303635,0.946978697,0.3574532041154786,1.5118147726484155,-5.4717812864724104e-05
2,1,1,MLP-R,9,W2,0.097100292,0.905714731,0.383077065570133,1.4470178897449022,-0.0003316560572488303
2,1,1,MLP-R,9,X1,0.002103142,0.997897455,0.44785395234070646,1.5239541737842501,2.5344760858247996e-06
2,1,1,MLP-R,9,X2,0.001724236,0.998325751,0.5603802873453748,1.4115945640192538,-5.27764741486969e-07
2,1,1,MLR,10,W1,0.052170604,0.949864101,0.35968851329621837,1.449707659958575,0.0
2,1,1,MLR,10,W2,0.095959368,0.885044566,0.38542463516082204,1.470330043191925,6.341381855190509e-06
2,1,1,MLR,10,X1,0.001813507,0.998257222,0.45774730440218764,1.45686885231903,0.0
2,1,1,MLR,10,X2,0.001758751,0.997893088,0.6108197264506882,1.473002323841979,0.0
2,1,1,SVR,10,W1,0.052119069,0.949913625,0.36169580197142315,1.4554718813720708,2.6041737940862842e-05
2,1,1,SVR,10,W2,0.095822399,0.885208649,0.38749915866189016,1.466753508583183,6.576874457774329e-05
2,1,1,SVR,10,X1,0.002486356,0.997610614,0.45415735575765936,1.444321096260747,0.0010235618052404027
2,1,1,SVR,10,X2,0.001761866,0.997889356,0.611027570550988,1.4720630613100056,-3.909484141417785e-07
2,1,1,RF-R,10,W1,0.067766391,0.934876564,0.32607507168785893,1.3541459950219552,0.001810199557255443
2,1,1,RF-R,10,W2,0.113414651,0.864133845,0.35223297565267275,1.3621173136669245,0.0010749551409886871
2,1,1,RF-R,10,X1,0.01361307,0.986917853,0.41847137429843145,1.3780424099624666,0.0006858889018482084
2,1,1,RF-R,10,X2,0.012957813,0.984477066,0.5672763758848933,1.3750746835072638,0.001182749337970368
2,1,1,XGBoost-R,10,W1,0.056889049,0.933392622,0.3584818658263708,1.4349555918518444,-0.00019746207368268598
2,1,1,XGBoost-R,10,W2,0.103243612,0.845335081,0.37693480338843743,1.4595538759886135,0.001830291179398813
2,1,1,XGBoost-R,10,X1,0.003341593,0.99459272,0.45197318324310204,1.4507987423830255,9.610032335415353e-05
2,1,1,XGBoost-R,10,X2,0.003621172,0.992176305,0.6100690833939354,1.4577080748974018,-0.0003091903258326201
2,1,1,MLP-R,10,W1,0.052221369,0.949815315,0.35928913086413966,1.4499071437876918,2.9837540610755386e-05
2,1,1,MLP-R,10,W2,0.095959425,0.885044498,0.3855009920215286,1.4702381029842404,6.577245603367477e-06
2,1,1,MLP-R,10,X1,0.001809055,0.9982615,0.4576111892570382,1.4544767904893088,2.6771655492474623e-08
2,1,1,MLP-R,10,X2,0.001759242,0.9978925,0.6106921327381925,1.4729692567966026,-3.1555113976233785e-07
2,1,2,MLR,1,W1,0.112688391,0.886512412,0.9724318689235195,0.9450509829249996,-1.9954108915076762e-05
2,1,2,MLR,1,W2,0.242235355,0.760735076,0.7941422978242102,0.783962283645501,0.0007593304944545021
2,1,2,MLR,1,X1,0.001068755,0.998923665,1.1946735026900637,0.9385538900752216,6.776751763082344e-08
2,1,2,MLR,1,X2,0.000992216,0.999019951,1.2655703185983234,0.8383186547814011,4.154617733065358e-07
2,1,2,SVR,1,W1,0.112649687,0.886551391,0.9759030623255555,0.9469946017437133,6.134962447099657e-05
2,1,2,SVR,1,W2,0.242023999,0.76094384,0.7966914370770839,0.7798315671535737,0.0007722551374416576
2,1,2,SVR,1,X1,0.001069735,0.998922678,1.1943789755781584,0.9390909667064312,-1.472544344904847e-07
2,1,2,SVR,1,X2,0.000990241,0.999021902,1.2646608428723423,0.838066598658077,1.5296232468542393e-06
2,1,2,RF-R,1,W1,0.132702266,0.866356597,0.8712696665291866,0.8590006790065379,-9.777647074767914e-05
2,1,2,RF-R,1,W2,0.254000745,0.749113961,0.7252305652551562,0.7236772926407061,0.0040697526386467954
2,1,2,RF-R,1,X1,0.01656222,0.983320319,1.0889113897597407,0.8592553335654001,-0.0008123349390591561
2,1,2,RF-R,1,X2,0.017571451,0.98264402,1.1588815634600387,0.7771148414078346,-0.0008448405627598743
2,1,2,XGBoost-R,1,W1,0.114354305,0.855124963,0.9701000899380039,0.9439848374678815,-0.0008483201617511705
2,1,2,XGBoost-R,1,W2,0.245917984,0.708168217,0.7998996874491002,0.7875479854979783,9.533268409243068e-05
2,1,2,XGBoost-R,1,X1,0.002525751,0.994854078,1.1810896786908487,0.9327482592403971,-0.00023832426777395944
2,1,2,XGBoost-R,1,X2,0.002887469,0.995493391,1.2547206449930808,0.8319938652952995,0.00034191149389002363
2,1,2,MLP-R,1,W1,0.112738527,0.886461921,0.9723364698871256,0.9451140469122074,-1.9386528639930845e-05
2,1,2,MLP-R,1,W2,0.241887308,0.761078856,0.7941635255234434,0.773860901190129,0.0007053621350449846
2,1,2,MLP-R,1,X1,0.001068867,0.998923553,1.1948707891483887,0.9383103558262285,5.2233555691838515e-08
2,1,2,MLP-R,1,X2,0.000991306,0.99902085,1.2660511800461784,0.8379086209718652,3.1936790083175735e-06
2,1,2,MLR,2,W1,0.112692884,0.89043043,0.8228505720936861,0.9588522229775144,0.0
2,1,2,MLR,2,W2,0.204601735,0.788789107,0.7393459075864773,0.8314046811007423,0.0
2,1,2,MLR,2,X1,0.001124379,0.998906783,1.036162919914346,0.9595286172663128,0.0
2,1,2,MLR,2,X2,0.001019325,0.998947748,1.1287914603927753,0.7936156013118778,0.0
2,1,2,SVR,2,W1,0.112616539,0.890504659,0.8154005603202746,0.9632937016826549,-7.091620347328131e-05
2,1,2,SVR,2,W2,0.203688335,0.789732013,0.7339849777842865,0.8408182773839379,0.0003939370513799334
2,1,2,SVR,2,X1,0.001124633,0.998906536,1.0363626679223756,0.9602141140717769,-2.4089109772473806e-07
2,1,2,SVR,2,X2,0.001184067,0.998777684,1.127353509283123,0.7912594329840718,9.250107776703765e-06
2,1,2,RF-R,2,W1,0.129559901,0.874030887,0.7469486564586265,0.8913311455249717,0.001293856247145586
2,1,2,RF-R,2,W2,0.226324063,0.766365093,0.6810808964431141,0.759430027783773,-0.0045474239238881276
2,1,2,RF-R,2,X1,0.019419873,0.981118354,0.9505557889172798,0.8718091178184462,0.00014617234140024138
2,1,2,RF-R,2,X2,0.012320332,0.98728169,1.0665125371941304,0.7357141065721998,-0.001135453148616583
2,1,2,XGBoost-R,2,W1,0.116102483,0.860259731,0.8081672965585904,0.9541579443837449,0.00017991200374218864
2,1,2,XGBoost-R,2,W2,0.209923744,0.714319432,0.7253241650946266,0.7991839211336844,-0.010173688236411783
2,1,2,XGBoost-R,2,X1,0.003804774,0.993408325,1.0212141451849326,0.9565464996521907,-0.000304805770783656
2,1,2,XGBoost-R,2,X2,0.002242818,0.996200893,1.1290297170366241,0.7840205779525988,0.00031369421166203
2,1,2,MLP-R,2,W1,0.112597197,0.890523465,0.8015259697797246,0.9685246350377558,-0.0001067892280255056
2,1,2,MLP-R,2,W2,0.203037936,0.790403421,0.7304873051872055,0.8452089292285405,0.0001338685515517968
2,1,2,MLP-R,2,X1,0.001124993,0.998906186,1.0362031099112055,0.9594031429366356,-4.178643412622307e-07
2,1,2,MLP-R,2,X2,0.00102226,0.998944719,1.1287282370437732,0.793616967123998,-1.1802535153426773e-06
2,1,2,MLR,3,W1,0.108989592,0.891906663,0.8450733797852706,0.8933866281101814,0.0002446068832956616
2,1,2,MLR,3,W2,0.228858701,0.779386676,0.7383712712749062,0.8166549980570492,0.0
2,1,2,MLR,3,X1,0.001009492,0.99899881,1.0760122779203116,0.8439172467866081,2.3139556437623554e-07
2,1,2,MLR,3,X2,0.00094136,0.999092556,1.182093193011156,0.7944836422456798,0.0
2,1,2,SVR,3,W1,0.108721688,0.892172365,0.8503175674504361,0.8994793885827009,0.00010506131003873431
2,1,2,SVR,3,W2,0.228596569,0.779639364,0.7281410158384729,0.8220976750584725,0.0001310990043404847
2,1,2,SVR,3,X1,0.001009365,0.998998935,1.075019251751111,0.8436368354701351,8.020316557111329e-07
2,1,2,SVR,3,X2,0.004762316,0.995409262,1.1249467077525366,0.7401453305969486,-7.32855732179516e-05
2,1,2,RF-R,3,W1,0.131734118,0.869349173,0.7900860426692506,0.8396598237746907,0.0006579043154386844
2,1,2,RF-R,3,W2,0.256222069,0.753009162,0.6711918768193343,0.7564849710259354,-0.005975242033578865
2,1,2,RF-R,3,X1,0.012112594,0.987987012,1.0063663533066982,0.7900620501332716,0.001302599756402334
2,1,2,RF-R,3,X2,0.020739101,0.980008092,1.0905038421336872,0.7472731697114016,-0.0032800734082025105
2,1,2,XGBoost-R,3,W1,0.111823038,0.860646611,0.8365615961249564,0.9004006810676589,0.0008591327582651798
2,1,2,XGBoost-R,3,W2,0.233715358,0.728696817,0.743637056725742,0.8219755122489151,0.001695864840401229
2,1,2,XGBoost-R,3,X1,0.002657832,0.995635596,1.0675148669725134,0.8421607917772247,3.6080389499348885e-05
2,1,2,XGBoost-R,3,X2,0.002650412,0.99507941,1.1755096411581802,0.796312260939175,0.00018767866568600856
2,1,2,MLP-R,3,W1,0.107783395,0.893102942,0.8282616010050446,0.9242984624346923,0.0013420828513768246
2,1,2,MLP-R,3,W2,0.229513738,0.778755239,0.7390244601835424,0.8168804735328458,-0.00016130497718044312
2,1,2,MLP-R,3,X1,0.001009964,0.998998341,1.0758922644951654,0.8441736604758345,2.9840646564860407e-07
2,1,2,MLP-R,3,X2,0.000935899,0.99909782,1.1813584363078955,0.7954167100558802,3.4214976861290934e-06
2,1,2,MLR,4,W1,0.110178259,0.887734469,0.9341937129686514,0.8595283851467856,1.160816764234074e-06
2,1,2,MLR,4,W2,0.226217585,0.770430761,0.7923443376801267,0.7829960930574497,0.0004189976841520116
2,1,2,MLR,4,X1,0.000996191,0.998984937,1.1525462905728014,0.8558902744370421,0.0
2,1,2,MLR,4,X2,0.000927694,0.999058562,1.2325581628773135,0.754135606629181,6.07303228294942e-07
2,1,2,SVR,4,W1,0.109744629,0.888176314,0.9302795200716926,0.8469891588309192,0.0001348521621259313
2,1,2,SVR,4,W2,0.2261696,0.770479457,0.7913873099245444,0.7898572447713987,0.0006291735815202703
2,1,2,SVR,4,X1,0.000998138,0.998982953,1.1517711110049045,0.8554681756837107,-3.510142025930918e-07
2,1,2,SVR,4,X2,0.000922303,0.999064032,1.2356619420147876,0.755085333093252,3.155044910618798e-06
2,1,2,RF-R,4,W1,0.126589692,0.87101213,0.8750013174399729,0.8152975431778359,0.0019093135165824337
2,1,2,RF-R,4,W2,0.245418308,0.750945559,0.7239208154153085,0.7220629383610693,-0.00019616272991418437
2,1,2,RF-R,4,X1,0.014947997,0.984768821,1.0578081002236317,0.7917911190986076,-0.00017865215826237124
2,1,2,RF-R,4,X2,0.013552348,0.98624686,1.1486865581932224,0.7058377186276766,0.0006289405773315604
2,1,2,XGBoost-R,4,W1,0.114149892,0.855517045,0.9256191926850159,0.8570579220312193,0.00032489744080339556
2,1,2,XGBoost-R,4,W2,0.233414545,0.708648215,0.7736603880287178,0.7716991112637377,-0.0032948595841824414
2,1,2,XGBoost-R,4,X1,0.002534405,0.99552429,1.1490232776336704,0.8517536391228887,0.00013271112106334472
2,1,2,XGBoost-R,4,X2,0.002145073,0.996627808,1.2264337954313909,0.7499566162840177,0.0005712598226364385
2,1,2,MLP-R,4,W1,0.110049646,0.887865519,0.9023100917393208,0.8286805447167301,0.00030552638526828437
2,1,2,MLP-R,4,W2,0.226116446,0.770533398,0.7839596661028185,0.7882485831187289,0.0004320688594289801
2,1,2,MLP-R,4,X1,0.000996461,0.998984661,1.1525322576362953,0.8558895143794072,-2.2493690376990116e-07
2,1,2,MLP-R,4,X2,0.000929026,0.99905721,1.2325685775650344,0.7541405997472531,5.963642315420791e-07
2,1,2,MLR,5,W1,0.113833923,0.891195424,0.9288127597965152,0.8512198874907373,-0.00031232693267558843
2,1,2,MLR,5,W2,0.210441726,0.808153602,0.7794629269857466,0.6743728003480278,0.00020618974199463347
2,1,2,MLR,5,X1,0.001124491,0.998925191,1.1513148351313685,0.8385333722818716,-2.4699999948585296e-06
2,1,2,MLR,5,X2,0.000996556,0.999091503,1.1877552343891875,0.6414222171892092,2.759716761890907e-06
2,1,2,SVR,5,W1,0.113674255,0.891348037,0.941155254294818,0.8598420933676529,-0.00010548632061682106
2,1,2,SVR,5,W2,0.210087548,0.808476484,0.7775064362487191,0.6781660731451782,0.0004491244454195908
2,1,2,SVR,5,X1,0.0011227,0.998926902,1.151216301205174,0.838556721959001,-1.278332867005183e-06
2,1,2,SVR,5,X2,0.000999615,0.999088714,1.1881167247048332,0.6415444837979386,3.4957984479833117e-06
2,1,2,RF-R,5,W1,0.138497778,0.867621253,0.8653512148967779,0.7886802378718696,-0.001971145428551668
2,1,2,RF-R,5,W2,0.241537143,0.779805879,0.7243203651238515,0.6438461071200647,0.0015845918330465337
2,1,2,RF-R,5,X1,0.025318621,0.975799992,1.070681070132724,0.7688508006142983,-0.0011417574058251278
2,1,2,RF-R,5,X2,0.019636597,0.982098558,1.10625741789471,0.5983613272271923,-0.0006134073178956756
2,1,2,XGBoost-R,5,W1,0.118924275,0.85719142,0.9193039681049463,0.8403089318708703,-0.0030152659059163424
2,1,2,XGBoost-R,5,W2,0.216080892,0.757951771,0.7753798060428748,0.6877305355370895,0.000269595622139418
2,1,2,XGBoost-R,5,X1,0.003154331,0.993036052,1.135657458491079,0.8345144821018167,-0.0006685277403057022
2,1,2,XGBoost-R,5,X2,0.002835641,0.995112497,1.182587952440619,0.6360083525964702,3.0268679586975543e-05
2,1,2,MLP-R,5,W1,0.1142382,0.890809008,0.9522445809198358,0.8408704345200653,-0.0007353578022708974
2,1,2,MLP-R,5,W2,0.210153335,0.80841651,0.7582468201163179,0.6966140588542407,0.00031689896322797397
2,1,2,MLP-R,5,X1,0.001122913,0.998926699,1.151186916179311,0.8387000437316698,-1.6977134203344235e-06
2,1,2,MLP-R,5,X2,0.000993007,0.999094738,1.1869085808737168,0.6417006039910964,4.070935529687514e-06
2,1,2,MLR,6,W1,0.110226342,0.878612654,0.9129879936709553,0.9372444916891866,4.853023741446804e-06
2,1,2,MLR,6,W2,0.214638139,0.776958193,0.720067626566985,0.878980561884107,-0.00030401882411426053
2,1,2,MLR,6,X1,0.001119039,0.998767652,1.1366365371461211,0.9425760184354729,6.316099796732644e-07
2,1,2,MLR,6,X2,0.001014997,0.998945263,1.1418360972609882,0.8604411297641995,0.0
2,1,2,SVR,6,W1,0.110207396,0.878633518,0.9101701880303364,0.9377661540532489,-1.757076897715981e-05
2,1,2,SVR,6,W2,0.214133021,0.777483089,0.7112335287298651,0.8734202989560877,7.176552078413945e-05
2,1,2,SVR,6,X1,0.002560755,0.997179955,1.1196684359694289,0.9289966927010651,0.0010657485509367516
2,1,2,SVR,6,X2,0.001016132,0.998944083,1.141953326670271,0.8605680364279136,-9.730670502361428e-07
2,1,2,RF-R,6,W1,0.130050269,0.856781448,0.8456891848185624,0.8735432829864846,0.00019069032227290173
2,1,2,RF-R,6,W2,0.235085489,0.755710274,0.6549977404699437,0.8097809773695914,-0.0006965800060424132
2,1,2,RF-R,6,X1,0.013500543,0.985132455,1.053263533187249,0.8785818218345813,0.0009416061785103347
2,1,2,RF-R,6,X2,0.016787695,0.982555021,1.0619040372301736,0.7865659234593985,0.00023114532215858796
2,1,2,XGBoost-R,6,W1,0.11569098,0.84448917,0.9041212258578334,0.9193695380176852,0.003365998859513453
2,1,2,XGBoost-R,6,W2,0.223027172,0.724290527,0.7112517299775629,0.864979553761887,-8.33597676560549e-05
2,1,2,XGBoost-R,6,X1,0.002612691,0.995909114,1.1354383653384421,0.9387221551454281,0.00016840397800933494
2,1,2,XGBoost-R,6,X2,0.003200494,0.995069801,1.130556853815516,0.8562445643625953,8.38498597006021e-05
2,1,2,MLP-R,6,W1,0.110212404,0.878628003,0.9134821363780212,0.9382695958117354,-1.083861750710291e-05
2,1,2,MLP-R,6,W2,0.213592516,0.778044756,0.7211645425001175,0.8769678703500388,-9.167369094811306e-05
2,1,2,MLP-R,6,X1,0.001119729,0.998766893,1.1365949533566462,0.9425684093601129,6.916371321219472e-07
2,1,2,MLP-R,6,X2,0.001018111,0.998942027,1.1418330121232292,0.8604480197947924,-1.4220164030631643e-06
2,1,2,MLR,7,W1,0.106581766,0.886152095,0.9723277439918709,0.8823184060448144,-3.1089367135528345e-05
2,1,2,MLR,7,W2,0.208642181,0.785302448,0.8598357494857154,0.7311101004068998,0.00010443205619973251
2,1,2,MLR,7,X1,0.001126092,0.998797138,1.1668252914925534,0.8894255868821552,0.0
2,1,2,MLR,7,X2,0.001043914,0.998925789,1.3077759917814524,0.7291124551535794,5.534097730630627e-07
2,1,2,SVR,7,W1,0.106528742,0.886208733,0.9607768334339711,0.8848717854419859,-0.000109513320194643
2,1,2,SVR,7,W2,0.208586865,0.78535937,0.8591450804883417,0.7339173837807726,8.348257260668568e-05
2,1,2,SVR,7,X1,0.001127616,0.99879551,1.165028577339039,0.887858620227013,-4.7037296928564843e-07
2,1,2,SVR,7,X2,0.001042593,0.998927148,1.3085014897627358,0.7293689253761853,6.817134384218271e-07
2,1,2,RF-R,7,W1,0.121276078,0.870456007,0.9065109882487965,0.8195019570358413,0.002215640813088693
2,1,2,RF-R,7,W2,0.227624418,0.765769295,0.8027455636696219,0.6846722032466271,-0.0008333115964308746
2,1,2,RF-R,7,X1,0.014193742,0.98483861,1.0874105204727416,0.8305775926527967,2.7792720083708035e-05
2,1,2,RF-R,7,X2,0.012318832,0.987323642,1.224194549500151,0.67686114868027,-0.00026175739101661486
2,1,2,XGBoost-R,7,W1,0.110826114,0.856106899,0.9669452870756885,0.8760160811800549,0.0009397339130383431
2,1,2,XGBoost-R,7,W2,0.213840975,0.729213887,0.8362820461665716,0.7153676423049922,-0.002447457513130291
2,1,2,XGBoost-R,7,X1,0.002797901,0.994764694,1.1582006365895978,0.8900020435648985,-0.000379049819720767
2,1,2,XGBoost-R,7,X2,0.002261789,0.995568627,1.3064788764250832,0.7305042318401145,-1.3950564620190952e-05
2,1,2,MLP-R,7,W1,0.106593249,0.886139829,0.9722712507140073,0.8823643990929615,-3.0044061468814663e-05
2,1,2,MLP-R,7,W2,0.208329387,0.785624321,0.8807998436786161,0.730429478970747,1.6092133493461613e-05
2,1,2,MLP-R,7,X1,0.001124851,0.998798463,1.1657611011397546,0.8887553354364348,-2.274067141039282e-07
2,1,2,MLP-R,7,X2,0.001045308,0.998924354,1.307757277359792,0.7291352943487208,5.728381941794147e-07
2,1,2,MLR,8,W1,0.100243772,0.899237667,0.8209133554074601,0.9327648741870982,0.0
2,1,2,MLR,8,W2,0.224166893,0.767553404,0.7443347383353385,0.8366222310609779,3.561114369712293e-05
2,1,2,MLR,8,X1,0.001100593,0.998893714,1.0232093907755373,0.9181485998895674,1.7989218231262428e-06
2,1,2,MLR,8,X2,0.001036337,0.998925385,1.220479963265918,0.8415069304138859,-8.427044005943074e-07
2,1,2,SVR,8,W1,0.100195683,0.899286005,0.8133499870078449,0.9284077491621595,6.512103475433406e-05
2,1,2,SVR,8,W2,0.2245374,0.767169212,0.7405630289901439,0.834397957905353,0.0002230408809733797
2,1,2,SVR,8,X1,0.00110105,0.998893255,1.0233234212433762,0.9178323486802171,1.9980490610693734e-06
2,1,2,SVR,8,X2,0.001035811,0.99892593,1.2207347690976742,0.840807138680281,-6.792507822761528e-07
2,1,2,RF-R,8,W1,0.122053867,0.87731475,0.7544965375566293,0.8519027053207135,2.143868000362703e-05
2,1,2,RF-R,8,W2,0.244716745,0.746244535,0.6895742414786408,0.7631449808947326,0.003564144423735205
2,1,2,RF-R,8,X1,0.015039943,0.984882255,0.9557601497306247,0.8409628735838819,0.0005148382097687309
2,1,2,RF-R,8,X2,0.013968539,0.985515527,1.1342951643989,0.765819866104527,0.001426527777733877
2,1,2,XGBoost-R,8,W1,0.10397631,0.867942924,0.8169435908341853,0.908218151274732,0.0008307211478244647
2,1,2,XGBoost-R,8,W2,0.231360617,0.720524557,0.7332214918925551,0.8353535130109518,0.010450567401913413
2,1,2,XGBoost-R,8,X1,0.002772089,0.994992837,1.0178271487545139,0.9146888517531092,-0.00013045254539045814
2,1,2,XGBoost-R,8,X2,0.002777571,0.995096751,1.2256834388988236,0.8316651035238755,4.766292718326737e-05
2,1,2,MLP-R,8,W1,0.10025755,0.899223819,0.8208567517199196,0.9326235621283299,5.250876957419992e-05
2,1,2,MLP-R,8,W2,0.224640846,0.767061946,0.7518782621040294,0.7955823489839998,0.0014233438041010627
2,1,2,MLP-R,8,X1,0.001100493,0.998893814,1.0231741224437803,0.918225568473987,1.8564504197127185e-06
2,1,2,MLP-R,8,X2,0.001036883,0.99892482,1.2202331259440347,0.8413065698070461,-7.301448676777511e-07
2,1,2,MLR,9,W1,0.115096618,0.883753699,0.8568037315907768,0.8383443881941958,-0.0002880461953096991
2,1,2,MLR,9,W2,0.212522884,0.782691968,0.8177817871759622,0.7445090352334407,0.0004444185715696047
2,1,2,MLR,9,X1,0.00109366,0.998895416,1.0934477039835986,0.8520195631104608,1.909593083382344e-06
2,1,2,MLR,9,X2,0.000880471,0.999099705,1.2516857055592119,0.7332492169321565,0.0
2,1,2,SVR,9,W1,0.114804298,0.884048939,0.8520147269152032,0.8365354698226518,6.260774973971816e-05
2,1,2,SVR,9,W2,0.212390449,0.782827385,0.8170186899691687,0.7549543278768396,0.0005770585489328517
2,1,2,SVR,9,X1,0.001475143,0.998510122,1.0861834946416329,0.8490337605010627,0.00024900720903385797
2,1,2,SVR,9,X2,0.001246424,0.998725512,1.2417811495005024,0.7285501608684791,0.0005202950172070508
2,1,2,RF-R,9,W1,0.126215373,0.872523881,0.80077861605665,0.7877575876253091,0.003454753953726064
2,1,2,RF-R,9,W2,0.241535243,0.753026369,0.7379052680281234,0.6710889513070097,2.6972392760826746e-05
2,1,2,RF-R,9,X1,0.012506691,0.987368382,1.0152669585788394,0.7950206076243994,0.0005799503975523867
2,1,2,RF-R,9,X2,0.015125092,0.984534353,1.1665119036943836,0.668863510169691,0.00037535282183199793
2,1,2,XGBoost-R,9,W1,0.11900056,0.852919802,0.8592141900827984,0.841319268960991,0.00020988804640036384
2,1,2,XGBoost-R,9,W2,0.226932972,0.723260306,0.809786071241836,0.7197338490474048,0.005980361100014775
2,1,2,XGBoost-R,9,X1,0.002663412,0.99478147,1.088322779561826,0.8482051820892085,-0.0003553281204114023
2,1,2,XGBoost-R,9,X2,0.00259563,0.994358649,1.2371824284201947,0.7239747146849361,-0.00029638093505025554
2,1,2,MLP-R,9,W1,0.114687847,0.884166554,0.8712920006735828,0.8342332329325469,-0.00019572021744881373
2,1,2,MLP-R,9,W2,0.212469857,0.782746189,0.8169316080833845,0.7449271943047024,0.0005259346874773474
2,1,2,MLP-R,9,X1,0.001093273,0.998895806,1.09272895703005,0.8517302765849282,2.3071583987954725e-06
2,1,2,MLP-R,9,X2,0.000880362,0.999099816,1.2517596284735244,0.7331280275891116,2.0576434102137496e-07
2,1,2,MLR,10,W1,0.115305364,0.886402158,0.8463326801571454,0.8745393654973708,2.058700075069364e-06
2,1,2,MLR,10,W2,0.221641989,0.773482712,0.7672633693790876,0.7818668386932774,6.3171330093703125e-06
2,1,2,MLR,10,X1,0.001103401,0.998912939,1.0452713530555189,0.8490087568762034,1.3021221878517508e-09
2,1,2,MLR,10,X2,0.000951456,0.999027615,1.2279094635703083,0.7574302496198546,-2.305544584124686e-06
2,1,2,SVR,10,W1,0.11518756,0.886518218,0.8397887004408082,0.8760822586758363,-7.309780442443792e-06
2,1,2,SVR,10,W2,0.220335073,0.774818375,0.7707117750002267,0.754656266867622,1.2376894870369525e-05
2,1,2,SVR,10,X1,0.00110297,0.998913363,1.044617269727081,0.8492047096488522,9.95851298646322e-08
2,1,2,SVR,10,X2,0.00095165,0.999027417,1.227617616049725,0.7567378780183367,-2.6258527793920903e-06
2,1,2,RF-R,10,W1,0.132540545,0.869422208,0.7908304674638494,0.8226273425486295,0.0021873977076439345
2,1,2,RF-R,10,W2,0.24341107,0.751234792,0.7052612824269006,0.7420190733788923,0.003515283916948009
2,1,2,RF-R,10,X1,0.016367765,0.98387462,0.9703294789700196,0.7884496217882571,0.00020599756210313292
2,1,2,RF-R,10,X2,0.016883569,0.982745056,1.1291828504366683,0.6969907145167025,0.0009324107995348441
2,1,2,XGBoost-R,10,W1,0.117726289,0.866052596,0.8594049418318062,0.8711434739413126,0.006728520207199107
2,1,2,XGBoost-R,10,W2,0.231201148,0.70260934,0.7559792560014073,0.7812405699504013,-0.008451922609799201
2,1,2,XGBoost-R,10,X1,0.002565692,0.995378945,1.0383120211840098,0.8474544510836122,0.00017050106335986248
2,1,2,XGBoost-R,10,X2,0.002632865,0.995613653,1.2162322506899779,0.7539128282317318,0.00020479520343239522
2,1,2,MLP-R,10,W1,0.115372533,0.886335984,0.8455552832393426,0.8738981592562526,7.694987302475643e-06
2,1,2,MLP-R,10,W2,0.221677336,0.773446587,0.7615729022902611,0.7817519426536204,0.00014537493749551268
2,1,2,MLP-R,10,X1,0.001101593,0.99891472,1.0450025157825322,0.8492058485989255,3.6475076908848436e-07
2,1,2,MLP-R,10,X2,0.000951435,0.999027637,1.228326338791058,0.7575821142248166,-2.1869398226570524e-06
