Num_units,Intercept,Influence_level,Model,Replication,Measurement,Loss,Accuracy,F1_score,Imp_F,Imp_Z1,Imp_Z2
0,0,0,LogReg,1,X,0.255,0.745,0.822916667,0.09899999999999999,0.0975,0.004749999999999988
0,0,0,LogReg,1,W1,0.275,0.725,0.816053512,0.06724999999999996,0.07424999999999995,0.0019999999999999684
0,0,0,LogReg,1,W2,0.3,0.7,0.814814815,0.005249999999999977,0.04024999999999995,0.003249999999999964
0,0,0,SVC,1,X,0.26,0.735,0.819112628,0.09075000000000001,0.08174999999999998,-0.001000000000000023
0,0,0,SVC,1,W1,0.2725,0.7225,0.814070352,0.07200000000000005,0.07025000000000002,-0.00024999999999997247
0,0,0,SVC,1,W2,0.3025,0.6925,0.808112324,0.0005000000000000004,0.03550000000000001,-0.0002499999999999836
0,0,0,RF-C,1,X,0.2525,0.7475,0.826758148,0.09725000000000006,0.09625000000000004,0.02350000000000004
0,0,0,RF-C,1,W1,0.2525,0.7475,0.830252101,0.07275000000000004,0.08975000000000005,0.03150000000000006
0,0,0,RF-C,1,W2,0.285,0.715,0.819620253,0.016749999999999966,0.07149999999999995,0.02849999999999998
0,0,0,XGBoost-C,1,X,0.2625,0.7175,0.806174957,0.08025000000000003,0.07475000000000002,-0.0027499999999999747
0,0,0,XGBoost-C,1,W1,0.25,0.725,0.812286689,0.06649999999999998,0.06674999999999998,0.022749999999999982
0,0,0,XGBoost-C,1,W2,0.2925,0.6725,0.78130217,0.0022499999999999742,0.053249999999999985,0.010999999999999977
0,0,0,MLP-C,1,X,0.255,0.745,0.821678322,0.09975,0.093,-0.003500000000000003
0,0,0,MLP-C,1,W1,0.265,0.735,0.814035088,0.087,0.08650000000000001,0.005499999999999982
0,0,0,MLP-C,1,W2,0.2975,0.7025,0.8096,0.019000000000000006,0.0615,0.016749999999999998
0,0,0,LogReg,2,X,0.295,0.705,0.792253521,0.07899999999999995,0.04024999999999994,-0.0005000000000000337
0,0,0,LogReg,2,W1,0.3,0.7,0.800664452,0.027749999999999962,0.047249999999999945,0.005249999999999988
0,0,0,LogReg,2,W2,0.2975,0.7025,0.808988764,0.020999999999999984,0.06250000000000001,0.0005000000000000337
0,0,0,SVC,2,X,0.2875,0.7025,0.79447323,0.07475000000000004,0.027250000000000007,-0.0049999999999999715
0,0,0,SVC,2,W1,0.3025,0.67,0.771626298,0.036250000000000046,0.020250000000000046,-0.010249999999999948
0,0,0,SVC,2,W2,0.3,0.6925,0.80445151,0.021499999999999984,0.041500000000000016,-0.003999999999999992
0,0,0,RF-C,2,X,0.29,0.71,0.806666667,0.06924999999999998,0.02999999999999996,0.0017499999999999738
0,0,0,RF-C,2,W1,0.31,0.69,0.795379538,0.028749999999999953,0.025999999999999947,-0.00275000000000003
0,0,0,RF-C,2,W2,0.2925,0.7075,0.804674457,0.036250000000000004,0.06325000000000001,0.008750000000000036
0,0,0,XGBoost-C,2,X,0.2925,0.67,0.76344086,0.054250000000000034,0.02050000000000004,-0.020999999999999953
0,0,0,XGBoost-C,2,W1,0.3075,0.645,0.74822695,0.02200000000000002,0.025000000000000012,-0.008999999999999963
0,0,0,XGBoost-C,2,W2,0.285,0.65,0.760273973,0.021750000000000026,0.040249999999999994,-0.002249999999999963
0,0,0,MLP-C,2,X,0.2925,0.7075,0.795096322,0.07950000000000003,0.04150000000000002,1.1102230246251566e-17
0,0,0,MLP-C,2,W1,0.3175,0.6825,0.811292719,0.0,0.0,0.0
0,0,0,MLP-C,2,W2,0.2925,0.7075,0.805324459,0.028000000000000004,0.07525000000000001,-0.00024999999999997247
0,0,0,LogReg,3,X,0.2225,0.7775,0.84303351,0.10024999999999998,0.11574999999999998,-0.0007500000000000395
0,0,0,LogReg,3,W1,0.23,0.77,0.83745583,0.08475000000000002,0.12449999999999999,0.006000000000000017
0,0,0,LogReg,3,W2,0.28,0.72,0.807560137,0.025999999999999978,0.11099999999999999,0.002499999999999969
0,0,0,SVC,3,X,0.225,0.7725,0.838365897,0.11574999999999998,0.10399999999999995,0.0004999999999999782
0,0,0,SVC,3,W1,0.23,0.77,0.836879433,0.09900000000000003,0.11674999999999999,0.0072500000000000455
0,0,0,SVC,3,W2,0.28,0.715,0.813114754,0.022499999999999985,0.09499999999999997,0.007749999999999968
0,0,0,RF-C,3,X,0.235,0.765,0.832142857,0.11550000000000002,0.10950000000000001,0.007750000000000012
0,0,0,RF-C,3,W1,0.245,0.755,0.831034483,0.08099999999999999,0.10725,0.011249999999999982
0,0,0,RF-C,3,W2,0.2725,0.7275,0.808435852,0.03925000000000002,0.12525000000000003,0.04400000000000002
0,0,0,XGBoost-C,3,X,0.23,0.74,0.814946619,0.09125,0.10124999999999999,0.006999999999999984
0,0,0,XGBoost-C,3,W1,0.235,0.7175,0.795660036,0.06450000000000003,0.08850000000000004,0.010250000000000037
0,0,0,XGBoost-C,3,W2,0.275,0.7,0.788732394,0.04149999999999997,0.09524999999999996,0.031249999999999944
0,0,0,MLP-C,3,X,0.2225,0.7775,0.84303351,0.10799999999999996,0.11574999999999998,0.0002499999999999836
0,0,0,MLP-C,3,W1,0.23,0.77,0.836298932,0.0865,0.12350000000000001,0.008250000000000035
0,0,0,MLP-C,3,W2,0.275,0.725,0.808362369,0.03499999999999996,0.11549999999999998,0.005749999999999966
0,0,0,LogReg,4,X,0.24,0.76,0.829181495,0.1045,0.11250000000000002,0.009999999999999998
0,0,0,LogReg,4,W1,0.28,0.72,0.813333333,0.039749999999999966,0.08599999999999998,0.00024999999999997247
0,0,0,LogReg,4,W2,0.3,0.7,0.801324503,0.006999999999999973,0.08349999999999996,0.005749999999999977
0,0,0,SVC,4,X,0.24,0.7575,0.830715532,0.11324999999999993,0.09974999999999994,-0.0002500000000000391
0,0,0,SVC,4,W1,0.28,0.7175,0.806837607,0.07075000000000004,0.07825000000000001,-0.004999999999999982
0,0,0,SVC,4,W2,0.3025,0.6825,0.786554622,0.013249999999999974,0.07125,-0.00575
0,0,0,RF-C,4,X,0.24,0.76,0.830985915,0.10525000000000002,0.11225000000000003,0.01399999999999999
0,0,0,RF-C,4,W1,0.27,0.73,0.810526316,0.05699999999999996,0.10974999999999997,0.0225
0,0,0,RF-C,4,W2,0.29,0.71,0.811074919,0.037249999999999964,0.07999999999999996,0.00724999999999999
0,0,0,XGBoost-C,4,X,0.24,0.7325,0.802946593,0.08075000000000002,0.10225000000000004,0.02350000000000004
0,0,0,XGBoost-C,4,W1,0.265,0.705,0.780669145,0.049499999999999975,0.09699999999999996,0.02524999999999994
0,0,0,XGBoost-C,4,W2,0.2825,0.6675,0.757741348,0.006499999999999973,0.0895,0.017499999999999995
0,0,0,MLP-C,4,X,0.24,0.76,0.830388693,0.1065,0.10700000000000003,0.0040000000000000036
0,0,0,MLP-C,4,W1,0.28,0.72,0.802816901,0.06674999999999996,0.08124999999999996,0.00924999999999998
0,0,0,MLP-C,4,W2,0.3025,0.6975,0.791738382,0.022249999999999992,0.0975,0.008500000000000018
0,0,0,LogReg,5,X,0.2425,0.7575,0.831304348,0.09149999999999994,0.08299999999999993,0.0017499999999999627
0,0,0,LogReg,5,W1,0.255,0.745,0.825342466,0.0705,0.08549999999999999,-1.1102230246251566e-17
0,0,0,LogReg,5,W2,0.2775,0.7225,0.818330606,0.007000000000000039,0.08200000000000005,0.0
0,0,0,SVC,5,X,0.2475,0.75,0.826388889,0.08825,0.06899999999999998,0.0019999999999999797
0,0,0,SVC,5,W1,0.2625,0.7375,0.822335025,0.05100000000000006,0.07200000000000002,-0.0012499999999999734
0,0,0,SVC,5,W2,0.285,0.715,0.816129032,0.007499999999999984,0.07499999999999997,0.008999999999999975
0,0,0,RF-C,5,X,0.25,0.75,0.827586207,0.08199999999999999,0.06824999999999999,0.008499999999999985
0,0,0,RF-C,5,W1,0.26,0.74,0.82781457,0.044,0.07275,0.00974999999999997
0,0,0,RF-C,5,W2,0.27,0.73,0.825242718,0.013500000000000002,0.09424999999999997,0.023999999999999987
0,0,0,XGBoost-C,5,X,0.2525,0.71,0.795053004,0.06549999999999997,0.05599999999999998,0.0007499999999999729
0,0,0,XGBoost-C,5,W1,0.2525,0.6775,0.771681416,0.027249999999999986,0.04475,-0.017999999999999995
0,0,0,XGBoost-C,5,W2,0.2775,0.6425,0.751304348,-0.01375000000000003,0.03549999999999994,-0.02325000000000005
0,0,0,MLP-C,5,X,0.24,0.76,0.832167832,0.09800000000000002,0.08675000000000002,0.010749999999999992
0,0,0,MLP-C,5,W1,0.255,0.745,0.825342466,0.0705,0.08549999999999999,0.0002499999999999836
0,0,0,MLP-C,5,W2,0.2675,0.7325,0.825448613,0.011000000000000032,0.09250000000000004,0.018250000000000044
0,0,0,LogReg,6,X,0.2125,0.7875,0.852686308,0.10774999999999997,0.10949999999999997,0.002249999999999963
0,0,0,LogReg,6,W1,0.225,0.775,0.849498328,0.08225000000000002,0.11500000000000002,0.008250000000000035
0,0,0,LogReg,6,W2,0.2675,0.7325,0.8288,0.01325000000000004,0.08750000000000005,0.0015000000000000458
0,0,0,SVC,6,X,0.2075,0.7825,0.848167539,0.11499999999999995,0.10649999999999996,-0.0030000000000000248
0,0,0,SVC,6,W1,0.23,0.7675,0.841025641,0.08874999999999994,0.11224999999999996,-0.001000000000000023
0,0,0,SVC,6,W2,0.2825,0.73,0.828571429,0.014249999999999995,0.08399999999999999,0.006749999999999967
0,0,0,RF-C,6,X,0.2075,0.7925,0.858603066,0.11374999999999998,0.12174999999999998,0.015249999999999986
0,0,0,RF-C,6,W1,0.23,0.77,0.844594595,0.07150000000000004,0.12400000000000004,-0.004499999999999993
0,0,0,RF-C,6,W2,0.255,0.745,0.831683168,0.021499999999999984,0.11600000000000002,0.015499999999999991
0,0,0,XGBoost-C,6,X,0.2075,0.7525,0.826010545,0.09974999999999994,0.09099999999999994,0.008249999999999924
0,0,0,XGBoost-C,6,W1,0.2175,0.7275,0.810434783,0.06875000000000003,0.08975000000000005,0.007500000000000029
0,0,0,XGBoost-C,6,W2,0.26,0.6775,0.780238501,0.009499999999999975,0.05874999999999999,-0.02200000000000001
0,0,0,MLP-C,6,X,0.2025,0.7975,0.855614973,0.1165,0.13299999999999998,0.0004999999999999672
0,0,0,MLP-C,6,W1,0.2225,0.7775,0.846815835,0.09049999999999994,0.12324999999999997,0.007499999999999984
0,0,0,MLP-C,6,W2,0.26,0.74,0.825503356,0.01974999999999999,0.11274999999999999,0.003499999999999981
0,0,0,LogReg,7,X,0.2475,0.7525,0.819012797,0.12599999999999995,0.08249999999999993,0.005749999999999922
0,0,0,LogReg,7,W1,0.2625,0.7375,0.814814815,0.08450000000000005,0.08325000000000006,0.0015000000000000347
0,0,0,LogReg,7,W2,0.2925,0.7075,0.795811518,0.03850000000000001,0.09025000000000002,0.0
0,0,0,SVC,7,X,0.245,0.745,0.815217391,0.12075,0.07924999999999997,-0.005249999999999988
0,0,0,SVC,7,W1,0.2675,0.7325,0.813263525,0.08325000000000003,0.07975000000000006,-0.004749999999999965
0,0,0,SVC,7,W2,0.28,0.715,0.807432432,0.045999999999999965,0.08474999999999996,0.0014999999999999792
0,0,0,RF-C,7,X,0.245,0.755,0.821818182,0.12174999999999998,0.08825000000000001,0.009000000000000018
0,0,0,RF-C,7,W1,0.265,0.735,0.814685315,0.08725,0.08125,0.0007499999999999729
0,0,0,RF-C,7,W2,0.2825,0.7175,0.816260163,0.04600000000000004,0.07125000000000004,0.0042500000000000315
0,0,0,XGBoost-C,7,X,0.24,0.735,0.80075188,0.09174999999999998,0.0955,0.019499999999999983
0,0,0,XGBoost-C,7,W1,0.26,0.695,0.773234201,0.06699999999999996,0.08574999999999995,0.010249999999999959
0,0,0,XGBoost-C,7,W2,0.2975,0.6525,0.745886654,0.003999999999999971,0.06299999999999997,-0.011500000000000043
0,0,0,MLP-C,7,X,0.2375,0.7625,0.828828829,0.13099999999999995,0.09549999999999995,0.019749999999999945
0,0,0,MLP-C,7,W1,0.26,0.74,0.814946619,0.09174999999999998,0.08299999999999999,0.007499999999999984
0,0,0,MLP-C,7,W2,0.2725,0.7275,0.807760141,0.06750000000000003,0.11250000000000004,0.025000000000000043
0,0,0,LogReg,8,X,0.235,0.765,0.835664336,0.09575000000000002,0.1095,0.006250000000000022
0,0,0,LogReg,8,W1,0.26,0.74,0.821917808,0.05899999999999998,0.10975000000000001,0.0029999999999999805
0,0,0,LogReg,8,W2,0.285,0.715,0.814935065,0.019999999999999973,0.08374999999999996,0.002749999999999986
0,0,0,SVC,8,X,0.235,0.7625,0.834205934,0.09899999999999995,0.10224999999999992,0.006749999999999967
0,0,0,SVC,8,W1,0.2625,0.735,0.819112628,0.05874999999999999,0.1015,-3.3306690738754695e-17
0,0,0,SVC,8,W2,0.28,0.72,0.818181818,0.02074999999999997,0.07424999999999997,0.0032499999999999864
0,0,0,RF-C,8,X,0.24,0.76,0.832167832,0.10650000000000001,0.10025000000000002,0.010250000000000004
0,0,0,RF-C,8,W1,0.2575,0.7425,0.827470687,0.05400000000000006,0.10025000000000006,0.012250000000000039
0,0,0,RF-C,8,W2,0.28,0.72,0.816993464,0.022749999999999982,0.08024999999999996,0.0019999999999999575
0,0,0,XGBoost-C,8,X,0.2325,0.715,0.794964029,0.08224999999999996,0.07199999999999997,-0.017500000000000036
0,0,0,XGBoost-C,8,W1,0.2625,0.6825,0.773618538,0.02925000000000001,0.06899999999999999,-0.023249999999999993
0,0,0,XGBoost-C,8,W2,0.2875,0.6625,0.766839378,-0.004750000000000032,0.06149999999999998,-0.008750000000000025
0,0,0,MLP-C,8,X,0.2375,0.7625,0.833625219,0.09524999999999996,0.10649999999999996,0.004499999999999993
0,0,0,MLP-C,8,W1,0.2525,0.7475,0.824347826,0.07200000000000005,0.12200000000000007,0.007000000000000039
0,0,0,MLP-C,8,W2,0.2775,0.7225,0.81025641,0.03250000000000003,0.10800000000000003,0.015750000000000042
0,0,0,LogReg,9,X,0.21,0.79,0.852631579,0.11475000000000002,0.11700000000000003,0.0040000000000000365
0,0,0,LogReg,9,W1,0.2225,0.7775,0.8441331,0.09749999999999996,0.12674999999999997,0.0007499999999999729
0,0,0,LogReg,9,W2,0.2775,0.7225,0.812182741,0.02200000000000003,0.09425000000000004,0.0010000000000000343
0,0,0,SVC,9,X,0.1975,0.8,0.857651246,0.12450000000000003,0.12275000000000005,0.014500000000000035
0,0,0,SVC,9,W1,0.2175,0.7825,0.847635727,0.10374999999999997,0.1335,0.009749999999999981
0,0,0,SVC,9,W2,0.2775,0.725,0.814189189,0.024249999999999983,0.08799999999999998,0.015249999999999986
0,0,0,RF-C,9,X,0.22,0.78,0.842293907,0.11000000000000001,0.11250000000000004,0.011250000000000038
0,0,0,RF-C,9,W1,0.24,0.76,0.836734694,0.07100000000000002,0.1165,0.0030000000000000248
0,0,0,RF-C,9,W2,0.2825,0.7175,0.809443508,0.013500000000000035,0.08325000000000002,0.005250000000000032
0,0,0,XGBoost-C,9,X,0.2075,0.745,0.813868613,0.10175000000000001,0.09674999999999999,0.0215
0,0,0,XGBoost-C,9,W1,0.225,0.7225,0.798548094,0.06850000000000003,0.10650000000000004,0.01600000000000007
0,0,0,XGBoost-C,9,W2,0.2875,0.67,0.76,0.016750000000000043,0.09250000000000004,0.0022500000000000298
0,0,0,MLP-C,9,X,0.2025,0.7975,0.854578097,0.12199999999999996,0.13024999999999998,0.014249999999999985
0,0,0,MLP-C,9,W1,0.22,0.78,0.845614035,0.09900000000000002,0.12900000000000006,0.002000000000000035
0,0,0,MLP-C,9,W2,0.275,0.725,0.807692308,0.035999999999999976,0.10499999999999998,0.0009999999999999898
0,0,0,LogReg,10,X,0.2425,0.7575,0.835314092,0.05974999999999995,0.09974999999999995,0.000749999999999984
0,0,0,LogReg,10,W1,0.255,0.745,0.825938567,0.04424999999999999,0.10024999999999999,0.0012499999999999734
0,0,0,LogReg,10,W2,0.2875,0.7125,0.806070826,0.007500000000000029,0.09525000000000003,0.0005000000000000115
0,0,0,SVC,10,X,0.2425,0.755,0.830449827,0.0735,0.0925,0.008750000000000003
0,0,0,SVC,10,W1,0.26,0.7375,0.825291181,0.05075000000000003,0.07725000000000007,0.0010000000000000343
0,0,0,SVC,10,W2,0.2925,0.7,0.808306709,-0.003250000000000042,0.06299999999999997,-0.0032500000000000306
0,0,0,RF-C,10,X,0.2525,0.7475,0.821869489,0.08500000000000005,0.09700000000000006,0.009750000000000047
0,0,0,RF-C,10,W1,0.255,0.745,0.831683168,0.051000000000000004,0.0995,0.012499999999999966
0,0,0,RF-C,10,W2,0.29,0.71,0.80794702,0.013749999999999974,0.09849999999999996,0.013749999999999974
0,0,0,XGBoost-C,10,X,0.2425,0.7225,0.805604203,0.07175000000000002,0.08600000000000002,0.018750000000000034
0,0,0,XGBoost-C,10,W1,0.2475,0.6975,0.79245283,0.05525000000000001,0.07350000000000001,0.01599999999999998
0,0,0,XGBoost-C,10,W2,0.29,0.65,0.756944444,0.004000000000000026,0.05700000000000003,-0.003999999999999981
0,0,0,MLP-C,10,X,0.245,0.755,0.832764505,0.05575000000000002,0.10375000000000001,0.0
0,0,0,MLP-C,10,W1,0.25,0.75,0.828178694,0.044000000000000004,0.10975000000000001,0.0029999999999999914
0,0,0,MLP-C,10,W2,0.285,0.715,0.808724832,0.003999999999999981,0.10724999999999998,0.005249999999999977
0,0,1,LogReg,1,X,0.2325,0.7675,0.796498906,0.01949999999999995,0.26025,-0.0005000000000000227
0,0,1,LogReg,1,W1,0.235,0.765,0.795652174,0.014500000000000002,0.25225000000000003,0.0032500000000000194
0,0,1,LogReg,1,W2,0.225,0.775,0.806866953,0.017250000000000043,0.26725000000000004,0.02150000000000004
0,0,1,SVC,1,X,0.2425,0.7475,0.780911063,0.007750000000000057,0.24000000000000005,-0.015999999999999924
0,0,1,SVC,1,W1,0.2375,0.7525,0.786177106,0.004749999999999932,0.2417499999999999,-0.008750000000000036
0,0,1,SVC,1,W2,0.2325,0.7625,0.795698925,0.003499999999999981,0.2587499999999999,0.011749999999999972
0,0,1,RF-C,1,X,0.2225,0.7775,0.809421842,0.013999999999999967,0.26999999999999996,0.015749999999999986
0,0,1,RF-C,1,W1,0.24,0.76,0.793991416,0.006000000000000017,0.24725000000000003,0.008250000000000025
0,0,1,RF-C,1,W2,0.235,0.765,0.798283262,0.0017500000000000404,0.25649999999999995,0.011250000000000015
0,0,1,XGBoost-C,1,X,0.24,0.7125,0.742729306,0.0022500000000000185,0.20025000000000004,0.0025000000000000243
0,0,1,XGBoost-C,1,W1,0.235,0.725,0.757709251,0.011749999999999972,0.21824999999999997,0.0019999999999999797
0,0,1,XGBoost-C,1,W2,0.24,0.71,0.748917749,-0.016500000000000035,0.20424999999999996,0.0042499999999999535
0,0,1,MLP-C,1,X,0.23,0.77,0.799126638,0.025250000000000005,0.263,-0.0004999999999999782
0,0,1,MLP-C,1,W1,0.235,0.765,0.795652174,0.012500000000000011,0.2535,0.004750000000000032
0,0,1,MLP-C,1,W2,0.225,0.775,0.806866953,0.017250000000000043,0.269,0.02050000000000004
0,0,1,LogReg,2,X,0.2075,0.7925,0.815144766,0.017249999999999988,0.27775,0.0019999999999999684
0,0,1,LogReg,2,W1,0.21,0.79,0.813333333,0.007750000000000046,0.279,0.005000000000000037
0,0,1,LogReg,2,W2,0.2125,0.7875,0.812362031,-0.00025000000000001686,0.28125,0.002499999999999969
0,0,1,SVC,2,X,0.205,0.795,0.815315315,0.015250000000000041,0.28425000000000006,0.00800000000000003
0,0,1,SVC,2,W1,0.2075,0.7925,0.813483146,0.01499999999999999,0.28225,0.0019999999999999684
0,0,1,SVC,2,W2,0.2175,0.775,0.794520548,-0.006999999999999984,0.2665,-0.0022499999999999742
0,0,1,RF-C,2,X,0.2125,0.7875,0.805491991,0.025499999999999967,0.27074999999999994,0.014249999999999995
0,0,1,RF-C,2,W1,0.21,0.79,0.808219178,0.016500000000000035,0.27875000000000005,0.005000000000000049
0,0,1,RF-C,2,W2,0.22,0.78,0.795348837,0.0017500000000000404,0.2732500000000001,0.0012500000000000289
0,0,1,XGBoost-C,2,X,0.2025,0.76,0.785714286,0.02125,0.23475000000000001,0.021999999999999985
0,0,1,XGBoost-C,2,W1,0.205,0.745,0.777292576,0.012499999999999978,0.22100000000000003,0.008999999999999985
0,0,1,XGBoost-C,2,W2,0.2175,0.7375,0.769230769,0.0055000000000000274,0.21275000000000005,-0.0017499999999999517
0,0,1,MLP-C,2,X,0.195,0.805,0.823529412,0.021750000000000047,0.28825,0.01850000000000005
0,0,1,MLP-C,2,W1,0.205,0.795,0.818584071,0.009500000000000041,0.28200000000000003,0.009250000000000036
0,0,1,MLP-C,2,W2,0.2125,0.7875,0.812362031,-0.002250000000000041,0.2815,-0.0012500000000000289
0,0,1,LogReg,3,X,0.2,0.8,0.836734694,0.018250000000000054,0.27875000000000005,-0.003249999999999964
0,0,1,LogReg,3,W1,0.2075,0.7925,0.828865979,0.010249999999999971,0.27225,-0.0035000000000000252
0,0,1,LogReg,3,W2,0.2175,0.7825,0.821355236,-0.0032500000000000306,0.26449999999999996,-0.0025000000000000243
0,0,1,SVC,3,X,0.195,0.7875,0.822546973,0.016000000000000004,0.26599999999999996,-0.010000000000000031
0,0,1,SVC,3,W1,0.2075,0.79,0.827868852,0.013000000000000034,0.2705000000000001,-0.008249999999999957
0,0,1,SVC,3,W2,0.21,0.785,0.821576763,0.0005000000000000227,0.26700000000000007,4.4408920985006264e-17
0,0,1,RF-C,3,X,0.21,0.79,0.825726141,0.013000000000000034,0.2685,-0.00874999999999997
0,0,1,RF-C,3,W1,0.2025,0.7975,0.832298137,0.015749999999999976,0.27325,0.0004999999999999672
0,0,1,RF-C,3,W2,0.205,0.795,0.827004219,0.0017500000000000072,0.28325000000000006,0.006500000000000028
0,0,1,XGBoost-C,3,X,0.19,0.75,0.795081967,0.02025,0.22774999999999998,-0.02024999999999999
0,0,1,XGBoost-C,3,W1,0.205,0.745,0.786610879,0.016749999999999998,0.22875,-0.024
0,0,1,XGBoost-C,3,W2,0.2025,0.7575,0.793176972,0.01474999999999994,0.24274999999999997,0.007999999999999941
0,0,1,MLP-C,3,X,0.195,0.805,0.833333333,0.029500000000000047,0.28350000000000003,0.003750000000000031
0,0,1,MLP-C,3,W1,0.2075,0.7925,0.82815735,0.012499999999999989,0.27225,-0.0007500000000000395
0,0,1,MLP-C,3,W2,0.2125,0.7875,0.821052632,0.006499999999999983,0.27575000000000005,0.0014999999999999792
0,0,1,LogReg,4,X,0.235,0.765,0.799145299,0.021250000000000012,0.2415,0.008750000000000046
0,0,1,LogReg,4,W1,0.245,0.755,0.791489362,0.015999999999999993,0.2375,-0.005249999999999988
0,0,1,LogReg,4,W2,0.2375,0.7625,0.8,-0.00125000000000004,0.23499999999999993,0.0037499999999999756
0,0,1,SVC,4,X,0.23,0.76,0.79916318,0.011749999999999993,0.23149999999999998,0.0032500000000000306
0,0,1,SVC,4,W1,0.2325,0.76,0.79916318,0.013750000000000017,0.23725000000000002,-0.003499999999999981
0,0,1,SVC,4,W2,0.2325,0.7675,0.806652807,0.002249999999999963,0.24299999999999994,0.011499999999999977
0,0,1,RF-C,4,X,0.23,0.77,0.8,0.01575000000000003,0.23700000000000002,0.025000000000000012
0,0,1,RF-C,4,W1,0.225,0.775,0.81092437,0.013750000000000063,0.25025,0.02100000000000004
0,0,1,RF-C,4,W2,0.23,0.77,0.805084746,0.005250000000000021,0.24700000000000003,0.006500000000000039
0,0,1,XGBoost-C,4,X,0.23,0.735,0.772532189,0.023750000000000014,0.19349999999999995,0.04074999999999999
0,0,1,XGBoost-C,4,W1,0.2325,0.7075,0.756756757,-0.0012499999999999734,0.164,0.01100000000000002
0,0,1,XGBoost-C,4,W2,0.2375,0.71,0.755274262,0.0062499999999999665,0.18250000000000002,0.01599999999999996
0,0,1,MLP-C,4,X,0.2325,0.7675,0.803382664,0.023249999999999958,0.23849999999999993,0.00874999999999998
0,0,1,MLP-C,4,W1,0.2375,0.7625,0.801670146,0.024999999999999967,0.23849999999999993,0.0004999999999999672
0,0,1,MLP-C,4,W2,0.235,0.765,0.794759825,0.008500000000000018,0.24550000000000005,0.013000000000000001
0,0,1,LogReg,5,X,0.2075,0.7925,0.819956616,0.015249999999999986,0.273,0.0017499999999999627
0,0,1,LogReg,5,W1,0.2175,0.7825,0.812095032,0.0029999999999999805,0.267,0.0064999999999999945
0,0,1,LogReg,5,W2,0.235,0.765,0.796536797,-0.0004999999999999672,0.25050000000000006,0.004750000000000021
0,0,1,SVC,5,X,0.205,0.7925,0.820734341,0.026500000000000003,0.26149999999999995,0.008999999999999985
0,0,1,SVC,5,W1,0.2225,0.775,0.804347826,-0.0004999999999999782,0.25375,0.0025000000000000356
0,0,1,SVC,5,W2,0.225,0.765,0.796536797,-0.003999999999999971,0.24475000000000002,-0.002499999999999991
0,0,1,RF-C,5,X,0.2225,0.7775,0.800894855,0.010249999999999992,0.25975000000000004,0.0062499999999999665
0,0,1,RF-C,5,W1,0.23,0.77,0.797356828,0.002250000000000041,0.2535,0.01475000000000004
0,0,1,RF-C,5,W2,0.23,0.77,0.793721973,0.0055000000000000274,0.26125000000000004,0.0037500000000000424
0,0,1,XGBoost-C,5,X,0.21,0.72,0.753303965,0.00499999999999996,0.2085,-0.008250000000000035
0,0,1,XGBoost-C,5,W1,0.2375,0.705,0.737777778,-0.009000000000000041,0.19724999999999998,-0.007500000000000029
0,0,1,XGBoost-C,5,W2,0.2375,0.7275,0.762527233,0.005250000000000044,0.21750000000000003,0.012000000000000033
0,0,1,MLP-C,5,X,0.205,0.795,0.824034335,0.034500000000000045,0.26475,0.010500000000000032
0,0,1,MLP-C,5,W1,0.2225,0.7775,0.806100218,0.0034999999999999697,0.26049999999999995,0.004499999999999971
0,0,1,MLP-C,5,W2,0.2275,0.7725,0.796420582,0.0014999999999999569,0.26399999999999996,0.0037499999999999643
0,0,1,LogReg,6,X,0.2,0.8,0.82832618,0.011250000000000038,0.28200000000000003,0.0040000000000000365
0,0,1,LogReg,6,W1,0.2075,0.7925,0.821505376,0.004249999999999976,0.27649999999999997,0.002499999999999969
0,0,1,LogReg,6,W2,0.2,0.8,0.829787234,0.010750000000000037,0.28975000000000006,0.007250000000000023
0,0,1,SVC,6,X,0.185,0.805,0.832618026,0.008750000000000036,0.28600000000000003,0.011750000000000049
0,0,1,SVC,6,W1,0.19,0.795,0.824786325,0.00025000000000001686,0.28175000000000006,0.005000000000000037
0,0,1,SVC,6,W2,0.1975,0.8,0.829787234,0.005250000000000032,0.29125000000000006,0.008250000000000058
0,0,1,RF-C,6,X,0.2,0.8,0.829059829,0.012250000000000028,0.2780000000000001,0.009250000000000046
0,0,1,RF-C,6,W1,0.2025,0.7975,0.822757112,0.003999999999999971,0.27975,0.015249999999999963
0,0,1,RF-C,6,W2,0.2,0.8,0.829787234,0.006750000000000034,0.29225000000000007,0.006500000000000039
0,0,1,XGBoost-C,6,X,0.1925,0.7325,0.770877944,-0.006249999999999955,0.20950000000000008,-0.022999999999999965
0,0,1,XGBoost-C,6,W1,0.19,0.75,0.784482759,0.008750000000000003,0.23049999999999998,0.0
0,0,1,XGBoost-C,6,W2,0.2075,0.7325,0.773784355,-0.010999999999999965,0.22350000000000003,-0.018749999999999968
0,0,1,MLP-C,6,X,0.2,0.8,0.829059829,0.010250000000000037,0.27875000000000005,0.005000000000000037
0,0,1,MLP-C,6,W1,0.1925,0.8075,0.835117773,0.012249999999999983,0.28775000000000006,0.01599999999999998
0,0,1,MLP-C,6,W2,0.205,0.795,0.822510823,0.0030000000000000248,0.28475000000000006,0.004000000000000026
0,0,1,LogReg,7,X,0.1775,0.8225,0.847965739,0.03874999999999999,0.30700000000000005,0.008250000000000025
0,0,1,LogReg,7,W1,0.1875,0.8125,0.838012959,0.031000000000000007,0.29725,0.005749999999999989
0,0,1,LogReg,7,W2,0.2175,0.7825,0.816067653,-0.000250000000000028,0.27399999999999997,0.0037499999999999643
0,0,1,SVC,7,X,0.16,0.8075,0.837894737,0.02749999999999999,0.29175,0.000749999999999984
0,0,1,SVC,7,W1,0.1875,0.8,0.831223629,0.02525000000000005,0.2870000000000001,0.00800000000000003
0,0,1,SVC,7,W2,0.2225,0.7725,0.812371134,0.003749999999999987,0.261,0.0004999999999999782
0,0,1,RF-C,7,X,0.18,0.82,0.848101266,0.04624999999999996,0.29574999999999996,0.023999999999999945
0,0,1,RF-C,7,W1,0.195,0.805,0.834745763,0.04250000000000006,0.2830000000000001,0.02675000000000005
0,0,1,RF-C,7,W2,0.215,0.785,0.819327731,0.0022500000000000298,0.2727500000000001,0.006750000000000034
0,0,1,XGBoost-C,7,X,0.175,0.7825,0.811279826,0.020999999999999984,0.2465,0.004999999999999982
0,0,1,XGBoost-C,7,W1,0.2,0.7625,0.8,0.00974999999999997,0.24224999999999994,-0.010250000000000037
0,0,1,XGBoost-C,7,W2,0.2125,0.7625,0.8,0.00824999999999997,0.23224999999999998,0.005249999999999944
0,0,1,MLP-C,7,X,0.18,0.82,0.844155844,0.036749999999999935,0.30175,0.006999999999999962
0,0,1,MLP-C,7,W1,0.1875,0.8125,0.837310195,0.03325000000000002,0.29625,0.0062499999999999665
0,0,1,MLP-C,7,W2,0.2125,0.7875,0.817204301,0.005499999999999972,0.27999999999999997,0.0
0,0,1,LogReg,8,X,0.2075,0.7925,0.827442827,0.024249999999999994,0.27425,-0.0022500000000000298
0,0,1,LogReg,8,W1,0.21,0.79,0.825,0.021000000000000053,0.27775000000000005,-0.001499999999999968
0,0,1,LogReg,8,W2,0.2275,0.7725,0.809224319,0.002499999999999969,0.25825,0.0029999999999999693
0,0,1,SVC,8,X,0.1975,0.795,0.829166667,0.02425000000000005,0.278,0.006000000000000038
0,0,1,SVC,8,W1,0.2025,0.7975,0.830897704,0.01974999999999999,0.28925,0.011249999999999972
0,0,1,SVC,8,W2,0.2275,0.765,0.80334728,2.2204460492503132e-17,0.24900000000000003,-0.007999999999999985
0,0,1,RF-C,8,X,0.22,0.78,0.811965812,0.03850000000000001,0.2595,0.013000000000000034
0,0,1,RF-C,8,W1,0.2175,0.7825,0.818371608,0.00874999999999998,0.2664999999999999,0.006249999999999978
0,0,1,RF-C,8,W2,0.225,0.775,0.810126582,0.012750000000000029,0.26400000000000007,0.009750000000000036
0,0,1,XGBoost-C,8,X,0.2075,0.745,0.782978723,0.025250000000000015,0.22349999999999998,0.002749999999999997
0,0,1,XGBoost-C,8,W1,0.2175,0.75,0.786324786,0.014749999999999975,0.23549999999999996,0.010250000000000004
0,0,1,XGBoost-C,8,W2,0.2325,0.7375,0.780793319,0.006000000000000038,0.21650000000000008,0.008750000000000013
0,0,1,MLP-C,8,X,0.1975,0.8025,0.835073069,0.02949999999999998,0.28325000000000006,0.008999999999999998
0,0,1,MLP-C,8,W1,0.2125,0.7875,0.822546973,0.02224999999999998,0.27575,-0.00125000000000004
0,0,1,MLP-C,8,W2,0.2225,0.7775,0.809421842,0.004999999999999993,0.267,0.00874999999999998
0,0,1,LogReg,9,X,0.18,0.82,0.842105263,0.04524999999999996,0.29449999999999993,0.018249999999999943
0,0,1,LogReg,9,W1,0.1925,0.8075,0.832244009,0.03350000000000001,0.287,0.008999999999999985
0,0,1,LogReg,9,W2,0.205,0.795,0.824034335,0.008750000000000046,0.27775000000000005,0.0007500000000000284
0,0,1,SVC,9,X,0.185,0.805,0.831896552,0.03200000000000005,0.27775000000000005,0.006250000000000033
0,0,1,SVC,9,W1,0.1975,0.8,0.825327511,0.02275000000000006,0.2785000000000001,0.006500000000000028
0,0,1,SVC,9,W2,0.2,0.7975,0.826552463,0.0037499999999999756,0.28074999999999994,0.005499999999999972
0,0,1,RF-C,9,X,0.1825,0.8175,0.83956044,0.03375,0.29425,0.01924999999999998
0,0,1,RF-C,9,W1,0.18,0.82,0.84279476,0.039499999999999945,0.29949999999999993,0.02524999999999994
0,0,1,RF-C,9,W2,0.205,0.795,0.820960699,0.001000000000000012,0.28150000000000003,0.01425000000000004
0,0,1,XGBoost-C,9,X,0.175,0.78,0.807017544,0.020000000000000028,0.25575000000000003,0.013500000000000035
0,0,1,XGBoost-C,9,W1,0.175,0.78,0.807860262,0.031000000000000028,0.24525000000000005,0.016000000000000025
0,0,1,XGBoost-C,9,W2,0.1925,0.7725,0.803455724,0.0029999999999999805,0.25925,0.019499999999999983
0,0,1,MLP-C,9,X,0.1775,0.8225,0.843956044,0.044000000000000004,0.29775,0.02024999999999999
0,0,1,MLP-C,9,W1,0.185,0.815,0.842553191,0.03049999999999995,0.28874999999999995,0.013999999999999934
0,0,1,MLP-C,9,W2,0.185,0.815,0.837004405,0.02399999999999993,0.30074999999999996,0.018749999999999933
0,0,1,LogReg,10,X,0.205,0.795,0.820960699,0.02525000000000005,0.28075,-0.00024999999999996135
0,0,1,LogReg,10,W1,0.205,0.795,0.816964286,0.014500000000000046,0.28950000000000004,0.009250000000000036
0,0,1,LogReg,10,W2,0.2075,0.7925,0.816777042,0.005999999999999983,0.295,0.004749999999999988
0,0,1,SVC,10,X,0.205,0.7925,0.818380744,0.028249999999999997,0.278,-0.0017500000000000293
0,0,1,SVC,10,W1,0.205,0.7825,0.80623608,0.010999999999999987,0.27874999999999994,-0.0032500000000000194
0,0,1,SVC,10,W2,0.215,0.7925,0.814317673,0.008999999999999985,0.2915,0.009249999999999991
0,0,1,RF-C,10,X,0.2025,0.7975,0.817977528,0.042749999999999976,0.2805,0.0022499999999999742
0,0,1,RF-C,10,W1,0.2125,0.7875,0.807256236,0.03624999999999997,0.27749999999999997,0.003249999999999975
0,0,1,RF-C,10,W2,0.22,0.78,0.804444444,0.007000000000000039,0.27275,-0.0047499999999999765
0,0,1,XGBoost-C,10,X,0.195,0.7475,0.778993435,0.019500000000000038,0.22800000000000006,-0.014249999999999952
0,0,1,XGBoost-C,10,W1,0.2025,0.7575,0.788671024,0.01624999999999993,0.24674999999999994,0.0064999999999999615
0,0,1,XGBoost-C,10,W2,0.2275,0.7525,0.781456954,0.012749999999999918,0.2465,0.020749999999999956
0,0,1,MLP-C,10,X,0.1925,0.8075,0.826966292,0.036250000000000004,0.29675,0.012249999999999983
0,0,1,MLP-C,10,W1,0.2075,0.7925,0.814317673,0.013249999999999984,0.28824999999999995,0.005999999999999972
0,0,1,MLP-C,10,W2,0.205,0.795,0.81938326,0.012250000000000028,0.29700000000000004,0.005750000000000033
0,0,2,LogReg,1,X,0.1875,0.8125,0.852652259,0.07974999999999999,0.24674999999999997,0.002499999999999991
0,0,2,LogReg,1,W1,0.2125,0.7875,0.833005894,0.042749999999999976,0.23349999999999999,0.001499999999999968
0,0,2,LogReg,1,W2,0.225,0.775,0.822834646,0.016750000000000032,0.24250000000000002,0.010250000000000037
0,0,2,SVC,1,X,0.175,0.8175,0.857142857,0.10325000000000002,0.23975,0.008999999999999985
0,0,2,SVC,1,W1,0.21,0.7875,0.836223507,0.056499999999999974,0.22325,-0.001000000000000023
0,0,2,SVC,1,W2,0.23,0.765,0.820610687,0.007750000000000012,0.22375000000000003,0.0010000000000000343
0,0,2,RF-C,1,X,0.1775,0.8225,0.859960552,0.08800000000000001,0.24674999999999997,0.015000000000000003
0,0,2,RF-C,1,W1,0.1975,0.8025,0.8477842,0.059999999999999984,0.23149999999999998,0.015749999999999986
0,0,2,RF-C,1,W2,0.23,0.77,0.816733068,0.01000000000000002,0.23500000000000001,0.00275000000000003
0,0,2,XGBoost-C,1,X,0.175,0.7925,0.836291913,0.079,0.22074999999999995,0.015499999999999991
0,0,2,XGBoost-C,1,W1,0.1975,0.755,0.805555556,0.054750000000000035,0.19725,0.0037499999999999977
0,0,2,XGBoost-C,1,W2,0.2275,0.7225,0.781065089,0.004000000000000026,0.18175000000000002,0.002000000000000024
0,0,2,MLP-C,1,X,0.185,0.815,0.852589641,0.08049999999999995,0.24774999999999991,0.004749999999999932
0,0,2,MLP-C,1,W1,0.2075,0.7925,0.836935167,0.048249999999999994,0.23975,0.005249999999999977
0,0,2,MLP-C,1,W2,0.2225,0.7775,0.825831703,0.018249999999999978,0.242,0.009749999999999981
0,0,2,LogReg,2,X,0.175,0.825,0.865384615,0.06274999999999997,0.23874999999999996,0.00874999999999998
0,0,2,LogReg,2,W1,0.2125,0.7875,0.834307992,0.024999999999999988,0.21825,0.006749999999999967
0,0,2,LogReg,2,W2,0.23,0.77,0.817460317,0.0025000000000000243,0.23025,0.004000000000000026
0,0,2,SVC,2,X,0.1875,0.785,0.833976834,0.07350000000000004,0.18250000000000002,-0.013249999999999984
0,0,2,SVC,2,W1,0.22,0.76,0.816793893,0.040500000000000015,0.18250000000000002,-0.012249999999999983
0,0,2,SVC,2,W2,0.2325,0.755,0.810810811,0.00874999999999999,0.20500000000000002,-0.009999999999999976
0,0,2,RF-C,2,X,0.1825,0.8175,0.86252354,0.06224999999999999,0.21925000000000003,-0.005249999999999988
0,0,2,RF-C,2,W1,0.215,0.785,0.836501901,0.028000000000000035,0.20950000000000008,0.0007500000000000284
0,0,2,RF-C,2,W2,0.2275,0.7725,0.825335893,0.017249999999999977,0.22149999999999995,-0.006000000000000038
0,0,2,XGBoost-C,2,X,0.1825,0.785,0.833976834,0.05950000000000003,0.19925000000000004,-0.004249999999999976
0,0,2,XGBoost-C,2,W1,0.2125,0.755,0.810077519,0.02124999999999999,0.19849999999999998,-0.006999999999999995
0,0,2,XGBoost-C,2,W2,0.225,0.73,0.787401575,0.012249999999999983,0.19,-0.011750000000000016
0,0,2,MLP-C,2,X,0.1775,0.8225,0.862669246,0.06575,0.23600000000000004,0.008750000000000025
0,0,2,MLP-C,2,W1,0.215,0.785,0.835249042,0.03275,0.21000000000000005,-0.0029999999999999693
0,0,2,MLP-C,2,W2,0.23,0.77,0.817460317,0.0032500000000000085,0.23025,0.0040000000000000365
0,0,2,LogReg,3,X,0.1725,0.8275,0.863905325,0.06950000000000003,0.26225000000000004,0.0
0,0,2,LogReg,3,W1,0.2,0.8,0.841897233,0.03625000000000006,0.24675000000000002,0.0007500000000000174
0,0,2,LogReg,3,W2,0.1975,0.8025,0.847195358,0.024250000000000004,0.26025,0.0012499999999999734
0,0,2,SVC,3,X,0.175,0.8225,0.858283433,0.07649999999999998,0.24425,0.006500000000000006
0,0,2,SVC,3,W1,0.1975,0.8,0.841269841,0.03950000000000005,0.23650000000000002,0.015750000000000042
0,0,2,SVC,3,W2,0.195,0.7925,0.839458414,0.0245,0.24299999999999997,-0.011250000000000027
0,0,2,RF-C,3,X,0.175,0.825,0.86328125,0.07249999999999994,0.2517499999999999,-0.0015000000000000347
0,0,2,RF-C,3,W1,0.195,0.805,0.846456693,0.04950000000000006,0.24275000000000002,0.015500000000000036
0,0,2,RF-C,3,W2,0.19,0.81,0.849206349,0.04250000000000006,0.26575000000000004,0.00650000000000005
0,0,2,XGBoost-C,3,X,0.1725,0.7725,0.820512821,0.044999999999999964,0.20649999999999996,0.000749999999999984
0,0,2,XGBoost-C,3,W1,0.2,0.7625,0.812623274,0.03524999999999995,0.20399999999999996,0.002999999999999947
0,0,2,XGBoost-C,3,W2,0.1875,0.7775,0.827184466,0.021999999999999964,0.23174999999999996,0.011749999999999972
0,0,2,MLP-C,3,X,0.175,0.825,0.862204724,0.07474999999999994,0.2584999999999999,0.004999999999999993
0,0,2,MLP-C,3,W1,0.2,0.8,0.841897233,0.03725000000000004,0.24050000000000002,0.0037500000000000424
0,0,2,MLP-C,3,W2,0.1725,0.8275,0.862275449,0.03175,0.3,0.001000000000000023
0,0,2,LogReg,4,X,0.1725,0.8275,0.866537718,0.10425000000000002,0.22225,0.0
0,0,2,LogReg,4,W1,0.205,0.795,0.841085271,0.06575000000000002,0.22225,0.0005000000000000227
0,0,2,LogReg,4,W2,0.2475,0.7525,0.808510638,0.006249999999999945,0.2049999999999999,0.0
0,0,2,SVC,4,X,0.1675,0.815,0.860902256,0.10324999999999995,0.19499999999999992,-0.006750000000000045
0,0,2,SVC,4,W1,0.195,0.8025,0.850094877,0.06949999999999998,0.22000000000000003,0.005999999999999972
0,0,2,SVC,4,W2,0.25,0.7425,0.80961183,0.005750000000000033,0.17825000000000008,-0.0007499999999999507
0,0,2,RF-C,4,X,0.1875,0.8125,0.856046065,0.06649999999999999,0.2225,0.01399999999999999
0,0,2,RF-C,4,W1,0.21,0.79,0.837209302,0.04925000000000003,0.22075000000000006,0.013500000000000035
0,0,2,RF-C,4,W2,0.235,0.765,0.818532819,0.020499999999999997,0.20925000000000002,0.015500000000000003
0,0,2,XGBoost-C,4,X,0.175,0.7775,0.82306163,0.09499999999999995,0.18924999999999997,-0.0012500000000000289
0,0,2,XGBoost-C,4,W1,0.1925,0.7475,0.8,0.058500000000000066,0.18400000000000005,-0.004999999999999949
0,0,2,XGBoost-C,4,W2,0.2325,0.72,0.782945736,0.01974999999999998,0.16824999999999996,-0.00900000000000003
0,0,2,MLP-C,4,X,0.1675,0.8325,0.869395712,0.10475000000000001,0.22600000000000003,0.0037500000000000424
0,0,2,MLP-C,4,W1,0.1975,0.8025,0.848368522,0.06949999999999998,0.22574999999999998,0.007249999999999967
0,0,2,MLP-C,4,W2,0.245,0.755,0.809338521,0.013250000000000007,0.20875,0.00425000000000002
0,0,2,LogReg,5,X,0.1825,0.8175,0.861480076,0.09,0.21025,0.002000000000000024
0,0,2,LogReg,5,W1,0.2025,0.7975,0.847457627,0.04724999999999999,0.209,0.0014999999999999569
0,0,2,LogReg,5,W2,0.2225,0.7775,0.831119545,0.01824999999999999,0.22199999999999998,0.0019999999999999575
0,0,2,SVC,5,X,0.1825,0.815,0.858778626,0.10374999999999994,0.19924999999999995,0.0009999999999999675
0,0,2,SVC,5,W1,0.19,0.7975,0.848030019,0.07749999999999999,0.18625,0.0029999999999999693
0,0,2,SVC,5,W2,0.2125,0.765,0.82527881,0.017750000000000023,0.20650000000000004,-0.006749999999999967
0,0,2,RF-C,5,X,0.18,0.82,0.865671642,0.06949999999999996,0.22874999999999995,0.005749999999999955
0,0,2,RF-C,5,W1,0.1975,0.8025,0.855575868,0.05125,0.21275,0.006499999999999973
0,0,2,RF-C,5,W2,0.2275,0.7725,0.824662813,0.014249999999999974,0.22349999999999995,-0.0045000000000000265
0,0,2,XGBoost-C,5,X,0.1775,0.7675,0.818003914,0.06099999999999994,0.18149999999999994,0.0007499999999999729
0,0,2,XGBoost-C,5,W1,0.1975,0.77,0.825757576,0.053000000000000005,0.18825000000000003,0.015250000000000031
0,0,2,XGBoost-C,5,W2,0.2225,0.7125,0.777562863,0.005750000000000033,0.1565,-0.007999999999999974
0,0,2,MLP-C,5,X,0.1775,0.8225,0.866290019,0.09275000000000001,0.21800000000000003,0.005999999999999994
0,0,2,MLP-C,5,W1,0.205,0.795,0.844106464,0.05650000000000003,0.20525000000000002,0.003000000000000036
0,0,2,MLP-C,5,W2,0.215,0.785,0.836501901,0.029500000000000026,0.23275000000000007,0.0022500000000000298
0,0,2,LogReg,6,X,0.2,0.8,0.851301115,0.058750000000000045,0.20050000000000007,0.0032500000000000528
0,0,2,LogReg,6,W1,0.21,0.79,0.843283582,0.05325000000000003,0.20825000000000005,0.003750000000000031
0,0,2,LogReg,6,W2,0.2375,0.7625,0.825688073,0.018749999999999944,0.19149999999999995,0.000749999999999984
0,0,2,SVC,6,X,0.1975,0.78,0.833962264,0.06425000000000003,0.17775000000000002,-0.019999999999999983
0,0,2,SVC,6,W1,0.22,0.7475,0.818671454,0.02575000000000004,0.17000000000000007,-0.018249999999999933
0,0,2,SVC,6,W2,0.24,0.7425,0.815742397,0.010500000000000042,0.16425000000000006,-0.005749999999999966
0,0,2,RF-C,6,X,0.215,0.785,0.840740741,0.05000000000000001,0.19650000000000004,0.001000000000000023
0,0,2,RF-C,6,W1,0.23,0.77,0.830258303,0.04075000000000001,0.19400000000000003,-0.0064999999999999945
0,0,2,RF-C,6,W2,0.245,0.755,0.821818182,0.019500000000000007,0.18125,0.004500000000000004
0,0,2,XGBoost-C,6,X,0.21,0.775,0.831460674,0.06875000000000002,0.18675000000000003,0.007750000000000035
0,0,2,XGBoost-C,6,W1,0.2325,0.745,0.810408922,0.03700000000000001,0.179,0.0005000000000000115
0,0,2,XGBoost-C,6,W2,0.2425,0.725,0.794007491,0.014249999999999974,0.15549999999999997,-1.1102230246251566e-17
0,0,2,MLP-C,6,X,0.2025,0.7975,0.845714286,0.06799999999999999,0.19449999999999998,-0.0012500000000000289
0,0,2,MLP-C,6,W1,0.2075,0.7925,0.844277674,0.05349999999999997,0.21374999999999997,0.005499999999999982
0,0,2,MLP-C,6,W2,0.2375,0.7625,0.825688073,0.018749999999999944,0.19149999999999995,-0.0005000000000000115
0,0,2,LogReg,7,X,0.1475,0.8525,0.887619048,0.07950000000000004,0.25350000000000006,0.0015000000000000347
0,0,2,LogReg,7,W1,0.165,0.835,0.873563218,0.05399999999999996,0.24525000000000002,0.0017499999999999738
0,0,2,LogReg,7,W2,0.1925,0.8075,0.855534709,0.016999999999999994,0.24899999999999997,0.0004999999999999672
0,0,2,SVC,7,X,0.165,0.825,0.86381323,0.10299999999999995,0.2139999999999999,-3.3306690738754695e-17
0,0,2,SVC,7,W1,0.1675,0.8175,0.860952381,0.05800000000000002,0.22275,-0.001499999999999968
0,0,2,SVC,7,W2,0.18,0.815,0.861423221,0.01624999999999993,0.2544999999999999,0.0034999999999999476
0,0,2,RF-C,7,X,0.155,0.845,0.885608856,0.07399999999999998,0.23999999999999994,-0.0025000000000000356
0,0,2,RF-C,7,W1,0.165,0.835,0.872586873,0.06099999999999998,0.25,0.00874999999999997
0,0,2,RF-C,7,W2,0.19,0.81,0.859259259,0.015000000000000046,0.24475000000000008,0.0037500000000000424
0,0,2,XGBoost-C,7,X,0.1525,0.8,0.841269841,0.08225000000000005,0.19900000000000004,-0.008999999999999963
0,0,2,XGBoost-C,7,W1,0.1625,0.785,0.830039526,0.05725000000000004,0.20525000000000002,-0.01799999999999996
0,0,2,XGBoost-C,7,W2,0.1875,0.7775,0.825147348,0.008999999999999975,0.223,0.025999999999999968
0,0,2,MLP-C,7,X,0.155,0.845,0.881226054,0.08199999999999998,0.24874999999999997,0.0004999999999999672
0,0,2,MLP-C,7,W1,0.1675,0.8325,0.871401152,0.05400000000000001,0.24325000000000005,-0.0004999999999999894
0,0,2,MLP-C,7,W2,0.1825,0.8175,0.860952381,0.011749999999999983,0.27074999999999994,0.0017500000000000183
0,0,2,LogReg,8,X,0.1825,0.8175,0.859344894,0.08925,0.21374999999999997,-0.001749999999999996
0,0,2,LogReg,8,W1,0.185,0.815,0.858237548,0.07474999999999994,0.22774999999999998,0.00449999999999996
0,0,2,LogReg,8,W2,0.2225,0.7775,0.833020638,0.01449999999999999,0.22224999999999998,0.007999999999999974
0,0,2,SVC,8,X,0.1825,0.8075,0.856610801,0.08975,0.18824999999999997,-0.016749999999999998
0,0,2,SVC,8,W1,0.19,0.785,0.840148699,0.06225000000000003,0.18400000000000002,-0.018999999999999996
0,0,2,SVC,8,W2,0.225,0.765,0.82527881,0.012500000000000022,0.20525000000000002,-0.002749999999999986
0,0,2,RF-C,8,X,0.1875,0.8125,0.858757062,0.07899999999999999,0.21775000000000003,0.0032499999999999864
0,0,2,RF-C,8,W1,0.2,0.8,0.846743295,0.05825000000000004,0.21200000000000002,-0.0037499999999999535
0,0,2,RF-C,8,W2,0.2175,0.7825,0.834285714,0.03424999999999999,0.22824999999999998,0.02799999999999997
0,0,2,XGBoost-C,8,X,0.1825,0.8,0.846743295,0.07875000000000004,0.2060000000000001,0.009000000000000041
0,0,2,XGBoost-C,8,W1,0.19,0.7725,0.826666667,0.05649999999999996,0.19399999999999995,-0.010500000000000032
0,0,2,XGBoost-C,8,W2,0.2275,0.7475,0.806142035,0.019250000000000045,0.19800000000000004,-0.0064999999999999615
0,0,2,MLP-C,8,X,0.18,0.82,0.863636364,0.08824999999999995,0.21874999999999992,0.002499999999999969
0,0,2,MLP-C,8,W1,0.185,0.815,0.858237548,0.07324999999999993,0.22849999999999993,0.0047499999999999435
0,0,2,MLP-C,8,W2,0.22,0.78,0.835205993,0.02050000000000003,0.21950000000000003,0.009500000000000041
0,0,2,LogReg,9,X,0.175,0.825,0.872262774,0.06349999999999996,0.20099999999999993,0.003999999999999971
0,0,2,LogReg,9,W1,0.1825,0.8175,0.865561694,0.06000000000000001,0.20249999999999999,0.005500000000000005
0,0,2,LogReg,9,W2,0.2225,0.7775,0.83963964,0.023499999999999986,0.19224999999999998,0.0027499999999999634
0,0,2,SVC,9,X,0.1825,0.8075,0.859232176,0.07075000000000001,0.17175,-0.004249999999999999
0,0,2,SVC,9,W1,0.185,0.7925,0.848816029,0.04999999999999999,0.16574999999999998,-0.0030000000000000248
0,0,2,SVC,9,W2,0.215,0.7725,0.837789661,0.020999999999999974,0.18224999999999997,-0.0035000000000000252
0,0,2,RF-C,9,X,0.1875,0.8125,0.864864865,0.05475000000000001,0.193,-0.0019999999999999684
0,0,2,RF-C,9,W1,0.1925,0.8075,0.859744991,0.0495,0.19324999999999998,-0.0005000000000000227
0,0,2,RF-C,9,W2,0.205,0.795,0.853046595,0.03700000000000005,0.19450000000000006,-0.003999999999999971
0,0,2,XGBoost-C,9,X,0.18,0.785,0.840148699,0.053000000000000026,0.16625000000000006,0.01600000000000006
0,0,2,XGBoost-C,9,W1,0.1925,0.7825,0.839779006,0.04474999999999997,0.17824999999999996,0.024749999999999973
0,0,2,XGBoost-C,9,W2,0.21,0.7525,0.814258912,0.013249999999999939,0.18149999999999994,0.02624999999999993
0,0,2,MLP-C,9,X,0.18,0.82,0.866666667,0.07199999999999993,0.20024999999999996,-0.00275000000000003
0,0,2,MLP-C,9,W1,0.1825,0.8175,0.865561694,0.05775000000000001,0.20475,0.005500000000000005
0,0,2,MLP-C,9,W2,0.205,0.795,0.84981685,0.037250000000000026,0.21225,0.0070000000000000175
0,0,2,LogReg,10,X,0.1625,0.8375,0.880733945,0.07225000000000004,0.23674999999999996,0.00800000000000003
0,0,2,LogReg,10,W1,0.1775,0.8225,0.86728972,0.061750000000000006,0.24,-0.00024999999999996135
0,0,2,LogReg,10,W2,0.215,0.785,0.844202899,0.014750000000000018,0.21050000000000005,0.0017500000000000183
0,0,2,SVC,10,X,0.175,0.8275,0.87245841,0.095,0.21025,0.0055000000000000274
0,0,2,SVC,10,W1,0.17,0.8175,0.867513612,0.05750000000000001,0.2305,-0.005999999999999972
0,0,2,SVC,10,W2,0.2175,0.775,0.839285714,0.008750000000000025,0.196,0.0017500000000000293
0,0,2,RF-C,10,X,0.1675,0.8325,0.873822976,0.09000000000000002,0.23000000000000004,0.025500000000000002
0,0,2,RF-C,10,W1,0.1625,0.8375,0.878957169,0.07625000000000004,0.25425000000000003,0.033000000000000015
0,0,2,RF-C,10,W2,0.205,0.795,0.845283019,0.019000000000000027,0.23375000000000004,0.02375000000000005
0,0,2,XGBoost-C,10,X,0.1675,0.7775,0.828516378,0.07449999999999997,0.18224999999999997,-0.0032500000000000306
0,0,2,XGBoost-C,10,W1,0.17,0.8,0.84962406,0.06450000000000003,0.21850000000000006,0.03250000000000005
0,0,2,XGBoost-C,10,W2,0.1975,0.7675,0.822857143,0.018749999999999954,0.20149999999999996,0.01274999999999995
0,0,2,MLP-C,10,X,0.1675,0.8325,0.874766355,0.08700000000000002,0.2285,0.005500000000000038
0,0,2,MLP-C,10,W1,0.165,0.835,0.878676471,0.06874999999999999,0.24874999999999997,0.0
0,0,2,MLP-C,10,W2,0.21,0.79,0.840304183,0.02425000000000004,0.22950000000000004,0.006250000000000033
0,1,0,LogReg,1,X,0.14,0.86,0.919770774,0.0355,0.07024999999999997,0.0
0,1,0,LogReg,1,W1,0.165,0.835,0.905982906,0.012249999999999973,0.04524999999999994,0.0004999999999999894
0,1,0,LogReg,1,W2,0.175,0.825,0.903047091,-0.002000000000000024,0.019249999999999944,0.0
0,1,0,SVC,1,X,0.1575,0.8375,0.908579466,0.018250000000000034,0.034499999999999996,0.004500000000000048
0,1,0,SVC,1,W1,0.1775,0.8225,0.900420757,0.0005000000000000337,0.02025,-0.00249999999999998
0,1,0,SVC,1,W2,0.1775,0.8175,0.899310345,0.0005000000000000115,0.00275000000000003,0.002000000000000046
0,1,0,RF-C,1,X,0.17,0.83,0.90368272,0.013749999999999962,0.026499999999999947,-0.003750000000000031
0,1,0,RF-C,1,W1,0.1775,0.8225,0.901251739,-0.00024999999999996135,0.015000000000000003,-0.0009999999999999564
0,1,0,RF-C,1,W2,0.1775,0.8225,0.901798064,0.0022500000000000298,0.012750000000000006,0.0035000000000000252
0,1,0,XGBoost-C,1,X,0.155,0.8,0.881305638,0.026000000000000044,0.039500000000000056,-0.009499999999999953
0,1,0,XGBoost-C,1,W1,0.1675,0.8,0.882697947,0.022000000000000054,0.042250000000000065,-0.0017499999999999517
0,1,0,XGBoost-C,1,W2,0.1675,0.795,0.880813953,0.01750000000000005,0.03475000000000006,-0.0007499999999999619
0,1,0,MLP-C,1,X,0.14,0.86,0.919770774,0.03624999999999999,0.07149999999999998,0.0012499999999999955
0,1,0,MLP-C,1,W1,0.1525,0.8475,0.912482066,0.021500000000000064,0.062250000000000014,0.004500000000000037
0,1,0,MLP-C,1,W2,0.1675,0.8325,0.906293706,0.0045000000000000265,0.027749999999999997,0.010000000000000042
0,1,0,LogReg,2,X,0.175,0.825,0.897959184,0.038499999999999944,0.056749999999999946,-3.3306690738754695e-17
0,1,0,LogReg,2,W1,0.1675,0.8325,0.902474527,0.04725,0.06350000000000003,0.0032500000000000306
0,1,0,LogReg,2,W2,0.2,0.8,0.888268156,0.0042500000000000315,0.007000000000000039,0.0017500000000000293
0,1,0,SVC,2,X,0.17,0.83,0.900874636,0.04399999999999996,0.06199999999999996,0.008499999999999975
0,1,0,SVC,2,W1,0.165,0.835,0.904899135,0.04124999999999995,0.05699999999999998,0.015249999999999986
0,1,0,SVC,2,W2,0.2025,0.7975,0.886713287,0.0027499999999999634,0.009999999999999976,0.004999999999999982
0,1,0,RF-C,2,X,0.17,0.83,0.901162791,0.042249999999999954,0.05474999999999995,0.010749999999999982
0,1,0,RF-C,2,W1,0.1625,0.8375,0.904831625,0.05350000000000003,0.06600000000000003,0.02525000000000003
0,1,0,RF-C,2,W2,0.2,0.8,0.885386819,0.011000000000000043,0.028500000000000046,0.015500000000000036
0,1,0,XGBoost-C,2,X,0.1725,0.76,0.853658537,0.017249999999999998,0.023749999999999993,-0.028750000000000008
0,1,0,XGBoost-C,2,W1,0.17,0.77,0.859756098,0.02925000000000001,0.027500000000000004,-0.017749999999999978
0,1,0,XGBoost-C,2,W2,0.195,0.75,0.850746269,-0.0004999999999999894,0.028000000000000004,-0.005249999999999977
0,1,0,MLP-C,2,X,0.1775,0.8225,0.895434462,0.05325000000000002,0.0675,0.009250000000000003
0,1,0,MLP-C,2,W1,0.1675,0.8325,0.902474527,0.04900000000000001,0.06175000000000001,0.005250000000000021
0,1,0,MLP-C,2,W2,0.1925,0.8075,0.889526542,0.015499999999999991,0.03350000000000001,0.017499999999999995
0,1,0,LogReg,3,X,0.1725,0.8275,0.898379971,0.040000000000000015,0.06475000000000003,0.00275000000000003
0,1,0,LogReg,3,W1,0.18,0.82,0.898016997,0.01624999999999993,0.04024999999999995,0.011749999999999927
0,1,0,LogReg,3,W2,0.1875,0.8125,0.893917963,0.0019999999999999797,0.025750000000000006,0.0037499999999999643
0,1,0,SVC,3,X,0.175,0.825,0.898550725,0.03749999999999996,0.05624999999999997,0.006999999999999962
0,1,0,SVC,3,W1,0.1875,0.8025,0.886330935,0.007499999999999984,0.028750000000000008,0.0007499999999999729
0,1,0,SVC,3,W2,0.1975,0.795,0.883852691,0.0007500000000000395,0.015000000000000046,-0.011499999999999965
0,1,0,RF-C,3,X,0.1775,0.8225,0.896652111,0.0365,0.05750000000000003,0.006000000000000017
0,1,0,RF-C,3,W1,0.19,0.81,0.892045455,0.011750000000000038,0.031750000000000056,0.006000000000000038
0,1,0,RF-C,3,W2,0.1975,0.8025,0.890429958,0.0,0.0,0.0
0,1,0,XGBoost-C,3,X,0.1775,0.78,0.868656716,0.036750000000000005,0.04050000000000002,-0.005499999999999961
0,1,0,XGBoost-C,3,W1,0.195,0.77,0.863095238,0.01975,0.036250000000000004,0.000250000000000028
0,1,0,XGBoost-C,3,W2,0.19,0.7625,0.859259259,0.001499999999999968,0.021749999999999946,-0.005500000000000038
0,1,0,MLP-C,3,X,0.1675,0.8325,0.898638427,0.06275000000000003,0.08750000000000001,0.0035000000000000144
0,1,0,MLP-C,3,W1,0.18,0.82,0.894736842,0.02524999999999995,0.05824999999999997,0.01799999999999994
0,1,0,MLP-C,3,W2,0.1875,0.8125,0.89146165,0.01449999999999998,0.05075,0.005999999999999983
0,1,0,LogReg,4,X,0.1625,0.8375,0.907275321,0.03300000000000001,0.04975000000000003,0.005000000000000037
0,1,0,LogReg,4,W1,0.1625,0.8375,0.906743185,0.042,0.06450000000000003,0.0
0,1,0,LogReg,4,W2,0.1675,0.8325,0.90523338,0.014500000000000013,0.04875000000000003,0.0012500000000000289
0,1,0,SVC,4,X,0.1725,0.82,0.896253602,0.027499999999999934,0.03624999999999995,-0.009500000000000041
0,1,0,SVC,4,W1,0.18,0.815,0.893678161,0.021749999999999936,0.03449999999999994,-0.011500000000000055
0,1,0,SVC,4,W2,0.1825,0.8125,0.895104895,0.003499999999999981,0.012499999999999989,0.00499999999999996
0,1,0,RF-C,4,X,0.15,0.85,0.910979228,0.07049999999999998,0.08824999999999997,0.022249999999999992
0,1,0,RF-C,4,W1,0.16,0.84,0.905882353,0.06724999999999998,0.08424999999999998,0.010749999999999982
0,1,0,RF-C,4,W2,0.16,0.84,0.907246377,0.028249999999999977,0.08299999999999999,0.02674999999999996
0,1,0,XGBoost-C,4,X,0.15,0.825,0.895833333,0.059499999999999956,0.07099999999999995,0.009499999999999963
0,1,0,XGBoost-C,4,W1,0.155,0.8075,0.885586924,0.03425,0.0595,-0.0035000000000000252
0,1,0,XGBoost-C,4,W2,0.17,0.785,0.872403561,0.010750000000000048,0.055000000000000014,-0.005499999999999982
0,1,0,MLP-C,4,X,0.1625,0.8375,0.906204906,0.039500000000000014,0.05950000000000002,0.002000000000000035
0,1,0,MLP-C,4,W1,0.16,0.84,0.908045977,0.03899999999999994,0.07124999999999998,0.0
0,1,0,MLP-C,4,W2,0.17,0.83,0.903954802,0.01699999999999997,0.04349999999999996,-0.00025000000000001686
0,1,0,LogReg,5,X,0.145,0.855,0.917378917,0.024250000000000004,0.06349999999999997,0.003249999999999975
0,1,0,LogReg,5,W1,0.145,0.855,0.917378917,0.024250000000000004,0.06299999999999997,0.0014999999999999792
0,1,0,LogReg,5,W2,0.1675,0.8325,0.906293706,0.0032500000000000306,0.029249999999999998,0.0015000000000000347
0,1,0,SVC,5,X,0.155,0.8425,0.909871245,0.019250000000000045,0.051250000000000004,-0.005499999999999961
0,1,0,SVC,5,W1,0.155,0.8475,0.913719943,0.021250000000000057,0.048750000000000016,-0.00249999999999998
0,1,0,SVC,5,W2,0.165,0.8325,0.906293706,0.003750000000000031,0.027500000000000014,0.0022500000000000298
0,1,0,RF-C,5,X,0.1475,0.8525,0.915834522,0.02675000000000004,0.06975000000000005,0.012250000000000039
0,1,0,RF-C,5,W1,0.1475,0.8525,0.915351506,0.028750000000000064,0.07000000000000003,0.015250000000000052
0,1,0,RF-C,5,W2,0.1575,0.8425,0.911392405,0.009750000000000036,0.049750000000000016,0.012250000000000039
0,1,0,XGBoost-C,5,X,0.145,0.81,0.886904762,0.02375000000000006,0.04375000000000007,-0.010249999999999948
0,1,0,XGBoost-C,5,W1,0.145,0.8175,0.893118594,0.015249999999999996,0.05425000000000002,0.003499999999999992
0,1,0,XGBoost-C,5,W2,0.1575,0.825,0.897660819,0.011499999999999965,0.06749999999999998,0.006249999999999955
0,1,0,MLP-C,5,X,0.1475,0.8525,0.916073969,0.022000000000000054,0.05675000000000002,0.0
0,1,0,MLP-C,5,W1,0.145,0.855,0.917378917,0.024250000000000004,0.06449999999999997,0.0019999999999999797
0,1,0,MLP-C,5,W2,0.165,0.835,0.907303371,0.005499999999999972,0.035999999999999976,0.00024999999999997247
0,1,0,LogReg,6,X,0.17,0.83,0.901734104,0.03749999999999996,0.04349999999999996,0.0004999999999999894
0,1,0,LogReg,6,W1,0.1775,0.8225,0.897546898,0.031000000000000007,0.03850000000000001,0.0012500000000000289
0,1,0,LogReg,6,W2,0.1925,0.8075,0.892307692,-0.0007500000000000395,0.013249999999999984,0.0004999999999999894
0,1,0,SVC,6,X,0.1725,0.825,0.9,0.025499999999999932,0.03474999999999996,0.0047499999999999765
0,1,0,SVC,6,W1,0.1775,0.82,0.897142857,0.021249999999999936,0.03149999999999994,0.005499999999999961
0,1,0,SVC,6,W2,0.195,0.805,0.891364903,0.0037500000000000424,0.006750000000000034,0.0015000000000000234
0,1,0,RF-C,6,X,0.18,0.82,0.896551724,0.025499999999999946,0.028499999999999935,0.003499999999999959
0,1,0,RF-C,6,W1,0.18,0.82,0.896551724,0.03474999999999996,0.03624999999999995,0.0064999999999999615
0,1,0,RF-C,6,W2,0.185,0.815,0.893982808,0.024499999999999945,0.05399999999999996,0.026499999999999958
0,1,0,XGBoost-C,6,X,0.1725,0.805,0.884615385,0.054250000000000055,0.037500000000000054,0.011500000000000055
0,1,0,XGBoost-C,6,W1,0.185,0.7925,0.876304024,0.03999999999999998,0.027749999999999997,0.0007499999999999729
0,1,0,XGBoost-C,6,W2,0.1925,0.785,0.874269006,-0.0009999999999999788,0.038500000000000034,0.006500000000000028
0,1,0,MLP-C,6,X,0.17,0.83,0.901449275,0.04074999999999995,0.04349999999999995,0.0004999999999999672
0,1,0,MLP-C,6,W1,0.175,0.825,0.897360704,0.037249999999999964,0.04874999999999996,0.013499999999999956
0,1,0,MLP-C,6,W2,0.19,0.81,0.893557423,0.005500000000000038,0.015500000000000047,0.005000000000000037
0,1,0,LogReg,7,X,0.155,0.845,0.909620991,0.05849999999999996,0.08849999999999997,0.005249999999999966
0,1,0,LogReg,7,W1,0.1825,0.8175,0.894964029,0.025749999999999985,0.05200000000000001,-0.003249999999999975
0,1,0,LogReg,7,W2,0.195,0.805,0.890449438,0.006000000000000028,0.017750000000000033,1.1102230246251566e-17
0,1,0,SVC,7,X,0.17,0.8225,0.897841727,0.03325,0.05225000000000002,-0.007249999999999979
0,1,0,SVC,7,W1,0.195,0.8,0.886363636,0.0030000000000000248,0.019750000000000045,-0.01174999999999996
0,1,0,SVC,7,W2,0.1975,0.7975,0.887029289,-0.0012500000000000289,0.00249999999999998,-0.005250000000000032
0,1,0,RF-C,7,X,0.175,0.825,0.898255814,0.042749999999999955,0.07124999999999995,-0.005000000000000027
0,1,0,RF-C,7,W1,0.1825,0.8175,0.894660895,0.021999999999999985,0.05675000000000002,-0.0017499999999999738
0,1,0,RF-C,7,W2,0.195,0.805,0.887608069,0.012250000000000039,0.04475000000000007,0.007750000000000023
0,1,0,XGBoost-C,7,X,0.1575,0.7625,0.855403349,0.03474999999999995,0.04024999999999995,-0.022500000000000055
0,1,0,XGBoost-C,7,W1,0.1825,0.765,0.858433735,0.016250000000000007,0.03250000000000001,-0.00724999999999999
0,1,0,XGBoost-C,7,W2,0.1875,0.7575,0.855439642,-0.006500000000000028,0.035499999999999934,-0.0045000000000000595
0,1,0,MLP-C,7,X,0.155,0.845,0.909356725,0.06049999999999998,0.09599999999999999,0.013249999999999984
0,1,0,MLP-C,7,W1,0.175,0.825,0.898255814,0.03474999999999995,0.06524999999999996,0.0027499999999999747
0,1,0,MLP-C,7,W2,0.1925,0.8075,0.891701828,0.005999999999999994,0.022,0.0009999999999999788
0,1,0,LogReg,8,X,0.1525,0.8475,0.912230216,0.035750000000000025,0.05850000000000003,0.006250000000000045
0,1,0,LogReg,8,W1,0.1725,0.8275,0.901287554,0.01100000000000002,0.03450000000000001,-0.0009999999999999675
0,1,0,LogReg,8,W2,0.18,0.82,0.899159664,0.005749999999999966,0.019749999999999934,0.0002499999999999947
0,1,0,SVC,8,X,0.1575,0.8375,0.90647482,0.03175000000000002,0.05025000000000002,-0.004999999999999982
0,1,0,SVC,8,W1,0.1725,0.83,0.902857143,0.01574999999999995,0.037249999999999964,0.0019999999999999575
0,1,0,SVC,8,W2,0.18,0.8175,0.89818689,-0.0007499999999999729,0.009999999999999986,-0.0004999999999999672
0,1,0,RF-C,8,X,0.165,0.835,0.905714286,0.024749999999999973,0.04249999999999997,-0.0042500000000000315
0,1,0,RF-C,8,W1,0.1725,0.8275,0.900144718,0.016250000000000007,0.03649999999999999,0.005750000000000033
0,1,0,RF-C,8,W2,0.1775,0.8225,0.897250362,0.012250000000000006,0.04750000000000004,0.013249999999999994
0,1,0,XGBoost-C,8,X,0.1525,0.825,0.895833333,0.046999999999999965,0.05374999999999995,0.015249999999999953
0,1,0,XGBoost-C,8,W1,0.1675,0.8125,0.889867841,0.015249999999999975,0.0475,0.009749999999999991
0,1,0,XGBoost-C,8,W2,0.1775,0.8,0.883040936,0.006500000000000017,0.03425000000000006,0.0010000000000000343
0,1,0,MLP-C,8,X,0.145,0.855,0.915942029,0.04849999999999999,0.06949999999999998,0.011749999999999983
0,1,0,MLP-C,8,W1,0.17,0.83,0.902017291,0.015249999999999963,0.04624999999999996,0.010749999999999982
0,1,0,MLP-C,8,W2,0.18,0.82,0.898591549,0.005749999999999966,0.02424999999999995,0.0034999999999999697
0,1,0,LogReg,9,X,0.1725,0.8275,0.902953586,0.02075,0.028750000000000008,0.006000000000000038
0,1,0,LogReg,9,W1,0.1825,0.8175,0.896746818,0.012249999999999983,0.024749999999999994,0.007999999999999985
0,1,0,LogReg,9,W2,0.18,0.82,0.898876404,0.013999999999999934,0.021249999999999956,0.00999999999999993
0,1,0,SVC,9,X,0.165,0.8275,0.902679831,0.027250000000000007,0.03250000000000001,0.010750000000000027
0,1,0,SVC,9,W1,0.1775,0.815,0.896067416,0.008499999999999942,0.013999999999999934,0.005249999999999944
0,1,0,SVC,9,W2,0.1875,0.81,0.894736842,0.00025000000000001686,0.0027500000000000415,-0.0012499999999999623
0,1,0,RF-C,9,X,0.17,0.83,0.904225352,0.032249999999999945,0.03674999999999996,0.01599999999999996
0,1,0,RF-C,9,W1,0.1775,0.8225,0.899004267,0.021999999999999974,0.03550000000000001,0.019999999999999997
0,1,0,RF-C,9,W2,0.185,0.815,0.896358543,0.007999999999999929,0.021249999999999956,0.0059999999999999385
0,1,0,XGBoost-C,9,X,0.165,0.7925,0.87667162,0.04199999999999997,0.03799999999999999,0.014749999999999985
0,1,0,XGBoost-C,9,W1,0.1825,0.78,0.869436202,0.020250000000000035,0.03650000000000002,0.011500000000000033
0,1,0,XGBoost-C,9,W2,0.185,0.795,0.880813953,0.02300000000000004,0.04400000000000004,0.020750000000000036
0,1,0,MLP-C,9,X,0.1725,0.8275,0.9004329,0.038,0.04800000000000003,0.011000000000000032
0,1,0,MLP-C,9,W1,0.1825,0.8175,0.897327707,0.009749999999999991,0.01649999999999998,0.011499999999999977
0,1,0,MLP-C,9,W2,0.18,0.82,0.898876404,0.013999999999999934,0.021249999999999956,0.00999999999999993
0,1,0,LogReg,10,X,0.15,0.85,0.914529915,0.030999999999999982,0.04574999999999996,0.002499999999999969
0,1,0,LogReg,10,W1,0.16,0.84,0.91011236,0.01824999999999999,0.03549999999999994,0.0
0,1,0,LogReg,10,W2,0.1675,0.8325,0.906555091,0.004500000000000037,0.02849999999999999,0.0
0,1,0,SVC,10,X,0.1525,0.8425,0.911392405,0.023250000000000038,0.03325000000000002,-0.0009999999999999788
0,1,0,SVC,10,W1,0.1575,0.8425,0.911640954,0.01700000000000006,0.03575000000000002,0.004250000000000054
0,1,0,SVC,10,W2,0.175,0.82,0.900826446,0.0,0.0037499999999999535,-0.004000000000000026
0,1,0,RF-C,10,X,0.1425,0.8575,0.917985612,0.04375000000000003,0.06650000000000003,0.018250000000000044
0,1,0,RF-C,10,W1,0.15,0.85,0.914529915,0.02799999999999998,0.060249999999999984,0.014249999999999985
0,1,0,RF-C,10,W2,0.175,0.825,0.903047091,0.005749999999999977,0.013499999999999956,-0.003250000000000042
0,1,0,XGBoost-C,10,X,0.145,0.8225,0.895741557,0.03725000000000002,0.052000000000000025,-0.000749999999999984
0,1,0,XGBoost-C,10,W1,0.1575,0.8225,0.897250362,0.03174999999999999,0.05675,0.013750000000000007
0,1,0,XGBoost-C,10,W2,0.1625,0.79,0.877906977,0.009000000000000041,0.02475000000000004,0.007500000000000051
0,1,0,MLP-C,10,X,0.15,0.85,0.914285714,0.03249999999999996,0.049499999999999954,0.0012499999999999734
0,1,0,MLP-C,10,W1,0.15,0.85,0.915254237,0.02699999999999998,0.04849999999999997,0.009749999999999981
0,1,0,MLP-C,10,W2,0.165,0.835,0.908077994,0.010749999999999982,0.026499999999999958,0.0007499999999999729
0,1,1,LogReg,1,X,0.1775,0.8225,0.881863561,0.01200000000000001,0.199,-0.000749999999999984
0,1,1,LogReg,1,W1,0.1675,0.8325,0.887772194,0.022750000000000013,0.21200000000000002,0.0012500000000000178
0,1,1,LogReg,1,W2,0.17,0.83,0.88852459,0.003749999999999987,0.20449999999999996,0.0
0,1,1,SVC,1,X,0.1825,0.8125,0.875207987,0.005499999999999994,0.184,-0.006249999999999978
0,1,1,SVC,1,W1,0.1775,0.8075,0.870588235,0.008999999999999975,0.18324999999999997,-0.012499999999999989
0,1,1,SVC,1,W2,0.1725,0.8225,0.883031301,0.003000000000000036,0.198,-0.0017499999999999738
0,1,1,RF-C,1,X,0.175,0.825,0.881355932,0.007499999999999974,0.20849999999999996,-0.006250000000000022
0,1,1,RF-C,1,W1,0.1725,0.8275,0.884033613,0.02450000000000001,0.20375000000000001,-0.0002499999999999836
0,1,1,RF-C,1,W2,0.175,0.825,0.880136986,0.003999999999999981,0.22224999999999998,0.005249999999999977
0,1,1,XGBoost-C,1,X,0.1725,0.8,0.862542955,0.0040000000000000365,0.18875000000000003,-0.0024999999999999467
0,1,1,XGBoost-C,1,W1,0.165,0.8075,0.86701209,0.00249999999999998,0.19925,0.00874999999999998
0,1,1,XGBoost-C,1,W2,0.1625,0.805,0.865979381,0.006000000000000028,0.19900000000000004,0.009500000000000031
0,1,1,MLP-C,1,X,0.1675,0.8325,0.887772194,0.011250000000000038,0.21475000000000005,0.0
0,1,1,MLP-C,1,W1,0.17,0.83,0.88590604,0.022249999999999947,0.21174999999999997,-0.0022500000000000298
0,1,1,MLP-C,1,W2,0.1675,0.8325,0.889256198,0.007750000000000035,0.21275000000000005,0.0002500000000000391
0,1,1,LogReg,2,X,0.15,0.85,0.896193772,0.02949999999999999,0.24499999999999997,-0.0005000000000000337
0,1,1,LogReg,2,W1,0.1675,0.8325,0.885470085,0.006000000000000038,0.23050000000000007,0.0012500000000000289
0,1,1,LogReg,2,W2,0.1625,0.8375,0.887348354,0.011000000000000032,0.2385,0.002000000000000046
0,1,1,SVC,2,X,0.145,0.8575,0.902564103,0.028750000000000053,0.24900000000000003,0.014500000000000035
0,1,1,SVC,2,W1,0.16,0.8425,0.893401015,0.014500000000000035,0.23675000000000007,0.015000000000000036
0,1,1,SVC,2,W2,0.1625,0.83,0.883561644,0.008499999999999985,0.22774999999999998,0.0037499999999999643
0,1,1,RF-C,2,X,0.14,0.86,0.902777778,0.032999999999999995,0.264,0.01499999999999999
0,1,1,RF-C,2,W1,0.1625,0.8375,0.888123924,0.009750000000000026,0.24375,0.006750000000000045
0,1,1,RF-C,2,W2,0.1525,0.8475,0.892794376,0.02725000000000004,0.26175000000000004,0.006250000000000045
0,1,1,XGBoost-C,2,X,0.145,0.8125,0.867724868,0.01399999999999998,0.2145,-0.0020000000000000018
0,1,1,XGBoost-C,2,W1,0.155,0.8225,0.87609075,0.013500000000000012,0.22625,0.01925
0,1,1,XGBoost-C,2,W2,0.15,0.7975,0.857142857,0.0017499999999999849,0.20475000000000004,0.0019999999999999797
0,1,1,MLP-C,2,X,0.1475,0.8525,0.897746967,0.028750000000000043,0.24899999999999997,0.00025000000000000575
0,1,1,MLP-C,2,W1,0.1625,0.8375,0.888507719,0.012250000000000006,0.23600000000000004,0.005750000000000022
0,1,1,MLP-C,2,W2,0.155,0.845,0.891608392,0.01924999999999999,0.252,0.007999999999999985
0,1,1,LogReg,3,X,0.2,0.8,0.863945578,0.03275000000000004,0.18975000000000003,-0.0009999999999999788
0,1,1,LogReg,3,W1,0.205,0.795,0.861016949,0.017000000000000026,0.18150000000000005,0.007000000000000039
0,1,1,LogReg,3,W2,0.215,0.785,0.85472973,0.0007500000000000284,0.17450000000000002,0.0015000000000000234
0,1,1,SVC,3,X,0.195,0.7925,0.860971524,0.026250000000000006,0.17124999999999996,-0.0025000000000000243
0,1,1,SVC,3,W1,0.2075,0.785,0.856666667,0.015000000000000046,0.16550000000000004,-0.00024999999999997247
0,1,1,SVC,3,W2,0.22,0.7775,0.852892562,-0.005000000000000016,0.14974999999999997,0.0012499999999999734
0,1,1,RF-C,3,X,0.1925,0.8075,0.869712352,0.0235,0.18875000000000003,0.014249999999999985
0,1,1,RF-C,3,W1,0.2,0.8,0.865771812,0.020250000000000046,0.18275000000000005,0.015500000000000036
0,1,1,RF-C,3,W2,0.21,0.79,0.858108108,0.007750000000000023,0.18775,0.004500000000000037
0,1,1,XGBoost-C,3,X,0.1925,0.7725,0.840630473,0.010249999999999959,0.16424999999999995,0.004249999999999965
0,1,1,XGBoost-C,3,W1,0.1925,0.7675,0.83882149,0.0017499999999999849,0.16649999999999995,0.003999999999999971
0,1,1,XGBoost-C,3,W2,0.2,0.7675,0.83882149,-0.006250000000000033,0.16999999999999998,0.005249999999999966
0,1,1,MLP-C,3,X,0.19,0.81,0.867595819,0.029250000000000054,0.1955,0.00850000000000004
0,1,1,MLP-C,3,W1,0.2,0.8,0.863945578,0.02325000000000005,0.19325000000000006,0.005500000000000038
0,1,1,MLP-C,3,W2,0.21,0.79,0.857142857,0.005500000000000038,0.18650000000000005,0.0022500000000000298
0,1,1,LogReg,4,X,0.165,0.835,0.888888889,-3.3306690738754695e-17,0.21349999999999994,-0.0035000000000000252
0,1,1,LogReg,4,W1,0.165,0.835,0.883802817,0.007499999999999974,0.23399999999999999,0.0029999999999999693
0,1,1,LogReg,4,W2,0.1575,0.8425,0.888888889,0.002000000000000024,0.2545,-0.0004999999999999782
0,1,1,SVC,4,X,0.1525,0.8425,0.89193825,0.007750000000000035,0.23675000000000007,0.010750000000000048
0,1,1,SVC,4,W1,0.16,0.8375,0.887737478,0.005250000000000044,0.22975000000000004,0.0040000000000000365
0,1,1,SVC,4,W2,0.155,0.8375,0.887348354,-0.002499999999999958,0.23525000000000004,0.0025000000000000243
0,1,1,RF-C,4,X,0.1575,0.8425,0.893401015,0.015000000000000036,0.22300000000000003,0.0025000000000000356
0,1,1,RF-C,4,W1,0.1725,0.8275,0.878734622,0.004500000000000015,0.21525,0.012500000000000011
0,1,1,RF-C,4,W2,0.1575,0.8425,0.894824708,0.009000000000000041,0.22000000000000003,0.013500000000000035
0,1,1,XGBoost-C,4,X,0.1525,0.8025,0.860670194,0.01399999999999999,0.20325,0.007499999999999995
0,1,1,XGBoost-C,4,W1,0.16,0.8,0.857142857,0.012500000000000034,0.20725000000000007,0.006000000000000028
0,1,1,XGBoost-C,4,W2,0.165,0.7725,0.840070299,-0.010500000000000042,0.186,-0.025000000000000043
0,1,1,MLP-C,4,X,0.1625,0.8375,0.885764499,0.009500000000000041,0.24850000000000003,0.0005000000000000227
0,1,1,MLP-C,4,W1,0.1575,0.8425,0.890434783,0.007250000000000023,0.24050000000000002,0.006250000000000033
0,1,1,MLP-C,4,W2,0.15,0.85,0.892857143,0.00924999999999998,0.26575,0.008499999999999975
0,1,1,LogReg,5,X,0.175,0.825,0.881355932,0.027749999999999952,0.20099999999999998,0.013499999999999946
0,1,1,LogReg,5,W1,0.18,0.82,0.879598662,0.025999999999999947,0.19899999999999993,0.009749999999999948
0,1,1,LogReg,5,W2,0.2025,0.7975,0.869983949,0.003749999999999987,0.146,0.007499999999999974
0,1,1,SVC,5,X,0.1775,0.81,0.874172185,0.018500000000000037,0.17800000000000007,0.00025000000000006126
0,1,1,SVC,5,W1,0.185,0.8,0.867986799,0.010000000000000031,0.17250000000000001,0.00275000000000003
0,1,1,SVC,5,W2,0.205,0.78,0.855737705,-0.005749999999999966,0.14875,-0.012499999999999978
0,1,1,RF-C,5,X,0.18,0.82,0.877966102,0.040249999999999966,0.20549999999999993,0.03349999999999994
0,1,1,RF-C,5,W1,0.18,0.82,0.87628866,0.027499999999999948,0.20299999999999993,0.023249999999999927
0,1,1,RF-C,5,W2,0.2075,0.7925,0.860504202,-0.00125000000000004,0.182,-0.000250000000000028
0,1,1,XGBoost-C,5,X,0.175,0.7875,0.853195164,0.021999999999999985,0.178,0.016749999999999987
0,1,1,XGBoost-C,5,W1,0.1875,0.7825,0.849220104,0.015749999999999986,0.17549999999999996,-0.0007500000000000284
0,1,1,XGBoost-C,5,W2,0.2025,0.76,0.835051546,0.006500000000000017,0.17250000000000001,-0.005499999999999982
0,1,1,MLP-C,5,X,0.175,0.825,0.881355932,0.027749999999999952,0.19949999999999993,0.01374999999999994
0,1,1,MLP-C,5,W1,0.185,0.815,0.875838926,0.021749999999999936,0.19399999999999995,0.0059999999999999385
0,1,1,MLP-C,5,W2,0.21,0.79,0.858585859,-0.000749999999999984,0.18300000000000005,0.004750000000000043
0,1,1,LogReg,6,X,0.18,0.82,0.878787879,0.019249999999999955,0.19499999999999995,0.002249999999999963
0,1,1,LogReg,6,W1,0.1825,0.8175,0.876480541,0.0125,0.18824999999999997,-0.00024999999999996135
0,1,1,LogReg,6,W2,0.1775,0.8225,0.88225539,0.013000000000000012,0.18725,0.004500000000000037
0,1,1,SVC,6,X,0.1825,0.8175,0.880523732,0.00924999999999998,0.17275000000000001,0.004500000000000004
0,1,1,SVC,6,W1,0.185,0.8125,0.877250409,0.008499999999999975,0.16275,0.002749999999999997
0,1,1,SVC,6,W2,0.1825,0.81,0.876623377,0.002250000000000041,0.16650000000000004,0.0007500000000000395
0,1,1,RF-C,6,X,0.1725,0.8275,0.882852292,0.01925000000000001,0.201,0.009750000000000026
0,1,1,RF-C,6,W1,0.175,0.825,0.880136986,0.021999999999999943,0.19424999999999995,0.0029999999999999693
0,1,1,RF-C,6,W2,0.1725,0.8275,0.882051282,0.011250000000000027,0.20800000000000002,0.01825
0,1,1,XGBoost-C,6,X,0.1675,0.7975,0.860585198,0.011249999999999972,0.16974999999999998,0.03025
0,1,1,XGBoost-C,6,W1,0.17,0.8075,0.868376068,0.022999999999999986,0.181,0.034499999999999996
0,1,1,XGBoost-C,6,W2,0.1725,0.795,0.85862069,0.010250000000000037,0.16825,0.035500000000000045
0,1,1,MLP-C,6,X,0.1725,0.8275,0.882051282,0.018999999999999982,0.21075,-0.0012499999999999844
0,1,1,MLP-C,6,W1,0.1775,0.8225,0.879456706,0.012249999999999994,0.19875,-0.0029999999999999805
0,1,1,MLP-C,6,W2,0.17,0.83,0.885521886,0.0067499999999999895,0.2079999999999999,0.003999999999999959
0,1,1,LogReg,7,X,0.13,0.87,0.914191419,0.03074999999999999,0.2355,0.003999999999999971
0,1,1,LogReg,7,W1,0.13,0.87,0.913333333,0.025750000000000016,0.24225000000000002,0.0
0,1,1,LogReg,7,W2,0.145,0.855,0.904605263,0.010999999999999965,0.21949999999999997,0.0
0,1,1,SVC,7,X,0.1275,0.85,0.902912621,0.02649999999999998,0.20325,-0.0005000000000000227
0,1,1,SVC,7,W1,0.145,0.845,0.899676375,0.024249999999999983,0.19474999999999998,0.0029999999999999693
0,1,1,SVC,7,W2,0.1475,0.8375,0.893964111,0.0015000000000000234,0.19175,-0.003249999999999975
0,1,1,RF-C,7,X,0.14,0.86,0.908794788,0.03799999999999998,0.21349999999999997,0.006249999999999978
0,1,1,RF-C,7,W1,0.1425,0.8575,0.906403941,0.028750000000000053,0.21900000000000003,0.005000000000000037
0,1,1,RF-C,7,W2,0.1525,0.8475,0.898502496,0.007000000000000029,0.2225,-0.004999999999999982
0,1,1,XGBoost-C,7,X,0.145,0.805,0.866894198,0.0070000000000000505,0.18325000000000005,0.015500000000000047
0,1,1,XGBoost-C,7,W1,0.1375,0.805,0.869565217,0.017750000000000044,0.16975000000000004,0.013000000000000045
0,1,1,XGBoost-C,7,W2,0.15,0.79,0.859060403,-0.01399999999999998,0.17475000000000002,-0.0019999999999999684
0,1,1,MLP-C,7,X,0.125,0.875,0.91638796,0.0355,0.24499999999999997,0.0027499999999999747
0,1,1,MLP-C,7,W1,0.1275,0.8725,0.914858097,0.029250000000000054,0.24575000000000005,0.003000000000000036
0,1,1,MLP-C,7,W2,0.14,0.86,0.907590759,0.010749999999999982,0.22625,0.0004999999999999894
0,1,1,LogReg,8,X,0.135,0.865,0.910596026,0.039,0.22125,0.003249999999999964
0,1,1,LogReg,8,W1,0.14,0.86,0.906666667,0.033999999999999996,0.2205,-0.0017500000000000183
0,1,1,LogReg,8,W2,0.1525,0.8475,0.898839138,0.011500000000000043,0.20875000000000005,0.0002500000000000391
0,1,1,SVC,8,X,0.135,0.8525,0.904065041,0.03425000000000004,0.20000000000000004,-0.0027499999999999747
0,1,1,SVC,8,W1,0.1425,0.85,0.90228013,0.031000000000000007,0.20299999999999999,-0.002750000000000019
0,1,1,SVC,8,W2,0.165,0.835,0.892508143,0.0049999999999999715,0.18974999999999997,0.003749999999999987
0,1,1,RF-C,8,X,0.13,0.87,0.914191419,0.048250000000000015,0.2205,0.0067499999999999895
0,1,1,RF-C,8,W1,0.13,0.87,0.913333333,0.04175000000000002,0.2365,0.009499999999999975
0,1,1,RF-C,8,W2,0.1525,0.8475,0.898839138,0.003000000000000036,0.21275000000000005,0.00375000000000002
0,1,1,XGBoost-C,8,X,0.1175,0.845,0.89527027,0.03474999999999997,0.21200000000000002,0.022999999999999975
0,1,1,XGBoost-C,8,W1,0.125,0.8425,0.893039049,0.02300000000000004,0.19975000000000004,0.017500000000000026
0,1,1,XGBoost-C,8,W2,0.1425,0.8175,0.876897133,-0.0019999999999999905,0.193,0.01200000000000001
0,1,1,MLP-C,8,X,0.135,0.865,0.910596026,0.044,0.22524999999999995,0.006499999999999983
0,1,1,MLP-C,8,W1,0.135,0.865,0.91,0.03875000000000001,0.22774999999999998,0.0029999999999999805
0,1,1,MLP-C,8,W2,0.1425,0.8575,0.904201681,0.015750000000000042,0.2265,0.0022500000000000298
0,1,1,LogReg,9,X,0.1475,0.8525,0.902479339,0.01850000000000006,0.21150000000000002,0.001000000000000012
0,1,1,LogReg,9,W1,0.145,0.855,0.903654485,0.011499999999999977,0.22624999999999998,0.0029999999999999805
0,1,1,LogReg,9,W2,0.1375,0.8625,0.909090909,0.005250000000000032,0.23050000000000007,0.0007500000000000174
0,1,1,SVC,9,X,0.1425,0.845,0.898026316,0.009749999999999981,0.20475,-0.0035000000000000252
0,1,1,SVC,9,W1,0.15,0.8375,0.893267652,-0.0047499999999999765,0.19925,-0.003499999999999992
0,1,1,SVC,9,W2,0.1425,0.845,0.899350649,0.003249999999999964,0.19924999999999998,0.0037499999999999756
0,1,1,RF-C,9,X,0.135,0.865,0.909395973,0.017249999999999977,0.23825000000000002,0.007499999999999984
0,1,1,RF-C,9,W1,0.14,0.86,0.908496732,0.0012499999999999734,0.22000000000000003,0.0044999999999999814
0,1,1,RF-C,9,W2,0.14,0.86,0.907284768,0.006499999999999973,0.229,-4.4408920985006264e-17
0,1,1,XGBoost-C,9,X,0.135,0.815,0.875,-0.0015000000000000347,0.19199999999999995,0.0014999999999999569
0,1,1,XGBoost-C,9,W1,0.1375,0.8225,0.881863561,0.008750000000000025,0.20249999999999999,0.009750000000000003
0,1,1,XGBoost-C,9,W2,0.1375,0.8,0.86440678,-0.009499999999999963,0.18375000000000005,-0.01074999999999996
0,1,1,MLP-C,9,X,0.1375,0.8625,0.907872697,0.019500000000000052,0.23000000000000004,0.007000000000000029
0,1,1,MLP-C,9,W1,0.135,0.865,0.909090909,0.011749999999999993,0.2435,-0.0010000000000000453
0,1,1,MLP-C,9,W2,0.1375,0.8625,0.907872697,0.004750000000000032,0.24225000000000002,0.0025000000000000243
0,1,1,LogReg,10,X,0.16,0.84,0.891156463,0.02674999999999996,0.23374999999999996,0.011499999999999977
0,1,1,LogReg,10,W1,0.1775,0.8225,0.878632479,0.013250000000000017,0.22425,0.008250000000000025
0,1,1,LogReg,10,W2,0.18,0.82,0.877966102,0.010749999999999949,0.21824999999999997,-0.0007500000000000395
0,1,1,SVC,10,X,0.16,0.8375,0.89001692,0.029500000000000016,0.22875,0.00850000000000004
0,1,1,SVC,10,W1,0.18,0.815,0.875,0.01649999999999994,0.213,-0.0025000000000000465
0,1,1,SVC,10,W2,0.18,0.82,0.879598662,0.007749999999999946,0.2084999999999999,-0.0005000000000000337
0,1,1,RF-C,10,X,0.1625,0.8375,0.888888889,0.03075000000000001,0.23100000000000004,0.010000000000000042
0,1,1,RF-C,10,W1,0.1675,0.8325,0.884681583,0.031750000000000014,0.23075,0.03475
0,1,1,RF-C,10,W2,0.17,0.83,0.883959044,0.014749999999999963,0.23074999999999993,0.01599999999999996
0,1,1,XGBoost-C,10,X,0.155,0.82,0.875862069,0.029749999999999943,0.20449999999999996,0.027499999999999948
0,1,1,XGBoost-C,10,W1,0.1725,0.8075,0.86701209,0.01925,0.20825,0.029000000000000026
0,1,1,XGBoost-C,10,W2,0.17,0.785,0.851724138,2.2204460492503132e-17,0.1865,0.01425000000000003
0,1,1,MLP-C,10,X,0.165,0.835,0.886597938,0.02624999999999995,0.2345,0.006999999999999984
0,1,1,MLP-C,10,W1,0.1775,0.8225,0.87694974,0.013000000000000012,0.22875000000000006,0.008250000000000013
0,1,1,MLP-C,10,W2,0.1675,0.8325,0.885470085,0.021250000000000026,0.23950000000000005,0.012000000000000044
0,1,2,LogReg,1,X,0.1575,0.8425,0.906389302,0.022250000000000048,0.10525000000000002,-0.0012499999999999623
0,1,2,LogReg,1,W1,0.1575,0.8425,0.904977376,0.02400000000000003,0.119,0.0012500000000000178
0,1,2,LogReg,1,W2,0.1625,0.8375,0.901664145,0.010250000000000037,0.12425000000000001,0.0
0,1,2,SVC,1,X,0.1625,0.835,0.899390244,0.036499999999999956,0.11724999999999997,-0.0027500000000000415
0,1,2,SVC,1,W1,0.16,0.8325,0.89924812,0.029500000000000005,0.10850000000000001,-0.0017499999999999627
0,1,2,SVC,1,W2,0.16,0.83,0.898203593,0.0007499999999999619,0.09399999999999994,-0.0012500000000000289
0,1,2,RF-C,1,X,0.15,0.85,0.907120743,0.039249999999999986,0.1425,0.005999999999999972
0,1,2,RF-C,1,W1,0.16,0.84,0.902140673,0.025499999999999967,0.12874999999999998,0.0012499999999999844
0,1,2,RF-C,1,W2,0.1625,0.8375,0.90284006,0.019750000000000035,0.12175000000000002,0.01475000000000003
0,1,2,XGBoost-C,1,X,0.1475,0.8125,0.882629108,0.024,0.10200000000000001,-0.007000000000000006
0,1,2,XGBoost-C,1,W1,0.14,0.82,0.888544892,0.02799999999999995,0.11699999999999997,-0.003250000000000042
0,1,2,XGBoost-C,1,W2,0.1575,0.8025,0.879019908,0.004249999999999999,0.11324999999999999,-0.001000000000000012
0,1,2,MLP-C,1,X,0.16,0.84,0.901234568,0.03374999999999995,0.13124999999999998,0.0
0,1,2,MLP-C,1,W1,0.155,0.845,0.904907975,0.024249999999999973,0.13249999999999998,0.0017499999999999738
0,1,2,MLP-C,1,W2,0.16,0.84,0.903323263,0.012499999999999978,0.12499999999999996,0.000749999999999984
0,1,2,LogReg,2,X,0.1625,0.8375,0.899536321,0.0405,0.1375,-0.0004999999999999672
0,1,2,LogReg,2,W1,0.165,0.835,0.898461538,0.026499999999999958,0.13949999999999996,0.00249999999999998
0,1,2,LogReg,2,W2,0.18,0.82,0.888544892,0.0027499999999999634,0.13874999999999998,0.0
0,1,2,SVC,2,X,0.1675,0.83,0.894409938,0.045499999999999964,0.13124999999999995,0.0014999999999999569
0,1,2,SVC,2,W1,0.17,0.8275,0.893682589,0.03300000000000001,0.12575000000000003,0.00800000000000004
0,1,2,SVC,2,W2,0.175,0.82,0.890577508,0.003999999999999948,0.12499999999999997,0.0017499999999999738
0,1,2,RF-C,2,X,0.16,0.84,0.898412698,0.05824999999999998,0.15399999999999997,0.011249999999999993
0,1,2,RF-C,2,W1,0.1725,0.8275,0.891679749,0.042,0.14375000000000002,0.014250000000000007
0,1,2,RF-C,2,W2,0.1825,0.8175,0.887171561,0.00625,0.13899999999999998,0.017749999999999978
0,1,2,XGBoost-C,2,X,0.155,0.805,0.875,0.04500000000000006,0.13950000000000004,0.00800000000000004
0,1,2,XGBoost-C,2,W1,0.1675,0.81,0.879365079,0.032250000000000056,0.15150000000000005,0.015250000000000041
0,1,2,XGBoost-C,2,W2,0.1775,0.785,0.861736334,0.0055000000000000274,0.13900000000000007,0.005750000000000033
0,1,2,MLP-C,2,X,0.175,0.825,0.888535032,0.05424999999999995,0.14374999999999993,0.0012499999999999734
0,1,2,MLP-C,2,W1,0.1825,0.8175,0.886115445,0.032500000000000015,0.1345,-0.0004999999999999672
0,1,2,MLP-C,2,W2,0.1775,0.8225,0.891933029,0.0030000000000000248,0.12000000000000002,0.0025000000000000243
0,1,2,LogReg,3,X,0.155,0.845,0.902208202,0.036999999999999963,0.1495,0.0027499999999999747
0,1,2,LogReg,3,W1,0.17,0.83,0.896024465,0.016249999999999966,0.12699999999999995,0.0032499999999999864
0,1,2,LogReg,3,W2,0.185,0.815,0.888554217,0.006999999999999928,0.10299999999999995,0.0009999999999999454
0,1,2,SVC,3,X,0.155,0.84,0.89968652,0.03049999999999997,0.14224999999999993,-0.0002500000000000391
0,1,2,SVC,3,W1,0.1675,0.825,0.892307692,0.021499999999999964,0.13124999999999995,-0.00375000000000002
0,1,2,SVC,3,W2,0.1825,0.8025,0.878648233,-0.006750000000000011,0.1075,-0.0070000000000000175
0,1,2,RF-C,3,X,0.16,0.84,0.899371069,0.026499999999999968,0.14299999999999996,0.0009999999999999564
0,1,2,RF-C,3,W1,0.1625,0.8375,0.897314376,0.020500000000000018,0.15975,0.03725000000000002
0,1,2,RF-C,3,W2,0.1875,0.8125,0.884792627,0.0015000000000000013,0.1165,-0.0005000000000000004
0,1,2,XGBoost-C,3,X,0.1575,0.805,0.874193548,0.026000000000000058,0.14075000000000007,-0.01274999999999995
0,1,2,XGBoost-C,3,W1,0.165,0.8225,0.887122417,0.024,0.15125000000000002,0.020499999999999997
0,1,2,XGBoost-C,3,W2,0.17,0.805,0.876190476,3.3306690738754695e-17,0.14350000000000004,0.011750000000000038
0,1,2,MLP-C,3,X,0.155,0.845,0.902208202,0.034999999999999976,0.14774999999999996,0.0027499999999999747
0,1,2,MLP-C,3,W1,0.1675,0.8325,0.89514867,0.019750000000000024,0.14375000000000004,0.0017500000000000404
0,1,2,MLP-C,3,W2,0.1875,0.8125,0.881889764,-0.001749999999999996,0.13374999999999998,0.0020000000000000018
0,1,2,LogReg,4,X,0.135,0.865,0.918181818,0.05349999999999999,0.14200000000000002,0.004749999999999988
0,1,2,LogReg,4,W1,0.1475,0.8525,0.909647779,0.045250000000000026,0.14975000000000005,-0.0009999999999999788
0,1,2,LogReg,4,W2,0.1775,0.8225,0.896046852,0.005000000000000016,0.09225000000000001,-0.0012499999999999734
0,1,2,SVC,4,X,0.145,0.8525,0.91047041,0.04525,0.13325000000000004,-0.004499999999999971
0,1,2,SVC,4,W1,0.1475,0.8375,0.901664145,0.02875000000000002,0.12725000000000003,-0.00874999999999998
0,1,2,SVC,4,W2,0.1825,0.815,0.889552239,-0.0002500000000000502,0.10349999999999997,0.0014999999999999348
0,1,2,RF-C,4,X,0.1475,0.8525,0.909923664,0.04550000000000004,0.13875,0.0005000000000000337
0,1,2,RF-C,4,W1,0.155,0.845,0.905198777,0.03574999999999997,0.1385,0.0019999999999999905
0,1,2,RF-C,4,W2,0.19,0.81,0.881987578,0.010000000000000054,0.12400000000000007,0.00800000000000004
0,1,2,XGBoost-C,4,X,0.1375,0.82,0.886792453,0.039249999999999965,0.12674999999999992,0.005749999999999955
0,1,2,XGBoost-C,4,W1,0.155,0.8175,0.886469673,0.03325,0.13249999999999998,0.008750000000000013
0,1,2,XGBoost-C,4,W2,0.1775,0.7875,0.86862442,0.013249999999999984,0.10449999999999997,-0.0032500000000000085
0,1,2,MLP-C,4,X,0.1475,0.8525,0.9093702,0.051250000000000004,0.13900000000000007,-0.0014999999999999792
0,1,2,MLP-C,4,W1,0.1425,0.8575,0.912442396,0.046250000000000034,0.15575000000000006,0.0005000000000000115
0,1,2,MLP-C,4,W2,0.1825,0.8175,0.88820827,0.01499999999999999,0.126,0.016499999999999994
0,1,2,LogReg,5,X,0.1625,0.8375,0.898911353,0.03600000000000001,0.14000000000000004,0.003000000000000014
0,1,2,LogReg,5,W1,0.1575,0.8425,0.903225806,0.019250000000000034,0.13900000000000004,0.0
0,1,2,LogReg,5,W2,0.17,0.83,0.895061728,-0.004000000000000026,0.13874999999999993,0.0012499999999999844
0,1,2,SVC,5,X,0.16,0.8375,0.90015361,0.045000000000000005,0.123,0.007000000000000039
0,1,2,SVC,5,W1,0.1625,0.8375,0.900459418,0.021750000000000026,0.13125,0.010500000000000032
0,1,2,SVC,5,W2,0.175,0.8225,0.892586989,0.0022500000000000185,0.11500000000000002,0.0022500000000000298
0,1,2,RF-C,5,X,0.1575,0.8425,0.902927581,0.03600000000000001,0.13375000000000006,0.013500000000000045
0,1,2,RF-C,5,W1,0.165,0.835,0.898148148,0.020499999999999963,0.12774999999999997,0.011999999999999978
0,1,2,RF-C,5,W2,0.18,0.82,0.889570552,0.003249999999999964,0.12324999999999993,0.00024999999999996135
0,1,2,XGBoost-C,5,X,0.155,0.8275,0.889952153,0.044000000000000025,0.14300000000000002,0.020999999999999998
0,1,2,XGBoost-C,5,W1,0.165,0.795,0.86984127,0.007750000000000035,0.11175000000000002,-0.006499999999999973
0,1,2,XGBoost-C,5,W2,0.1725,0.79,0.86875,0.005750000000000022,0.10975000000000001,0.004000000000000026
0,1,2,MLP-C,5,X,0.1575,0.8425,0.901098901,0.043750000000000025,0.14425000000000002,0.020000000000000028
0,1,2,MLP-C,5,W1,0.1625,0.8375,0.897637795,0.025000000000000043,0.148,0.015500000000000047
0,1,2,MLP-C,5,W2,0.1625,0.8375,0.899536321,-0.00024999999999997247,0.15050000000000002,0.013000000000000045
0,1,2,LogReg,6,X,0.1725,0.8275,0.889245586,0.051500000000000025,0.14350000000000002,0.006250000000000022
0,1,2,LogReg,6,W1,0.1825,0.8175,0.88282504,0.03200000000000001,0.13974999999999999,0.001000000000000023
0,1,2,LogReg,6,W2,0.1925,0.8075,0.882800609,0.006249999999999978,0.11324999999999999,0.0007499999999999951
0,1,2,SVC,6,X,0.1675,0.8225,0.887835703,0.03850000000000001,0.13425000000000004,-0.0007499999999999951
0,1,2,SVC,6,W1,0.1825,0.815,0.883280757,0.028999999999999936,0.13099999999999995,0.0034999999999999476
0,1,2,SVC,6,W2,0.1875,0.81,0.881619938,0.011000000000000032,0.12725000000000003,0.0070000000000000505
0,1,2,RF-C,6,X,0.1625,0.8375,0.896,0.04975,0.15650000000000003,0.009750000000000026
0,1,2,RF-C,6,W1,0.18,0.82,0.882736156,0.040499999999999946,0.15249999999999994,0.009249999999999948
0,1,2,RF-C,6,W2,0.1825,0.8175,0.885400314,0.016749999999999987,0.15349999999999997,0.018999999999999982
0,1,2,XGBoost-C,6,X,0.1575,0.8225,0.883797054,0.051250000000000004,0.14675000000000002,0.015250000000000008
0,1,2,XGBoost-C,6,W1,0.18,0.79,0.862295082,0.027500000000000045,0.12325000000000001,-0.0002499999999999836
0,1,2,XGBoost-C,6,W2,0.185,0.755,0.84244373,-0.0002499999999999836,0.09724999999999999,-0.014000000000000002
0,1,2,MLP-C,6,X,0.1625,0.8375,0.895666132,0.046000000000000006,0.15975,0.014750000000000018
0,1,2,MLP-C,6,W1,0.18,0.82,0.884244373,0.03349999999999995,0.1439999999999999,0.0002499999999999947
0,1,2,MLP-C,6,W2,0.195,0.805,0.875399361,0.014000000000000035,0.14475000000000005,0.0035000000000000252
0,1,2,LogReg,7,X,0.165,0.835,0.891803279,0.04899999999999997,0.177,0.005499999999999972
0,1,2,LogReg,7,W1,0.1675,0.8325,0.890343699,0.045000000000000005,0.18425000000000002,0.0025000000000000243
0,1,2,LogReg,7,W2,0.2,0.8,0.870967742,0.007500000000000029,0.14825000000000005,0.002000000000000024
0,1,2,SVC,7,X,0.175,0.815,0.878289474,0.04549999999999997,0.14699999999999994,0.002249999999999963
0,1,2,SVC,7,W1,0.1675,0.8325,0.892109501,0.04475000000000001,0.17275000000000001,0.003000000000000036
0,1,2,SVC,7,W2,0.19,0.805,0.878125,0.010250000000000026,0.14000000000000007,0.006000000000000038
0,1,2,RF-C,7,X,0.1875,0.8125,0.873524452,0.050749999999999997,0.16524999999999998,0.00924999999999998
0,1,2,RF-C,7,W1,0.1625,0.8375,0.894991922,0.043000000000000003,0.18075000000000005,0.010250000000000047
0,1,2,RF-C,7,W2,0.195,0.805,0.87254902,0.022500000000000055,0.15850000000000003,0.014750000000000051
0,1,2,XGBoost-C,7,X,0.1725,0.7725,0.846543002,0.01649999999999997,0.13474999999999998,-0.012000000000000056
0,1,2,XGBoost-C,7,W1,0.1675,0.785,0.856187291,0.014750000000000051,0.13900000000000007,0.018250000000000034
0,1,2,XGBoost-C,7,W2,0.19,0.755,0.836120401,-0.0029999999999999805,0.12274999999999998,-0.0052499999999999995
0,1,2,MLP-C,7,X,0.17,0.83,0.887788779,0.04374999999999994,0.17874999999999996,-4.4408920985006264e-17
0,1,2,MLP-C,7,W1,0.1675,0.8325,0.889256198,0.04450000000000002,0.19025000000000003,0.007250000000000034
0,1,2,MLP-C,7,W2,0.1975,0.8025,0.872785829,0.016749999999999977,0.156,-0.0025000000000000243
0,1,2,LogReg,8,X,0.125,0.875,0.919093851,0.06899999999999998,0.19125,0.006749999999999978
0,1,2,LogReg,8,W1,0.155,0.845,0.900641026,0.04149999999999997,0.16099999999999998,0.006749999999999978
0,1,2,LogReg,8,W2,0.1775,0.8225,0.887835703,0.015500000000000003,0.158,0.005500000000000038
0,1,2,SVC,8,X,0.1325,0.855,0.908227848,0.05824999999999997,0.16224999999999995,-0.00275000000000003
0,1,2,SVC,8,W1,0.1575,0.83,0.892744479,0.03499999999999994,0.13724999999999993,-0.004750000000000021
0,1,2,SVC,8,W2,0.1875,0.8075,0.879499218,0.010999999999999977,0.1395,-0.001000000000000012
0,1,2,RF-C,8,X,0.1325,0.8675,0.9152,0.06100000000000003,0.17525000000000004,-0.0017499999999999738
0,1,2,RF-C,8,W1,0.1625,0.8375,0.89465154,0.03500000000000002,0.16075,-0.0029999999999999914
0,1,2,RF-C,8,W2,0.185,0.815,0.882165605,0.016499999999999924,0.16024999999999995,0.002499999999999958
0,1,2,XGBoost-C,8,X,0.13,0.8,0.868421053,0.04100000000000005,0.12700000000000006,-0.017749999999999932
0,1,2,XGBoost-C,8,W1,0.1575,0.78,0.85620915,0.019750000000000035,0.11150000000000002,-0.02174999999999998
0,1,2,XGBoost-C,8,W2,0.195,0.785,0.860841424,0.02250000000000003,0.13275000000000006,0.002000000000000046
0,1,2,MLP-C,8,X,0.13,0.87,0.915584416,0.06399999999999999,0.19325,0.008999999999999998
0,1,2,MLP-C,8,W1,0.1575,0.8425,0.898550725,0.038000000000000034,0.16324999999999998,0.002750000000000019
0,1,2,MLP-C,8,W2,0.1775,0.8225,0.88748019,0.017999999999999995,0.15900000000000003,0.00025000000000000575
0,1,2,LogReg,9,X,0.1725,0.8275,0.8896,0.05425000000000001,0.13450000000000004,0.0035000000000000252
0,1,2,LogReg,9,W1,0.195,0.805,0.875796178,0.028500000000000046,0.12125000000000008,0.0035000000000000252
0,1,2,LogReg,9,W2,0.2025,0.7975,0.872841444,0.008499999999999962,0.12399999999999997,0.009499999999999963
0,1,2,SVC,9,X,0.1725,0.8275,0.889952153,0.05175000000000002,0.13575,0.005750000000000022
0,1,2,SVC,9,W1,0.195,0.7975,0.872037915,0.022749999999999982,0.11300000000000002,-0.0007500000000000284
0,1,2,SVC,9,W2,0.21,0.7775,0.861586314,0.0019999999999999684,0.09949999999999995,-0.017500000000000036
0,1,2,RF-C,9,X,0.1775,0.8225,0.8864,0.03800000000000002,0.13725,0.008250000000000013
0,1,2,RF-C,9,W1,0.2,0.8,0.872204473,0.02050000000000003,0.12150000000000005,0.0007500000000000174
0,1,2,RF-C,9,W2,0.1925,0.8075,0.877971474,0.022999999999999986,0.14075000000000001,0.02250000000000001
0,1,2,XGBoost-C,9,X,0.175,0.7925,0.864157119,0.03749999999999999,0.11749999999999998,-0.0005000000000000227
0,1,2,XGBoost-C,9,W1,0.1975,0.7775,0.854812398,0.019999999999999983,0.11124999999999999,-0.0032500000000000194
0,1,2,XGBoost-C,9,W2,0.2,0.78,0.85942492,0.0037500000000000424,0.1285,0.010500000000000042
0,1,2,MLP-C,9,X,0.17,0.83,0.891373802,0.05574999999999995,0.13599999999999995,0.0047499999999999765
0,1,2,MLP-C,9,W1,0.19,0.81,0.879365079,0.028250000000000063,0.12400000000000003,0.007250000000000034
0,1,2,MLP-C,9,W2,0.2025,0.7975,0.872037915,0.006999999999999984,0.12574999999999997,0.010249999999999992
0,1,2,LogReg,10,X,0.14,0.86,0.912225705,0.04724999999999999,0.15524999999999997,0.005749999999999989
0,1,2,LogReg,10,W1,0.1575,0.8425,0.902021773,0.023750000000000028,0.14400000000000002,-0.0019999999999999684
0,1,2,LogReg,10,W2,0.1525,0.8475,0.905426357,0.018250000000000044,0.15400000000000003,0.003000000000000047
0,1,2,SVC,10,X,0.1375,0.865,0.916666667,0.05275,0.14725,0.015249999999999986
0,1,2,SVC,10,W1,0.155,0.8325,0.897396631,0.027000000000000014,0.12425000000000005,-0.0032499999999999864
0,1,2,SVC,10,W2,0.1625,0.83,0.896969697,0.009749999999999958,0.11349999999999998,0.00024999999999997247
0,1,2,RF-C,10,X,0.145,0.855,0.909090909,0.04574999999999998,0.15225,0.005499999999999982
0,1,2,RF-C,10,W1,0.16,0.84,0.901234568,0.024999999999999967,0.13349999999999998,0.000499999999999956
0,1,2,RF-C,10,W2,0.16,0.84,0.900621118,0.017749999999999978,0.14099999999999996,-0.00275000000000003
0,1,2,XGBoost-C,10,X,0.1425,0.82,0.886435331,0.028499999999999935,0.12274999999999994,-0.012000000000000056
0,1,2,XGBoost-C,10,W1,0.1625,0.8025,0.875197472,0.008999999999999985,0.10900000000000003,-0.015250000000000008
0,1,2,XGBoost-C,10,W2,0.1625,0.7925,0.868044515,0.0047499999999999765,0.11199999999999996,-0.01425000000000003
0,1,2,MLP-C,10,X,0.1375,0.8625,0.915254237,0.05175000000000004,0.14475000000000007,0.009500000000000031
0,1,2,MLP-C,10,W1,0.15,0.85,0.906832298,0.02899999999999997,0.15549999999999997,0.009499999999999975
0,1,2,MLP-C,10,W2,0.15,0.85,0.906542056,0.020499999999999984,0.15675,0.0019999999999999797
1,0,0,LogReg,1,X,0.266666667,0.733333333,0.808153477,0.09349999999999996,0.08233333333333329,-0.0006666666666667153
1,0,0,LogReg,1,W1,0.273333333,0.726666667,0.809302326,0.06866666666666667,0.09283333333333335,0.003833333333333322
1,0,0,LogReg,1,W2,0.296666667,0.703333333,0.793023256,0.029000000000000026,0.09483333333333335,0.00850000000000004
1,0,0,SVC,1,X,0.266666667,0.735,0.80866426,0.09949999999999998,0.07799999999999999,-0.000333333333333341
1,0,0,SVC,1,W1,0.278333333,0.715,0.800466744,0.06933333333333329,0.07083333333333329,-0.0016666666666667052
1,0,0,SVC,1,W2,0.296666667,0.7,0.793577982,0.02866666666666663,0.08099999999999996,0.006333333333333302
1,0,0,RF-C,1,X,0.26,0.74,0.808353808,0.09799999999999999,0.08966666666666664,0.022833333333333327
1,0,0,RF-C,1,W1,0.275,0.725,0.803337306,0.06166666666666665,0.09916666666666664,0.012499999999999978
1,0,0,RF-C,1,W2,0.288333333,0.711666667,0.794292509,0.03733333333333335,0.1105,0.019833333333333324
1,0,0,XGBoost-C,1,X,0.253333333,0.721666667,0.789937107,0.09250000000000003,0.07166666666666668,0.018166666666666675
1,0,0,XGBoost-C,1,W1,0.275,0.696666667,0.779126214,0.06766666666666667,0.06866666666666667,0.01683333333333331
1,0,0,XGBoost-C,1,W2,0.298333333,0.663333333,0.756626506,0.021999999999999985,0.06899999999999999,0.0076666666666666775
1,0,0,MLP-C,1,X,0.261666667,0.738333333,0.811976048,0.09349999999999994,0.08783333333333329,0.0003333333333332966
1,0,0,MLP-C,1,W1,0.273333333,0.726666667,0.800486618,0.07900000000000001,0.1041666666666667,0.004499999999999993
1,0,0,MLP-C,1,W2,0.296666667,0.703333333,0.793023256,0.027333333333333366,0.09633333333333335,0.00833333333333337
1,0,0,LogReg,2,X,0.238333333,0.761666667,0.829151732,0.09516666666666669,0.10500000000000007,0.0018333333333333869
1,0,0,LogReg,2,W1,0.251666667,0.748333333,0.823803967,0.06549999999999996,0.11499999999999995,0.0006666666666666377
1,0,0,LogReg,2,W2,0.285,0.715,0.808938547,0.010833333333333316,0.09216666666666665,-0.0006666666666667153
1,0,0,SVC,2,X,0.241666667,0.758333333,0.829612221,0.09449999999999996,0.09699999999999998,0.0019999999999999575
1,0,0,SVC,2,W1,0.251666667,0.75,0.825581395,0.07716666666666665,0.10916666666666666,0.003833333333333344
1,0,0,SVC,2,W2,0.281666667,0.716666667,0.80941704,0.024500000000000022,0.08249999999999999,0.013000000000000001
1,0,0,RF-C,2,X,0.236666667,0.763333333,0.831353919,0.10283333333333329,0.1008333333333333,0.007499999999999962
1,0,0,RF-C,2,W1,0.261666667,0.738333333,0.826135105,0.05583333333333329,0.0961666666666666,0.0043333333333333
1,0,0,RF-C,2,W2,0.298333333,0.701666667,0.796821793,0.014666666666666684,0.07516666666666665,-0.001666666666666683
1,0,0,XGBoost-C,2,X,0.235,0.706666667,0.786924939,0.0875,0.06833333333333333,-0.011666666666666659
1,0,0,XGBoost-C,2,W1,0.258333333,0.691666667,0.775212637,0.05933333333333333,0.08966666666666664,0.0011666666666666603
1,0,0,XGBoost-C,2,W2,0.298333333,0.655,0.749697703,0.012000000000000044,0.07050000000000003,-0.010166666666666635
1,0,0,MLP-C,2,X,0.236666667,0.763333333,0.83254717,0.08149999999999995,0.11200000000000002,0.003999999999999971
1,0,0,MLP-C,2,W1,0.248333333,0.751666667,0.825730994,0.06666666666666671,0.11950000000000002,0.004666666666666719
1,0,0,MLP-C,2,W2,0.285,0.715,0.805902384,0.006166666666666631,0.1078333333333333,0.004333333333333323
1,0,0,LogReg,3,X,0.256666667,0.743333333,0.828507795,0.07233333333333328,0.07116666666666661,0.00533333333333329
1,0,0,LogReg,3,W1,0.273333333,0.726666667,0.815730337,0.061333333333333365,0.07200000000000002,0.003000000000000014
1,0,0,LogReg,3,W2,0.286666667,0.713333333,0.820833333,0.012500000000000044,0.05350000000000005,0.002000000000000035
1,0,0,SVC,3,X,0.255,0.74,0.821100917,0.101,0.06416666666666664,-0.005166666666666675
1,0,0,SVC,3,W1,0.271666667,0.725,0.816053512,0.06433333333333333,0.06349999999999997,0.0038333333333332997
1,0,0,SVC,3,W2,0.276666667,0.725,0.823151125,0.03066666666666664,0.06649999999999998,0.011833333333333307
1,0,0,RF-C,3,X,0.256666667,0.743333333,0.826576577,0.09499999999999995,0.06849999999999995,-0.0030000000000000248
1,0,0,RF-C,3,W1,0.276666667,0.723333333,0.817982456,0.05600000000000003,0.05616666666666672,-0.0006666666666666265
1,0,0,RF-C,3,W2,0.285,0.715,0.818278427,0.022666666666666647,0.0543333333333333,0.001833333333333287
1,0,0,XGBoost-C,3,X,0.251666667,0.711666667,0.792814371,0.09050000000000001,0.06016666666666667,-0.003499999999999992
1,0,0,XGBoost-C,3,W1,0.268333333,0.681666667,0.777129522,0.051666666666666625,0.05416666666666664,-0.011666666666666691
1,0,0,XGBoost-C,3,W2,0.285,0.671666667,0.776390465,0.01849999999999996,0.0463333333333333,-0.00016666666666672602
1,0,0,MLP-C,3,X,0.25,0.75,0.825174825,0.11433333333333336,0.07666666666666669,0.003833333333333333
1,0,0,MLP-C,3,W1,0.268333333,0.731666667,0.822099448,0.06266666666666669,0.06866666666666668,0.016000000000000014
1,0,0,MLP-C,3,W2,0.281666667,0.718333333,0.816104461,0.022166666666666713,0.06850000000000005,0.0038333333333333552
1,0,0,LogReg,4,X,0.218333333,0.781666667,0.850285714,0.08999999999999997,0.11666666666666661,0.0028333333333332876
1,0,0,LogReg,4,W1,0.24,0.76,0.835990888,0.062,0.11733333333333333,0.0016666666666666607
1,0,0,LogReg,4,W2,0.265,0.735,0.81993205,0.02616666666666667,0.098,0.003166666666666673
1,0,0,SVC,4,X,0.225,0.765,0.836616454,0.10266666666666668,0.09616666666666669,-0.0033333333333333214
1,0,0,SVC,4,W1,0.24,0.748333333,0.829763247,0.061999999999999944,0.10133333333333328,-0.009833333333333383
1,0,0,SVC,4,W2,0.26,0.73,0.823529412,0.021166666666666632,0.0843333333333333,0.002166666666666639
1,0,0,RF-C,4,X,0.228333333,0.771666667,0.844847112,0.08066666666666661,0.10499999999999994,0.004666666666666619
1,0,0,RF-C,4,W1,0.251666667,0.748333333,0.829763247,0.062499999999999965,0.1128333333333333,0.014333333333333309
1,0,0,RF-C,4,W2,0.26,0.74,0.824719101,0.029833333333333312,0.10499999999999998,0.012166666666666659
1,0,0,XGBoost-C,4,X,0.241666667,0.725,0.804270463,0.07716666666666665,0.08499999999999998,-0.002333333333333365
1,0,0,XGBoost-C,4,W1,0.256666667,0.708333333,0.794359577,0.052833333333333385,0.0946666666666667,0.009166666666666712
1,0,0,XGBoost-C,4,W2,0.265,0.691666667,0.782096584,0.03066666666666664,0.09,0.012499999999999956
1,0,0,MLP-C,4,X,0.223333333,0.776666667,0.844186047,0.09816666666666662,0.10966666666666662,0.0029999999999999584
1,0,0,MLP-C,4,W1,0.238333333,0.761666667,0.836944128,0.06733333333333338,0.11983333333333338,0.0035000000000000365
1,0,0,MLP-C,4,W2,0.256666667,0.743333333,0.824200913,0.031833333333333304,0.11533333333333329,0.00449999999999996
1,0,0,LogReg,5,X,0.245,0.755,0.832764505,0.08383333333333334,0.08416666666666667,0.005999999999999994
1,0,0,LogReg,5,W1,0.26,0.74,0.823927765,0.06299999999999999,0.084,0.009166666666666656
1,0,0,LogReg,5,W2,0.293333333,0.706666667,0.810344828,0.019666666666666655,0.06916666666666665,0.004666666666666664
1,0,0,SVC,5,X,0.246666667,0.75,0.828767123,0.09166666666666666,0.07883333333333335,-0.0006666666666666488
1,0,0,SVC,5,W1,0.265,0.725,0.816870144,0.06133333333333331,0.06599999999999998,-0.002333333333333365
1,0,0,SVC,5,W2,0.295,0.701666667,0.80773362,0.01283333333333334,0.05866666666666666,0.005333333333333324
1,0,0,RF-C,5,X,0.251666667,0.748333333,0.837808808,0.058999999999999955,0.06899999999999995,0.00516666666666663
1,0,0,RF-C,5,W1,0.271666667,0.728333333,0.820682068,0.061833333333333386,0.06800000000000005,0.0025000000000000465
1,0,0,RF-C,5,W2,0.306666667,0.693333333,0.795100223,0.02233333333333336,0.0676666666666667,0.006500000000000017
1,0,0,XGBoost-C,5,X,0.246666667,0.706666667,0.790973872,0.08033333333333334,0.06383333333333333,-0.006500000000000006
1,0,0,XGBoost-C,5,W1,0.268333333,0.693333333,0.784543326,0.06316666666666668,0.06316666666666669,-0.00533333333333329
1,0,0,XGBoost-C,5,W2,0.295,0.63,0.736966825,-0.009333333333333327,0.03650000000000001,-0.0125
1,0,0,MLP-C,5,X,0.241666667,0.758333333,0.834663626,0.08099999999999995,0.09366666666666663,0.010166666666666635
1,0,0,MLP-C,5,W1,0.26,0.74,0.823927765,0.06266666666666663,0.08433333333333333,0.009166666666666656
1,0,0,MLP-C,5,W2,0.293333333,0.706666667,0.805309735,0.007999999999999997,0.08233333333333333,0.006333333333333346
1,0,0,LogReg,6,X,0.228333333,0.771666667,0.837485172,0.11699999999999995,0.10599999999999994,0.0068333333333332694
1,0,0,LogReg,6,W1,0.258333333,0.741666667,0.821634062,0.07533333333333336,0.09400000000000006,0.0025000000000000356
1,0,0,LogReg,6,W2,0.296666667,0.703333333,0.802222222,0.011666666666666704,0.08500000000000003,0.010500000000000042
1,0,0,SVC,6,X,0.226666667,0.768333333,0.835112693,0.11633333333333332,0.10116666666666663,0.0023333333333333205
1,0,0,SVC,6,W1,0.263333333,0.735,0.819112628,0.07216666666666667,0.08033333333333334,-0.0070000000000000175
1,0,0,SVC,6,W2,0.305,0.688333333,0.798708288,0.005166666666666675,0.05533333333333336,-0.0006666666666666488
1,0,0,RF-C,6,X,0.241666667,0.758333333,0.830011723,0.10766666666666666,0.09433333333333331,-0.005166666666666708
1,0,0,RF-C,6,W1,0.261666667,0.738333333,0.818915802,0.08066666666666662,0.09616666666666661,0.004833333333333278
1,0,0,RF-C,6,W2,0.296666667,0.703333333,0.805251641,0.012833333333333363,0.07200000000000004,0.012666666666666715
1,0,0,XGBoost-C,6,X,0.235,0.726666667,0.805687204,0.09483333333333334,0.07583333333333335,-0.006833333333333314
1,0,0,XGBoost-C,6,W1,0.258333333,0.703333333,0.789099526,0.06333333333333337,0.07050000000000002,-0.009666666666666646
1,0,0,XGBoost-C,6,W2,0.293333333,0.688333333,0.782305006,0.025000000000000022,0.08683333333333336,0.017333333333333346
1,0,0,MLP-C,6,X,0.221666667,0.778333333,0.837209302,0.1338333333333333,0.11133333333333333,0.003500000000000003
1,0,0,MLP-C,6,W1,0.251666667,0.748333333,0.821301775,0.08883333333333329,0.10416666666666663,-0.00033333333333336325
1,0,0,MLP-C,6,W2,0.291666667,0.708333333,0.804469274,0.0191666666666667,0.08983333333333336,0.015000000000000058
1,0,0,LogReg,7,X,0.218333333,0.781666667,0.851642129,0.10149999999999992,0.09399999999999994,0.0034999999999999697
1,0,0,LogReg,7,W1,0.241666667,0.758333333,0.843243243,0.058999999999999976,0.09116666666666665,-0.0006666666666667043
1,0,0,LogReg,7,W2,0.251666667,0.748333333,0.836403034,0.036666666666666625,0.09766666666666662,0.001833333333333298
1,0,0,SVC,7,X,0.221666667,0.776666667,0.848758465,0.10366666666666662,0.07866666666666661,0.0029999999999999693
1,0,0,SVC,7,W1,0.241666667,0.748333333,0.831661093,0.07099999999999997,0.07666666666666663,-0.011833333333333385
1,0,0,SVC,7,W2,0.253333333,0.745,0.833876221,0.048,0.09383333333333335,-0.0023333333333333426
1,0,0,RF-C,7,X,0.223333333,0.776666667,0.85209713,0.09733333333333329,0.08316666666666664,0.0014999999999999569
1,0,0,RF-C,7,W1,0.25,0.75,0.835164835,0.07249999999999998,0.0755,-0.004166666666666663
1,0,0,RF-C,7,W2,0.261666667,0.738333333,0.829162133,0.049666666666666616,0.09099999999999994,-0.00716666666666671
1,0,0,XGBoost-C,7,X,0.225,0.756666667,0.831797235,0.08433333333333339,0.0881666666666667,0.016833333333333388
1,0,0,XGBoost-C,7,W1,0.245,0.733333333,0.817351598,0.0658333333333333,0.0881666666666666,0.02799999999999995
1,0,0,XGBoost-C,7,W2,0.26,0.686666667,0.785876993,0.01316666666666666,0.057333333333333306,0.005333333333333312
1,0,0,MLP-C,7,X,0.216666667,0.783333333,0.853932584,0.10116666666666667,0.09349999999999999,0.007666666666666666
1,0,0,MLP-C,7,W1,0.241666667,0.758333333,0.835414302,0.07716666666666663,0.09966666666666664,-0.001666666666666694
1,0,0,MLP-C,7,W2,0.253333333,0.746666667,0.834061135,0.04500000000000002,0.10150000000000006,-0.0003333333333332966
1,0,0,LogReg,8,X,0.218333333,0.781666667,0.850967008,0.09733333333333329,0.10733333333333328,0.0004999999999999782
1,0,0,LogReg,8,W1,0.231666667,0.768333333,0.841865757,0.0883333333333333,0.10283333333333333,0.0
1,0,0,LogReg,8,W2,0.265,0.735,0.824696803,0.027666666666666662,0.10316666666666667,0.00016666666666665942
1,0,0,SVC,8,X,0.22,0.773333333,0.845804989,0.10983333333333331,0.08533333333333332,-0.005666666666666686
1,0,0,SVC,8,W1,0.23,0.77,0.844594595,0.0915,0.09500000000000001,0.0005000000000000115
1,0,0,SVC,8,W2,0.27,0.728333333,0.823018458,0.019500000000000073,0.08400000000000003,0.003333333333333377
1,0,0,RF-C,8,X,0.218333333,0.781666667,0.853631285,0.10483333333333329,0.09149999999999994,0.0003333333333332966
1,0,0,RF-C,8,W1,0.233333333,0.766666667,0.842696629,0.08766666666666671,0.09316666666666672,-0.0001666666666666261
1,0,0,RF-C,8,W2,0.266666667,0.733333333,0.822222222,0.027499999999999934,0.10499999999999994,0.005499999999999927
1,0,0,XGBoost-C,8,X,0.215,0.741666667,0.816568047,0.10450000000000004,0.08616666666666668,0.0015000000000000458
1,0,0,XGBoost-C,8,W1,0.233333333,0.723333333,0.804705882,0.07333333333333338,0.08616666666666671,0.00716666666666671
1,0,0,XGBoost-C,8,W2,0.263333333,0.695,0.790378007,0.020833333333333294,0.09516666666666662,0.00716666666666661
1,0,0,MLP-C,8,X,0.211666667,0.788333333,0.85584563,0.11849999999999997,0.1025,0.008166666666666678
1,0,0,MLP-C,8,W1,0.23,0.77,0.841743119,0.09600000000000002,0.09983333333333336,0.006166666666666665
1,0,0,MLP-C,8,W2,0.255,0.745,0.827896513,0.0385,0.12,0.007499999999999995
1,0,0,LogReg,9,X,0.233333333,0.766666667,0.837587007,0.09500000000000006,0.08950000000000005,0.011333333333333372
1,0,0,LogReg,9,W1,0.261666667,0.738333333,0.82259887,0.05466666666666662,0.08599999999999995,0.005666666666666631
1,0,0,LogReg,9,W2,0.281666667,0.718333333,0.815703381,0.021166666666666712,0.08150000000000006,0.003166666666666695
1,0,0,SVC,9,X,0.24,0.753333333,0.83143508,0.09116666666666662,0.06999999999999998,-0.00566666666666672
1,0,0,SVC,9,W1,0.261666667,0.735,0.820338983,0.058499999999999996,0.07316666666666664,-0.000333333333333341
1,0,0,SVC,9,W2,0.3,0.698333333,0.80261723,0.019833333333333335,0.052833333333333364,-0.0006666666666666265
1,0,0,RF-C,9,X,0.243333333,0.756666667,0.837416481,0.07800000000000004,0.0803333333333334,0.004833333333333379
1,0,0,RF-C,9,W1,0.265,0.735,0.820744081,0.04916666666666666,0.08149999999999999,0.003999999999999992
1,0,0,RF-C,9,W2,0.295,0.705,0.806557377,0.026999999999999948,0.05666666666666663,0.002333333333333287
1,0,0,XGBoost-C,9,X,0.236666667,0.718333333,0.801410106,0.06950000000000006,0.06050000000000003,-0.006999999999999951
1,0,0,XGBoost-C,9,W1,0.263333333,0.696666667,0.784869976,0.04766666666666665,0.06083333333333333,-0.00033333333333335213
1,0,0,XGBoost-C,9,W2,0.285,0.668333333,0.769942197,0.005333333333333324,0.06433333333333333,0.008500000000000018
1,0,0,MLP-C,9,X,0.226666667,0.773333333,0.836930456,0.11733333333333332,0.10349999999999997,0.01533333333333331
1,0,0,MLP-C,9,W1,0.261666667,0.738333333,0.822197055,0.05416666666666662,0.08799999999999995,0.0033333333333332993
1,0,0,MLP-C,9,W2,0.283333333,0.716666667,0.813186813,0.02033333333333335,0.08183333333333336,0.002166666666666672
1,0,0,LogReg,10,X,0.263333333,0.736666667,0.813238771,0.07133333333333335,0.08950000000000002,0.0001666666666666705
1,0,0,LogReg,10,W1,0.281666667,0.718333333,0.805074971,0.03400000000000003,0.08833333333333337,0.0
1,0,0,LogReg,10,W2,0.31,0.69,0.792873051,0.0006666666666666043,0.07566666666666662,-0.0031666666666667065
1,0,0,SVC,10,X,0.266666667,0.731666667,0.809015421,0.07916666666666669,0.07616666666666669,0.0036666666666666627
1,0,0,SVC,10,W1,0.286666667,0.698333333,0.794551646,0.02350000000000002,0.05633333333333338,-0.006166666666666631
1,0,0,SVC,10,W2,0.308333333,0.688333333,0.797837838,-0.0004999999999999782,0.050000000000000024,0.0058333333333333345
1,0,0,RF-C,10,X,0.271666667,0.728333333,0.80755608,0.07550000000000007,0.07150000000000004,0.00033333333333340764
1,0,0,RF-C,10,W1,0.295,0.705,0.795375723,0.03883333333333329,0.06949999999999995,0.0023333333333332984
1,0,0,RF-C,10,W2,0.301666667,0.698333333,0.800880088,0.004500000000000037,0.07183333333333339,0.008666666666666701
1,0,0,XGBoost-C,10,X,0.273333333,0.693333333,0.776155718,0.07316666666666669,0.058666666666666686,-0.00249999999999998
1,0,0,XGBoost-C,10,W1,0.285,0.676666667,0.76626506,0.04666666666666665,0.058999999999999976,-0.007500000000000029
1,0,0,XGBoost-C,10,W2,0.295,0.661666667,0.762573099,0.002666666666666617,0.0638333333333333,-0.002000000000000024
1,0,0,MLP-C,10,X,0.261666667,0.738333333,0.812425329,0.0763333333333333,0.09033333333333328,0.006333333333333279
1,0,0,MLP-C,10,W1,0.278333333,0.721666667,0.806936416,0.03666666666666667,0.09316666666666669,0.000666666666666682
1,0,0,MLP-C,10,W2,0.305,0.695,0.796892342,-0.0011666666666667268,0.07383333333333328,0.005999999999999961
1,0,1,LogReg,1,X,0.225,0.775,0.817320704,0.00983333333333335,0.24816666666666673,0.0
1,0,1,LogReg,1,W1,0.23,0.77,0.811989101,0.0005000000000000337,0.2456666666666667,0.0
1,0,1,LogReg,1,W2,0.223333333,0.776666667,0.817934783,0.0004999999999999782,0.2506666666666666,-0.0010000000000000343
1,0,1,SVC,1,X,0.221666667,0.776666667,0.819407008,0.011999999999999945,0.24916666666666662,0.005499999999999972
1,0,1,SVC,1,W1,0.231666667,0.766666667,0.808743169,-0.0006666666666666043,0.2436666666666667,0.0005000000000000227
1,0,1,SVC,1,W2,0.22,0.778333333,0.819047619,0.005166666666666664,0.2523333333333333,0.005166666666666686
1,0,1,RF-C,1,X,0.22,0.78,0.820163488,0.010833333333333361,0.2526666666666667,0.004666666666666708
1,0,1,RF-C,1,W1,0.228333333,0.771666667,0.815612382,0.004166666666666619,0.2463333333333333,0.01049999999999992
1,0,1,RF-C,1,W2,0.223333333,0.776666667,0.813888889,0.008166666666666633,0.2559999999999999,0.004999999999999949
1,0,1,XGBoost-C,1,X,0.215,0.753333333,0.793296089,0.02033333333333328,0.23499999999999996,-0.003333333333333377
1,0,1,XGBoost-C,1,W1,0.23,0.728333333,0.770098731,-0.0014999999999999569,0.21333333333333337,-0.009333333333333272
1,0,1,XGBoost-C,1,W2,0.228333333,0.733333333,0.78021978,0.012499999999999933,0.22049999999999992,-0.014500000000000058
1,0,1,MLP-C,1,X,0.221666667,0.778333333,0.820512821,0.013500000000000002,0.25,0.005333333333333345
1,0,1,MLP-C,1,W1,0.228333333,0.771666667,0.812071331,0.002166666666666606,0.25033333333333324,0.0016666666666666162
1,0,1,MLP-C,1,W2,0.225,0.775,0.815825375,0.005666666666666697,0.24900000000000003,0.004000000000000015
1,0,1,LogReg,2,X,0.206666667,0.793333333,0.828729282,0.008666666666666666,0.26316666666666666,0.0036666666666666627
1,0,1,LogReg,2,W1,0.208333333,0.791666667,0.825174825,0.007499999999999974,0.26716666666666666,0.003333333333333288
1,0,1,LogReg,2,W2,0.208333333,0.791666667,0.825174825,0.009999999999999964,0.27283333333333326,-0.002000000000000024
1,0,1,SVC,2,X,0.208333333,0.781666667,0.818307906,0.0021666666666666167,0.25499999999999995,-0.0040000000000000365
1,0,1,SVC,2,W1,0.211666667,0.778333333,0.81604426,-0.0033333333333333327,0.25616666666666665,-0.001333333333333331
1,0,1,SVC,2,W2,0.208333333,0.786666667,0.821727019,0.00516666666666663,0.26516666666666666,0.0013333333333332865
1,0,1,RF-C,2,X,0.213333333,0.786666667,0.818696884,0.007666666666666632,0.2644999999999999,-0.0038333333333333774
1,0,1,RF-C,2,W1,0.21,0.79,0.822033898,0.009833333333333383,0.2718333333333333,0.0008333333333333859
1,0,1,RF-C,2,W2,0.203333333,0.796666667,0.825714286,0.021499999999999974,0.2819999999999999,0.018999999999999982
1,0,1,XGBoost-C,2,X,0.205,0.746666667,0.791208791,0.004333333333333378,0.2286666666666667,-0.013666666666666605
1,0,1,XGBoost-C,2,W1,0.218333333,0.741666667,0.789115646,-0.001833333333333298,0.2318333333333334,-0.012833333333333318
1,0,1,XGBoost-C,2,W2,0.208333333,0.773333333,0.80952381,0.014666666666666639,0.25716666666666665,0.02016666666666663
1,0,1,MLP-C,2,X,0.205,0.795,0.825531915,0.01933333333333339,0.2661666666666667,0.005333333333333379
1,0,1,MLP-C,2,W1,0.213333333,0.786666667,0.81971831,0.007666666666666622,0.26149999999999995,0.0009999999999999675
1,0,1,MLP-C,2,W2,0.201666667,0.798333333,0.829337094,0.02083333333333335,0.2831666666666667,0.006833333333333347
1,0,1,LogReg,3,X,0.2,0.8,0.833333333,0.012500000000000044,0.26483333333333337,0.00566666666666672
1,0,1,LogReg,3,W1,0.201666667,0.798333333,0.831710709,0.005666666666666653,0.26383333333333325,0.005666666666666686
1,0,1,LogReg,3,W2,0.201666667,0.798333333,0.833103448,0.0055000000000000274,0.2656666666666667,0.009166666666666679
1,0,1,SVC,3,X,0.2,0.793333333,0.828729282,0.008000000000000007,0.2578333333333333,-0.001666666666666694
1,0,1,SVC,3,W1,0.201666667,0.795,0.83127572,0.006500000000000028,0.2581666666666667,0.0005000000000000449
1,0,1,SVC,3,W2,0.21,0.791666667,0.827109267,0.006333333333333313,0.261,0.0001666666666666261
1,0,1,RF-C,3,X,0.203333333,0.796666667,0.827195467,0.009833333333333315,0.26633333333333326,0.006333333333333291
1,0,1,RF-C,3,W1,0.2,0.8,0.832402235,0.011666666666666724,0.2638333333333334,0.010500000000000042
1,0,1,RF-C,3,W2,0.213333333,0.786666667,0.81920904,0.006333333333333302,0.2588333333333333,0.006999999999999973
1,0,1,XGBoost-C,3,X,0.205,0.753333333,0.790368272,0.014333333333333299,0.22149999999999997,-0.004000000000000026
1,0,1,XGBoost-C,3,W1,0.196666667,0.766666667,0.802816901,0.022000000000000065,0.23266666666666672,0.0023333333333333873
1,0,1,XGBoost-C,3,W2,0.225,0.74,0.778409091,-0.0026666666666666726,0.22066666666666665,-0.004833333333333334
1,0,1,MLP-C,3,X,0.203333333,0.796666667,0.828651685,0.011499999999999988,0.2621666666666666,0.0023333333333332984
1,0,1,MLP-C,3,W1,0.195,0.805,0.836363636,0.015166666666666717,0.26450000000000007,0.013833333333333387
1,0,1,MLP-C,3,W2,0.208333333,0.791666667,0.823196605,0.0023333333333332984,0.2605,0.007166666666666643
1,0,1,LogReg,4,X,0.223333333,0.776666667,0.811797753,0.02699999999999997,0.2483333333333333,-0.00016666666666671494
1,0,1,LogReg,4,W1,0.23,0.77,0.803977273,0.019666666666666686,0.24333333333333335,-0.0004999999999999672
1,0,1,LogReg,4,W2,0.216666667,0.783333333,0.816901408,0.011833333333333352,0.2696666666666666,0.0006666666666666598
1,0,1,SVC,4,X,0.231666667,0.753333333,0.79558011,0.025333333333333298,0.21716666666666665,-0.012333333333333363
1,0,1,SVC,4,W1,0.226666667,0.765,0.804979253,0.015333333333333332,0.23500000000000001,-0.007166666666666643
1,0,1,SVC,4,W2,0.223333333,0.776666667,0.813370474,0.008666666666666623,0.2586666666666666,0.0013333333333332865
1,0,1,RF-C,4,X,0.218333333,0.781666667,0.822252374,0.019999999999999952,0.2504999999999999,0.005499999999999982
1,0,1,RF-C,4,W1,0.226666667,0.773333333,0.814713896,0.013666666666666627,0.25050000000000006,0.007166666666666643
1,0,1,RF-C,4,W2,0.218333333,0.781666667,0.818307906,0.011999999999999955,0.26449999999999996,0.0016666666666666275
1,0,1,XGBoost-C,4,X,0.213333333,0.746666667,0.780979827,0.0346666666666667,0.2186666666666667,0.0011666666666666937
1,0,1,XGBoost-C,4,W1,0.221666667,0.735,0.773826458,0.023333333333333307,0.20683333333333334,-0.008500000000000008
1,0,1,XGBoost-C,4,W2,0.215,0.726666667,0.762318841,0.0015000000000000124,0.21066666666666664,-0.012333333333333318
1,0,1,MLP-C,4,X,0.223333333,0.776666667,0.8101983,0.037666666666666626,0.24449999999999994,0.0029999999999999693
1,0,1,MLP-C,4,W1,0.225,0.775,0.807417974,0.02516666666666669,0.24533333333333335,0.005833333333333346
1,0,1,MLP-C,4,W2,0.215,0.785,0.81958042,0.016833333333333367,0.26933333333333337,0.004500000000000037
1,0,1,LogReg,5,X,0.186666667,0.813333333,0.842253521,0.020500000000000008,0.275,0.001000000000000023
1,0,1,LogReg,5,W1,0.191666667,0.808333333,0.837340877,0.019000000000000006,0.27666666666666667,-0.00016666666666668162
1,0,1,LogReg,5,W2,0.193333333,0.806666667,0.835694051,0.007166666666666643,0.2796666666666667,0.002666666666666617
1,0,1,SVC,5,X,0.188333333,0.808333333,0.838255977,0.020499999999999997,0.2715000000000001,-0.005166666666666653
1,0,1,SVC,5,W1,0.19,0.803333333,0.833333333,0.016500000000000015,0.27283333333333337,-0.0033333333333333435
1,0,1,SVC,5,W2,0.19,0.803333333,0.835654596,0.01050000000000001,0.2781666666666666,0.0019999999999999905
1,0,1,RF-C,5,X,0.19,0.81,0.83573487,0.011333333333333384,0.2790000000000001,0.0008333333333333526
1,0,1,RF-C,5,W1,0.19,0.81,0.832844575,0.009666666666666712,0.2821666666666667,-0.001166666666666627
1,0,1,RF-C,5,W2,0.195,0.805,0.832618026,0.005166666666666708,0.281,0.0026666666666667173
1,0,1,XGBoost-C,5,X,0.193333333,0.758333333,0.788937409,0.005499999999999982,0.22999999999999998,-0.017833333333333357
1,0,1,XGBoost-C,5,W1,0.195,0.76,0.792507205,0.012833333333333353,0.22983333333333333,-0.01699999999999998
1,0,1,XGBoost-C,5,W2,0.195,0.771666667,0.806770099,0.009833333333333272,0.2398333333333333,0.004833333333333278
1,0,1,MLP-C,5,X,0.185,0.815,0.843881857,0.023499999999999945,0.27499999999999997,0.0001666666666666372
1,0,1,MLP-C,5,W1,0.186666667,0.813333333,0.83908046,0.025333333333333354,0.2831666666666667,0.004500000000000015
1,0,1,MLP-C,5,W2,0.193333333,0.806666667,0.835694051,0.007166666666666643,0.279,0.0026666666666666063
1,0,1,LogReg,6,X,0.206666667,0.793333333,0.817647059,0.015166666666666662,0.2763333333333334,-0.0001666666666666705
1,0,1,LogReg,6,W1,0.21,0.79,0.814159292,0.010666666666666724,0.27599999999999997,4.4408920985006264e-17
1,0,1,LogReg,6,W2,0.226666667,0.773333333,0.801169591,-0.002166666666666672,0.26416666666666666,0.0008333333333333304
1,0,1,SVC,6,X,0.206666667,0.79,0.817919075,0.016000000000000035,0.26933333333333337,-0.000833333333333286
1,0,1,SVC,6,W1,0.206666667,0.778333333,0.806404658,0.004333333333333344,0.26483333333333337,-0.003499999999999981
1,0,1,SVC,6,W2,0.23,0.771666667,0.799414348,-0.004333333333333367,0.26,-0.0008333333333333748
1,0,1,RF-C,6,X,0.211666667,0.788333333,0.818830243,0.015999999999999993,0.26549999999999996,0.00016666666666665942
1,0,1,RF-C,6,W1,0.22,0.78,0.802985075,0.001333333333333364,0.27016666666666667,-0.0016666666666666162
1,0,1,RF-C,6,W2,0.218333333,0.781666667,0.808199122,0.003499999999999981,0.2688333333333333,0.0066666666666666315
1,0,1,XGBoost-C,6,X,0.2,0.76,0.793696275,0.014166666666666683,0.23866666666666672,0.0006666666666666598
1,0,1,XGBoost-C,6,W1,0.211666667,0.763333333,0.796561605,0.007666666666666622,0.24433333333333335,0.003999999999999971
1,0,1,XGBoost-C,6,W2,0.215,0.758333333,0.789550073,-0.0008333333333333636,0.24733333333333332,-0.0001666666666666927
1,0,1,MLP-C,6,X,0.201666667,0.798333333,0.820740741,0.029333333333333357,0.2833333333333333,0.016000000000000004
1,0,1,MLP-C,6,W1,0.208333333,0.791666667,0.814264487,0.010499999999999964,0.27883333333333327,0.005166666666666653
1,0,1,MLP-C,6,W2,0.221666667,0.778333333,0.808633094,0.004500000000000015,0.265,0.0001666666666666705
1,0,1,LogReg,7,X,0.211666667,0.788333333,0.821879383,0.018499999999999996,0.2658333333333333,0.0005000000000000115
1,0,1,LogReg,7,W1,0.226666667,0.773333333,0.807909605,0.0004999999999999672,0.2543333333333333,0.001000000000000023
1,0,1,LogReg,7,W2,0.23,0.77,0.801152738,0.0001666666666666927,0.2595,0.000333333333333341
1,0,1,SVC,7,X,0.218333333,0.78,0.811965812,0.020000000000000018,0.25700000000000006,-0.0013333333333333086
1,0,1,SVC,7,W1,0.233333333,0.761666667,0.79658606,-0.0004999999999999672,0.24400000000000005,-0.009499999999999943
1,0,1,SVC,7,W2,0.233333333,0.763333333,0.797142857,-4.4408920985006264e-17,0.24749999999999997,-0.004333333333333367
1,0,1,RF-C,7,X,0.213333333,0.786666667,0.81920904,0.01916666666666662,0.259,0.00466666666666663
1,0,1,RF-C,7,W1,0.22,0.78,0.813031161,0.005666666666666697,0.259,0.008666666666666701
1,0,1,RF-C,7,W2,0.225,0.775,0.804063861,0.009166666666666679,0.2673333333333333,0.0025000000000000356
1,0,1,XGBoost-C,7,X,0.203333333,0.735,0.768558952,0.018999999999999996,0.21483333333333335,-0.006666666666666665
1,0,1,XGBoost-C,7,W1,0.223333333,0.72,0.752941176,-0.0001666666666666927,0.20733333333333331,-0.019000000000000038
1,0,1,XGBoost-C,7,W2,0.225,0.735,0.770562771,0.002333333333333332,0.22916666666666669,0.0019999999999999905
1,0,1,MLP-C,7,X,0.218333333,0.781666667,0.813124108,0.01783333333333329,0.25916666666666666,0.0009999999999999675
1,0,1,MLP-C,7,W1,0.225,0.775,0.813793103,0.009166666666666701,0.25133333333333335,0.0013333333333333751
1,0,1,MLP-C,7,W2,0.225,0.775,0.805194805,0.004000000000000015,0.26416666666666666,0.0028333333333333765
1,0,1,LogReg,8,X,0.226666667,0.773333333,0.807365439,0.01583333333333333,0.24450000000000002,0.0036666666666666514
1,0,1,LogReg,8,W1,0.231666667,0.768333333,0.800573888,0.008833333333333304,0.2408333333333333,0.0011666666666666381
1,0,1,LogReg,8,W2,0.24,0.76,0.794871795,-0.0006666666666666598,0.23466666666666672,0.003500000000000003
1,0,1,SVC,8,X,0.235,0.76,0.796610169,0.009666666666666667,0.23066666666666666,-0.001333333333333342
1,0,1,SVC,8,W1,0.233333333,0.763333333,0.799435028,0.0044999999999999814,0.2341666666666667,-0.0008333333333333526
1,0,1,SVC,8,W2,0.24,0.756666667,0.793201133,0.0011666666666667158,0.2308333333333334,0.0021666666666667056
1,0,1,RF-C,8,X,0.231666667,0.768333333,0.8,0.01699999999999998,0.24066666666666664,0.0003333333333332966
1,0,1,RF-C,8,W1,0.235,0.765,0.790490342,0.016000000000000014,0.24916666666666668,0.005166666666666675
1,0,1,RF-C,8,W2,0.243333333,0.756666667,0.790229885,0.008166666666666688,0.22966666666666669,0.004500000000000037
1,0,1,XGBoost-C,8,X,0.228333333,0.728333333,0.763425254,0.016833333333333388,0.20416666666666675,-0.006499999999999939
1,0,1,XGBoost-C,8,W1,0.231666667,0.725,0.758418741,0.01483333333333331,0.20116666666666663,-0.004500000000000015
1,0,1,XGBoost-C,8,W2,0.241666667,0.715,0.752532562,-0.0010000000000000343,0.1953333333333333,-0.015666666666666697
1,0,1,MLP-C,8,X,0.223333333,0.776666667,0.809116809,0.014833333333333254,0.24733333333333327,0.0019999999999999463
1,0,1,MLP-C,8,W1,0.231666667,0.768333333,0.800573888,0.008833333333333304,0.2403333333333333,0.0013333333333332975
1,0,1,MLP-C,8,W2,0.241666667,0.758333333,0.79374111,-0.001666666666666683,0.23349999999999999,0.001166666666666627
1,0,1,LogReg,9,X,0.226666667,0.773333333,0.814713896,0.02899999999999999,0.2333333333333333,0.0010000000000000009
1,0,1,LogReg,9,W1,0.23,0.77,0.81043956,0.02300000000000003,0.23433333333333337,0.0021666666666666943
1,0,1,LogReg,9,W2,0.25,0.75,0.796747967,0.0036666666666666735,0.22433333333333333,0.0033333333333333435
1,0,1,SVC,9,X,0.218333333,0.776666667,0.815426997,0.02849999999999995,0.23966666666666664,0.0064999999999999615
1,0,1,SVC,9,W1,0.231666667,0.765,0.807113543,0.019666666666666686,0.23083333333333336,-0.0008333333333333304
1,0,1,SVC,9,W2,0.25,0.745,0.791836735,0.0018333333333333424,0.22416666666666668,-0.0040000000000000036
1,0,1,RF-C,9,X,0.225,0.775,0.811188811,0.03516666666666669,0.24533333333333332,0.014500000000000013
1,0,1,RF-C,9,W1,0.228333333,0.771666667,0.808926081,0.024166666666666614,0.24783333333333327,0.015833333333333276
1,0,1,RF-C,9,W2,0.241666667,0.758333333,0.800550206,0.012999999999999979,0.24099999999999996,0.008666666666666633
1,0,1,XGBoost-C,9,X,0.221666667,0.73,0.765217391,0.018499999999999996,0.20916666666666664,-0.0036666666666666735
1,0,1,XGBoost-C,9,W1,0.231666667,0.72,0.762711864,0.012666666666666637,0.20299999999999999,-0.013500000000000012
1,0,1,XGBoost-C,9,W2,0.245,0.721666667,0.763120567,0.01216666666666667,0.21233333333333335,-0.0033333333333333214
1,0,1,MLP-C,9,X,0.22,0.78,0.816666667,0.038333333333333365,0.23850000000000002,0.006833333333333369
1,0,1,MLP-C,9,W1,0.23,0.77,0.809917355,0.023833333333333352,0.23466666666666672,0.004833333333333323
1,0,1,MLP-C,9,W2,0.246666667,0.753333333,0.799457995,0.004833333333333312,0.22983333333333328,0.005666666666666631
1,0,1,LogReg,10,X,0.196666667,0.803333333,0.830945559,0.01983333333333336,0.2775,0.0
1,0,1,LogReg,10,W1,0.188333333,0.811666667,0.839260313,0.02749999999999999,0.2859999999999999,0.0019999999999999684
1,0,1,LogReg,10,W2,0.22,0.78,0.809248555,0.0005000000000000449,0.2598333333333333,0.00033333333333336325
1,0,1,SVC,10,X,0.201666667,0.796666667,0.821637427,0.020666666666666632,0.27199999999999996,0.005666666666666631
1,0,1,SVC,10,W1,0.198333333,0.793333333,0.819241983,0.012000000000000021,0.271,-0.006666666666666687
1,0,1,SVC,10,W2,0.218333333,0.775,0.80349345,-0.001833333333333287,0.2591666666666667,-0.006499999999999973
1,0,1,RF-C,10,X,0.2,0.8,0.828080229,0.0168333333333334,0.279,0.001000000000000023
1,0,1,RF-C,10,W1,0.205,0.795,0.816143498,0.015666666666666707,0.2793333333333334,0.004833333333333379
1,0,1,RF-C,10,W2,0.213333333,0.786666667,0.81120944,0.006166666666666631,0.2753333333333333,0.0034999999999999697
1,0,1,XGBoost-C,10,X,0.206666667,0.738333333,0.766020864,0.013666666666666627,0.213,-0.02916666666666671
1,0,1,XGBoost-C,10,W1,0.2,0.753333333,0.782352941,0.013833333333333298,0.22783333333333333,-0.017500000000000036
1,0,1,XGBoost-C,10,W2,0.213333333,0.735,0.767203514,-0.005666666666666676,0.22183333333333327,-0.022166666666666678
1,0,1,MLP-C,10,X,0.198333333,0.801666667,0.82422452,0.02366666666666667,0.27749999999999997,0.009833333333333305
1,0,1,MLP-C,10,W1,0.186666667,0.813333333,0.842253521,0.03150000000000005,0.2803333333333333,0.005833333333333346
1,0,1,MLP-C,10,W2,0.218333333,0.781666667,0.81205165,0.001166666666666627,0.2593333333333333,-0.0011666666666667158
1,0,2,LogReg,1,X,0.176666667,0.823333333,0.864102564,0.05933333333333336,0.24266666666666672,0.00016666666666670382
1,0,2,LogReg,1,W1,0.185,0.815,0.855656697,0.04533333333333327,0.2508333333333333,0.0009999999999999564
1,0,2,LogReg,1,W2,0.196666667,0.803333333,0.845953003,0.02233333333333335,0.25266666666666665,0.004999999999999993
1,0,2,SVC,1,X,0.193333333,0.805,0.846657929,0.07266666666666673,0.2163333333333334,-0.010499999999999943
1,0,2,SVC,1,W1,0.188333333,0.808333333,0.850455137,0.050500000000000024,0.24033333333333334,0.000333333333333341
1,0,2,SVC,1,W2,0.201666667,0.795,0.842509603,0.025833333333333375,0.24066666666666672,0.0015000000000000458
1,0,2,RF-C,1,X,0.176666667,0.823333333,0.861618799,0.050333333333333376,0.2536666666666667,0.005833333333333357
1,0,2,RF-C,1,W1,0.191666667,0.808333333,0.847277556,0.04850000000000002,0.25133333333333335,0.004333333333333344
1,0,2,RF-C,1,W2,0.203333333,0.796666667,0.841558442,0.018833333333333313,0.2423333333333333,0.008333333333333314
1,0,2,XGBoost-C,1,X,0.183333333,0.776666667,0.820855615,0.058666666666666624,0.21349999999999994,-0.012666666666666725
1,0,2,XGBoost-C,1,W1,0.196666667,0.773333333,0.817204301,0.04599999999999997,0.22249999999999998,-0.00033333333333335213
1,0,2,XGBoost-C,1,W2,0.206666667,0.756666667,0.80839895,0.014666666666666717,0.21700000000000003,0.00850000000000004
1,0,2,MLP-C,1,X,0.176666667,0.823333333,0.858666667,0.06583333333333335,0.24500000000000002,0.0036666666666666957
1,0,2,MLP-C,1,W1,0.183333333,0.816666667,0.857142857,0.05299999999999999,0.2456666666666667,0.0066666666666666315
1,0,2,MLP-C,1,W2,0.196666667,0.803333333,0.845953003,0.021666666666666688,0.25250000000000006,0.004333333333333333
1,0,2,LogReg,2,X,0.17,0.83,0.869565217,0.07599999999999997,0.251,0.0011666666666666158
1,0,2,LogReg,2,W1,0.19,0.81,0.854591837,0.041666666666666706,0.24383333333333343,0.0008333333333333636
1,0,2,LogReg,2,W2,0.218333333,0.781666667,0.833121019,0.006833333333333291,0.23183333333333328,-0.0001666666666666705
1,0,2,SVC,2,X,0.175,0.828333333,0.869123253,0.08066666666666669,0.2436666666666667,0.004500000000000037
1,0,2,SVC,2,W1,0.185,0.808333333,0.854614412,0.04050000000000002,0.23833333333333337,0.002499999999999991
1,0,2,SVC,2,W2,0.22,0.78,0.837837838,0.0028333333333333765,0.21450000000000005,0.006500000000000028
1,0,2,RF-C,2,X,0.176666667,0.823333333,0.86716792,0.0626666666666667,0.24466666666666673,0.007333333333333381
1,0,2,RF-C,2,W1,0.196666667,0.803333333,0.849489796,0.03366666666666668,0.2381666666666667,0.002833333333333343
1,0,2,RF-C,2,W2,0.213333333,0.786666667,0.840399002,0.00533333333333329,0.23199999999999993,0.004999999999999993
1,0,2,XGBoost-C,2,X,0.178333333,0.796666667,0.843187661,0.0678333333333333,0.2211666666666666,0.014333333333333299
1,0,2,XGBoost-C,2,W1,0.196666667,0.781666667,0.831835687,0.050333333333333286,0.2208333333333333,0.005833333333333279
1,0,2,XGBoost-C,2,W2,0.216666667,0.763333333,0.817010309,0.02066666666666662,0.21316666666666664,0.01716666666666662
1,0,2,MLP-C,2,X,0.171666667,0.828333333,0.868117798,0.07533333333333338,0.24983333333333335,0.0001666666666666705
1,0,2,MLP-C,2,W1,0.186666667,0.813333333,0.857142857,0.04966666666666668,0.24333333333333335,0.0030000000000000027
1,0,2,MLP-C,2,W2,0.215,0.785,0.835249042,0.010000000000000054,0.23516666666666666,0.0038333333333333774
1,0,2,LogReg,3,X,0.173333333,0.826666667,0.866323907,0.0925,0.23066666666666666,0.0050000000000000044
1,0,2,LogReg,3,W1,0.2,0.8,0.844155844,0.06816666666666672,0.22483333333333338,0.0013333333333333751
1,0,2,LogReg,3,W2,0.241666667,0.758333333,0.813863928,0.006666666666666643,0.20516666666666664,0.001833333333333287
1,0,2,SVC,3,X,0.168333333,0.82,0.861538462,0.09933333333333327,0.21599999999999997,0.0023333333333332984
1,0,2,SVC,3,W1,0.188333333,0.808333333,0.848084544,0.07350000000000001,0.23083333333333336,0.010333333333333338
1,0,2,SVC,3,W2,0.246666667,0.75,0.807197943,0.005333333333333345,0.19883333333333333,-0.001666666666666683
1,0,2,RF-C,3,X,0.181666667,0.818333333,0.858625162,0.08066666666666669,0.22766666666666663,0.003333333333333366
1,0,2,RF-C,3,W1,0.198333333,0.801666667,0.842384106,0.06749999999999999,0.22849999999999998,0.0073333333333332916
1,0,2,RF-C,3,W2,0.241666667,0.758333333,0.815286624,0.0168333333333333,0.19666666666666663,-0.00016666666666671494
1,0,2,XGBoost-C,3,X,0.188333333,0.763333333,0.815584416,0.06299999999999997,0.17583333333333334,-0.014500000000000023
1,0,2,XGBoost-C,3,W1,0.206666667,0.75,0.802631579,0.04133333333333333,0.18366666666666664,-0.005499999999999994
1,0,2,XGBoost-C,3,W2,0.24,0.728333333,0.786369594,0.0011666666666667158,0.1866666666666667,0.007333333333333381
1,0,2,MLP-C,3,X,0.175,0.825,0.864864865,0.09716666666666661,0.2271666666666666,0.001166666666666627
1,0,2,MLP-C,3,W1,0.193333333,0.806666667,0.846560847,0.0715,0.23349999999999996,0.010499999999999964
1,0,2,MLP-C,3,W2,0.245,0.755,0.813688213,0.011666666666666691,0.19533333333333336,-0.0001666666666666705
1,0,2,LogReg,4,X,0.2,0.8,0.852579853,0.05300000000000003,0.21216666666666675,-0.0006666666666666377
1,0,2,LogReg,4,W1,0.203333333,0.796666667,0.85012285,0.04049999999999996,0.22166666666666662,0.00033333333333331885
1,0,2,LogReg,4,W2,0.215,0.785,0.842490842,0.007000000000000039,0.22550000000000003,0.000666666666666682
1,0,2,SVC,4,X,0.201666667,0.783333333,0.837905237,0.057333333333333326,0.181,-0.0058333333333333345
1,0,2,SVC,4,W1,0.208333333,0.788333333,0.843788438,0.044999999999999984,0.2045,0.0001666666666666705
1,0,2,SVC,4,W2,0.211666667,0.785,0.842874543,0.013666666666666705,0.22166666666666668,0.0036666666666666957
1,0,2,RF-C,4,X,0.201666667,0.798333333,0.852258852,0.06450000000000002,0.2021666666666667,-0.0018333333333333313
1,0,2,RF-C,4,W1,0.206666667,0.793333333,0.847665848,0.042499999999999996,0.21266666666666664,-0.0006666666666666598
1,0,2,RF-C,4,W2,0.213333333,0.786666667,0.841191067,0.011833333333333307,0.22633333333333328,0.004166666666666629
1,0,2,XGBoost-C,4,X,0.196666667,0.748333333,0.809102402,0.05466666666666663,0.16633333333333328,-0.017000000000000036
1,0,2,XGBoost-C,4,W1,0.201666667,0.758333333,0.816223067,0.033833333333333306,0.18816666666666665,0.003166666666666651
1,0,2,XGBoost-C,4,W2,0.211666667,0.748333333,0.813349815,0.021166666666666622,0.1878333333333333,0.007999999999999952
1,0,2,MLP-C,4,X,0.2,0.8,0.850746269,0.04850000000000003,0.2206666666666667,-0.0004999999999999672
1,0,2,MLP-C,4,W1,0.206666667,0.793333333,0.848410758,0.043166666666666645,0.21283333333333335,0.00016666666666668162
1,0,2,MLP-C,4,W2,0.21,0.79,0.848557692,0.018500000000000027,0.2143333333333334,0.010166666666666713
1,0,2,LogReg,5,X,0.166666667,0.833333333,0.872773537,0.08000000000000006,0.2501666666666667,0.002333333333333376
1,0,2,LogReg,5,W1,0.191666667,0.808333333,0.854981084,0.0316666666666667,0.23983333333333334,-0.0001666666666666705
1,0,2,LogReg,5,W2,0.196666667,0.803333333,0.851758794,0.02516666666666668,0.2495,0.0015000000000000013
1,0,2,SVC,5,X,0.166666667,0.835,0.877018634,0.07899999999999996,0.2443333333333333,0.005499999999999972
1,0,2,SVC,5,W1,0.19,0.811666667,0.858573217,0.05033333333333333,0.2288333333333333,0.006166666666666631
1,0,2,SVC,5,W2,0.195,0.798333333,0.85080148,0.02366666666666668,0.2336666666666667,0.0005000000000000227
1,0,2,RF-C,5,X,0.17,0.83,0.873762376,0.0748333333333333,0.238,0.0036666666666666293
1,0,2,RF-C,5,W1,0.185,0.815,0.861423221,0.05499999999999996,0.23149999999999996,0.010666666666666602
1,0,2,RF-C,5,W2,0.196666667,0.803333333,0.854679803,0.02516666666666669,0.24383333333333335,0.004833333333333334
1,0,2,XGBoost-C,5,X,0.171666667,0.793333333,0.839793282,0.069,0.2205,0.010166666666666668
1,0,2,XGBoost-C,5,W1,0.183333333,0.778333333,0.829705506,0.04816666666666665,0.21516666666666664,0.008666666666666666
1,0,2,XGBoost-C,5,W2,0.195,0.748333333,0.807643312,0.009833333333333305,0.205,-0.0035000000000000365
1,0,2,MLP-C,5,X,0.166666667,0.833333333,0.874371859,0.07883333333333337,0.2491666666666667,0.006500000000000028
1,0,2,MLP-C,5,W1,0.186666667,0.813333333,0.857506361,0.04750000000000002,0.24233333333333337,0.005500000000000005
1,0,2,MLP-C,5,W2,0.196666667,0.803333333,0.853598015,0.02533333333333334,0.24500000000000005,0.0050000000000000044
1,0,2,LogReg,6,X,0.191666667,0.808333333,0.853503185,0.07633333333333335,0.21416666666666667,0.0008333333333333415
1,0,2,LogReg,6,W1,0.215,0.785,0.835249042,0.04666666666666669,0.20633333333333334,0.004166666666666707
1,0,2,LogReg,6,W2,0.223333333,0.776666667,0.830379747,0.01983333333333328,0.2093333333333333,0.004666666666666619
1,0,2,SVC,6,X,0.191666667,0.801666667,0.849557522,0.06899999999999998,0.20199999999999996,-0.0015000000000000568
1,0,2,SVC,6,W1,0.216666667,0.77,0.827930175,0.03483333333333337,0.18583333333333335,-0.010333333333333306
1,0,2,SVC,6,W2,0.221666667,0.761666667,0.823238566,0.011000000000000043,0.1891666666666667,0.0023333333333333873
1,0,2,RF-C,6,X,0.193333333,0.806666667,0.851662404,0.06966666666666664,0.21416666666666662,0.013166666666666637
1,0,2,RF-C,6,W1,0.221666667,0.778333333,0.835599506,0.0313333333333333,0.19866666666666666,-0.0021666666666666614
1,0,2,RF-C,6,W2,0.226666667,0.773333333,0.829573935,0.022833333333333306,0.2053333333333333,0.0029999999999999805
1,0,2,XGBoost-C,6,X,0.19,0.766666667,0.819587629,0.04866666666666671,0.17350000000000004,-0.012999999999999933
1,0,2,XGBoost-C,6,W1,0.218333333,0.75,0.80620155,0.02733333333333333,0.17250000000000001,-0.004333333333333333
1,0,2,XGBoost-C,6,W2,0.223333333,0.718333333,0.781371281,0.0023333333333333873,0.16016666666666673,-0.01766666666666663
1,0,2,MLP-C,6,X,0.188333333,0.811666667,0.855683269,0.07716666666666663,0.22033333333333333,0.006166666666666621
1,0,2,MLP-C,6,W1,0.215,0.785,0.835249042,0.04566666666666671,0.2066666666666667,0.004000000000000048
1,0,2,MLP-C,6,W2,0.221666667,0.778333333,0.831003812,0.021833333333333316,0.2125,0.004499999999999993
1,0,2,LogReg,7,X,0.19,0.81,0.859605911,0.06816666666666672,0.21466666666666673,-0.00033333333333331885
1,0,2,LogReg,7,W1,0.18,0.82,0.869879518,0.049166666666666616,0.2276666666666666,0.0
1,0,2,LogReg,7,W2,0.211666667,0.788333333,0.847539016,0.01150000000000001,0.21233333333333335,-0.0001666666666666705
1,0,2,SVC,7,X,0.186666667,0.8,0.85472155,0.06033333333333339,0.19400000000000006,-0.006999999999999951
1,0,2,SVC,7,W1,0.185,0.801666667,0.85748503,0.05599999999999998,0.1996666666666666,-0.006500000000000028
1,0,2,SVC,7,W2,0.201666667,0.791666667,0.850299401,0.011166666666666648,0.21616666666666662,0.0031666666666666397
1,0,2,RF-C,7,X,0.185,0.815,0.863803681,0.050833333333333265,0.21799999999999992,0.021166666666666622
1,0,2,RF-C,7,W1,0.191666667,0.808333333,0.856429463,0.03716666666666668,0.2341666666666667,-0.0013333333333333086
1,0,2,RF-C,7,W2,0.205,0.795,0.85054678,0.016166666666666718,0.22566666666666674,0.009166666666666712
1,0,2,XGBoost-C,7,X,0.196666667,0.791666667,0.845488257,0.0518333333333333,0.18949999999999997,0.007333333333333303
1,0,2,XGBoost-C,7,W1,0.196666667,0.773333333,0.832923833,0.035333333333333314,0.17683333333333331,-0.01150000000000001
1,0,2,XGBoost-C,7,W2,0.2,0.763333333,0.826829268,0.007833333333333303,0.19749999999999995,-0.0038333333333333552
1,0,2,MLP-C,7,X,0.188333333,0.811666667,0.860321384,0.06733333333333333,0.21566666666666662,0.0036666666666666293
1,0,2,MLP-C,7,W1,0.183333333,0.816666667,0.866504854,0.06033333333333333,0.22199999999999998,0.0005000000000000115
1,0,2,MLP-C,7,W2,0.198333333,0.801666667,0.855407047,0.028166666666666652,0.22733333333333325,0.005999999999999983
1,0,2,LogReg,8,X,0.191666667,0.808333333,0.856787049,0.0681666666666667,0.20750000000000002,0.003166666666666695
1,0,2,LogReg,8,W1,0.21,0.79,0.843672457,0.04500000000000004,0.20000000000000004,0.0006666666666666932
1,0,2,LogReg,8,W2,0.246666667,0.753333333,0.816831683,0.0034999999999999476,0.18649999999999997,-0.00583333333333338
1,0,2,SVC,8,X,0.19,0.791666667,0.845105328,0.06766666666666664,0.18466666666666662,-0.010500000000000042
1,0,2,SVC,8,W1,0.21,0.771666667,0.83107275,0.034999999999999955,0.17949999999999994,-0.011166666666666714
1,0,2,SVC,8,W2,0.243333333,0.753333333,0.817283951,0.011833333333333307,0.18666666666666662,-0.005000000000000049
1,0,2,RF-C,8,X,0.213333333,0.786666667,0.842364532,0.05633333333333328,0.1786666666666666,-0.00800000000000003
1,0,2,RF-C,8,W1,0.225,0.775,0.829760404,0.06016666666666668,0.19350000000000006,0.0018333333333333535
1,0,2,RF-C,8,W2,0.231666667,0.768333333,0.826466916,0.021666666666666633,0.20149999999999996,0.0036666666666666627
1,0,2,XGBoost-C,8,X,0.193333333,0.758333333,0.817150063,0.055666666666666656,0.16966666666666663,-0.021166666666666688
1,0,2,XGBoost-C,8,W1,0.21,0.733333333,0.797979798,0.04116666666666663,0.16049999999999995,-0.026666666666666707
1,0,2,XGBoost-C,8,W2,0.233333333,0.726666667,0.792929293,0.0021666666666666835,0.18150000000000005,-0.009499999999999986
1,0,2,MLP-C,8,X,0.191666667,0.808333333,0.858199753,0.07516666666666669,0.2001666666666667,0.002666666666666684
1,0,2,MLP-C,8,W1,0.206666667,0.793333333,0.845386534,0.04416666666666667,0.20483333333333328,0.004166666666666674
1,0,2,MLP-C,8,W2,0.238333333,0.761666667,0.821026283,0.030500000000000037,0.20100000000000007,0.025500000000000057
1,0,2,LogReg,9,X,0.188333333,0.811666667,0.852672751,0.056999999999999974,0.2468333333333333,0.0008333333333333081
1,0,2,LogReg,9,W1,0.188333333,0.811666667,0.85151117,0.047833333333333325,0.2506666666666667,-0.0005000000000000115
1,0,2,LogReg,9,W2,0.216666667,0.783333333,0.832041344,0.005833333333333313,0.23633333333333334,0.005166666666666675
1,0,2,SVC,9,X,0.188333333,0.803333333,0.848717949,0.05116666666666668,0.22816666666666668,0.0005000000000000004
1,0,2,SVC,9,W1,0.191666667,0.798333333,0.843467012,0.040499999999999994,0.23049999999999998,-0.007833333333333336
1,0,2,SVC,9,W2,0.218333333,0.78,0.833753149,0.001666666666666683,0.23133333333333334,-0.0031666666666666397
1,0,2,RF-C,9,X,0.195,0.805,0.847058824,0.05100000000000006,0.23450000000000007,0.00500000000000006
1,0,2,RF-C,9,W1,0.2,0.8,0.843342037,0.039666666666666704,0.23833333333333337,-0.005666666666666631
1,0,2,RF-C,9,W2,0.211666667,0.788333333,0.831788079,0.004333333333333323,0.2538333333333333,-0.0011666666666666713
1,0,2,XGBoost-C,9,X,0.188333333,0.771666667,0.817576565,0.038333333333333275,0.20966666666666658,-0.005000000000000049
1,0,2,XGBoost-C,9,W1,0.185,0.786666667,0.830238727,0.04233333333333329,0.22499999999999995,0.013499999999999956
1,0,2,XGBoost-C,9,W2,0.215,0.761666667,0.809587217,0.0038333333333333665,0.23000000000000007,0.005833333333333368
1,0,2,MLP-C,9,X,0.18,0.82,0.856,0.058666666666666624,0.2599999999999999,0.009166666666666623
1,0,2,MLP-C,9,W1,0.183333333,0.816666667,0.851752022,0.05283333333333333,0.259,0.008166666666666655
1,0,2,MLP-C,9,W2,0.211666667,0.788333333,0.825788752,0.0058333333333333345,0.26599999999999996,0.001333333333333342
1,0,2,LogReg,10,X,0.18,0.82,0.860103627,0.06783333333333327,0.23783333333333329,0.00499999999999996
1,0,2,LogReg,10,W1,0.193333333,0.806666667,0.851662404,0.05066666666666665,0.23866666666666667,-0.0005000000000000337
1,0,2,LogReg,10,W2,0.233333333,0.766666667,0.823677582,0.001166666666666738,0.20466666666666672,-0.0001666666666666039
1,0,2,SVC,10,X,0.178333333,0.806666667,0.853535354,0.06449999999999997,0.21066666666666664,0.0031666666666666397
1,0,2,SVC,10,W1,0.193333333,0.796666667,0.848635236,0.04866666666666662,0.21899999999999994,-0.0013333333333333751
1,0,2,SVC,10,W2,0.233333333,0.765,0.821292776,-0.001833333333333309,0.20033333333333334,0.00016666666666665942
1,0,2,RF-C,10,X,0.181666667,0.818333333,0.860791826,0.07600000000000003,0.22950000000000004,0.007833333333333359
1,0,2,RF-C,10,W1,0.196666667,0.803333333,0.849872774,0.0415,0.23216666666666672,0.003499999999999992
1,0,2,RF-C,10,W2,0.233333333,0.766666667,0.823232323,0.009833333333333383,0.20533333333333337,0.0006666666666667265
1,0,2,XGBoost-C,10,X,0.176666667,0.776666667,0.825520833,0.05983333333333327,0.19333333333333327,-0.0008333333333333859
1,0,2,XGBoost-C,10,W1,0.198333333,0.75,0.802110818,0.03699999999999999,0.17983333333333335,-0.007999999999999997
1,0,2,XGBoost-C,10,W2,0.235,0.735,0.793237971,0.009166666666666656,0.173,-0.004166666666666674
1,0,2,MLP-C,10,X,0.178333333,0.821666667,0.862290862,0.07049999999999998,0.23833333333333329,0.008333333333333326
1,0,2,MLP-C,10,W1,0.18,0.82,0.855614973,0.06366666666666662,0.2604999999999999,-2.2204460492503132e-17
1,0,2,MLP-C,10,W2,0.231666667,0.768333333,0.818774446,0.004833333333333301,0.21266666666666662,-0.003666666666666685
1,1,0,LogReg,1,X,0.163333333,0.836666667,0.909259259,0.018166666666666685,0.027000000000000014,0.002666666666666662
1,1,0,LogReg,1,W1,0.166666667,0.833333333,0.907407407,0.010833333333333384,0.02400000000000003,0.0023333333333333873
1,1,0,LogReg,1,W2,0.17,0.83,0.90625,0.002166666666666628,0.013999999999999967,0.0021666666666666167
1,1,0,SVC,1,X,0.166666667,0.818333333,0.897652582,0.021166666666666688,0.025833333333333354,-0.007833333333333314
1,1,0,SVC,1,W1,0.168333333,0.831666667,0.906220984,0.017000000000000015,0.024833333333333353,0.0001666666666666705
1,1,0,SVC,1,W2,0.176666667,0.825,0.903403864,0.0009999999999999454,0.0073333333333332916,-0.0011666666666667047
1,1,0,RF-C,1,X,0.166666667,0.833333333,0.906015038,0.025833333333333364,0.036166666666666694,0.00883333333333337
1,1,0,RF-C,1,W1,0.17,0.83,0.905380334,0.011833333333333317,0.023166666666666624,0.005833333333333313
1,1,0,RF-C,1,W2,0.166666667,0.833333333,0.90530303,0.016166666666666718,0.041166666666666706,0.0186666666666667
1,1,0,XGBoost-C,1,X,0.165,0.791666667,0.87636004,0.022999999999999944,0.027166666666666617,0.003499999999999959
1,1,0,XGBoost-C,1,W1,0.168333333,0.795,0.879293425,0.0010000000000000343,0.024666666666666715,0.009666666666666712
1,1,0,XGBoost-C,1,W2,0.173333333,0.806666667,0.888246628,0.012666666666666649,0.04149999999999997,0.01399999999999998
1,1,0,MLP-C,1,X,0.163333333,0.836666667,0.905950096,0.040333333333333346,0.056666666666666664,0.011166666666666668
1,1,0,MLP-C,1,W1,0.171666667,0.828333333,0.903286385,0.017500000000000026,0.03283333333333337,0.004500000000000037
1,1,0,MLP-C,1,W2,0.173333333,0.826666667,0.903345725,0.0035000000000000252,0.01799999999999998,0.0009999999999999898
1,1,0,LogReg,2,X,0.171666667,0.828333333,0.901056676,0.03433333333333336,0.05050000000000003,0.0040000000000000365
1,1,0,LogReg,2,W1,0.181666667,0.818333333,0.896877956,0.018500000000000027,0.03200000000000001,0.004000000000000048
1,1,0,LogReg,2,W2,0.188333333,0.811666667,0.895273401,0.0019999999999999463,0.006666666666666654,0.00033333333333331885
1,1,0,SVC,2,X,0.181666667,0.82,0.898113208,0.023333333333333272,0.03349999999999996,-0.001666666666666694
1,1,0,SVC,2,W1,0.188333333,0.808333333,0.892221181,0.008333333333333349,0.016166666666666663,-0.006333333333333335
1,1,0,SVC,2,W2,0.186666667,0.808333333,0.893221913,0.002333333333333332,0.008666666666666656,-0.0009999999999999898
1,1,0,RF-C,2,X,0.175,0.825,0.899521531,0.02749999999999996,0.04799999999999995,-0.006500000000000028
1,1,0,RF-C,2,W1,0.17,0.83,0.902671756,0.02799999999999997,0.0458333333333333,0.008499999999999975
1,1,0,RF-C,2,W2,0.186666667,0.813333333,0.896678967,0.0006666666666666932,0.007000000000000006,0.0033333333333333327
1,1,0,XGBoost-C,2,X,0.165,0.805,0.885181551,0.03150000000000005,0.04550000000000004,0.00583333333333339
1,1,0,XGBoost-C,2,W1,0.18,0.795,0.88,0.01833333333333338,0.03450000000000003,0.006500000000000028
1,1,0,XGBoost-C,2,W2,0.188333333,0.785,0.874635569,0.004166666666666707,0.03083333333333337,-0.0029999999999999584
1,1,0,MLP-C,2,X,0.17,0.83,0.901734104,0.037333333333333295,0.05499999999999996,0.0023333333333333097
1,1,0,MLP-C,2,W1,0.178333333,0.821666667,0.897016362,0.031166666666666655,0.05383333333333333,0.0005000000000000115
1,1,0,MLP-C,2,W2,0.186666667,0.813333333,0.896678967,0.0033333333333333327,0.005999999999999994,0.0016666666666666718
1,1,0,LogReg,3,X,0.16,0.84,0.907869482,0.045833333333333316,0.0548333333333333,0.0029999999999999805
1,1,0,LogReg,3,W1,0.171666667,0.828333333,0.901998097,0.030166666666666696,0.044333333333333357,-0.0003333333333332966
1,1,0,LogReg,3,W2,0.188333333,0.811666667,0.893697084,0.004833333333333301,0.02583333333333333,-1.1102230246251566e-17
1,1,0,SVC,3,X,0.166666667,0.838333333,0.906820365,0.045000000000000026,0.054500000000000035,0.004333333333333389
1,1,0,SVC,3,W1,0.168333333,0.833333333,0.905482042,0.030333333333333358,0.04150000000000002,0.009666666666666702
1,1,0,SVC,3,W2,0.186666667,0.81,0.892655367,0.007333333333333391,0.02683333333333341,0.0013333333333333751
1,1,0,RF-C,3,X,0.165,0.835,0.904162633,0.04949999999999997,0.05599999999999998,0.00499999999999996
1,1,0,RF-C,3,W1,0.173333333,0.826666667,0.900573614,0.03233333333333334,0.04733333333333334,0.006833333333333325
1,1,0,RF-C,3,W2,0.176666667,0.823333333,0.89943074,0.0206666666666667,0.054166666666666696,0.016833333333333332
1,1,0,XGBoost-C,3,X,0.168333333,0.815,0.890640394,0.05533333333333327,0.0451666666666666,0.003666666666666607
1,1,0,XGBoost-C,3,W1,0.171666667,0.785,0.872906404,0.028333333333333356,0.01700000000000005,-0.0006666666666666488
1,1,0,XGBoost-C,3,W2,0.181666667,0.793333333,0.88030888,0.008333333333333326,0.033999999999999996,0.0031666666666666623
1,1,0,MLP-C,3,X,0.16,0.84,0.907335907,0.047333333333333304,0.06049999999999998,0.004833333333333289
1,1,0,MLP-C,3,W1,0.168333333,0.831666667,0.903533906,0.032166666666666656,0.04833333333333334,0.003166666666666651
1,1,0,MLP-C,3,W2,0.186666667,0.813333333,0.897058824,0.0,0.0,0.0
1,1,0,LogReg,4,X,0.17,0.83,0.899606299,0.04233333333333331,0.06899999999999994,0.003833333333333311
1,1,0,LogReg,4,W1,0.175,0.825,0.898157129,0.02999999999999995,0.05649999999999994,0.0043333333333333
1,1,0,LogReg,4,W2,0.181666667,0.818333333,0.896091516,0.01066666666666668,0.04816666666666669,-0.0001666666666666483
1,1,0,SVC,4,X,0.171666667,0.826666667,0.898238748,0.03533333333333334,0.057999999999999996,0.00016666666666668162
1,1,0,SVC,4,W1,0.176666667,0.825,0.899328859,0.02083333333333328,0.0458333333333333,0.006833333333333302
1,1,0,SVC,4,W2,0.183333333,0.805,0.889934149,0.001333333333333364,0.02033333333333337,-0.0018333333333332758
1,1,0,RF-C,4,X,0.166666667,0.833333333,0.902152642,0.03233333333333336,0.07150000000000004,0.006500000000000039
1,1,0,RF-C,4,W1,0.175,0.825,0.899135447,0.01633333333333329,0.05399999999999995,0.007333333333333303
1,1,0,RF-C,4,W2,0.18,0.82,0.896551724,0.00816666666666661,0.05466666666666662,0.008833333333333282
1,1,0,XGBoost-C,4,X,0.181666667,0.791666667,0.875373878,0.026666666666666627,0.05449999999999998,-0.006000000000000038
1,1,0,XGBoost-C,4,W1,0.18,0.786666667,0.873267327,0.009166666666666634,0.04266666666666661,-0.002333333333333354
1,1,0,XGBoost-C,4,W2,0.181666667,0.773333333,0.865612648,-0.00966666666666668,0.03699999999999998,-0.011166666666666703
1,1,0,MLP-C,4,X,0.17,0.83,0.899606299,0.04233333333333331,0.06899999999999994,0.003833333333333311
1,1,0,MLP-C,4,W1,0.175,0.825,0.897159647,0.03483333333333329,0.0643333333333333,0.0038333333333332997
1,1,0,MLP-C,4,W2,0.181666667,0.818333333,0.896091516,0.013333333333333353,0.04650000000000002,0.004333333333333356
1,1,0,LogReg,5,X,0.155,0.845,0.910144928,0.046999999999999965,0.07083333333333333,0.001166666666666627
1,1,0,LogReg,5,W1,0.16,0.84,0.908745247,0.02999999999999998,0.05416666666666664,0.0009999999999999675
1,1,0,LogReg,5,W2,0.18,0.82,0.898113208,0.006666666666666643,0.02999999999999996,-0.0015000000000000234
1,1,0,SVC,5,X,0.156666667,0.843333333,0.909961686,0.04350000000000005,0.061000000000000054,0.0028333333333333877
1,1,0,SVC,5,W1,0.161666667,0.831666667,0.904627007,0.02783333333333333,0.042166666666666665,-0.003166666666666673
1,1,0,SVC,5,W2,0.183333333,0.808333333,0.892422825,0.001333333333333342,0.01133333333333334,-0.0043333333333333115
1,1,0,RF-C,5,X,0.166666667,0.833333333,0.905838041,0.024500000000000022,0.037666666666666695,-0.0009999999999999675
1,1,0,RF-C,5,W1,0.165,0.835,0.907042254,0.02533333333333331,0.0408333333333333,-0.0001666666666666927
1,1,0,RF-C,5,W2,0.186666667,0.813333333,0.894538606,0.005500000000000005,0.019166666666666665,-0.0036666666666666293
1,1,0,XGBoost-C,5,X,0.16,0.813333333,0.889108911,0.046000000000000006,0.05683333333333335,0.006333333333333346
1,1,0,XGBoost-C,5,W1,0.163333333,0.793333333,0.877712032,0.032833333333333325,0.037166666666666646,-0.005166666666666664
1,1,0,XGBoost-C,5,W2,0.181666667,0.78,0.871345029,0.0016666666666667052,0.026666666666666672,-0.01566666666666665
1,1,0,MLP-C,5,X,0.151666667,0.848333333,0.911736178,0.051833333333333384,0.07550000000000004,0.00316666666666674
1,1,0,MLP-C,5,W1,0.16,0.84,0.908745247,0.032166666666666635,0.05333333333333331,0.0006666666666666488
1,1,0,MLP-C,5,W2,0.175,0.825,0.900473934,0.008833333333333304,0.03783333333333329,0.0023333333333333205
1,1,0,LogReg,6,X,0.143333333,0.856666667,0.918406072,0.0401666666666667,0.06466666666666668,0.002499999999999991
1,1,0,LogReg,6,W1,0.153333333,0.846666667,0.91369606,0.025333333333333364,0.04999999999999999,0.0019999999999999797
1,1,0,LogReg,6,W2,0.171666667,0.828333333,0.904363974,0.00033333333333335213,0.02400000000000002,0.0008333333333333526
1,1,0,SVC,6,X,0.153333333,0.845,0.912839738,0.024333333333333308,0.04416666666666663,0.0014999999999999569
1,1,0,SVC,6,W1,0.158333333,0.84,0.910447761,0.01966666666666662,0.03716666666666661,0.0008333333333332971
1,1,0,SVC,6,W2,0.175,0.825,0.903047091,-0.0016666666666667162,0.01699999999999994,-0.002666666666666684
1,1,0,RF-C,6,X,0.153333333,0.846666667,0.91221374,0.04633333333333335,0.06783333333333336,0.018833333333333358
1,1,0,RF-C,6,W1,0.15,0.85,0.914772727,0.034166666666666644,0.06416666666666664,0.017166666666666643
1,1,0,RF-C,6,W2,0.168333333,0.831666667,0.905695612,0.0005000000000000004,0.03149999999999999,0.007166666666666666
1,1,0,XGBoost-C,6,X,0.15,0.835,0.904532305,0.0408333333333333,0.05683333333333331,0.025666666666666626
1,1,0,XGBoost-C,6,W1,0.153333333,0.826666667,0.9,0.031833333333333325,0.053166666666666675,0.0115
1,1,0,XGBoost-C,6,W2,0.168333333,0.823333333,0.898272553,0.011166666666666703,0.052833333333333364,0.027500000000000035
1,1,0,MLP-C,6,X,0.141666667,0.858333333,0.919278253,0.04433333333333328,0.06683333333333329,0.0008333333333332971
1,1,0,MLP-C,6,W1,0.148333333,0.851666667,0.915479582,0.03683333333333335,0.06616666666666669,0.005333333333333345
1,1,0,MLP-C,6,W2,0.166666667,0.833333333,0.906542056,0.0005000000000000227,0.037166666666666695,0.00500000000000006
1,1,0,LogReg,7,X,0.163333333,0.836666667,0.904854369,0.044499999999999984,0.05783333333333335,0.0021666666666666614
1,1,0,LogReg,7,W1,0.17,0.83,0.902857143,0.03016666666666663,0.04066666666666663,-0.0028333333333333656
1,1,0,LogReg,7,W2,0.186666667,0.813333333,0.894934334,0.0063333333333333245,0.02250000000000002,0.00016666666666668162
1,1,0,SVC,7,X,0.17,0.83,0.901544402,0.035666666666666624,0.044999999999999964,-0.003666666666666718
1,1,0,SVC,7,W1,0.173333333,0.83,0.903225806,0.023666666666666614,0.03799999999999996,0.002833333333333299
1,1,0,SVC,7,W2,0.185,0.811666667,0.89546716,0.0016666666666666162,0.00599999999999995,0.002499999999999958
1,1,0,RF-C,7,X,0.161666667,0.838333333,0.905365854,0.04800000000000004,0.06433333333333338,0.005666666666666709
1,1,0,RF-C,7,W1,0.158333333,0.841666667,0.90803485,0.0425,0.061500000000000034,0.01100000000000001
1,1,0,RF-C,7,W2,0.181666667,0.818333333,0.898035547,0.008833333333333337,0.023833333333333363,0.004833333333333379
1,1,0,XGBoost-C,7,X,0.16,0.81,0.88667992,0.04033333333333339,0.04883333333333341,0.00716666666666671
1,1,0,XGBoost-C,7,W1,0.165,0.806666667,0.885375494,0.033999999999999975,0.04033333333333331,0.006666666666666643
1,1,0,XGBoost-C,7,W2,0.18,0.773333333,0.866141732,-0.00033333333333335213,0.02616666666666665,-0.008500000000000018
1,1,0,MLP-C,7,X,0.156666667,0.843333333,0.908023483,0.051166666666666694,0.06866666666666672,0.002000000000000035
1,1,0,MLP-C,7,W1,0.163333333,0.836666667,0.90503876,0.044,0.06100000000000002,-0.0008333333333333193
1,1,0,MLP-C,7,W2,0.178333333,0.821666667,0.899906455,0.008166666666666655,0.030000000000000006,0.006666666666666687
1,1,0,LogReg,8,X,0.146666667,0.853333333,0.915869981,0.03783333333333337,0.06100000000000004,0.0016666666666667052
1,1,0,LogReg,8,W1,0.155,0.845,0.911512845,0.02633333333333332,0.05949999999999998,0.0011666666666666158
1,1,0,LogReg,8,W2,0.176666667,0.823333333,0.901119403,0.0040000000000000365,0.026666666666666707,0.0
1,1,0,SVC,8,X,0.153333333,0.84,0.90960452,0.020999999999999963,0.03933333333333331,-0.0011666666666666937
1,1,0,SVC,8,W1,0.168333333,0.83,0.904672897,0.011499999999999977,0.03149999999999995,-0.002000000000000046
1,1,0,SVC,8,W2,0.186666667,0.811666667,0.895660203,-2.2204460492503132e-17,0.00683333333333328,-0.0008333333333333526
1,1,0,RF-C,8,X,0.166666667,0.833333333,0.905482042,0.02250000000000004,0.035000000000000045,-0.0001666666666666261
1,1,0,RF-C,8,W1,0.165,0.835,0.906161137,0.023333333333333307,0.04699999999999997,0.006999999999999984
1,1,0,RF-C,8,W2,0.18,0.82,0.899441341,0.011999999999999945,0.022666666666666634,0.00366666666666664
1,1,0,XGBoost-C,8,X,0.16,0.816666667,0.89194499,0.04233333333333332,0.04416666666666665,-0.0020000000000000018
1,1,0,XGBoost-C,8,W1,0.16,0.81,0.889320388,0.035666666666666735,0.04616666666666671,0.0011666666666667268
1,1,0,XGBoost-C,8,W2,0.178333333,0.781666667,0.874159462,0.0013333333333332975,0.024666666666666625,-0.0060000000000000496
1,1,0,MLP-C,8,X,0.148333333,0.851666667,0.914995224,0.03683333333333335,0.05850000000000001,0.002000000000000013
1,1,0,MLP-C,8,W1,0.153333333,0.846666667,0.912045889,0.029833333333333358,0.06600000000000003,0.0026666666666666726
1,1,0,MLP-C,8,W2,0.176666667,0.823333333,0.901119403,0.0040000000000000365,0.027666666666666694,0.0018333333333333756
1,1,0,LogReg,9,X,0.16,0.84,0.908396947,0.032666666666666636,0.056499999999999974,0.003499999999999959
1,1,0,LogReg,9,W1,0.165,0.835,0.905624404,0.022166666666666633,0.05116666666666664,0.0026666666666666393
1,1,0,LogReg,9,W2,0.181666667,0.818333333,0.898792943,0.002666666666666684,0.021666666666666702,-0.0008333333333332971
1,1,0,SVC,9,X,0.163333333,0.833333333,0.905482042,0.020000000000000052,0.037166666666666695,-0.00366666666666664
1,1,0,SVC,9,W1,0.161666667,0.831666667,0.905695612,0.012666666666666692,0.03266666666666668,-0.0008333333333333193
1,1,0,SVC,9,W2,0.181666667,0.818333333,0.900091659,0.0,0.0,0.0
1,1,0,RF-C,9,X,0.161666667,0.838333333,0.908056872,0.026333333333333386,0.049333333333333375,-0.0011666666666666492
1,1,0,RF-C,9,W1,0.163333333,0.836666667,0.908067542,0.014500000000000023,0.03783333333333333,0.004666666666666685
1,1,0,RF-C,9,W2,0.18,0.82,0.900917431,0.001833333333333287,0.0049999999999999715,0.001499999999999968
1,1,0,XGBoost-C,9,X,0.165,0.785,0.871128871,0.02233333333333336,0.038166666666666696,-0.015499999999999969
1,1,0,XGBoost-C,9,W1,0.166666667,0.78,0.87007874,0.0070000000000000175,0.0366666666666667,-0.017666666666666653
1,1,0,XGBoost-C,9,W2,0.175,0.785,0.8756027,-0.0043333333333333,0.025166666666666705,-0.012833333333333308
1,1,0,MLP-C,9,X,0.16,0.84,0.908396947,0.032666666666666636,0.05666666666666664,0.0028333333333332876
1,1,0,MLP-C,9,W1,0.163333333,0.836666667,0.908067542,0.018833333333333334,0.03966666666666666,0.0001666666666666705
1,1,0,MLP-C,9,W2,0.178333333,0.821666667,0.900465116,0.003499999999999992,0.028000000000000004,0.001666666666666683
1,1,0,LogReg,10,X,0.146666667,0.853333333,0.9140625,0.05566666666666672,0.07900000000000004,0.003333333333333366
1,1,0,LogReg,10,W1,0.161666667,0.838333333,0.907530982,0.03383333333333337,0.05950000000000007,-0.0004999999999999672
1,1,0,LogReg,10,W2,0.173333333,0.826666667,0.902985075,0.007666666666666666,0.031166666666666665,0.0
1,1,0,SVC,10,X,0.158333333,0.845,0.911174785,0.04333333333333329,0.06116666666666663,0.0023333333333332984
1,1,0,SVC,10,W1,0.155,0.845,0.911512845,0.036666666666666646,0.058833333333333314,0.009833333333333305
1,1,0,SVC,10,W2,0.176666667,0.821666667,0.899718838,0.009333333333333327,0.03066666666666664,0.0014999999999999903
1,1,0,RF-C,10,X,0.15,0.85,0.913127413,0.050333333333333306,0.07016666666666665,0.011833333333333284
1,1,0,RF-C,10,W1,0.158333333,0.841666667,0.909952607,0.030000000000000016,0.05616666666666668,0.008000000000000018
1,1,0,RF-C,10,W2,0.17,0.83,0.903409091,0.012833333333333318,0.0513333333333333,0.009999999999999964
1,1,0,XGBoost-C,10,X,0.151666667,0.813333333,0.888,0.044500000000000005,0.05983333333333335,0.003000000000000036
1,1,0,XGBoost-C,10,W1,0.155,0.805,0.884272997,0.03783333333333337,0.05783333333333338,0.004000000000000048
1,1,0,XGBoost-C,10,W2,0.168333333,0.791666667,0.876847291,0.009833333333333295,0.05449999999999995,0.004833333333333312
1,1,0,MLP-C,10,X,0.146666667,0.853333333,0.9140625,0.05600000000000005,0.07883333333333338,0.003333333333333366
1,1,0,MLP-C,10,W1,0.161666667,0.838333333,0.905365854,0.04833333333333336,0.07533333333333336,0.002166666666666717
1,1,0,MLP-C,10,W2,0.173333333,0.826666667,0.901328273,0.013500000000000002,0.05166666666666666,0.004333333333333333
1,1,1,LogReg,1,X,0.206666667,0.793333333,0.859728507,0.009000000000000008,0.18283333333333335,-0.0005000000000000004
1,1,1,LogReg,1,W1,0.211666667,0.788333333,0.853179191,0.015833333333333355,0.18583333333333335,-0.004833333333333323
1,1,1,LogReg,1,W2,0.211666667,0.788333333,0.852838934,0.006333333333333335,0.19866666666666666,-0.0006666666666666598
1,1,1,SVC,1,X,0.213333333,0.783333333,0.851598174,0.004999999999999993,0.18016666666666667,-0.007500000000000018
1,1,1,SVC,1,W1,0.21,0.78,0.848970252,0.004333333333333389,0.17633333333333337,-0.010333333333333295
1,1,1,SVC,1,W2,0.213333333,0.783333333,0.85260771,0.0019999999999999905,0.1815,-0.004166666666666674
1,1,1,RF-C,1,X,0.201666667,0.798333333,0.863892013,0.016500000000000025,0.18000000000000002,0.004833333333333334
1,1,1,RF-C,1,W1,0.206666667,0.793333333,0.856812933,0.004666666666666664,0.19916666666666666,0.002166666666666672
1,1,1,RF-C,1,W2,0.208333333,0.791666667,0.855156431,0.0036666666666666293,0.20349999999999993,0.003999999999999948
1,1,1,XGBoost-C,1,X,0.195,0.771666667,0.839390387,0.005833333333333279,0.1873333333333333,0.004499999999999937
1,1,1,XGBoost-C,1,W1,0.201666667,0.755,0.828070175,0.002666666666666662,0.1756666666666667,-0.006833333333333314
1,1,1,XGBoost-C,1,W2,0.21,0.751666667,0.824911868,-0.0033333333333332993,0.17883333333333334,0.006333333333333369
1,1,1,MLP-C,1,X,0.203333333,0.796666667,0.860730594,0.020333333333333314,0.1898333333333333,0.0033333333333332993
1,1,1,MLP-C,1,W1,0.205,0.795,0.857142857,0.016166666666666718,0.19600000000000004,0.002000000000000046
1,1,1,MLP-C,1,W2,0.208333333,0.791666667,0.854819977,0.007166666666666632,0.20149999999999996,0.0044999999999999814
1,1,1,LogReg,2,X,0.17,0.83,0.887665198,0.010166666666666624,0.2003333333333333,0.0021666666666666167
1,1,1,LogReg,2,W1,0.166666667,0.833333333,0.889135255,0.010833333333333384,0.20500000000000002,0.007333333333333391
1,1,1,LogReg,2,W2,0.168333333,0.831666667,0.889375685,0.005666666666666653,0.20316666666666666,0.004833333333333334
1,1,1,SVC,2,X,0.166666667,0.83,0.886414254,0.011333333333333296,0.2058333333333333,0.007999999999999974
1,1,1,SVC,2,W1,0.165,0.835,0.890365449,0.011833333333333307,0.20716666666666664,0.011999999999999966
1,1,1,SVC,2,W2,0.17,0.831666667,0.889132821,0.001666666666666683,0.20566666666666666,0.009500000000000031
1,1,1,RF-C,2,X,0.168333333,0.831666667,0.887402453,0.01633333333333333,0.21166666666666667,0.016333333333333346
1,1,1,RF-C,2,W1,0.171666667,0.828333333,0.887677208,0.014500000000000035,0.195,0.005833333333333368
1,1,1,RF-C,2,W2,0.168333333,0.831666667,0.887652948,0.01183333333333333,0.21433333333333332,0.006500000000000017
1,1,1,XGBoost-C,2,X,0.165,0.801666667,0.865536723,0.010666666666666625,0.19683333333333328,0.018166666666666654
1,1,1,XGBoost-C,2,W1,0.171666667,0.803333333,0.867117117,0.0025000000000000022,0.19883333333333333,0.01266666666666667
1,1,1,XGBoost-C,2,W2,0.173333333,0.81,0.871331828,0.006000000000000038,0.199,0.020000000000000052
1,1,1,MLP-C,2,X,0.168333333,0.831666667,0.887902331,0.00966666666666668,0.20350000000000001,0.005000000000000016
1,1,1,MLP-C,2,W1,0.17,0.83,0.88590604,0.011833333333333307,0.2081666666666666,0.006833333333333302
1,1,1,MLP-C,2,W2,0.171666667,0.828333333,0.884916201,0.00800000000000004,0.21183333333333337,0.0070000000000000505
1,1,1,LogReg,3,X,0.168333333,0.831666667,0.888643881,0.017499999999999995,0.19016666666666665,0.0011666666666666713
1,1,1,LogReg,3,W1,0.17,0.83,0.88691796,0.014666666666666639,0.19716666666666663,0.00516666666666663
1,1,1,LogReg,3,W2,0.173333333,0.826666667,0.883928571,0.0040000000000000036,0.19816666666666666,-0.0018333333333333535
1,1,1,SVC,3,X,0.166666667,0.828333333,0.888407367,0.011666666666666724,0.18633333333333338,0.00633333333333338
1,1,1,SVC,3,W1,0.166666667,0.828333333,0.888888889,0.015500000000000059,0.18533333333333338,0.005500000000000049
1,1,1,SVC,3,W2,0.175,0.816666667,0.881209503,0.005999999999999994,0.17616666666666667,0.0018333333333333313
1,1,1,RF-C,3,X,0.166666667,0.833333333,0.888888889,0.016500000000000035,0.2023333333333334,0.012166666666666704
1,1,1,RF-C,3,W1,0.17,0.83,0.887417219,0.01599999999999997,0.20149999999999996,0.0043333333333333115
1,1,1,RF-C,3,W2,0.173333333,0.826666667,0.886214442,0.01066666666666668,0.197,0.006500000000000006
1,1,1,XGBoost-C,3,X,0.17,0.808333333,0.871220605,0.013500000000000012,0.18833333333333335,0.003166666666666695
1,1,1,XGBoost-C,3,W1,0.165,0.808333333,0.870931538,0.017000000000000015,0.18083333333333337,0.0020000000000000018
1,1,1,XGBoost-C,3,W2,0.173333333,0.803333333,0.867713004,0.007833333333333326,0.18783333333333335,0.009500000000000019
1,1,1,MLP-C,3,X,0.17,0.83,0.887168142,0.01766666666666662,0.19133333333333327,0.002166666666666628
1,1,1,MLP-C,3,W1,0.166666667,0.833333333,0.89010989,0.0176666666666667,0.19766666666666668,0.007000000000000062
1,1,1,MLP-C,3,W2,0.163333333,0.836666667,0.89183223,0.016000000000000004,0.20816666666666667,0.017833333333333333
1,1,1,LogReg,4,X,0.2,0.8,0.871244635,0.01666666666666672,0.15633333333333338,0.0020000000000000573
1,1,1,LogReg,4,W1,0.21,0.79,0.859060403,0.004666666666666708,0.17350000000000004,-0.0016666666666666386
1,1,1,LogReg,4,W2,0.213333333,0.786666667,0.858093126,-0.0038333333333333774,0.16849999999999996,0.0006666666666666377
1,1,1,SVC,4,X,0.2,0.798333333,0.867759563,0.016166666666666673,0.15866666666666668,0.005666666666666676
1,1,1,SVC,4,W1,0.201666667,0.796666667,0.866812227,0.009833333333333305,0.16199999999999998,0.00516666666666663
1,1,1,SVC,4,W2,0.21,0.783333333,0.858695652,-0.005000000000000027,0.15616666666666665,-0.0004999999999999894
1,1,1,RF-C,4,X,0.203333333,0.796666667,0.862921348,0.009166666666666634,0.178,0.0051666666666666415
1,1,1,RF-C,4,W1,0.2,0.8,0.867256637,0.013166666666666705,0.17883333333333334,0.013833333333333387
1,1,1,RF-C,4,W2,0.208333333,0.791666667,0.860022396,0.005833333333333324,0.17433333333333328,0.008833333333333315
1,1,1,XGBoost-C,4,X,0.206666667,0.778333333,0.850393701,0.01633333333333331,0.15533333333333332,0.0
1,1,1,XGBoost-C,4,W1,0.203333333,0.77,0.844243792,0.009500000000000008,0.15083333333333337,-0.00366666666666664
1,1,1,XGBoost-C,4,W2,0.213333333,0.761666667,0.839506173,0.00750000000000004,0.15266666666666673,-0.007166666666666622
1,1,1,MLP-C,4,X,0.201666667,0.798333333,0.864197531,0.019166666666666676,0.17550000000000002,0.018000000000000006
1,1,1,MLP-C,4,W1,0.198333333,0.801666667,0.867924528,0.017833333333333312,0.18049999999999997,0.014666666666666639
1,1,1,MLP-C,4,W2,0.208333333,0.791666667,0.860956618,0.0011666666666666381,0.1756666666666666,0.009166666666666623
1,1,1,LogReg,5,X,0.18,0.82,0.879732739,0.0278333333333333,0.18883333333333327,0.0014999999999999569
1,1,1,LogReg,5,W1,0.188333333,0.811666667,0.874861573,0.018999999999999972,0.18083333333333332,0.0001666666666666483
1,1,1,LogReg,5,W2,0.195,0.805,0.869273743,0.0070000000000000505,0.18800000000000006,0.003333333333333355
1,1,1,SVC,5,X,0.188333333,0.808333333,0.872080089,0.028000000000000025,0.17183333333333337,0.0018333333333333313
1,1,1,SVC,5,W1,0.188333333,0.806666667,0.871396896,0.013833333333333309,0.17366666666666664,-0.0011666666666667158
1,1,1,SVC,5,W2,0.198333333,0.791666667,0.863387978,0.0026666666666666393,0.15733333333333333,-0.002166666666666717
1,1,1,RF-C,5,X,0.185,0.815,0.879739978,0.04133333333333329,0.15316666666666662,0.006999999999999928
1,1,1,RF-C,5,W1,0.196666667,0.803333333,0.86741573,0.007833333333333348,0.183,0.0020000000000000018
1,1,1,RF-C,5,W2,0.201666667,0.798333333,0.862343572,0.005500000000000005,0.19233333333333333,0.0018333333333333535
1,1,1,XGBoost-C,5,X,0.185,0.786666667,0.852873563,0.023166666666666634,0.1706666666666666,0.010499999999999964
1,1,1,XGBoost-C,5,W1,0.188333333,0.775,0.847457627,0.005166666666666697,0.15833333333333335,-0.0003333333333332966
1,1,1,XGBoost-C,5,W2,0.188333333,0.77,0.843891403,0.0008333333333333636,0.15783333333333333,0.003166666666666673
1,1,1,MLP-C,5,X,0.188333333,0.811666667,0.872890889,0.023833333333333328,0.1878333333333333,0.0009999999999999675
1,1,1,MLP-C,5,W1,0.19,0.81,0.872483221,0.012500000000000044,0.18983333333333338,0.0035000000000000365
1,1,1,MLP-C,5,W2,0.193333333,0.806666667,0.869662921,0.00783333333333328,0.1903333333333333,0.003999999999999971
1,1,1,LogReg,6,X,0.171666667,0.828333333,0.885172798,0.030166666666666685,0.19400000000000003,0.0025000000000000577
1,1,1,LogReg,6,W1,0.175,0.825,0.88320356,0.025166666666666615,0.18866666666666662,0.0009999999999999788
1,1,1,LogReg,6,W2,0.185,0.815,0.875977654,0.010666666666666613,0.19049999999999995,0.002499999999999969
1,1,1,SVC,6,X,0.173333333,0.82,0.880794702,0.022833333333333282,0.17949999999999994,-0.0010000000000000453
1,1,1,SVC,6,W1,0.176666667,0.813333333,0.876379691,0.018166666666666685,0.1743333333333333,-0.002833333333333321
1,1,1,SVC,6,W2,0.191666667,0.81,0.875,0.0081666666666667,0.17466666666666675,0.005000000000000049
1,1,1,RF-C,6,X,0.178333333,0.821666667,0.881506091,0.025499999999999978,0.18549999999999997,-0.002333333333333332
1,1,1,RF-C,6,W1,0.183333333,0.816666667,0.876681614,0.022999999999999986,0.18633333333333332,-0.0036666666666666735
1,1,1,RF-C,6,W2,0.19,0.81,0.871331828,0.008166666666666711,0.1921666666666667,0.000500000000000067
1,1,1,XGBoost-C,6,X,0.171666667,0.785,0.854565953,0.00633333333333338,0.16750000000000004,0.0025000000000000465
1,1,1,XGBoost-C,6,W1,0.185,0.775,0.847457627,0.00800000000000004,0.1601666666666667,-0.008833333333333294
1,1,1,XGBoost-C,6,W2,0.191666667,0.78,0.848970252,0.006000000000000061,0.167,0.0055000000000000274
1,1,1,MLP-C,6,X,0.173333333,0.826666667,0.884187082,0.02583333333333333,0.192,-0.0005000000000000115
1,1,1,MLP-C,6,W1,0.175,0.825,0.881087203,0.025999999999999957,0.1978333333333333,0.0026666666666666284
1,1,1,MLP-C,6,W2,0.18,0.82,0.880266075,0.00783333333333328,0.1898333333333333,0.013166666666666615
1,1,1,LogReg,7,X,0.156666667,0.843333333,0.893905192,0.03200000000000005,0.21916666666666673,0.0010000000000000343
1,1,1,LogReg,7,W1,0.165,0.835,0.889385475,0.022499999999999975,0.2023333333333333,0.001833333333333298
1,1,1,LogReg,7,W2,0.188333333,0.811666667,0.872890889,0.0013333333333332975,0.1943333333333333,-0.0008333333333333636
1,1,1,SVC,7,X,0.158333333,0.828333333,0.887431694,0.017166666666666698,0.18950000000000006,-0.0011666666666666492
1,1,1,SVC,7,W1,0.171666667,0.823333333,0.884279476,0.01000000000000002,0.18900000000000003,0.005666666666666709
1,1,1,SVC,7,W2,0.193333333,0.798333333,0.868335147,-0.007500000000000007,0.16733333333333333,0.0001666666666666705
1,1,1,RF-C,7,X,0.158333333,0.841666667,0.893378227,0.03700000000000001,0.21550000000000002,0.008333333333333349
1,1,1,RF-C,7,W1,0.156666667,0.843333333,0.894144144,0.02916666666666673,0.22166666666666668,0.020500000000000053
1,1,1,RF-C,7,W2,0.183333333,0.816666667,0.877232143,0.010333333333333316,0.198,0.012833333333333308
1,1,1,XGBoost-C,7,X,0.165,0.813333333,0.873015873,0.018500000000000016,0.195,0.0028333333333333544
1,1,1,XGBoost-C,7,W1,0.17,0.806666667,0.868480726,0.009666666666666657,0.18183333333333335,-0.0025000000000000243
1,1,1,XGBoost-C,7,W2,0.175,0.795,0.861016949,-0.004166666666666629,0.1783333333333334,0.004166666666666719
1,1,1,MLP-C,7,X,0.148333333,0.851666667,0.900112233,0.03600000000000001,0.22583333333333327,0.009666666666666667
1,1,1,MLP-C,7,W1,0.165,0.835,0.887627696,0.024999999999999977,0.21299999999999994,0.00449999999999996
1,1,1,MLP-C,7,W2,0.185,0.815,0.872852234,0.008999999999999942,0.2093333333333333,0.0019999999999999463
1,1,1,LogReg,8,X,0.186666667,0.813333333,0.876106195,0.017000000000000015,0.18016666666666664,0.003833333333333344
1,1,1,LogReg,8,W1,0.186666667,0.813333333,0.874157303,0.01200000000000001,0.19266666666666668,0.0028333333333333322
1,1,1,LogReg,8,W2,0.188333333,0.811666667,0.875138122,0.013833333333333319,0.18916666666666665,0.002166666666666639
1,1,1,SVC,8,X,0.188333333,0.806666667,0.87196468,0.011499999999999977,0.17533333333333334,-0.0035000000000000252
1,1,1,SVC,8,W1,0.188333333,0.801666667,0.868508287,0.0051666666666666415,0.1738333333333333,-0.00566666666666672
1,1,1,SVC,8,W2,0.191666667,0.808333333,0.873208379,0.014000000000000012,0.18400000000000002,0.002833333333333321
1,1,1,RF-C,8,X,0.186666667,0.813333333,0.872146119,0.007000000000000006,0.20700000000000002,0.002333333333333365
1,1,1,RF-C,8,W1,0.188333333,0.811666667,0.871736663,0.005333333333333301,0.1968333333333333,0.0043333333333333
1,1,1,RF-C,8,W2,0.181666667,0.818333333,0.875712657,0.016666666666666684,0.2106666666666667,0.015500000000000036
1,1,1,XGBoost-C,8,X,0.186666667,0.786666667,0.854875283,0.01699999999999996,0.18249999999999997,-0.004000000000000048
1,1,1,XGBoost-C,8,W1,0.19,0.776666667,0.84841629,0.008833333333333282,0.16599999999999998,-0.0038333333333333886
1,1,1,XGBoost-C,8,W2,0.183333333,0.775,0.845714286,0.006166666666666698,0.16666666666666669,-0.009333333333333327
1,1,1,MLP-C,8,X,0.185,0.815,0.874859076,0.01633333333333329,0.1936666666666666,0.007666666666666622
1,1,1,MLP-C,8,W1,0.185,0.815,0.875420875,0.00933333333333326,0.1973333333333333,0.004833333333333256
1,1,1,MLP-C,8,W2,0.183333333,0.816666667,0.872685185,0.014666666666666628,0.21299999999999994,0.003999999999999992
1,1,1,LogReg,9,X,0.191666667,0.808333333,0.873487349,0.018000000000000016,0.16100000000000003,0.0025000000000000022
1,1,1,LogReg,9,W1,0.2,0.8,0.866962306,0.006333333333333369,0.15933333333333335,0.0
1,1,1,LogReg,9,W2,0.205,0.795,0.869009585,0.001333333333333364,0.13900000000000004,0.0
1,1,1,SVC,9,X,0.193333333,0.796666667,0.867965368,0.013666666666666638,0.14233333333333328,-0.005000000000000037
1,1,1,SVC,9,W1,0.196666667,0.796666667,0.86825054,0.007999999999999962,0.147,0.00033333333333331885
1,1,1,SVC,9,W2,0.203333333,0.79,0.863340564,-0.004666666666666641,0.14450000000000002,0.003666666666666707
1,1,1,RF-C,9,X,0.188333333,0.811666667,0.874861573,0.02566666666666667,0.17116666666666663,0.004499999999999971
1,1,1,RF-C,9,W1,0.198333333,0.801666667,0.867924528,0.013833333333333309,0.16549999999999998,0.0049999999999999715
1,1,1,RF-C,9,W2,0.198333333,0.801666667,0.868508287,0.013499999999999956,0.16299999999999998,0.009333333333333305
1,1,1,XGBoost-C,9,X,0.188333333,0.781666667,0.85264342,0.01733333333333329,0.15449999999999992,0.0028333333333332876
1,1,1,XGBoost-C,9,W1,0.191666667,0.778333333,0.850729517,0.009499999999999986,0.16333333333333333,0.004666666666666641
1,1,1,XGBoost-C,9,W2,0.195,0.778333333,0.850393701,0.011833333333333317,0.16766666666666669,0.009333333333333305
1,1,1,MLP-C,9,X,0.191666667,0.808333333,0.872080089,0.02083333333333336,0.1673333333333334,0.0
1,1,1,MLP-C,9,W1,0.198333333,0.801666667,0.867630701,0.013333333333333308,0.16499999999999995,0.0036666666666666293
1,1,1,MLP-C,9,W2,0.205,0.795,0.864388093,0.00783333333333337,0.16200000000000006,0.008166666666666711
1,1,1,LogReg,10,X,0.181666667,0.818333333,0.877113867,0.029166666666666695,0.20183333333333336,0.0028333333333333765
1,1,1,LogReg,10,W1,0.188333333,0.811666667,0.872890889,0.0115,0.20083333333333328,0.0016666666666666275
1,1,1,LogReg,10,W2,0.195,0.805,0.868980963,0.008000000000000052,0.18383333333333338,0.0018333333333333756
1,1,1,SVC,10,X,0.181666667,0.818333333,0.880613363,0.02300000000000003,0.18616666666666673,0.004500000000000015
1,1,1,SVC,10,W1,0.191666667,0.803333333,0.869469027,0.008500000000000008,0.179,-0.0010000000000000009
1,1,1,SVC,10,W2,0.196666667,0.796666667,0.864745011,0.0026666666666666284,0.1688333333333333,-0.0035000000000000473
1,1,1,RF-C,10,X,0.185,0.815,0.874576271,0.027499999999999948,0.20083333333333328,-0.0005000000000000449
1,1,1,RF-C,10,W1,0.191666667,0.808333333,0.870056497,0.017333333333333357,0.19850000000000004,0.0003333333333333299
1,1,1,RF-C,10,W2,0.196666667,0.803333333,0.864678899,0.007833333333333326,0.19283333333333336,0.003166666666666673
1,1,1,XGBoost-C,10,X,0.181666667,0.763333333,0.835266821,0.006999999999999973,0.1585,-0.013000000000000012
1,1,1,XGBoost-C,10,W1,0.19,0.756666667,0.832183908,0.007333333333333381,0.15900000000000003,-0.0163333333333333
1,1,1,XGBoost-C,10,W2,0.196666667,0.78,0.848623853,0.013833333333333354,0.1816666666666667,0.01150000000000002
1,1,1,MLP-C,10,X,0.181666667,0.818333333,0.876836158,0.029000000000000026,0.20383333333333337,0.0038333333333333665
1,1,1,MLP-C,10,W1,0.188333333,0.811666667,0.872890889,0.013333333333333308,0.1993333333333333,0.0019999999999999797
1,1,1,MLP-C,10,W2,0.191666667,0.808333333,0.869169511,0.008833333333333337,0.199,0.006000000000000017
1,1,2,LogReg,1,X,0.143333333,0.856666667,0.910041841,0.057499999999999996,0.14950000000000002,0.0015000000000000124
1,1,2,LogReg,1,W1,0.158333333,0.841666667,0.90052356,0.036333333333333315,0.14083333333333337,0.006000000000000017
1,1,2,LogReg,1,W2,0.18,0.82,0.889795918,0.002499999999999958,0.12633333333333327,0.002666666666666617
1,1,2,SVC,1,X,0.148333333,0.845,0.902617801,0.05949999999999998,0.13466666666666666,-0.0018333333333333756
1,1,2,SVC,1,W1,0.16,0.836666667,0.898550725,0.03483333333333333,0.13033333333333333,0.006166666666666676
1,1,2,SVC,1,W2,0.18,0.816666667,0.889558233,-0.0020000000000000018,0.10466666666666664,-0.0033333333333333327
1,1,2,RF-C,1,X,0.136666667,0.863333333,0.912205567,0.07083333333333328,0.17116666666666663,0.01916666666666662
1,1,2,RF-C,1,W1,0.161666667,0.838333333,0.898429319,0.03500000000000003,0.13916666666666672,0.006000000000000028
1,1,2,RF-C,1,W2,0.176666667,0.823333333,0.890721649,0.004833333333333367,0.13133333333333336,0.013166666666666705
1,1,2,XGBoost-C,1,X,0.133333333,0.828333333,0.888888889,0.04183333333333337,0.13800000000000004,0.005666666666666697
1,1,2,XGBoost-C,1,W1,0.153333333,0.813333333,0.880085653,0.021666666666666678,0.13733333333333336,0.012000000000000021
1,1,2,XGBoost-C,1,W2,0.171666667,0.796666667,0.870488323,-0.00583333333333338,0.12199999999999997,0.008666666666666645
1,1,2,MLP-C,1,X,0.136666667,0.863333333,0.913135593,0.07449999999999994,0.16349999999999995,0.009333333333333272
1,1,2,MLP-C,1,W1,0.155,0.845,0.902821317,0.04266666666666663,0.1443333333333333,0.007166666666666643
1,1,2,MLP-C,1,W2,0.18,0.82,0.8875,0.00516666666666663,0.13833333333333328,0.0043333333333333
1,1,2,LogReg,2,X,0.141666667,0.858333333,0.911917098,0.036333333333333294,0.16133333333333327,0.002999999999999936
1,1,2,LogReg,2,W1,0.14,0.86,0.9125,0.034999999999999996,0.17899999999999996,0.0011666666666666937
1,1,2,LogReg,2,W2,0.158333333,0.841666667,0.903553299,0.010499999999999987,0.14450000000000002,0.0008333333333333304
1,1,2,SVC,2,X,0.15,0.843333333,0.902286902,0.046500000000000055,0.14633333333333337,0.0013333333333333751
1,1,2,SVC,2,W1,0.14,0.846666667,0.904761905,0.030000000000000006,0.15733333333333333,0.007333333333333347
1,1,2,SVC,2,W2,0.163333333,0.836666667,0.899795501,0.005500000000000016,0.15250000000000002,0.004500000000000004
1,1,2,RF-C,2,X,0.15,0.85,0.905263158,0.042666666666666644,0.17066666666666666,-0.001333333333333353
1,1,2,RF-C,2,W1,0.151666667,0.848333333,0.903703704,0.03150000000000005,0.18200000000000002,0.0008333333333333636
1,1,2,RF-C,2,W2,0.16,0.84,0.898947368,0.013333333333333298,0.17766666666666664,0.0029999999999999584
1,1,2,XGBoost-C,2,X,0.145,0.821666667,0.884324324,0.03666666666666666,0.146,0.002333333333333332
1,1,2,XGBoost-C,2,W1,0.143333333,0.816666667,0.882226981,0.030166666666666665,0.14583333333333331,0.0014999999999999903
1,1,2,XGBoost-C,2,W2,0.155,0.798333333,0.871957672,0.006666666666666677,0.13000000000000003,-0.0033333333333333435
1,1,2,MLP-C,2,X,0.146666667,0.853333333,0.906779661,0.049166666666666727,0.16966666666666672,0.0036666666666666957
1,1,2,MLP-C,2,W1,0.138333333,0.861666667,0.913451512,0.03333333333333336,0.18000000000000002,-0.0009999999999999564
1,1,2,MLP-C,2,W2,0.166666667,0.833333333,0.895178197,0.007333333333333381,0.17016666666666672,0.005166666666666708
1,1,2,LogReg,3,X,0.171666667,0.828333333,0.892371996,0.05433333333333338,0.13033333333333336,-0.0008333333333333081
1,1,2,LogReg,3,W1,0.181666667,0.818333333,0.8875129,0.0356666666666667,0.11533333333333336,0.0018333333333333756
1,1,2,LogReg,3,W2,0.201666667,0.798333333,0.876656473,0.011666666666666681,0.09900000000000002,0.0
1,1,2,SVC,3,X,0.171666667,0.816666667,0.887983707,0.03533333333333333,0.10400000000000001,-0.0036666666666666627
1,1,2,SVC,3,W1,0.181666667,0.81,0.884615385,0.030500000000000072,0.10083333333333337,-0.0026666666666666063
1,1,2,SVC,3,W2,0.205,0.791666667,0.872318693,0.009166666666666646,0.09299999999999994,-0.0035000000000000365
1,1,2,RF-C,3,X,0.175,0.825,0.890738814,0.04699999999999997,0.12166666666666663,0.01716666666666662
1,1,2,RF-C,3,W1,0.19,0.81,0.88125,0.03950000000000005,0.11983333333333339,0.015166666666666728
1,1,2,RF-C,3,W2,0.196666667,0.803333333,0.876569038,0.019166666666666676,0.12183333333333335,0.016000000000000025
1,1,2,XGBoost-C,3,X,0.181666667,0.803333333,0.87605042,0.043666666666666666,0.11233333333333335,0.005166666666666675
1,1,2,XGBoost-C,3,W1,0.193333333,0.778333333,0.860440714,0.024999999999999967,0.09699999999999998,-0.0058333333333333345
1,1,2,XGBoost-C,3,W2,0.198333333,0.791666667,0.868004224,0.009166666666666634,0.121,0.012166666666666626
1,1,2,MLP-C,3,X,0.17,0.83,0.893081761,0.05666666666666664,0.13149999999999998,-0.0015000000000000347
1,1,2,MLP-C,3,W1,0.175,0.825,0.891640867,0.03999999999999996,0.12766666666666662,0.009333333333333305
1,1,2,MLP-C,3,W2,0.201666667,0.798333333,0.873826903,0.018500000000000027,0.11400000000000002,-0.001333333333333353
1,1,2,LogReg,4,X,0.133333333,0.866666667,0.915789474,0.07183333333333336,0.16800000000000007,0.006166666666666698
1,1,2,LogReg,4,W1,0.151666667,0.848333333,0.904512067,0.05233333333333338,0.15533333333333338,0.0005000000000000227
1,1,2,LogReg,4,W2,0.186666667,0.813333333,0.886178862,0.011333333333333351,0.11983333333333335,0.004500000000000004
1,1,2,SVC,4,X,0.136666667,0.846666667,0.905154639,0.05366666666666666,0.13966666666666666,-0.009166666666666656
1,1,2,SVC,4,W1,0.153333333,0.835,0.898252826,0.0398333333333333,0.12716666666666662,-0.00033333333333337436
1,1,2,SVC,4,W2,0.183333333,0.815,0.888217523,0.0081666666666666,0.11749999999999994,0.004166666666666619
1,1,2,RF-C,4,X,0.15,0.85,0.905660377,0.05983333333333331,0.15416666666666665,-0.0031666666666666844
1,1,2,RF-C,4,W1,0.153333333,0.846666667,0.903966597,0.051500000000000004,0.148,0.01000000000000002
1,1,2,RF-C,4,W2,0.188333333,0.811666667,0.885279188,0.011666666666666636,0.1208333333333333,0.005333333333333301
1,1,2,XGBoost-C,4,X,0.136666667,0.813333333,0.879310345,0.051333333333333356,0.13483333333333336,-0.021666666666666657
1,1,2,XGBoost-C,4,W1,0.16,0.806666667,0.877637131,0.03583333333333331,0.11966666666666666,-0.012500000000000022
1,1,2,XGBoost-C,4,W2,0.188333333,0.771666667,0.856544503,0.006999999999999939,0.10649999999999996,-0.01883333333333338
1,1,2,MLP-C,4,X,0.136666667,0.863333333,0.913135593,0.0761666666666666,0.16616666666666663,0.003833333333333311
1,1,2,MLP-C,4,W1,0.151666667,0.848333333,0.904712042,0.04983333333333338,0.15666666666666673,0.0005000000000000115
1,1,2,MLP-C,4,W2,0.191666667,0.808333333,0.880829016,0.008166666666666678,0.12716666666666668,0.006333333333333346
1,1,2,LogReg,5,X,0.143333333,0.856666667,0.911157025,0.04950000000000001,0.15383333333333332,0.005166666666666664
1,1,2,LogReg,5,W1,0.153333333,0.846666667,0.905349794,0.03750000000000001,0.14350000000000002,0.001333333333333331
1,1,2,LogReg,5,W2,0.175,0.825,0.892307692,0.004666666666666652,0.12866666666666665,0.003166666666666629
1,1,2,SVC,5,X,0.148333333,0.838333333,0.901322482,0.030666666666666686,0.1266666666666667,-0.007666666666666644
1,1,2,SVC,5,W1,0.16,0.826666667,0.894308943,0.019333333333333334,0.11466666666666665,-0.008166666666666666
1,1,2,SVC,5,W2,0.18,0.815,0.888442211,-0.0020000000000000573,0.10266666666666664,-0.002000000000000035
1,1,2,RF-C,5,X,0.155,0.845,0.904419322,0.03333333333333329,0.1368333333333333,0.00033333333333330774
1,1,2,RF-C,5,W1,0.168333333,0.831666667,0.895768834,0.02733333333333333,0.12633333333333335,-0.009166666666666679
1,1,2,RF-C,5,W2,0.18,0.82,0.887966805,0.011999999999999945,0.1371666666666666,-2.2204460492503132e-17
1,1,2,XGBoost-C,5,X,0.146666667,0.813333333,0.882105263,0.038500000000000034,0.11883333333333335,-0.020833333333333325
1,1,2,XGBoost-C,5,W1,0.161666667,0.813333333,0.882845188,0.018333333333333347,0.123,-0.0066666666666666315
1,1,2,XGBoost-C,5,W2,0.18,0.798333333,0.87408949,0.003500000000000003,0.11783333333333332,0.0013333333333333196
1,1,2,MLP-C,5,X,0.143333333,0.856666667,0.911157025,0.04650000000000004,0.15633333333333332,0.005333333333333334
1,1,2,MLP-C,5,W1,0.153333333,0.846666667,0.905349794,0.03750000000000001,0.14383333333333334,0.0011666666666666603
1,1,2,MLP-C,5,W2,0.173333333,0.826666667,0.892339545,0.00933333333333335,0.14100000000000001,0.0020000000000000018
1,1,2,LogReg,6,X,0.181666667,0.818333333,0.887280248,0.03283333333333336,0.10983333333333337,0.0018333333333333756
1,1,2,LogReg,6,W1,0.185,0.815,0.886850153,0.02199999999999993,0.10099999999999994,0.0009999999999999564
1,1,2,LogReg,6,W2,0.19,0.81,0.882956879,0.008166666666666721,0.11633333333333343,0.0025000000000000465
1,1,2,SVC,6,X,0.185,0.808333333,0.881808839,0.03533333333333337,0.08433333333333334,-0.002499999999999969
1,1,2,SVC,6,W1,0.185,0.805,0.88,0.025666666666666726,0.08300000000000005,-0.006499999999999973
1,1,2,SVC,6,W2,0.195,0.803333333,0.879837067,0.000666666666666682,0.1021666666666667,0.0005000000000000115
1,1,2,RF-C,6,X,0.178333333,0.821666667,0.891370558,0.033833333333333326,0.09283333333333332,0.013499999999999979
1,1,2,RF-C,6,W1,0.185,0.815,0.884012539,0.028333333333333276,0.11716666666666664,0.014666666666666606
1,1,2,RF-C,6,W2,0.191666667,0.808333333,0.879832811,0.011333333333333351,0.12050000000000002,0.019333333333333348
1,1,2,XGBoost-C,6,X,0.173333333,0.801666667,0.872454448,0.04016666666666665,0.10483333333333329,0.0038333333333332997
1,1,2,XGBoost-C,6,W1,0.175,0.796666667,0.871035941,0.03183333333333329,0.10683333333333331,0.013833333333333319
1,1,2,XGBoost-C,6,W2,0.193333333,0.776666667,0.858649789,0.002166666666666639,0.10033333333333327,0.003166666666666629
1,1,2,MLP-C,6,X,0.18,0.82,0.885835095,0.05299999999999996,0.12066666666666662,0.02799999999999995
1,1,2,MLP-C,6,W1,0.185,0.815,0.886850153,0.015666666666666617,0.1086666666666666,0.000499999999999956
1,1,2,MLP-C,6,W2,0.188333333,0.811666667,0.883864337,0.008833333333333304,0.11866666666666666,0.004166666666666652
1,1,2,LogReg,7,X,0.16,0.84,0.899371069,0.03716666666666661,0.14616666666666664,0.0006666666666666377
1,1,2,LogReg,7,W1,0.163333333,0.836666667,0.896842105,0.026166666666666682,0.15499999999999997,0.0008333333333333526
1,1,2,LogReg,7,W2,0.171666667,0.828333333,0.892596455,0.005166666666666708,0.1405,0.004666666666666708
1,1,2,SVC,7,X,0.156666667,0.841666667,0.901349948,0.04683333333333334,0.14150000000000001,0.0030000000000000027
1,1,2,SVC,7,W1,0.168333333,0.825,0.89119171,0.018333333333333292,0.13266666666666663,-0.0046666666666666965
1,1,2,SVC,7,W2,0.173333333,0.815,0.886850153,-0.0016666666666667052,0.11583333333333327,0.0034999999999999476
1,1,2,RF-C,7,X,0.155,0.845,0.901168969,0.04866666666666665,0.15966666666666668,0.0028333333333332876
1,1,2,RF-C,7,W1,0.17,0.83,0.893305439,0.029333333333333288,0.1398333333333333,0.001833333333333287
1,1,2,RF-C,7,W2,0.186666667,0.813333333,0.883575884,0.011166666666666668,0.12599999999999997,-0.0031666666666666397
1,1,2,XGBoost-C,7,X,0.16,0.818333333,0.883671291,0.040166666666666705,0.13233333333333333,-0.00516666666666662
1,1,2,XGBoost-C,7,W1,0.161666667,0.806666667,0.876068376,0.023499999999999976,0.1308333333333333,-0.005833333333333346
1,1,2,XGBoost-C,7,W2,0.181666667,0.788333333,0.864749734,0.004333333333333344,0.12900000000000003,-0.0035000000000000144
1,1,2,MLP-C,7,X,0.155,0.845,0.900958466,0.04166666666666663,0.16,0.0034999999999999697
1,1,2,MLP-C,7,W1,0.163333333,0.836666667,0.896842105,0.02533333333333333,0.1555,0.001666666666666694
1,1,2,MLP-C,7,W2,0.168333333,0.831666667,0.893572181,0.004666666666666664,0.14966666666666667,0.008999999999999998
1,1,2,LogReg,8,X,0.163333333,0.836666667,0.894396552,0.04616666666666667,0.148,0.0
1,1,2,LogReg,8,W1,0.168333333,0.831666667,0.896622313,0.023499999999999986,0.12583333333333332,0.000666666666666682
1,1,2,LogReg,8,W2,0.181666667,0.818333333,0.888205128,0.0055000000000000274,0.12250000000000003,-0.002499999999999969
1,1,2,SVC,8,X,0.161666667,0.835,0.895459345,0.04299999999999997,0.13699999999999996,0.002499999999999969
1,1,2,SVC,8,W1,0.17,0.82,0.888198758,0.024166666666666604,0.12066666666666662,-0.00016666666666671494
1,1,2,SVC,8,W2,0.18,0.816666667,0.887525562,0.006166666666666642,0.11716666666666664,0.00033333333333331885
1,1,2,RF-C,8,X,0.165,0.835,0.893890675,0.04249999999999996,0.1476666666666666,-0.001333333333333364
1,1,2,RF-C,8,W1,0.165,0.835,0.893890675,0.03566666666666661,0.1508333333333333,0.0016666666666666386
1,1,2,RF-C,8,W2,0.176666667,0.823333333,0.888888889,0.018833333333333348,0.14783333333333334,0.003666666666666718
1,1,2,XGBoost-C,8,X,0.161666667,0.806666667,0.874186551,0.03849999999999999,0.1323333333333333,-0.01200000000000001
1,1,2,XGBoost-C,8,W1,0.168333333,0.791666667,0.864277959,0.023333333333333307,0.12449999999999997,-0.009666666666666702
1,1,2,XGBoost-C,8,W2,0.168333333,0.781666667,0.858378378,0.0013333333333333086,0.12999999999999995,-0.015000000000000046
1,1,2,MLP-C,8,X,0.155,0.845,0.897009967,0.05299999999999999,0.17416666666666666,0.000499999999999956
1,1,2,MLP-C,8,W1,0.173333333,0.826666667,0.888888889,0.02849999999999999,0.14750000000000002,0.0001666666666666705
1,1,2,MLP-C,8,W2,0.176666667,0.823333333,0.891615542,0.010833333333333351,0.12600000000000003,0.003166666666666695
1,1,2,LogReg,9,X,0.14,0.86,0.911764706,0.04183333333333331,0.1653333333333333,0.0036666666666666627
1,1,2,LogReg,9,W1,0.151666667,0.848333333,0.903907075,0.02800000000000007,0.16600000000000006,0.0008333333333333636
1,1,2,LogReg,9,W2,0.165,0.835,0.89762151,0.012999999999999989,0.14916666666666664,0.002166666666666639
1,1,2,SVC,9,X,0.143333333,0.846666667,0.904365904,0.045000000000000005,0.13916666666666666,0.003833333333333333
1,1,2,SVC,9,W1,0.151666667,0.853333333,0.909465021,0.03083333333333338,0.15266666666666673,0.007166666666666721
1,1,2,SVC,9,W2,0.168333333,0.831666667,0.897043833,0.008500000000000008,0.13816666666666666,0.0011666666666666603
1,1,2,RF-C,9,X,0.14,0.86,0.911578947,0.05299999999999999,0.1665,0.022666666666666634
1,1,2,RF-C,9,W1,0.148333333,0.851666667,0.907388137,0.03766666666666667,0.15316666666666667,0.0050000000000000044
1,1,2,RF-C,9,W2,0.16,0.84,0.899159664,0.017666666666666643,0.16249999999999995,0.012999999999999966
1,1,2,XGBoost-C,9,X,0.143333333,0.831666667,0.892209178,0.0365,0.14599999999999996,0.011
1,1,2,XGBoost-C,9,W1,0.151666667,0.811666667,0.880675818,0.02683333333333332,0.13766666666666666,-0.001666666666666683
1,1,2,XGBoost-C,9,W2,0.165,0.795,0.869287991,0.00883333333333337,0.13100000000000006,-0.008166666666666633
1,1,2,MLP-C,9,X,0.145,0.855,0.906951872,0.047833333333333304,0.1673333333333333,0.00566666666666662
1,1,2,MLP-C,9,W1,0.15,0.85,0.904661017,0.034666666666666644,0.16799999999999998,0.003499999999999981
1,1,2,MLP-C,9,W2,0.16,0.84,0.898734177,0.015166666666666639,0.16749999999999998,0.010333333333333295
1,1,2,LogReg,10,X,0.146666667,0.853333333,0.907563025,0.05500000000000005,0.15666666666666673,0.00016666666666670382
1,1,2,LogReg,10,W1,0.155,0.845,0.903826267,0.034333333333333285,0.1578333333333333,0.0008333333333332971
1,1,2,LogReg,10,W2,0.16,0.84,0.899371069,0.01633333333333332,0.1605,0.003833333333333311
1,1,2,SVC,10,X,0.151666667,0.848333333,0.906088751,0.03716666666666672,0.14450000000000002,-0.002499999999999969
1,1,2,SVC,10,W1,0.151666667,0.836666667,0.899795501,0.020999999999999984,0.14183333333333334,-0.001000000000000012
1,1,2,SVC,10,W2,0.16,0.833333333,0.897330595,0.009333333333333383,0.14283333333333337,0.005333333333333368
1,1,2,RF-C,10,X,0.148333333,0.851666667,0.907772021,0.04266666666666667,0.152,0.0021666666666666614
1,1,2,RF-C,10,W1,0.15,0.85,0.907024793,0.037666666666666626,0.15983333333333333,0.0023333333333333097
1,1,2,RF-C,10,W2,0.168333333,0.831666667,0.892667375,0.00983333333333335,0.16116666666666668,0.006666666666666677
1,1,2,XGBoost-C,10,X,0.145,0.831666667,0.891514501,0.03499999999999999,0.1578333333333333,0.004166666666666652
1,1,2,XGBoost-C,10,W1,0.145,0.818333333,0.884165781,0.026666666666666707,0.152,-0.0008333333333333081
1,1,2,XGBoost-C,10,W2,0.163333333,0.808333333,0.877529286,0.004333333333333356,0.15383333333333338,0.0020000000000000018
1,1,2,MLP-C,10,X,0.145,0.855,0.907936508,0.05066666666666665,0.16249999999999995,0.004166666666666619
1,1,2,MLP-C,10,W1,0.148333333,0.851666667,0.907001045,0.03383333333333336,0.17300000000000004,0.0025000000000000022
1,1,2,MLP-C,10,W2,0.158333333,0.841666667,0.90052356,0.019166666666666676,0.15949999999999998,0.0033333333333333327
2,0,0,LogReg,1,X,0.2325,0.7675,0.840480274,0.11712499999999997,0.08937499999999995,0.0031249999999999668
2,0,0,LogReg,1,W1,0.265,0.735,0.821848739,0.0705,0.08287499999999999,0.0004999999999999782
2,0,0,LogReg,1,W2,0.29625,0.70375,0.805258833,0.022624999999999996,0.073875,-0.0021250000000000214
2,0,0,SVC,1,X,0.22875,0.77,0.84083045,0.12037500000000004,0.09475,0.00012500000000003063
2,0,0,SVC,1,W1,0.26125,0.73875,0.8248114,0.07762500000000001,0.0805,-0.0002499999999999836
2,0,0,SVC,1,W2,0.2875,0.71,0.816455696,0.014874999999999949,0.06274999999999994,0.00012499999999995292
2,0,0,RF-C,1,X,0.23625,0.76375,0.832298137,0.12875000000000006,0.09100000000000003,0.004875000000000051
2,0,0,RF-C,1,W1,0.275,0.725,0.822006472,0.04762499999999997,0.06637499999999998,-0.0017500000000000293
2,0,0,RF-C,1,W2,0.28875,0.71125,0.815347722,0.01637500000000005,0.07662500000000005,0.00287500000000005
2,0,0,XGBoost-C,1,X,0.24375,0.70375,0.790079717,0.07849999999999999,0.052874999999999985,-0.023375000000000024
2,0,0,XGBoost-C,1,W1,0.2675,0.6925,0.788296041,0.060375,0.06587499999999999,-0.014875000000000005
2,0,0,XGBoost-C,1,W2,0.28375,0.67125,0.776929601,0.02037500000000002,0.08287500000000003,0.005250000000000032
2,0,0,MLP-C,1,X,0.23,0.77,0.841652324,0.11800000000000002,0.09337500000000001,0.005125000000000024
2,0,0,MLP-C,1,W1,0.2625,0.7375,0.823529412,0.07412500000000007,0.08487500000000006,0.0035000000000000365
2,0,0,MLP-C,1,W2,0.2925,0.7075,0.806291391,0.026875000000000017,0.07950000000000003,0.0008750000000000257
2,0,0,LogReg,2,X,0.22875,0.77125,0.836461126,0.10074999999999998,0.11587499999999999,0.003874999999999984
2,0,0,LogReg,2,W1,0.24375,0.75625,0.830875976,0.07387499999999998,0.11512499999999996,0.001874999999999971
2,0,0,LogReg,2,W2,0.29375,0.70625,0.80235492,0.01425000000000005,0.08787500000000004,0.0005000000000000449
2,0,0,SVC,2,X,0.23375,0.77,0.836298932,0.10200000000000001,0.11000000000000001,-0.0006249999999999977
2,0,0,SVC,2,W1,0.24625,0.75375,0.831479897,0.07587500000000005,0.10587500000000002,0.0006250000000000532
2,0,0,SVC,2,W2,0.29,0.71125,0.812347685,0.014500000000000046,0.07912500000000006,0.007125000000000048
2,0,0,RF-C,2,X,0.23,0.77,0.835420394,0.09587500000000003,0.12000000000000002,0.0017500000000000072
2,0,0,RF-C,2,W1,0.25,0.75,0.827586207,0.06399999999999999,0.11524999999999999,0.0021249999999999993
2,0,0,RF-C,2,W2,0.29125,0.70875,0.805995004,0.012875000000000003,0.08674999999999998,0.0023749999999999826
2,0,0,XGBoost-C,2,X,0.235,0.72625,0.800364631,0.08524999999999996,0.08874999999999994,0.0012499999999999623
2,0,0,XGBoost-C,2,W1,0.25125,0.69625,0.782452999,0.05325000000000004,0.08162500000000003,-0.005499999999999972
2,0,0,XGBoost-C,2,W2,0.285,0.6475,0.750883392,0.009249999999999958,0.04874999999999998,-0.01737500000000004
2,0,0,MLP-C,2,X,0.22375,0.77625,0.834105653,0.11524999999999999,0.126375,-0.00025000000000000575
2,0,0,MLP-C,2,W1,0.24125,0.75875,0.832319722,0.07562500000000004,0.11562500000000002,0.006250000000000033
2,0,0,MLP-C,2,W2,0.2875,0.7125,0.804088586,0.018000000000000026,0.09762500000000002,-0.000749999999999984
2,0,0,LogReg,3,X,0.23,0.77,0.836879433,0.11887500000000002,0.09475000000000001,0.0045000000000000265
2,0,0,LogReg,3,W1,0.26125,0.73875,0.82212766,0.07087500000000004,0.08387500000000002,0.008125000000000016
2,0,0,LogReg,3,W2,0.30375,0.69625,0.8,0.014625000000000022,0.07187500000000005,0.0007500000000000506
2,0,0,SVC,3,X,0.2325,0.76375,0.832,0.12725000000000003,0.08475000000000002,-0.0037499999999999756
2,0,0,SVC,3,W1,0.26125,0.735,0.81370826,0.08387499999999999,0.07875,-0.001625000000000032
2,0,0,SVC,3,W2,0.30375,0.6925,0.7960199,0.02887500000000002,0.059625000000000004,0.0007500000000000174
2,0,0,RF-C,3,X,0.23,0.77,0.839160839,0.12050000000000002,0.08912500000000001,0.0026250000000000106
2,0,0,RF-C,3,W1,0.25375,0.74625,0.82208589,0.09187499999999994,0.08412499999999998,0.0041249999999999456
2,0,0,RF-C,3,W2,0.30125,0.69875,0.791341991,0.03212499999999998,0.08599999999999998,0.00412499999999999
2,0,0,XGBoost-C,3,X,0.23125,0.7375,0.809782609,0.10550000000000001,0.09712500000000003,0.0021250000000000435
2,0,0,XGBoost-C,3,W1,0.25375,0.68875,0.775877588,0.05912499999999996,0.06974999999999998,-0.015875000000000028
2,0,0,XGBoost-C,3,W2,0.305,0.65625,0.758135444,0.012999999999999989,0.067375,-0.014875000000000005
2,0,0,MLP-C,3,X,0.23,0.77,0.83831283,0.11887500000000002,0.08912500000000002,0.0003750000000000031
2,0,0,MLP-C,3,W1,0.2575,0.7425,0.819298246,0.08625000000000006,0.08600000000000005,0.006250000000000056
2,0,0,MLP-C,3,W2,0.29875,0.70125,0.79797126,0.015125000000000022,0.09212500000000004,0.006500000000000039
2,0,0,LogReg,4,X,0.24375,0.75625,0.832618026,0.08912499999999997,0.09187499999999998,0.0033749999999999726
2,0,0,LogReg,4,W1,0.26,0.74,0.823129252,0.06487499999999999,0.08299999999999999,0.002749999999999997
2,0,0,LogReg,4,W2,0.3,0.7,0.807073955,0.004624999999999946,0.06299999999999997,0.0029999999999999584
2,0,0,SVC,4,X,0.24375,0.7575,0.83447099,0.09662499999999995,0.08799999999999994,0.006124999999999947
2,0,0,SVC,4,W1,0.26,0.73875,0.823925864,0.06625,0.07612500000000003,0.0005000000000000115
2,0,0,SVC,4,W2,0.295,0.7025,0.812893082,0.01150000000000001,0.04950000000000003,0.0018750000000000045
2,0,0,RF-C,4,X,0.24625,0.75375,0.831479897,0.09575000000000004,0.08962500000000004,0.008125000000000026
2,0,0,RF-C,4,W1,0.25625,0.74375,0.829024187,0.061500000000000034,0.09000000000000004,0.01262500000000003
2,0,0,RF-C,4,W2,0.3,0.7,0.806451613,0.013124999999999953,0.06687499999999996,0.004374999999999951
2,0,0,XGBoost-C,4,X,0.2425,0.71375,0.801042572,0.07699999999999999,0.062125,0.0031249999999999776
2,0,0,XGBoost-C,4,W1,0.255,0.7025,0.795532646,0.065375,0.057374999999999995,0.0046250000000000015
2,0,0,XGBoost-C,4,W2,0.29625,0.66375,0.772995781,0.015124999999999934,0.05674999999999995,-0.0031250000000000444
2,0,0,MLP-C,4,X,0.24375,0.75625,0.833475662,0.09012499999999997,0.08974999999999998,0.005624999999999969
2,0,0,MLP-C,4,W1,0.2575,0.7425,0.824829932,0.06550000000000004,0.08525000000000005,0.004625000000000046
2,0,0,MLP-C,4,W2,0.29125,0.70875,0.808545604,0.008750000000000003,0.08262499999999998,0.005624999999999991
2,0,0,LogReg,5,X,0.225,0.775,0.842381786,0.10725000000000003,0.11149999999999997,0.001000000000000012
2,0,0,LogReg,5,W1,0.25125,0.74875,0.828058169,0.06925000000000002,0.10037500000000002,0.00025000000000000575
2,0,0,LogReg,5,W2,0.27875,0.72125,0.819725141,0.010499999999999943,0.08124999999999992,0.0006249999999999534
2,0,0,SVC,5,X,0.2275,0.77125,0.841283608,0.103375,0.10262500000000001,0.0006249999999999977
2,0,0,SVC,5,W1,0.24625,0.74625,0.828402367,0.07249999999999995,0.08599999999999997,0.005249999999999966
2,0,0,SVC,5,W2,0.27,0.7225,0.817133443,0.019625000000000024,0.08300000000000002,0.0010000000000000453
2,0,0,RF-C,5,X,0.23625,0.76375,0.8366465,0.09400000000000003,0.10162500000000003,0.000500000000000056
2,0,0,RF-C,5,W1,0.25,0.75,0.829059829,0.07599999999999998,0.10300000000000001,0.004499999999999993
2,0,0,RF-C,5,W2,0.28125,0.71875,0.815724816,0.02300000000000001,0.074125,-0.0005000000000000115
2,0,0,XGBoost-C,5,X,0.2325,0.72375,0.804597701,0.09087500000000001,0.08037500000000002,-0.004125000000000001
2,0,0,XGBoost-C,5,W1,0.2475,0.69375,0.785651794,0.04924999999999998,0.07024999999999997,-0.005625000000000035
2,0,0,XGBoost-C,5,W2,0.2725,0.675,0.778156997,0.01800000000000006,0.06712500000000005,-0.0033749999999999614
2,0,0,MLP-C,5,X,0.22375,0.77625,0.843394576,0.10750000000000001,0.11374999999999999,0.0
2,0,0,MLP-C,5,W1,0.24875,0.75125,0.829769033,0.07124999999999998,0.10537499999999997,0.005624999999999947
2,0,0,MLP-C,5,W2,0.28125,0.71875,0.814203138,0.012124999999999997,0.087625,0.0009999999999999788
2,0,0,LogReg,6,X,0.2425,0.7575,0.831889081,0.08924999999999994,0.09787499999999996,0.00024999999999996135
2,0,0,LogReg,6,W1,0.255,0.745,0.817531306,0.089,0.11737500000000001,-0.000374999999999992
2,0,0,LogReg,6,W2,0.28375,0.71625,0.810675563,0.015250000000000052,0.09137500000000005,0.0011250000000000537
2,0,0,SVC,6,X,0.24375,0.75375,0.823634736,0.12000000000000002,0.08775000000000004,0.0008750000000000257
2,0,0,SVC,6,W1,0.255,0.73625,0.811101164,0.08849999999999994,0.10449999999999997,-0.0003750000000000475
2,0,0,SVC,6,W2,0.28875,0.70625,0.803017603,0.013125000000000053,0.07562500000000003,-0.0023749999999999605
2,0,0,RF-C,6,X,0.24375,0.75625,0.835443038,0.09374999999999999,0.08499999999999996,0.004749999999999965
2,0,0,RF-C,6,W1,0.255,0.745,0.830845771,0.06575,0.08825,0.0062499999999999665
2,0,0,RF-C,6,W2,0.28875,0.71125,0.801033592,0.024500000000000056,0.09675000000000003,0.005250000000000044
2,0,0,XGBoost-C,6,X,0.23625,0.7175,0.790352505,0.09462500000000003,0.06562500000000002,-0.00924999999999997
2,0,0,XGBoost-C,6,W1,0.2425,0.6975,0.776340111,0.07199999999999998,0.076375,-0.00249999999999998
2,0,0,XGBoost-C,6,W2,0.2825,0.665,0.759856631,0.025000000000000022,0.08162500000000003,-0.001124999999999965
2,0,0,MLP-C,6,X,0.235,0.765,0.827522936,0.12262500000000003,0.10725000000000003,0.005250000000000032
2,0,0,MLP-C,6,W1,0.255,0.745,0.818181818,0.08699999999999998,0.11662499999999998,0.0016249999999999986
2,0,0,MLP-C,6,W2,0.28125,0.71875,0.810126582,0.014374999999999994,0.10637499999999997,0.0
2,0,0,LogReg,7,X,0.2475,0.7525,0.826619965,0.09949999999999995,0.10274999999999994,0.005749999999999944
2,0,0,LogReg,7,W1,0.26375,0.73625,0.815398075,0.07224999999999995,0.10224999999999995,0.00762499999999997
2,0,0,LogReg,7,W2,0.28375,0.71625,0.808114962,0.026625000000000044,0.10350000000000006,0.0060000000000000496
2,0,0,SVC,7,X,0.2375,0.7575,0.827402135,0.11737499999999998,0.10174999999999997,0.005874999999999964
2,0,0,SVC,7,W1,0.26625,0.73,0.808849558,0.08062499999999999,0.09612499999999997,0.00462499999999999
2,0,0,SVC,7,W2,0.2925,0.70875,0.806639004,0.024624999999999963,0.084375,-0.0010000000000000343
2,0,0,RF-C,7,X,0.245,0.755,0.827464789,0.09787500000000002,0.10312500000000002,0.004750000000000009
2,0,0,RF-C,7,W1,0.26625,0.73375,0.811002662,0.07400000000000002,0.103375,0.004375000000000018
2,0,0,RF-C,7,W2,0.2875,0.7125,0.80704698,0.033125000000000016,0.09225000000000001,0.005750000000000033
2,0,0,XGBoost-C,7,X,0.2425,0.7125,0.790528233,0.09212500000000003,0.06975000000000002,-0.015624999999999977
2,0,0,XGBoost-C,7,W1,0.265,0.69375,0.779080252,0.07424999999999998,0.07562499999999997,-0.011125000000000019
2,0,0,XGBoost-C,7,W2,0.2875,0.665,0.760714286,0.02412500000000003,0.06050000000000003,0.0017500000000000183
2,0,0,MLP-C,7,X,0.2375,0.7625,0.832746479,0.11187499999999997,0.11249999999999996,0.012499999999999945
2,0,0,MLP-C,7,W1,0.2625,0.7375,0.81216458,0.07700000000000004,0.11375000000000002,0.010000000000000042
2,0,0,MLP-C,7,W2,0.2825,0.7175,0.808474576,0.027375000000000028,0.10612500000000002,0.008125000000000016
2,0,0,LogReg,8,X,0.24125,0.75875,0.834901625,0.09612500000000004,0.09987500000000005,0.005125000000000046
2,0,0,LogReg,8,W1,0.26125,0.73875,0.827129859,0.057500000000000016,0.08437500000000002,0.0066250000000000146
2,0,0,LogReg,8,W2,0.29,0.71,0.810766721,0.020374999999999966,0.07249999999999997,0.0031249999999999668
2,0,0,SVC,8,X,0.24125,0.7475,0.827645051,0.09337500000000006,0.08537500000000006,-0.0011249999999999537
2,0,0,SVC,8,W1,0.26625,0.72625,0.818858561,0.055749999999999945,0.07162499999999997,-0.0040000000000000365
2,0,0,SVC,8,W2,0.29125,0.70625,0.81124498,0.020000000000000052,0.056875000000000044,-0.0003749999999999698
2,0,0,RF-C,8,X,0.255,0.745,0.827993255,0.07449999999999998,0.07700000000000001,0.0011249999999999871
2,0,0,RF-C,8,W1,0.2675,0.7325,0.822553897,0.05537500000000004,0.08275000000000002,0.007750000000000035
2,0,0,RF-C,8,W2,0.285,0.715,0.816720257,0.022749999999999982,0.06862499999999996,0.00862499999999996
2,0,0,XGBoost-C,8,X,0.25,0.7075,0.792553191,0.081375,0.05637500000000002,-0.005374999999999974
2,0,0,XGBoost-C,8,W1,0.2675,0.68625,0.778854626,0.04200000000000004,0.05400000000000003,-0.006374999999999964
2,0,0,XGBoost-C,8,W2,0.27375,0.65625,0.761491761,0.0036249999999999893,0.048375,-0.011875000000000002
2,0,0,MLP-C,8,X,0.24125,0.75875,0.83461868,0.09625000000000003,0.09962500000000005,0.005625000000000035
2,0,0,MLP-C,8,W1,0.2575,0.7425,0.828333333,0.06275000000000006,0.08675000000000004,0.007500000000000029
2,0,0,MLP-C,8,W2,0.285,0.715,0.816720257,0.024124999999999973,0.06624999999999998,0.007499999999999974
2,0,0,LogReg,9,X,0.2375,0.7625,0.835640138,0.09262499999999996,0.09224999999999997,0.002874999999999972
2,0,0,LogReg,9,W1,0.2425,0.7575,0.832758621,0.08212499999999993,0.09049999999999994,-0.0015000000000000347
2,0,0,LogReg,9,W2,0.28625,0.71375,0.814574899,0.017249999999999998,0.07349999999999997,0.0025000000000000135
2,0,0,SVC,9,X,0.2425,0.7525,0.828125,0.09249999999999994,0.07674999999999996,-0.0006250000000000532
2,0,0,SVC,9,W1,0.23625,0.7625,0.836488812,0.09137499999999996,0.09012499999999994,0.0013749999999999596
2,0,0,SVC,9,W2,0.28875,0.71,0.812297735,0.027624999999999966,0.05912499999999996,0.002874999999999939
2,0,0,RF-C,9,X,0.24375,0.75625,0.833190761,0.08612499999999997,0.08099999999999997,0.0003749999999999809
2,0,0,RF-C,9,W1,0.24125,0.75875,0.835183604,0.08487500000000002,0.08362500000000005,0.0005000000000000449
2,0,0,RF-C,9,W2,0.27625,0.72375,0.815986678,0.029625000000000002,0.087,0.015999999999999993
2,0,0,XGBoost-C,9,X,0.24625,0.72,0.798922801,0.07625,0.05962499999999997,-0.0018750000000000155
2,0,0,XGBoost-C,9,W1,0.2475,0.71625,0.801399825,0.06937500000000005,0.06412500000000006,-0.005249999999999944
2,0,0,XGBoost-C,9,W2,0.285,0.68125,0.778453519,0.02462500000000002,0.06525,0.011250000000000027
2,0,0,MLP-C,9,X,0.24,0.76,0.832460733,0.09425,0.09012500000000001,0.0036250000000000115
2,0,0,MLP-C,9,W1,0.23875,0.76125,0.834057341,0.08974999999999998,0.09674999999999997,0.0030000000000000027
2,0,0,MLP-C,9,W2,0.275,0.725,0.814189189,0.03712499999999998,0.09737499999999998,0.009749999999999958
2,0,0,LogReg,10,X,0.205,0.795,0.855633803,0.1305,0.11525000000000003,0.0
2,0,0,LogReg,10,W1,0.24625,0.75375,0.830318691,0.07900000000000004,0.09600000000000004,-0.00012499999999999735
2,0,0,LogReg,10,W2,0.28375,0.71625,0.810675563,0.030000000000000037,0.08612500000000006,-0.0032499999999999417
2,0,0,SVC,10,X,0.2075,0.79,0.852631579,0.13287500000000002,0.10150000000000006,0.0008750000000000479
2,0,0,SVC,10,W1,0.2425,0.755,0.830449827,0.09037500000000001,0.08699999999999998,2.2204460492503132e-17
2,0,0,SVC,10,W2,0.2825,0.715,0.814634146,0.034374999999999975,0.06649999999999998,-0.0017500000000000293
2,0,0,RF-C,10,X,0.20625,0.79375,0.856396867,0.13637499999999997,0.10449999999999997,0.006624999999999981
2,0,0,RF-C,10,W1,0.2425,0.7575,0.831889081,0.08924999999999997,0.09112499999999996,0.003624999999999956
2,0,0,RF-C,10,W2,0.27625,0.72375,0.817506193,0.03787499999999999,0.08625000000000001,0.00824999999999998
2,0,0,XGBoost-C,10,X,0.21375,0.725,0.804270463,0.10812499999999999,0.062124999999999986,-0.007250000000000023
2,0,0,XGBoost-C,10,W1,0.24375,0.715,0.797513321,0.08437499999999996,0.06674999999999998,0.004249999999999987
2,0,0,XGBoost-C,10,W2,0.28,0.675,0.773519164,0.02675000000000004,0.06925000000000003,-0.008499999999999952
2,0,0,MLP-C,10,X,0.20625,0.79375,0.853852967,0.13487499999999994,0.11349999999999998,0.00249999999999998
2,0,0,MLP-C,10,W1,0.23875,0.76125,0.83260298,0.094125,0.09712499999999999,0.0023749999999999826
2,0,0,MLP-C,10,W2,0.2675,0.7325,0.818644068,0.048750000000000036,0.10062500000000003,0.0027500000000000415
2,0,1,LogReg,1,X,0.18875,0.81125,0.84021164,0.02037500000000002,0.28187500000000004,0.00012500000000001955
2,0,1,LogReg,1,W1,0.1925,0.8075,0.838235294,0.016499999999999994,0.27837500000000004,0.0022499999999999964
2,0,1,LogReg,1,W2,0.205,0.795,0.827368421,0.0035000000000000473,0.27675000000000005,-0.0031249999999999668
2,0,1,SVC,1,X,0.185,0.805,0.834745763,0.021875000000000033,0.27712500000000007,-0.002874999999999961
2,0,1,SVC,1,W1,0.1925,0.8025,0.834381551,0.01449999999999998,0.2743749999999999,-0.002000000000000013
2,0,1,SVC,1,W2,0.20625,0.79,0.824634656,0.002750000000000019,0.27,-0.005374999999999974
2,0,1,RF-C,1,X,0.18625,0.81375,0.840981857,0.017874999999999964,0.28562499999999996,0.0023749999999999605
2,0,1,RF-C,1,W1,0.18875,0.81125,0.839190628,0.014500000000000023,0.28487500000000004,0.0025000000000000356
2,0,1,RF-C,1,W2,0.195,0.805,0.830065359,0.004750000000000043,0.291625,0.004375000000000051
2,0,1,XGBoost-C,1,X,0.18375,0.7825,0.816842105,0.020499999999999984,0.25112499999999993,0.013124999999999975
2,0,1,XGBoost-C,1,W1,0.19375,0.77125,0.806758184,0.015499999999999991,0.24625000000000002,0.01449999999999999
2,0,1,XGBoost-C,1,W2,0.20375,0.755,0.794979079,-0.007749999999999979,0.234375,-0.000374999999999992
2,0,1,MLP-C,1,X,0.1825,0.8175,0.845991561,0.02150000000000001,0.28825,0.006625000000000025
2,0,1,MLP-C,1,W1,0.19,0.81,0.837606838,0.015750000000000063,0.28425,0.0035000000000000586
2,0,1,MLP-C,1,W2,0.20125,0.79875,0.82998944,0.0064999999999999615,0.27949999999999997,-0.0008750000000000479
2,0,1,LogReg,2,X,0.22625,0.77375,0.805585392,0.027000000000000034,0.25450000000000006,0.0021250000000000322
2,0,1,LogReg,2,W1,0.235,0.765,0.800847458,0.008125000000000016,0.2465,-0.0006249999999999867
2,0,1,LogReg,2,W2,0.235,0.765,0.801268499,0.0032500000000000085,0.25212500000000004,0.0022500000000000185
2,0,1,SVC,2,X,0.22875,0.7675,0.802547771,0.017624999999999967,0.24512499999999995,-0.0013750000000000262
2,0,1,SVC,2,W1,0.235,0.765,0.800847458,0.0066250000000000146,0.24612499999999998,0.00062500000000002
2,0,1,SVC,2,W2,0.235,0.76,0.797468354,-0.004249999999999987,0.242875,-0.0007500000000000062
2,0,1,RF-C,2,X,0.23375,0.76625,0.800426894,0.008000000000000007,0.25050000000000006,-0.0005000000000000115
2,0,1,RF-C,2,W1,0.235,0.765,0.800424628,0.008250000000000045,0.251,-0.0006249999999999867
2,0,1,RF-C,2,W2,0.2375,0.7625,0.799154334,0.0006249999999999645,0.2505,-0.000500000000000067
2,0,1,XGBoost-C,2,X,0.23375,0.735,0.774946921,0.0011249999999999871,0.20824999999999996,-0.006000000000000028
2,0,1,XGBoost-C,2,W1,0.24125,0.74125,0.777658432,0.0012499999999999734,0.22049999999999992,0.00024999999999996135
2,0,1,XGBoost-C,2,W2,0.2375,0.75125,0.788971368,0.002874999999999972,0.23512499999999995,0.018874999999999986
2,0,1,MLP-C,2,X,0.2225,0.7775,0.807359307,0.02799999999999997,0.2588749999999999,0.003499999999999959
2,0,1,MLP-C,2,W1,0.23875,0.76125,0.792165397,0.009499999999999975,0.24674999999999994,-0.0005000000000000337
2,0,1,MLP-C,2,W2,0.235,0.765,0.801268499,0.0032500000000000085,0.25212500000000004,0.0022500000000000185
2,0,1,LogReg,3,X,0.22,0.78,0.813559322,0.02762500000000003,0.24950000000000006,0.004875000000000018
2,0,1,LogReg,3,W1,0.21875,0.78125,0.811625404,0.022250000000000002,0.25637499999999996,0.005875000000000008
2,0,1,LogReg,3,W2,0.21875,0.78125,0.812834225,0.015000000000000003,0.262,0.0007499999999999729
2,0,1,SVC,3,X,0.22625,0.7675,0.80212766,0.02674999999999996,0.23424999999999999,-0.0035000000000000252
2,0,1,SVC,3,W1,0.23125,0.77125,0.804278075,0.018374999999999985,0.24387499999999998,0.0017499999999999849
2,0,1,SVC,3,W2,0.2175,0.78125,0.814814815,0.013750000000000007,0.259375,0.0006249999999999977
2,0,1,RF-C,3,X,0.2125,0.7875,0.815217391,0.03537499999999999,0.26225,0.007374999999999976
2,0,1,RF-C,3,W1,0.22,0.78,0.815899582,0.011750000000000016,0.2583750000000001,-0.0003749999999999809
2,0,1,RF-C,3,W2,0.22375,0.77625,0.812565445,0.006125000000000014,0.25562500000000005,-0.0002499999999999947
2,0,1,XGBoost-C,3,X,0.2225,0.7425,0.781316348,0.01962500000000007,0.21750000000000003,-0.0029999999999999584
2,0,1,XGBoost-C,3,W1,0.21625,0.73875,0.778835979,0.005125000000000024,0.22287500000000002,-0.0032499999999999864
2,0,1,XGBoost-C,3,W2,0.21875,0.73125,0.769065521,0.0037499999999999535,0.21662499999999998,-0.007875000000000066
2,0,1,MLP-C,3,X,0.22375,0.77625,0.797740113,0.036,0.255875,-0.0003750000000000031
2,0,1,MLP-C,3,W1,0.22375,0.77625,0.806067172,0.023625000000000007,0.25199999999999995,0.006624999999999992
2,0,1,MLP-C,3,W2,0.2125,0.7875,0.818376068,0.017874999999999985,0.26749999999999996,0.004874999999999974
2,0,1,LogReg,4,X,0.21625,0.78375,0.822564103,0.01749999999999995,0.25537499999999996,-0.0010000000000000453
2,0,1,LogReg,4,W1,0.22375,0.77625,0.81678608,0.014249999999999995,0.25275,0.00012499999999999735
2,0,1,LogReg,4,W2,0.2175,0.7825,0.819875776,0.01224999999999996,0.26387499999999997,0.0009999999999999788
2,0,1,SVC,4,X,0.2175,0.775,0.818181818,0.012625000000000042,0.24312499999999998,-0.0012499999999999955
2,0,1,SVC,4,W1,0.22375,0.7725,0.815415822,0.006999999999999973,0.24637499999999996,0.000499999999999956
2,0,1,SVC,4,W2,0.22375,0.77375,0.814738997,0.01012500000000005,0.250625,-0.00187499999999996
2,0,1,RF-C,4,X,0.2175,0.7825,0.818371608,0.011374999999999946,0.26125,0.002249999999999963
2,0,1,RF-C,4,W1,0.2225,0.7775,0.814968815,0.007374999999999976,0.256125,0.0019999999999999575
2,0,1,RF-C,4,W2,0.22125,0.77875,0.816959669,0.00962500000000006,0.2596250000000001,0.0003750000000000475
2,0,1,XGBoost-C,4,X,0.21625,0.73,0.775,0.0032499999999999864,0.20512499999999995,-0.017000000000000026
2,0,1,XGBoost-C,4,W1,0.2225,0.74,0.786447639,0.005374999999999996,0.21825,-0.006375000000000008
2,0,1,XGBoost-C,4,W2,0.21875,0.72625,0.771159875,-0.005250000000000044,0.20424999999999996,-0.01637500000000004
2,0,1,MLP-C,4,X,0.21375,0.78625,0.824615385,0.01987500000000001,0.25950000000000006,0.0040000000000000036
2,0,1,MLP-C,4,W1,0.21625,0.78375,0.817702845,0.011249999999999937,0.26625,-0.001875000000000049
2,0,1,MLP-C,4,W2,0.21625,0.78375,0.819979188,0.012624999999999942,0.26525,0.001124999999999965
2,0,1,LogReg,5,X,0.22125,0.77875,0.816580311,0.01800000000000006,0.25575000000000003,0.0013750000000000372
2,0,1,LogReg,5,W1,0.22625,0.77375,0.81397739,0.007375000000000053,0.24925000000000005,0.0026250000000000552
2,0,1,LogReg,5,W2,0.23375,0.76625,0.806217617,0.00012499999999999735,0.24537500000000004,-0.00025000000000000575
2,0,1,SVC,5,X,0.22,0.77375,0.814358974,0.01337500000000007,0.24800000000000005,0.0021250000000000322
2,0,1,SVC,5,W1,0.22625,0.7675,0.808247423,0.00712499999999997,0.24549999999999997,-0.0013750000000000372
2,0,1,SVC,5,W2,0.22875,0.77125,0.812307692,0.0009999999999999898,0.24850000000000003,0.004249999999999976
2,0,1,RF-C,5,X,0.22125,0.77875,0.814270724,0.018750000000000044,0.25900000000000006,0.0005000000000000337
2,0,1,RF-C,5,W1,0.21875,0.78125,0.815595364,0.020499999999999984,0.26349999999999996,0.012750000000000017
2,0,1,RF-C,5,W2,0.2325,0.7675,0.799136069,0.004249999999999965,0.25312499999999993,0.0031249999999999555
2,0,1,XGBoost-C,5,X,0.22,0.73125,0.773922187,0.016749999999999952,0.21512499999999993,-0.00962500000000005
2,0,1,XGBoost-C,5,W1,0.22375,0.72875,0.770855333,0.005000000000000027,0.21362500000000004,-0.008374999999999988
2,0,1,XGBoost-C,5,W2,0.22125,0.7425,0.784067086,0.005125000000000046,0.232625,-0.0007499999999999396
2,0,1,MLP-C,5,X,0.22,0.78,0.817047817,0.01837500000000004,0.257875,0.0016249999999999986
2,0,1,MLP-C,5,W1,0.22375,0.77625,0.813735692,0.01975,0.2565,0.010624999999999996
2,0,1,MLP-C,5,W2,0.22625,0.77375,0.808870116,0.0063750000000000525,0.25187500000000007,0.018500000000000027
2,0,1,LogReg,6,X,0.2275,0.77125,0.814213198,0.009875,0.22587499999999996,0.0003749999999999809
2,0,1,LogReg,6,W1,0.225,0.775,0.817813765,0.012250000000000028,0.23775000000000004,0.003375000000000017
2,0,1,LogReg,6,W2,0.225,0.775,0.819639279,0.007625000000000026,0.24100000000000002,-0.0009999999999999675
2,0,1,SVC,6,X,0.2275,0.77375,0.820258193,0.010250000000000037,0.22550000000000003,0.002750000000000019
2,0,1,SVC,6,W1,0.22625,0.76875,0.81844946,0.0048750000000000624,0.22712500000000002,-0.0016249999999999542
2,0,1,SVC,6,W2,0.225,0.77375,0.822374877,0.010500000000000065,0.23137500000000005,0.002625000000000044
2,0,1,RF-C,6,X,0.22875,0.77125,0.820058997,0.017499999999999995,0.21687499999999998,0.003874999999999995
2,0,1,RF-C,6,W1,0.2275,0.7725,0.816901408,0.007999999999999974,0.236625,0.001124999999999965
2,0,1,RF-C,6,W2,0.23,0.77,0.818540434,0.003375000000000028,0.23400000000000004,-0.00012499999999999735
2,0,1,XGBoost-C,6,X,0.2225,0.74,0.787755102,0.004749999999999988,0.1955,-0.017125000000000012
2,0,1,XGBoost-C,6,W1,0.2175,0.73625,0.784913354,0.004124999999999957,0.19499999999999998,-0.012250000000000039
2,0,1,XGBoost-C,6,W2,0.2275,0.73125,0.779487179,-0.005250000000000032,0.19937499999999994,-0.010625000000000051
2,0,1,MLP-C,6,X,0.225,0.775,0.819639279,0.013250000000000017,0.22625,0.0015000000000000124
2,0,1,MLP-C,6,W1,0.22625,0.77375,0.816986855,0.014000000000000045,0.23512500000000008,0.0011250000000000537
2,0,1,MLP-C,6,W2,0.22375,0.77625,0.817533129,0.007374999999999998,0.24512499999999998,0.002124999999999988
2,0,1,LogReg,7,X,0.2175,0.7825,0.813304721,0.01962499999999997,0.25037499999999996,0.00187499999999996
2,0,1,LogReg,7,W1,0.225,0.775,0.806866953,0.012250000000000028,0.2495,-0.0012499999999999844
2,0,1,LogReg,7,W2,0.2325,0.7675,0.803382664,0.0033749999999999614,0.24887499999999996,0.0011249999999999427
2,0,1,SVC,7,X,0.21875,0.76875,0.804232804,0.009000000000000053,0.23725000000000004,-0.004874999999999951
2,0,1,SVC,7,W1,0.22625,0.7725,0.80720339,0.01174999999999996,0.24587499999999998,-0.0011250000000000316
2,0,1,SVC,7,W2,0.2375,0.76625,0.80541103,0.005874999999999986,0.24412499999999998,0.0013749999999999817
2,0,1,RF-C,7,X,0.2225,0.7775,0.81104034,0.014499999999999957,0.25125,0.0068749999999999645
2,0,1,RF-C,7,W1,0.22,0.78,0.814736842,0.01800000000000005,0.25087500000000007,0.005750000000000022
2,0,1,RF-C,7,W2,0.2325,0.7675,0.804621849,0.0019999999999999575,0.24287499999999995,0.003249999999999964
2,0,1,XGBoost-C,7,X,0.22125,0.7475,0.782795699,0.011625000000000052,0.21675000000000005,0.008375000000000054
2,0,1,XGBoost-C,7,W1,0.22,0.74125,0.780021254,0.008499999999999975,0.21249999999999997,0.0034999999999999697
2,0,1,XGBoost-C,7,W2,0.23,0.75,0.787685775,0.008374999999999999,0.22962500000000002,0.010249999999999992
2,0,1,MLP-C,7,X,0.2125,0.7875,0.814004376,0.023249999999999982,0.25912499999999994,-0.00012500000000000843
2,0,1,MLP-C,7,W1,0.2225,0.7775,0.807775378,0.01962499999999997,0.24962499999999999,-0.0007500000000000506
2,0,1,MLP-C,7,W2,0.23125,0.76875,0.804646251,0.0031250000000000444,0.24887500000000004,0.0016250000000000541
2,0,1,LogReg,8,X,0.2125,0.7875,0.816810345,0.021874999999999978,0.26987500000000003,0.0008749999999999814
2,0,1,LogReg,8,W1,0.21625,0.78375,0.814178303,0.01287499999999996,0.270375,0.0017499999999999627
2,0,1,LogReg,8,W2,0.21875,0.78125,0.811625404,-0.0011249999999999982,0.272625,0.0002499999999999947
2,0,1,SVC,8,X,0.20875,0.78875,0.816104461,0.02062499999999996,0.2744999999999999,0.005124999999999968
2,0,1,SVC,8,W1,0.2125,0.7775,0.806521739,0.011499999999999955,0.264875,-0.002625000000000022
2,0,1,SVC,8,W2,0.21875,0.78,0.80952381,-0.002499999999999969,0.27137500000000003,-0.0003749999999999698
2,0,1,RF-C,8,X,0.2075,0.7925,0.815964523,0.016374999999999973,0.284375,0.0022499999999999964
2,0,1,RF-C,8,W1,0.2075,0.7925,0.815555556,0.010249999999999981,0.28862499999999996,0.006750000000000001
2,0,1,RF-C,8,W2,0.21125,0.78875,0.811594203,0.002499999999999991,0.28912499999999997,0.0009999999999999675
2,0,1,XGBoost-C,8,X,0.205,0.76125,0.793066089,0.015624999999999967,0.25125000000000003,-0.004375000000000018
2,0,1,XGBoost-C,8,W1,0.21125,0.76875,0.801288937,0.01937500000000004,0.262625,-0.0014999999999999569
2,0,1,XGBoost-C,8,W2,0.21,0.76625,0.797837838,0.0046250000000000015,0.26349999999999996,0.005999999999999994
2,0,1,MLP-C,8,X,0.2075,0.7925,0.82034632,0.014999999999999968,0.27962499999999996,0.0012499999999999734
2,0,1,MLP-C,8,W1,0.21125,0.78875,0.811594203,0.018249999999999933,0.2776249999999999,0.0028749999999999496
2,0,1,MLP-C,8,W2,0.21625,0.78375,0.812160695,-0.0036250000000000336,0.27512499999999995,0.004249999999999943
2,0,1,LogReg,9,X,0.205,0.795,0.82952183,0.03187500000000002,0.26399999999999996,0.007250000000000034
2,0,1,LogReg,9,W1,0.21375,0.78625,0.823892894,0.013250000000000017,0.263,-0.00012499999999998623
2,0,1,LogReg,9,W2,0.22,0.78,0.816666667,0.007125000000000015,0.26125000000000004,2.2204460492503132e-17
2,0,1,SVC,9,X,0.20875,0.78375,0.81922675,0.026499999999999958,0.257625,0.0016249999999999542
2,0,1,SVC,9,W1,0.21625,0.7825,0.817610063,0.01749999999999997,0.26199999999999996,0.004999999999999949
2,0,1,SVC,9,W2,0.215,0.7825,0.819502075,0.007874999999999965,0.262875,0.00499999999999996
2,0,1,RF-C,9,X,0.21375,0.78625,0.817502668,0.026500000000000024,0.265125,0.0018750000000000266
2,0,1,RF-C,9,W1,0.21375,0.78625,0.822060354,0.011750000000000005,0.268625,0.002750000000000008
2,0,1,RF-C,9,W2,0.2175,0.7825,0.817991632,0.002499999999999969,0.26949999999999996,0.0034999999999999697
2,0,1,XGBoost-C,9,X,0.19875,0.76125,0.796592119,0.03474999999999998,0.22725,0.0115
2,0,1,XGBoost-C,9,W1,0.2125,0.75,0.785867238,0.025874999999999992,0.22087500000000002,0.006750000000000001
2,0,1,XGBoost-C,9,W2,0.2175,0.745,0.780172414,0.013874999999999993,0.22349999999999998,0.013249999999999994
2,0,1,MLP-C,9,X,0.2075,0.7925,0.825995807,0.03300000000000001,0.265,0.001749999999999996
2,0,1,MLP-C,9,W1,0.21875,0.78125,0.817518248,0.015875000000000007,0.25949999999999995,-0.000374999999999992
2,0,1,MLP-C,9,W2,0.2175,0.7825,0.817610063,0.007749999999999968,0.267875,0.0005000000000000004
2,0,1,LogReg,10,X,0.21875,0.78125,0.806629834,0.014750000000000008,0.26025,0.0022500000000000185
2,0,1,LogReg,10,W1,0.21625,0.78375,0.810098793,0.011124999999999951,0.26849999999999996,0.00337499999999995
2,0,1,LogReg,10,W2,0.22375,0.77625,0.802209945,-0.0023750000000000047,0.2705,0.0031249999999999776
2,0,1,SVC,10,X,0.2125,0.7875,0.813186813,0.01499999999999998,0.27037500000000003,0.009124999999999972
2,0,1,SVC,10,W1,0.21125,0.785,0.811816193,0.007875000000000043,0.27437500000000004,0.008625000000000027
2,0,1,SVC,10,W2,0.2225,0.77625,0.801771872,-0.0003750000000000031,0.27075,0.004749999999999999
2,0,1,RF-C,10,X,0.20625,0.79375,0.819277108,0.017874999999999964,0.27262499999999995,0.007499999999999962
2,0,1,RF-C,10,W1,0.2125,0.7875,0.8098434,0.009874999999999967,0.278625,0.005749999999999955
2,0,1,RF-C,10,W2,0.21625,0.78375,0.806703911,0.008749999999999947,0.27837499999999993,0.020874999999999956
2,0,1,XGBoost-C,10,X,0.2075,0.76125,0.788482835,0.015999999999999993,0.240375,0.008624999999999994
2,0,1,XGBoost-C,10,W1,0.2125,0.7575,0.785871965,0.009124999999999949,0.24499999999999997,0.013874999999999948
2,0,1,XGBoost-C,10,W2,0.21625,0.73625,0.76318743,-0.01325000000000004,0.23524999999999996,-0.007500000000000029
2,0,1,MLP-C,10,X,0.21125,0.78875,0.81075028,0.01749999999999996,0.2683749999999999,0.009124999999999972
2,0,1,MLP-C,10,W1,0.21,0.79,0.812917595,0.014000000000000045,0.27725000000000005,0.012125000000000042
2,0,1,MLP-C,10,W2,0.2175,0.7825,0.805369128,0.005749999999999966,0.27749999999999997,0.009999999999999953
2,0,2,LogReg,1,X,0.20625,0.79375,0.848762603,0.05374999999999995,0.19874999999999993,0.006749999999999978
2,0,2,LogReg,1,W1,0.2125,0.7875,0.842592593,0.03887499999999997,0.2085,0.002749999999999997
2,0,2,LogReg,1,W2,0.2225,0.7775,0.834264432,0.025124999999999974,0.20637499999999998,0.005374999999999963
2,0,2,SVC,1,X,0.205,0.79375,0.847645429,0.07962499999999996,0.18862499999999993,-0.005750000000000033
2,0,2,SVC,1,W1,0.21125,0.79,0.84587156,0.056250000000000036,0.20625000000000004,0.004875000000000007
2,0,2,SVC,1,W2,0.2225,0.7725,0.833333333,0.025124999999999963,0.19199999999999998,0.004249999999999965
2,0,2,RF-C,1,X,0.2025,0.7975,0.854054054,0.06524999999999997,0.19249999999999998,-0.0012500000000000067
2,0,2,RF-C,1,W1,0.21125,0.78875,0.843663275,0.04349999999999996,0.20824999999999996,0.0007499999999999619
2,0,2,RF-C,1,W2,0.22125,0.77875,0.833176249,0.021000000000000074,0.2142500000000001,0.004500000000000048
2,0,2,XGBoost-C,1,X,0.19375,0.77625,0.830009497,0.06099999999999998,0.18512499999999998,-0.0004999999999999894
2,0,2,XGBoost-C,1,W1,0.2,0.755,0.814041746,0.03500000000000001,0.17487500000000003,-0.009750000000000003
2,0,2,XGBoost-C,1,W2,0.22375,0.75,0.811320755,0.015499999999999991,0.17937499999999998,0.000749999999999984
2,0,2,MLP-C,1,X,0.20875,0.79125,0.84348641,0.06475,0.19787500000000002,0.004750000000000021
2,0,2,MLP-C,1,W1,0.2125,0.7875,0.840525328,0.050749999999999976,0.20974999999999996,-0.0016250000000000097
2,0,2,MLP-C,1,W2,0.2175,0.7825,0.836158192,0.02899999999999997,0.21662499999999998,0.00762499999999996
2,0,2,LogReg,2,X,0.16375,0.83625,0.876064333,0.08787500000000005,0.22312500000000007,0.0
2,0,2,LogReg,2,W1,0.175,0.825,0.867924528,0.05199999999999995,0.238,0.0016249999999999654
2,0,2,LogReg,2,W2,0.2075,0.7925,0.844859813,0.014874999999999972,0.22937499999999997,0.0008749999999999814
2,0,2,SVC,2,X,0.155,0.8325,0.875925926,0.09512500000000002,0.205375,0.0003750000000000142
2,0,2,SVC,2,W1,0.1775,0.8125,0.860335196,0.05575,0.205125,-0.003999999999999981
2,0,2,SVC,2,W2,0.21,0.78375,0.839069767,0.008374999999999933,0.22124999999999995,-0.0021250000000000322
2,0,2,RF-C,2,X,0.1775,0.8225,0.865784499,0.06475,0.22787500000000005,-0.007374999999999998
2,0,2,RF-C,2,W1,0.18625,0.81375,0.857142857,0.04162499999999999,0.23899999999999996,0.0014999999999999792
2,0,2,RF-C,2,W2,0.22375,0.77625,0.83286648,0.011374999999999991,0.211,-0.0006250000000000089
2,0,2,XGBoost-C,2,X,0.17125,0.8025,0.850661626,0.07249999999999998,0.199125,-0.0015000000000000347
2,0,2,XGBoost-C,2,W1,0.18125,0.77875,0.831588963,0.03900000000000005,0.19550000000000006,-0.0011249999999999427
2,0,2,XGBoost-C,2,W2,0.21875,0.74875,0.803519062,0.006750000000000001,0.19950000000000004,0.00125000000000004
2,0,2,MLP-C,2,X,0.155,0.845,0.879377432,0.08837499999999998,0.24499999999999997,0.00499999999999996
2,0,2,MLP-C,2,W1,0.1725,0.8275,0.868068834,0.05800000000000002,0.24,0.0008749999999999814
2,0,2,MLP-C,2,W2,0.20625,0.79375,0.843601896,0.01699999999999995,0.23825,0.0003749999999999698
2,0,2,LogReg,3,X,0.19,0.81,0.861313869,0.05075000000000006,0.20925000000000007,0.004875000000000051
2,0,2,LogReg,3,W1,0.20375,0.79625,0.853285329,0.03462500000000002,0.20437500000000003,0.001000000000000012
2,0,2,LogReg,3,W2,0.21625,0.78375,0.840258541,0.012499999999999933,0.21299999999999994,0.0016249999999999654
2,0,2,SVC,3,X,0.1925,0.80125,0.853185596,0.06475000000000002,0.188625,-0.003125
2,0,2,SVC,3,W1,0.2,0.79,0.844155844,0.037875000000000034,0.2015,0.00037500000000003644
2,0,2,SVC,3,W2,0.2175,0.775,0.835766423,0.00587500000000003,0.20050000000000004,-0.0019999999999999797
2,0,2,RF-C,3,X,0.1925,0.8075,0.858974359,0.05325,0.20774999999999996,0.0006249999999999867
2,0,2,RF-C,3,W1,0.2025,0.7975,0.848314607,0.03962499999999999,0.21537499999999996,0.008125000000000004
2,0,2,RF-C,3,W2,0.21875,0.78125,0.842484248,0.013374999999999993,0.199625,0.0015000000000000013
2,0,2,XGBoost-C,3,X,0.19625,0.77,0.827067669,0.05012500000000002,0.17712500000000003,-0.006624999999999981
2,0,2,XGBoost-C,3,W1,0.2075,0.76,0.818181818,0.03687500000000001,0.18525000000000005,-0.0011250000000000092
2,0,2,XGBoost-C,3,W2,0.21875,0.74,0.807763401,0.0033750000000000056,0.18287499999999998,-0.0076250000000000154
2,0,2,MLP-C,3,X,0.18125,0.81875,0.862298196,0.06987499999999999,0.21749999999999997,0.01237499999999997
2,0,2,MLP-C,3,W1,0.19875,0.80125,0.851540616,0.04,0.21575000000000003,0.008500000000000018
2,0,2,MLP-C,3,W2,0.21625,0.78375,0.840258541,0.012499999999999933,0.21299999999999994,0.0016249999999999654
2,0,2,LogReg,4,X,0.21125,0.78875,0.837967402,0.060374999999999956,0.20149999999999996,0.0016249999999999654
2,0,2,LogReg,4,W1,0.225,0.775,0.831144465,0.030125000000000002,0.207625,0.00012500000000003063
2,0,2,LogReg,4,W2,0.23625,0.76375,0.818443804,0.020000000000000052,0.20750000000000002,-0.00012499999999996403
2,0,2,SVC,4,X,0.205,0.79375,0.845070423,0.07362499999999997,0.18824999999999995,0.005749999999999977
2,0,2,SVC,4,W1,0.23125,0.765,0.823639775,0.04062500000000001,0.185875,-0.004249999999999987
2,0,2,SVC,4,W2,0.24375,0.745,0.80754717,0.014749999999999985,0.18650000000000003,-0.012624999999999997
2,0,2,RF-C,4,X,0.2125,0.7875,0.842592593,0.056499999999999974,0.19124999999999998,1.1102230246251566e-17
2,0,2,RF-C,4,W1,0.2275,0.7725,0.830855019,0.03599999999999994,0.19487499999999996,0.0003749999999999587
2,0,2,RF-C,4,W2,0.2375,0.7625,0.818007663,0.018624999999999958,0.20287499999999997,-0.0031250000000000444
2,0,2,XGBoost-C,4,X,0.20875,0.75,0.80806142,0.04374999999999999,0.16524999999999998,-0.013124999999999998
2,0,2,XGBoost-C,4,W1,0.21875,0.73,0.790291262,0.024124999999999962,0.16287499999999996,-0.01375000000000003
2,0,2,XGBoost-C,4,W2,0.23625,0.7425,0.800773694,0.014875000000000037,0.18100000000000005,0.013125000000000053
2,0,2,MLP-C,4,X,0.20875,0.79125,0.838647343,0.06137500000000003,0.20962500000000003,0.0043750000000000065
2,0,2,MLP-C,4,W1,0.22125,0.77875,0.830945559,0.04850000000000003,0.20725000000000007,0.008000000000000063
2,0,2,MLP-C,4,W2,0.23375,0.76625,0.819672131,0.02062499999999997,0.21187499999999998,0.0026249999999999885
2,0,2,LogReg,5,X,0.21375,0.78625,0.83943662,0.032124999999999994,0.19024999999999997,0.0033749999999999835
2,0,2,LogReg,5,W1,0.2225,0.7775,0.832391714,0.02212499999999996,0.19262499999999996,0.004374999999999951
2,0,2,LogReg,5,W2,0.23375,0.76625,0.823418319,0.0028749999999999943,0.19624999999999998,0.0004999999999999894
2,0,2,SVC,5,X,0.2075,0.78,0.829457364,0.057000000000000016,0.17225000000000004,0.00575000000000001
2,0,2,SVC,5,W1,0.22125,0.75625,0.813397129,0.03174999999999998,0.17037499999999997,-0.004000000000000026
2,0,2,SVC,5,W2,0.2325,0.7625,0.824399261,-0.0017500000000000514,0.18837499999999993,-0.004500000000000037
2,0,2,RF-C,5,X,0.21875,0.78125,0.831568816,0.04312499999999999,0.195,0.004250000000000009
2,0,2,RF-C,5,W1,0.23,0.77,0.82739212,0.011875000000000002,0.191,-0.001749999999999996
2,0,2,RF-C,5,W2,0.23625,0.76375,0.819484241,0.002250000000000052,0.20500000000000002,0.00350000000000007
2,0,2,XGBoost-C,5,X,0.205,0.77375,0.82061447,0.06812500000000006,0.18512500000000004,0.022750000000000038
2,0,2,XGBoost-C,5,W1,0.2275,0.75125,0.805853659,0.037249999999999964,0.17624999999999996,0.01662499999999998
2,0,2,XGBoost-C,5,W2,0.23125,0.735,0.796545106,0.010124999999999985,0.165625,0.0058749999999999965
2,0,2,MLP-C,5,X,0.21875,0.78125,0.833491912,0.049624999999999996,0.17775000000000002,0.001749999999999996
2,0,2,MLP-C,5,W1,0.22625,0.77375,0.830682881,0.025625000000000044,0.18125000000000005,0.0026250000000000552
2,0,2,MLP-C,5,W2,0.2225,0.7775,0.833955224,0.002999999999999947,0.209375,0.008374999999999966
2,0,2,LogReg,6,X,0.185,0.815,0.856031128,0.07424999999999995,0.22974999999999995,0.001499999999999968
2,0,2,LogReg,6,W1,0.1975,0.8025,0.847490347,0.05225,0.23325000000000004,0.0
2,0,2,LogReg,6,W2,0.2225,0.7775,0.83364486,0.00762499999999997,0.21949999999999995,-0.0007500000000000506
2,0,2,SVC,6,X,0.18625,0.81,0.852998066,0.09162500000000004,0.21487500000000007,-0.002249999999999963
2,0,2,SVC,6,W1,0.19625,0.80375,0.848893167,0.06487499999999996,0.22499999999999995,0.002874999999999961
2,0,2,SVC,6,W2,0.22125,0.76625,0.822074215,0.004750000000000009,0.21387499999999998,-0.0035000000000000252
2,0,2,RF-C,6,X,0.18125,0.81875,0.860442733,0.07874999999999996,0.232375,0.0029999999999999693
2,0,2,RF-C,6,W1,0.19625,0.80375,0.847424684,0.054749999999999965,0.23537499999999995,0.005374999999999952
2,0,2,RF-C,6,W2,0.21625,0.78375,0.830558276,0.01699999999999996,0.23587499999999997,0.004999999999999938
2,0,2,XGBoost-C,6,X,0.18,0.80875,0.848963475,0.08399999999999999,0.22537499999999996,0.01387499999999997
2,0,2,XGBoost-C,6,W1,0.19625,0.79125,0.837390458,0.05550000000000001,0.22250000000000006,0.01725000000000001
2,0,2,XGBoost-C,6,W2,0.22,0.74375,0.799608993,0.002750000000000008,0.19025000000000003,0.002000000000000024
2,0,2,MLP-C,6,X,0.17875,0.82125,0.858555885,0.09950000000000005,0.23275,0.01637500000000003
2,0,2,MLP-C,6,W1,0.18875,0.81125,0.853255588,0.06450000000000003,0.23425,0.009625000000000028
2,0,2,MLP-C,6,W2,0.2175,0.7825,0.831395349,0.01749999999999997,0.23149999999999996,0.005499999999999949
2,0,2,LogReg,7,X,0.2,0.8,0.845261122,0.08137500000000006,0.20700000000000002,-0.0002499999999999947
2,0,2,LogReg,7,W1,0.2125,0.7875,0.836538462,0.05374999999999998,0.20875,-0.00025000000000000575
2,0,2,LogReg,7,W2,0.2175,0.7825,0.835849057,0.024124999999999962,0.22624999999999998,0.00012499999999999735
2,0,2,SVC,7,X,0.2,0.79125,0.837073171,0.08762500000000001,0.19675,-0.00012499999999999735
2,0,2,SVC,7,W1,0.20875,0.78,0.831417625,0.06112500000000004,0.19825,2.2204460492503132e-17
2,0,2,SVC,7,W2,0.225,0.77125,0.828811974,0.019500000000000007,0.21075,-0.006000000000000005
2,0,2,RF-C,7,X,0.2025,0.7975,0.846590909,0.05637499999999999,0.21549999999999994,0.0016249999999999876
2,0,2,RF-C,7,W1,0.21,0.79,0.83908046,0.03612500000000002,0.22650000000000006,0.005500000000000038
2,0,2,RF-C,7,W2,0.2125,0.7875,0.838709677,0.019999999999999973,0.23362499999999997,0.009999999999999964
2,0,2,XGBoost-C,7,X,0.19125,0.7625,0.815891473,0.05262499999999996,0.18349999999999994,0.0009999999999999564
2,0,2,XGBoost-C,7,W1,0.20375,0.745,0.80155642,0.03849999999999999,0.179,-0.009999999999999986
2,0,2,XGBoost-C,7,W2,0.225,0.7325,0.794230769,0.0013750000000000485,0.18250000000000002,0.0003750000000000475
2,0,2,MLP-C,7,X,0.1975,0.8025,0.847195358,0.081875,0.209375,0.0031249999999999776
2,0,2,MLP-C,7,W1,0.21125,0.78875,0.8373436,0.05412499999999994,0.21124999999999994,0.0007499999999999507
2,0,2,MLP-C,7,W2,0.215,0.785,0.835564054,0.02250000000000003,0.22725,0.009625000000000028
2,0,2,LogReg,8,X,0.18,0.82,0.863636364,0.07299999999999994,0.23749999999999996,0.0013749999999999596
2,0,2,LogReg,8,W1,0.19375,0.80625,0.853911404,0.047750000000000035,0.23762499999999998,0.004874999999999996
2,0,2,LogReg,8,W2,0.20875,0.79125,0.840191388,0.021250000000000012,0.246375,0.00025000000000001686
2,0,2,SVC,8,X,0.185,0.81125,0.858215962,0.08200000000000003,0.217125,-0.006749999999999978
2,0,2,SVC,8,W1,0.1975,0.79,0.844731978,0.04512500000000004,0.21137500000000004,-0.0027499999999999747
2,0,2,SVC,8,W2,0.2075,0.78,0.834586466,0.01575000000000003,0.23162500000000003,-0.002249999999999963
2,0,2,RF-C,8,X,0.1775,0.8225,0.864761905,0.07187500000000001,0.2465,0.008000000000000007
2,0,2,RF-C,8,W1,0.1975,0.8025,0.850661626,0.049124999999999995,0.23775000000000004,0.006624999999999981
2,0,2,RF-C,8,W2,0.21625,0.78375,0.835394862,0.025624999999999964,0.23812499999999998,0.00487499999999993
2,0,2,XGBoost-C,8,X,0.17625,0.7975,0.844230769,0.08,0.2205,0.009874999999999978
2,0,2,XGBoost-C,8,W1,0.1925,0.76875,0.821600771,0.048875000000000036,0.21100000000000002,-0.0014999999999999569
2,0,2,XGBoost-C,8,W2,0.21125,0.76125,0.815101646,0.02712499999999999,0.22149999999999997,0.014374999999999982
2,0,2,MLP-C,8,X,0.17125,0.82875,0.868395773,0.08299999999999998,0.25012499999999993,-0.001000000000000023
2,0,2,MLP-C,8,W1,0.1925,0.8075,0.854716981,0.049624999999999996,0.23812500000000006,0.006249999999999989
2,0,2,MLP-C,8,W2,0.2075,0.7925,0.840077071,0.019999999999999973,0.2525,0.009125000000000005
2,0,2,LogReg,9,X,0.16875,0.83125,0.872521246,0.08575000000000002,0.23600000000000004,0.003750000000000031
2,0,2,LogReg,9,W1,0.1825,0.8175,0.863551402,0.066,0.232625,0.003375000000000017
2,0,2,LogReg,9,W2,0.2075,0.7925,0.846296296,0.021374999999999957,0.22749999999999998,0.00012499999999999735
2,0,2,SVC,9,X,0.16875,0.8225,0.868761553,0.08575000000000002,0.215,0.005125000000000002
2,0,2,SVC,9,W1,0.185,0.8125,0.862132353,0.06587499999999999,0.215,0.0006250000000000089
2,0,2,SVC,9,W2,0.21,0.77,0.83363472,0.007750000000000023,0.1955,-0.006249999999999978
2,0,2,RF-C,9,X,0.18125,0.81875,0.867337603,0.06487499999999999,0.22012499999999996,-0.0007500000000000062
2,0,2,RF-C,9,W1,0.18625,0.81375,0.867319679,0.060249999999999984,0.21149999999999997,0.002624999999999977
2,0,2,RF-C,9,W2,0.2075,0.7925,0.848263254,0.025249999999999984,0.21687499999999998,0.0012499999999999844
2,0,2,XGBoost-C,9,X,0.17625,0.78625,0.839737582,0.05499999999999999,0.190875,0.0003750000000000253
2,0,2,XGBoost-C,9,W1,0.18875,0.77625,0.832239925,0.03724999999999999,0.194625,0.005500000000000005
2,0,2,XGBoost-C,9,W2,0.205,0.74125,0.805633803,0.002624999999999977,0.17337499999999997,-0.007625000000000048
2,0,2,MLP-C,9,X,0.16875,0.83125,0.872521246,0.08575000000000002,0.23600000000000004,0.00287500000000005
2,0,2,MLP-C,9,W1,0.1825,0.8175,0.863551402,0.066,0.23249999999999998,0.0035000000000000144
2,0,2,MLP-C,9,W2,0.20625,0.79375,0.84708063,0.021874999999999943,0.228625,0.0013749999999999596
2,0,2,LogReg,10,X,0.22375,0.77625,0.835629017,0.03837499999999999,0.17862499999999998,0.0021249999999999767
2,0,2,LogReg,10,W1,0.21375,0.78625,0.842975207,0.042000000000000016,0.20212500000000003,0.003000000000000036
2,0,2,LogReg,10,W2,0.22375,0.77625,0.834718375,0.015374999999999995,0.20862499999999998,0.0031249999999999776
2,0,2,SVC,10,X,0.22625,0.7725,0.828301887,0.058874999999999955,0.16499999999999995,0.0027499999999999634
2,0,2,SVC,10,W1,0.2225,0.7675,0.827458256,0.046374999999999944,0.16974999999999993,-0.0047500000000000545
2,0,2,SVC,10,W2,0.22875,0.76625,0.828597617,0.01812499999999998,0.19475,-0.0008750000000000369
2,0,2,RF-C,10,X,0.21625,0.78375,0.836638338,0.05912499999999994,0.18699999999999997,0.007624999999999937
2,0,2,RF-C,10,W1,0.21625,0.78375,0.841138659,0.04937499999999995,0.19174999999999995,0.005249999999999944
2,0,2,RF-C,10,W2,0.23125,0.76875,0.822627037,0.010625000000000051,0.21325000000000002,0.006250000000000045
2,0,2,XGBoost-C,10,X,0.215,0.77125,0.826210826,0.05912499999999998,0.17487499999999997,0.011249999999999993
2,0,2,XGBoost-C,10,W1,0.2075,0.77125,0.827195467,0.04387500000000001,0.19412500000000002,0.009249999999999991
2,0,2,XGBoost-C,10,W2,0.22375,0.75,0.809885932,0.009750000000000003,0.189,0.011874999999999991
2,0,2,MLP-C,10,X,0.22375,0.77625,0.829686013,0.050249999999999996,0.18175,0.0022499999999999964
2,0,2,MLP-C,10,W1,0.21375,0.78625,0.837914692,0.044374999999999984,0.208875,-0.0004999999999999782
2,0,2,MLP-C,10,W2,0.2225,0.7775,0.833333333,0.016374999999999973,0.21162499999999995,0.007624999999999982
2,1,0,LogReg,1,X,0.17,0.83,0.902158273,0.03149999999999996,0.05162499999999996,0.002249999999999963
2,1,0,LogReg,1,W1,0.17375,0.82625,0.900643317,0.023250000000000038,0.04750000000000004,0.0011250000000000426
2,1,0,LogReg,1,W2,0.18125,0.81875,0.898672257,0.003499999999999992,0.020999999999999974,0.0
2,1,0,SVC,1,X,0.17625,0.825,0.898843931,0.03049999999999996,0.04999999999999997,-0.0036250000000000336
2,1,0,SVC,1,W1,0.18,0.81875,0.897815363,0.01287499999999998,0.028874999999999984,-0.0008749999999999924
2,1,0,SVC,1,W2,0.1875,0.81,0.894736842,0.002000000000000046,0.00287500000000005,-0.001124999999999965
2,1,0,RF-C,1,X,0.1775,0.8225,0.894814815,0.05049999999999999,0.060375,0.007125000000000004
2,1,0,RF-C,1,W1,0.1825,0.8175,0.897038082,0.009875,0.028125,-0.0011249999999999871
2,1,0,RF-C,1,W2,0.185,0.815,0.896503497,0.002374999999999949,0.017124999999999946,0.0002499999999999947
2,1,0,XGBoost-C,1,X,0.17625,0.8075,0.885925926,0.047750000000000015,0.056499999999999974,0.0037499999999999756
2,1,0,XGBoost-C,1,W1,0.17875,0.79375,0.878228782,0.028124999999999966,0.04524999999999994,0.002499999999999969
2,1,0,XGBoost-C,1,W2,0.18375,0.77625,0.869818182,0.002874999999999983,0.032375,-0.011125000000000019
2,1,0,MLP-C,1,X,0.1675,0.8325,0.902046784,0.04175000000000002,0.06225000000000001,0.004875000000000018
2,1,0,MLP-C,1,W1,0.17125,0.82875,0.901932713,0.025625,0.05162499999999999,0.0016249999999999654
2,1,0,MLP-C,1,W2,0.18,0.82,0.898448519,0.008624999999999971,0.03162499999999996,0.0014999999999999792
2,1,0,LogReg,2,X,0.15375,0.84625,0.911447084,0.03137499999999993,0.06437499999999993,-0.0010000000000000675
2,1,0,LogReg,2,W1,0.15625,0.84375,0.910394265,0.027249999999999996,0.06775,0.0
2,1,0,LogReg,2,W2,0.16125,0.83875,0.909473684,0.01399999999999999,0.044625000000000005,0.0004999999999999894
2,1,0,SVC,2,X,0.15375,0.84375,0.910394265,0.03225,0.06150000000000001,0.001375000000000004
2,1,0,SVC,2,W1,0.155,0.84125,0.909992913,0.021375000000000068,0.05262500000000007,0.0031250000000000444
2,1,0,SVC,2,W2,0.16375,0.835,0.906911142,0.012499999999999966,0.04062499999999997,0.0017499999999999627
2,1,0,RF-C,2,X,0.155,0.845,0.909224012,0.04374999999999999,0.07487499999999998,0.014874999999999961
2,1,0,RF-C,2,W1,0.155,0.845,0.911174785,0.031374999999999986,0.06774999999999996,0.004374999999999962
2,1,0,RF-C,2,W2,0.165,0.835,0.906779661,0.010499999999999976,0.04249999999999996,0.004624999999999957
2,1,0,XGBoost-C,2,X,0.15375,0.81375,0.890360559,0.03637499999999999,0.05987499999999999,-0.004875000000000018
2,1,0,XGBoost-C,2,W1,0.15625,0.81625,0.892778993,0.031000000000000028,0.06700000000000003,0.006375000000000031
2,1,0,XGBoost-C,2,W2,0.1675,0.8025,0.884502924,0.00874999999999998,0.049249999999999974,0.006874999999999976
2,1,0,MLP-C,2,X,0.1525,0.8475,0.910557185,0.05037500000000004,0.07950000000000002,0.005125000000000024
2,1,0,MLP-C,2,W1,0.15375,0.84625,0.911701364,0.028499999999999925,0.07199999999999993,0.0016249999999999654
2,1,0,MLP-C,2,W2,0.1625,0.8375,0.908450704,0.01375000000000004,0.04650000000000002,0.0025000000000000243
2,1,0,LogReg,3,X,0.16,0.84,0.909985935,0.01649999999999998,0.03899999999999996,-0.0022500000000000298
2,1,0,LogReg,3,W1,0.16125,0.83875,0.909979065,0.008000000000000007,0.03199999999999997,-0.00375000000000002
2,1,0,LogReg,3,W2,0.15875,0.84125,0.911744267,0.0060000000000000496,0.03312500000000005,0.0023750000000000602
2,1,0,SVC,3,X,0.15375,0.84125,0.910626319,0.017375000000000064,0.036500000000000046,0.00012500000000005286
2,1,0,SVC,3,W1,0.16,0.83875,0.909727082,0.011749999999999993,0.030375000000000006,0.0016249999999999876
2,1,0,SVC,3,W2,0.16,0.84,0.911357341,0.007249999999999967,0.027374999999999972,0.0006249999999999645
2,1,0,RF-C,3,X,0.15125,0.84875,0.914123492,0.020000000000000007,0.0505,0.006624999999999992
2,1,0,RF-C,3,W1,0.155,0.845,0.912056738,0.02224999999999997,0.05037499999999998,0.0036249999999999672
2,1,0,RF-C,3,W2,0.15875,0.84125,0.911250874,0.0038750000000000394,0.03975000000000005,0.0020000000000000573
2,1,0,XGBoost-C,3,X,0.15875,0.815,0.891654466,0.01699999999999996,0.041374999999999926,-0.009250000000000059
2,1,0,XGBoost-C,3,W1,0.15875,0.82125,0.896750903,0.017750000000000023,0.04025000000000004,-0.0049999999999999715
2,1,0,XGBoost-C,3,W2,0.155,0.8125,0.892703863,0.005249999999999977,0.036750000000000005,-0.005000000000000016
2,1,0,MLP-C,3,X,0.155,0.845,0.912676056,0.01749999999999997,0.043999999999999984,0.0018749999999999821
2,1,0,MLP-C,3,W1,0.15875,0.84125,0.909865153,0.015250000000000064,0.046500000000000055,0.0020000000000000686
2,1,0,MLP-C,3,W2,0.15875,0.84125,0.910877193,0.0063750000000000525,0.048625000000000064,0.0013750000000000485
2,1,0,LogReg,4,X,0.1625,0.8375,0.904411765,0.04437500000000003,0.06675,0.0007500000000000062
2,1,0,LogReg,4,W1,0.17,0.83,0.901734104,0.03324999999999998,0.05187499999999997,-0.00012500000000001955
2,1,0,LogReg,4,W2,0.185,0.815,0.895921238,0.0031249999999999447,0.021374999999999967,0.001499999999999968
2,1,0,SVC,4,X,0.16875,0.82875,0.900796524,0.032999999999999995,0.0505,-0.0013750000000000262
2,1,0,SVC,4,W1,0.17375,0.82375,0.899357602,0.020999999999999998,0.036249999999999984,-0.0020000000000000018
2,1,0,SVC,4,W2,0.18625,0.81125,0.894626657,0.0036250000000000227,0.011250000000000015,-0.0021249999999999546
2,1,0,RF-C,4,X,0.16125,0.83875,0.905632772,0.03737499999999999,0.064625,0.009875
2,1,0,RF-C,4,W1,0.1725,0.8275,0.900289017,0.024125000000000018,0.053000000000000026,0.0025000000000000022
2,1,0,RF-C,4,W2,0.1825,0.8175,0.896746818,0.0046250000000000015,0.031875,0.00375000000000002
2,1,0,XGBoost-C,4,X,0.15875,0.80375,0.88274832,0.02937499999999995,0.04999999999999997,-0.010000000000000042
2,1,0,XGBoost-C,4,W1,0.16875,0.79625,0.879526977,0.01925,0.03837500000000001,-0.01287499999999998
2,1,0,XGBoost-C,4,W2,0.18,0.8,0.883040936,0.007500000000000029,0.05162500000000005,0.010875000000000034
2,1,0,MLP-C,4,X,0.16125,0.83875,0.905077263,0.0465,0.06837499999999999,0.003499999999999992
2,1,0,MLP-C,4,W1,0.16625,0.83375,0.903832249,0.027374999999999983,0.05649999999999998,0.00575000000000001
2,1,0,MLP-C,4,W2,0.185,0.815,0.895480226,0.0033749999999999392,0.025499999999999967,0.0003749999999999587
2,1,0,LogReg,5,X,0.1675,0.8325,0.904011461,0.045000000000000005,0.05537500000000002,0.0007500000000000284
2,1,0,LogReg,5,W1,0.1725,0.8275,0.901709402,0.03337500000000003,0.044125000000000004,0.0007500000000000062
2,1,0,LogReg,5,W2,0.175,0.825,0.902642559,0.007999999999999962,0.018124999999999947,-0.0005000000000000337
2,1,0,SVC,5,X,0.17,0.83,0.903409091,0.03349999999999996,0.04312499999999995,0.0016249999999999654
2,1,0,SVC,5,W1,0.175,0.82375,0.900494001,0.02487499999999998,0.033124999999999995,-0.0011250000000000092
2,1,0,SVC,5,W2,0.1825,0.815,0.896935933,0.003999999999999948,0.013374999999999925,-0.0013750000000000596
2,1,0,RF-C,5,X,0.17,0.83,0.902718169,0.04074999999999997,0.04612499999999996,0.0042499999999999535
2,1,0,RF-C,5,W1,0.175,0.825,0.899713467,0.03562499999999995,0.04574999999999996,0.002374999999999949
2,1,0,RF-C,5,W2,0.18375,0.81625,0.896113074,0.013625000000000031,0.032125000000000035,0.007875000000000031
2,1,0,XGBoost-C,5,X,0.16625,0.7925,0.877941176,0.02587499999999998,0.027124999999999976,-0.01362500000000002
2,1,0,XGBoost-C,5,W1,0.175,0.8,0.882697947,0.029250000000000054,0.042250000000000044,0.0038750000000000394
2,1,0,XGBoost-C,5,W2,0.18125,0.785,0.874084919,0.006750000000000011,0.02762500000000003,0.007250000000000012
2,1,0,MLP-C,5,X,0.165,0.835,0.904899135,0.04712499999999996,0.06012499999999996,0.0031249999999999555
2,1,0,MLP-C,5,W1,0.165,0.835,0.905172414,0.041374999999999974,0.062124999999999965,0.0068749999999999645
2,1,0,MLP-C,5,W2,0.18,0.82,0.898734177,0.013749999999999951,0.030249999999999954,0.003624999999999956
2,1,0,LogReg,6,X,0.155,0.845,0.910791367,0.03262499999999998,0.057874999999999975,0.00012499999999996403
2,1,0,LogReg,6,W1,0.16875,0.83125,0.904051173,0.014750000000000063,0.03675000000000004,-0.0037499999999999643
2,1,0,LogReg,6,W2,0.18,0.82,0.900277008,0.0011249999999999537,0.010874999999999958,0.0009999999999999788
2,1,0,SVC,6,X,0.16375,0.835,0.90625,0.02224999999999997,0.04112499999999997,-0.0021250000000000435
2,1,0,SVC,6,W1,0.17,0.825,0.901129944,0.006624999999999959,0.02474999999999995,0.0003749999999999698
2,1,0,SVC,6,W2,0.18125,0.82,0.900414938,0.0019999999999999797,0.009249999999999948,0.000374999999999992
2,1,0,RF-C,6,X,0.1575,0.8425,0.907759883,0.042250000000000024,0.07362500000000002,0.017625000000000036
2,1,0,RF-C,6,W1,0.16125,0.83875,0.90712743,0.02287499999999999,0.06337499999999999,0.004874999999999996
2,1,0,RF-C,6,W2,0.1725,0.8275,0.902404526,0.004875000000000018,0.0415,0.014250000000000007
2,1,0,XGBoost-C,6,X,0.16,0.81125,0.887899035,0.027375000000000028,0.05037500000000002,0.004750000000000043
2,1,0,XGBoost-C,6,W1,0.1675,0.82125,0.895391368,0.02300000000000004,0.06612500000000004,0.011875000000000047
2,1,0,XGBoost-C,6,W2,0.17,0.80625,0.888729361,-0.0018749999999999934,0.03537500000000001,0.006250000000000011
2,1,0,MLP-C,6,X,0.155,0.845,0.910791367,0.033124999999999974,0.058499999999999976,0.00012499999999998623
2,1,0,MLP-C,6,W1,0.16,0.84,0.908571429,0.02162499999999997,0.04887499999999998,0.0019999999999999575
2,1,0,MLP-C,6,W2,0.17875,0.82125,0.898509581,0.0003750000000000475,0.030625000000000034,-0.0007499999999999619
2,1,0,LogReg,7,X,0.16375,0.83625,0.905003626,0.042250000000000065,0.059750000000000046,0.002000000000000046
2,1,0,LogReg,7,W1,0.17375,0.82625,0.900071891,0.03087500000000004,0.04700000000000003,0.0006250000000000422
2,1,0,LogReg,7,W2,0.18125,0.81875,0.898245614,0.004624999999999979,0.02337499999999998,0.0006249999999999867
2,1,0,SVC,7,X,0.16375,0.83375,0.904385334,0.03549999999999999,0.05112499999999999,0.0032499999999999972
2,1,0,SVC,7,W1,0.16875,0.82625,0.900926586,0.024500000000000056,0.03950000000000005,0.006625000000000036
2,1,0,SVC,7,W2,0.18375,0.8175,0.898044693,0.0032500000000000194,0.018999999999999996,0.002750000000000008
2,1,0,RF-C,7,X,0.16125,0.83875,0.906859206,0.039749999999999994,0.05824999999999998,0.006749999999999978
2,1,0,RF-C,7,W1,0.16625,0.83375,0.903971119,0.03624999999999999,0.05824999999999998,0.01562499999999999
2,1,0,RF-C,7,W2,0.18375,0.81625,0.89640592,0.0037500000000000424,0.030125000000000023,0.0042500000000000315
2,1,0,XGBoost-C,7,X,0.16125,0.81125,0.888396157,0.04025000000000004,0.047375000000000035,0.0006250000000000311
2,1,0,XGBoost-C,7,W1,0.1675,0.79625,0.879348631,0.030125000000000023,0.038375000000000006,-0.005249999999999977
2,1,0,XGBoost-C,7,W2,0.18125,0.79875,0.882738529,0.00962499999999995,0.035374999999999955,0.00499999999999996
2,1,0,MLP-C,7,X,0.16375,0.83625,0.905003626,0.042250000000000065,0.059875000000000046,0.001875000000000049
2,1,0,MLP-C,7,W1,0.17,0.83,0.901734104,0.03137499999999995,0.05612499999999996,0.0033749999999999614
2,1,0,MLP-C,7,W2,0.185,0.815,0.895480226,0.00749999999999994,0.025624999999999964,0.003749999999999942
2,1,0,LogReg,8,X,0.16,0.84,0.910238429,0.018624999999999992,0.034499999999999954,0.0
2,1,0,LogReg,8,W1,0.16125,0.83875,0.909727082,0.017999999999999995,0.03412499999999998,0.0
2,1,0,LogReg,8,W2,0.17125,0.82875,0.904262753,0.003874999999999984,0.024249999999999994,-0.0006249999999999867
2,1,0,SVC,8,X,0.16125,0.83875,0.908575478,0.027625,0.042125,0.0019999999999999797
2,1,0,SVC,8,W1,0.16375,0.8375,0.908450704,0.02200000000000003,0.03537500000000001,0.0015000000000000124
2,1,0,SVC,8,W2,0.18125,0.8175,0.899449036,-0.0022499999999999855,0.0003750000000000142,-0.0013749999999999706
2,1,0,RF-C,8,X,0.15875,0.84125,0.908698778,0.03887500000000005,0.057875000000000044,0.012375000000000047
2,1,0,RF-C,8,W1,0.17125,0.82875,0.903043171,0.018624999999999992,0.03499999999999999,-0.00025000000000001686
2,1,0,RF-C,8,W2,0.18125,0.81875,0.900343643,0.0,0.0,0.0
2,1,0,XGBoost-C,8,X,0.15875,0.79625,0.878990349,0.031125000000000003,0.035250000000000004,-0.012624999999999987
2,1,0,XGBoost-C,8,W1,0.165,0.79625,0.88076079,0.015250000000000031,0.024875000000000026,-0.005499999999999982
2,1,0,XGBoost-C,8,W2,0.18125,0.80125,0.885364095,0.0028750000000000164,0.03500000000000001,0.009875000000000012
2,1,0,MLP-C,8,X,0.16125,0.83875,0.908445706,0.028249999999999987,0.042499999999999996,0.0012499999999999844
2,1,0,MLP-C,8,W1,0.1625,0.8375,0.909090909,0.016750000000000032,0.032500000000000015,-0.000749999999999984
2,1,0,MLP-C,8,W2,0.17125,0.82875,0.904262753,0.005874999999999986,0.023999999999999976,0.0004999999999999894
2,1,0,LogReg,9,X,0.14375,0.85625,0.919636618,0.02724999999999995,0.04462499999999997,0.001124999999999965
2,1,0,LogReg,9,W1,0.15375,0.84625,0.914166085,0.01524999999999994,0.030749999999999934,0.0006249999999999534
2,1,0,LogReg,9,W2,0.16625,0.83375,0.90821256,0.001124999999999976,0.012749999999999994,0.0008749999999999702
2,1,0,SVC,9,X,0.14375,0.8525,0.917597765,0.022625000000000006,0.03750000000000005,0.0002500000000000391
2,1,0,SVC,9,W1,0.1575,0.8425,0.912863071,0.009875000000000023,0.021125000000000026,0.00025000000000000575
2,1,0,SVC,9,W2,0.16625,0.82875,0.906228611,0.00012499999999999735,0.0007499999999999951,-0.0018750000000000377
2,1,0,RF-C,9,X,0.14,0.86,0.921348315,0.033499999999999974,0.04937499999999997,0.0029999999999999805
2,1,0,RF-C,9,W1,0.15375,0.84625,0.914046122,0.016124999999999935,0.03324999999999996,0.0006249999999999422
2,1,0,RF-C,9,W2,0.16125,0.83875,0.910850035,0.007374999999999976,0.025624999999999988,0.007499999999999995
2,1,0,XGBoost-C,9,X,0.14125,0.84125,0.908829864,0.03562500000000005,0.04875000000000005,0.00012500000000005286
2,1,0,XGBoost-C,9,W1,0.1475,0.8175,0.894660895,0.018999999999999982,0.028625,-0.01100000000000001
2,1,0,XGBoost-C,9,W2,0.16125,0.8125,0.893314367,-0.00012499999999999735,0.022124999999999985,-0.0022500000000000076
2,1,0,MLP-C,9,X,0.1375,0.8625,0.922969188,0.035375000000000045,0.05175000000000004,0.006250000000000033
2,1,0,MLP-C,9,W1,0.1475,0.8525,0.917251052,0.02162500000000004,0.039625000000000035,0.003375000000000061
2,1,0,MLP-C,9,W2,0.1625,0.8375,0.910344828,0.004000000000000015,0.01575000000000002,0.005125000000000013
2,1,0,LogReg,10,X,0.165,0.835,0.905579399,0.024499999999999966,0.04212499999999997,0.0023749999999999718
2,1,0,LogReg,10,W1,0.17,0.83,0.904225352,0.01599999999999996,0.03362499999999996,-0.0005000000000000449
2,1,0,LogReg,10,W2,0.1825,0.8175,0.89818689,0.0005000000000000115,0.012250000000000016,-0.0009999999999999788
2,1,0,SVC,10,X,0.17375,0.82375,0.89978678,0.013499999999999979,0.024624999999999973,-0.0035000000000000144
2,1,0,SVC,10,W1,0.1725,0.82375,0.901467505,0.006249999999999989,0.01962499999999997,0.0007499999999999729
2,1,0,SVC,10,W2,0.1825,0.81625,0.898550725,-0.0011249999999999427,0.002125000000000055,-0.0008749999999999702
2,1,0,RF-C,10,X,0.17375,0.82625,0.900501074,0.020750000000000036,0.03425000000000004,0.004000000000000048
2,1,0,RF-C,10,W1,0.17,0.83,0.902718169,0.02262499999999997,0.042249999999999975,0.009624999999999972
2,1,0,RF-C,10,W2,0.17625,0.82375,0.90174216,0.0071249999999999925,0.020874999999999977,0.005374999999999996
2,1,0,XGBoost-C,10,X,0.17125,0.8,0.88183161,0.03037500000000006,0.026625000000000044,-0.009624999999999962
2,1,0,XGBoost-C,10,W1,0.16625,0.8075,0.887755102,0.02612499999999999,0.03899999999999999,0.005374999999999986
2,1,0,XGBoost-C,10,W2,0.17625,0.7925,0.879884226,0.00612499999999998,0.024624999999999973,-0.008000000000000018
2,1,0,MLP-C,10,X,0.16125,0.83875,0.905632772,0.042249999999999975,0.059624999999999984,0.008999999999999998
2,1,0,MLP-C,10,W1,0.1675,0.8325,0.905500705,0.01787500000000002,0.03837500000000001,0.0
2,1,0,MLP-C,10,W2,0.18125,0.81875,0.897671136,0.0032499999999999972,0.025624999999999974,0.0011249999999999982
2,1,1,LogReg,1,X,0.16625,0.83375,0.889258951,0.022499999999999985,0.205125,0.004249999999999976
2,1,1,LogReg,1,W1,0.17125,0.82875,0.886118038,0.013000000000000001,0.19937499999999997,0.0011249999999999871
2,1,1,LogReg,1,W2,0.18,0.82,0.880991736,0.004499999999999937,0.19049999999999995,0.0008749999999999591
2,1,1,SVC,1,X,0.16375,0.83375,0.889074229,0.026374999999999992,0.20212499999999997,0.005624999999999969
2,1,1,SVC,1,W1,0.16875,0.82625,0.884455528,0.013250000000000017,0.19150000000000006,0.005250000000000044
2,1,1,SVC,1,W2,0.17875,0.82125,0.881327801,0.003000000000000058,0.19525000000000006,0.0013750000000000596
2,1,1,RF-C,1,X,0.16875,0.83125,0.886267902,0.02525000000000003,0.20625000000000004,0.006000000000000061
2,1,1,RF-C,1,W1,0.16625,0.83375,0.888888889,0.017749999999999978,0.20287500000000006,0.010249999999999992
2,1,1,RF-C,1,W2,0.18,0.82,0.880199667,0.004999999999999949,0.19299999999999995,0.001124999999999965
2,1,1,XGBoost-C,1,X,0.1675,0.79,0.855670103,0.01262500000000003,0.18412500000000004,-0.007499999999999962
2,1,1,XGBoost-C,1,W1,0.16625,0.805,0.866209262,0.009875000000000045,0.18762500000000007,0.007000000000000062
2,1,1,XGBoost-C,1,W2,0.17375,0.80125,0.864450128,0.0005000000000000115,0.19024999999999997,0.00575000000000001
2,1,1,MLP-C,1,X,0.16125,0.83875,0.890212766,0.03262499999999998,0.220125,0.004249999999999987
2,1,1,MLP-C,1,W1,0.1675,0.8325,0.883680556,0.025500000000000023,0.22675,0.000374999999999992
2,1,1,MLP-C,1,W2,0.1775,0.8225,0.881469115,0.004875000000000018,0.20074999999999998,0.000374999999999992
2,1,1,LogReg,2,X,0.17625,0.82375,0.881012658,0.013249999999999984,0.20387500000000003,0.007624999999999993
2,1,1,LogReg,2,W1,0.1875,0.8125,0.874371859,0.0008750000000000036,0.19787499999999997,0.005624999999999991
2,1,1,LogReg,2,W2,0.18,0.82,0.881773399,0.0008749999999999481,0.19587499999999997,0.00449999999999996
2,1,1,SVC,2,X,0.17625,0.81,0.873963516,0.0060000000000000496,0.18300000000000005,-0.0011249999999999537
2,1,1,SVC,2,W1,0.1875,0.8,0.868421053,-0.0023749999999999605,0.17375000000000002,-0.0034999999999999697
2,1,1,SVC,2,W2,0.18625,0.8125,0.875827815,0.0016249999999999986,0.19224999999999998,-0.0013749999999999817
2,1,1,RF-C,2,X,0.1825,0.8175,0.877104377,0.005999999999999994,0.20299999999999999,-0.0007499999999999729
2,1,1,RF-C,2,W1,0.18375,0.81625,0.876987448,0.004000000000000048,0.20525000000000002,0.001000000000000023
2,1,1,RF-C,2,W2,0.1825,0.8175,0.877721943,0.006624999999999992,0.20637500000000003,0.0018750000000000155
2,1,1,XGBoost-C,2,X,0.18125,0.80125,0.864680851,0.019000000000000017,0.18525000000000003,0.00687500000000002
2,1,1,XGBoost-C,2,W1,0.18,0.79375,0.860050891,0.010749999999999949,0.17899999999999996,0.005374999999999963
2,1,1,XGBoost-C,2,W2,0.1825,0.79375,0.858853721,0.003624999999999956,0.18849999999999995,0.007749999999999946
2,1,1,MLP-C,2,X,0.17125,0.82875,0.88379983,0.016874999999999994,0.21000000000000002,0.009875
2,1,1,MLP-C,2,W1,0.18375,0.81625,0.875106202,0.002625000000000022,0.20750000000000002,0.005375000000000019
2,1,1,MLP-C,2,W2,0.18125,0.81875,0.881632653,0.003124999999999989,0.19224999999999995,0.003999999999999971
2,1,1,LogReg,3,X,0.17875,0.82125,0.879528222,0.01475000000000004,0.18812500000000004,0.0028750000000000385
2,1,1,LogReg,3,W1,0.1825,0.8175,0.879139073,0.00824999999999999,0.17862500000000003,0.0017500000000000072
2,1,1,LogReg,3,W2,0.19,0.81,0.873963516,0.00012500000000005286,0.178375,0.0008750000000000369
2,1,1,SVC,3,X,0.18,0.8175,0.879139073,0.01150000000000001,0.174,0.005500000000000016
2,1,1,SVC,3,W1,0.18375,0.81125,0.876330876,0.007125000000000025,0.16887500000000005,0.0003750000000000142
2,1,1,SVC,3,W2,0.18875,0.81,0.875205255,0.003000000000000058,0.17212500000000006,0.0010000000000000453
2,1,1,RF-C,3,X,0.1825,0.8175,0.876689189,0.016249999999999997,0.187375,-0.00024999999999997247
2,1,1,RF-C,3,W1,0.18625,0.81375,0.874684609,0.009374999999999956,0.18537499999999996,0.0008749999999999591
2,1,1,RF-C,3,W2,0.185,0.815,0.875630252,0.0012499999999999512,0.1956249999999999,0.006249999999999945
2,1,1,XGBoost-C,3,X,0.1825,0.79125,0.860016764,0.012875000000000003,0.166,-0.0016249999999999876
2,1,1,XGBoost-C,3,W1,0.18,0.78875,0.858102435,0.006374999999999953,0.16699999999999995,-0.00862500000000005
2,1,1,XGBoost-C,3,W2,0.185,0.7775,0.85016835,0.0027499999999999634,0.15862499999999996,-0.008250000000000045
2,1,1,MLP-C,3,X,0.17875,0.82125,0.879324895,0.014125000000000032,0.18800000000000003,0.0027500000000000415
2,1,1,MLP-C,3,W1,0.18125,0.81875,0.877637131,0.006749999999999967,0.18899999999999997,0.0029999999999999693
2,1,1,MLP-C,3,W2,0.18625,0.81375,0.877164056,0.004249999999999976,0.17962499999999998,0.003874999999999962
2,1,1,LogReg,4,X,0.18375,0.81625,0.878008299,0.009250000000000013,0.18262500000000004,0.004500000000000015
2,1,1,LogReg,4,W1,0.18375,0.81625,0.875318066,0.004000000000000026,0.19412500000000005,0.00375000000000002
2,1,1,LogReg,4,W2,0.175,0.825,0.881756757,0.006874999999999953,0.19987499999999994,0.004749999999999954
2,1,1,SVC,4,X,0.18625,0.815,0.876460768,0.011374999999999946,0.17949999999999994,-0.0007500000000000284
2,1,1,SVC,4,W1,0.18625,0.80875,0.873449132,0.003999999999999971,0.17650000000000002,-0.00037500000000003644
2,1,1,SVC,4,W2,0.17625,0.8125,0.876441516,0.005499999999999982,0.1775,-0.0022499999999999855
2,1,1,RF-C,4,X,0.1775,0.8225,0.880067568,0.012624999999999997,0.199,0.005500000000000016
2,1,1,RF-C,4,W1,0.18125,0.81875,0.877222693,0.004499999999999971,0.19849999999999998,0.006374999999999964
2,1,1,RF-C,4,W2,0.17375,0.82625,0.883095038,0.01262500000000003,0.20100000000000007,0.003000000000000047
2,1,1,XGBoost-C,4,X,0.18,0.78375,0.850475367,0.0019999999999999463,0.15999999999999995,-0.011625000000000052
2,1,1,XGBoost-C,4,W1,0.18125,0.7775,0.84760274,-0.00850000000000003,0.16199999999999998,-0.012250000000000039
2,1,1,XGBoost-C,4,W2,0.1675,0.78875,0.857624263,0.0063749999999999415,0.16487499999999997,0.0003749999999999365
2,1,1,MLP-C,4,X,0.17875,0.82125,0.878297872,0.007875000000000031,0.2015,0.0021250000000000435
2,1,1,MLP-C,4,W1,0.18,0.82,0.878991597,0.004249999999999976,0.19499999999999998,0.002124999999999966
2,1,1,MLP-C,4,W2,0.17125,0.82875,0.88419273,0.009500000000000008,0.2065,0.004500000000000004
2,1,1,LogReg,5,X,0.18125,0.81875,0.881825591,0.019124999999999958,0.17124999999999999,-0.00012500000000000843
2,1,1,LogReg,5,W1,0.18625,0.81375,0.877366255,0.017249999999999967,0.17699999999999996,0.0041249999999999456
2,1,1,LogReg,5,W2,0.1925,0.8075,0.873355263,0.0032499999999999864,0.173,0.0016249999999999765
2,1,1,SVC,5,X,0.18125,0.81875,0.881825591,0.02487499999999998,0.17224999999999996,0.006624999999999992
2,1,1,SVC,5,W1,0.18875,0.81,0.875816993,0.017625000000000057,0.16737500000000005,0.0035000000000000473
2,1,1,SVC,5,W2,0.195,0.805,0.873581848,0.0010000000000000343,0.16000000000000006,0.0035000000000000365
2,1,1,RF-C,5,X,0.18375,0.81625,0.877805486,0.017625000000000002,0.18312500000000007,0.00537500000000003
2,1,1,RF-C,5,W1,0.19,0.81,0.874794069,0.01375000000000005,0.17512500000000003,0.002375000000000038
2,1,1,RF-C,5,W2,0.19,0.81,0.872268908,0.004250000000000043,0.19087500000000007,0.003625000000000045
2,1,1,XGBoost-C,5,X,0.17875,0.80375,0.868838764,0.014499999999999968,0.18037499999999995,0.01849999999999996
2,1,1,XGBoost-C,5,W1,0.18625,0.8,0.867330017,0.017750000000000054,0.17800000000000002,0.02012500000000005
2,1,1,XGBoost-C,5,W2,0.18875,0.78875,0.85928393,0.003999999999999948,0.16474999999999992,0.019999999999999928
2,1,1,MLP-C,5,X,0.185,0.815,0.878489327,0.022749999999999937,0.16949999999999993,-0.00012500000000004174
2,1,1,MLP-C,5,W1,0.19,0.81,0.874380165,0.016625000000000056,0.17600000000000002,0.0037500000000000424
2,1,1,MLP-C,5,W2,0.1925,0.8075,0.873355263,0.0032499999999999864,0.17312499999999997,0.001499999999999968
2,1,1,LogReg,6,X,0.1725,0.8275,0.884228188,0.023375,0.197875,-0.0021249999999999993
2,1,1,LogReg,6,W1,0.18375,0.81625,0.876574307,0.01312500000000002,0.19025000000000003,-0.00012499999999996403
2,1,1,LogReg,6,W2,0.195,0.805,0.870431894,0.0072500000000000455,0.17687500000000003,0.000500000000000056
2,1,1,SVC,6,X,0.1775,0.8175,0.880327869,0.02025000000000001,0.181375,-0.0031249999999999776
2,1,1,SVC,6,W1,0.1875,0.81,0.875409836,0.012000000000000056,0.17437500000000003,-0.0016249999999999654
2,1,1,SVC,6,W2,0.19625,0.7925,0.864379085,-0.003125000000000011,0.15437499999999998,-0.0070000000000000175
2,1,1,RF-C,6,X,0.18625,0.81375,0.875104778,0.012124999999999986,0.19437499999999996,0.0019999999999999905
2,1,1,RF-C,6,W1,0.19125,0.80875,0.871751886,0.006374999999999975,0.18724999999999997,0.0033749999999999835
2,1,1,RF-C,6,W2,0.19875,0.80125,0.866498741,0.0028750000000000164,0.17462499999999997,0.007750000000000012
2,1,1,XGBoost-C,6,X,0.18,0.79625,0.861981372,0.02475000000000003,0.17225000000000001,0.005625000000000002
2,1,1,XGBoost-C,6,W1,0.1875,0.79375,0.861924686,0.011874999999999959,0.16999999999999993,0.007874999999999976
2,1,1,XGBoost-C,6,W2,0.19375,0.79875,0.864135021,0.0062499999999999665,0.17924999999999996,0.013624999999999953
2,1,1,MLP-C,6,X,0.17,0.83,0.88590604,0.024499999999999956,0.20099999999999998,-0.0013750000000000485
2,1,1,MLP-C,6,W1,0.18,0.82,0.876500858,0.018374999999999954,0.20337499999999994,0.001874999999999971
2,1,1,MLP-C,6,W2,0.18375,0.81625,0.876987448,0.01425000000000003,0.19537500000000002,0.003750000000000031
2,1,1,LogReg,7,X,0.1725,0.8275,0.884228188,0.023750000000000004,0.205125,0.0007500000000000284
2,1,1,LogReg,7,W1,0.17875,0.82125,0.88053467,0.017125000000000057,0.19875000000000004,0.0018750000000000377
2,1,1,LogReg,7,W2,0.19125,0.80875,0.871751886,0.0012499999999999734,0.188875,-0.0005000000000000337
2,1,1,SVC,7,X,0.17125,0.8175,0.879139073,0.014749999999999996,0.188875,0.0007500000000000174
2,1,1,SVC,7,W1,0.185,0.81,0.874794069,0.007000000000000039,0.18087500000000006,-0.003999999999999948
2,1,1,SVC,7,W2,0.19125,0.8075,0.871666667,-0.001000000000000012,0.183,0.0013749999999999817
2,1,1,RF-C,7,X,0.18125,0.81875,0.878661088,0.02387499999999998,0.19724999999999998,0.00924999999999998
2,1,1,RF-C,7,W1,0.17875,0.82125,0.88053467,0.01937500000000003,0.19912500000000005,0.0072500000000000455
2,1,1,RF-C,7,W2,0.18125,0.81875,0.876595745,0.011124999999999963,0.20600000000000002,0.007749999999999979
2,1,1,XGBoost-C,7,X,0.17375,0.79,0.858347386,0.0046250000000000345,0.17412500000000003,-0.0014999999999999458
2,1,1,XGBoost-C,7,W1,0.1775,0.78875,0.857863751,0.006124999999999947,0.17312499999999992,-0.004375000000000062
2,1,1,XGBoost-C,7,W2,0.1875,0.7875,0.856175973,0.0023749999999999826,0.175375,0.0031249999999999776
2,1,1,MLP-C,7,X,0.1725,0.8275,0.883248731,0.0245,0.20737500000000003,0.0010000000000000009
2,1,1,MLP-C,7,W1,0.17875,0.82125,0.879120879,0.021750000000000047,0.20312500000000006,0.000500000000000056
2,1,1,MLP-C,7,W2,0.19,0.81,0.872053872,0.0048750000000000624,0.19337500000000002,-0.0013749999999999375
2,1,1,LogReg,8,X,0.1825,0.8175,0.877516779,0.01512500000000001,0.18675000000000003,0.0017500000000000072
2,1,1,LogReg,8,W1,0.18375,0.81625,0.876781224,0.0067500000000000225,0.18787500000000001,0.0036250000000000336
2,1,1,LogReg,8,W2,0.18625,0.81375,0.873835732,0.0003749999999999698,0.19724999999999998,0.004624999999999957
2,1,1,SVC,8,X,0.1825,0.81625,0.877192982,0.014875000000000037,0.17837500000000003,0.002375000000000038
2,1,1,SVC,8,W1,0.18625,0.81125,0.874061718,0.004875000000000041,0.17875000000000002,-0.002499999999999969
2,1,1,SVC,8,W2,0.19375,0.80375,0.870355078,-0.0028750000000000385,0.17224999999999996,0.0023749999999999605
2,1,1,RF-C,8,X,0.18125,0.81875,0.875962361,0.015874999999999983,0.19612499999999997,0.004874999999999996
2,1,1,RF-C,8,W1,0.18625,0.81375,0.874261603,0.006249999999999978,0.189375,0.0002499999999999836
2,1,1,RF-C,8,W2,0.185,0.815,0.874788494,0.0014999999999999569,0.20062499999999991,0.006874999999999953
2,1,1,XGBoost-C,8,X,0.185,0.78125,0.850042845,0.014374999999999994,0.1655,-0.006000000000000005
2,1,1,XGBoost-C,8,W1,0.19125,0.785,0.851724138,0.003125000000000033,0.17287500000000006,0.003375000000000028
2,1,1,XGBoost-C,8,W2,0.1925,0.775,0.845094664,-0.010249999999999971,0.1705,-0.005249999999999988
2,1,1,MLP-C,8,X,0.175,0.825,0.87826087,0.020499999999999963,0.21887499999999993,0.0049999999999999715
2,1,1,MLP-C,8,W1,0.18125,0.81875,0.874458874,0.006999999999999973,0.20774999999999996,0.007874999999999965
2,1,1,MLP-C,8,W2,0.1825,0.8175,0.874137931,0.0015000000000000013,0.215125,0.0022500000000000185
2,1,1,LogReg,9,X,0.17125,0.82875,0.88379983,0.014000000000000002,0.20425,0.0013749999999999817
2,1,1,LogReg,9,W1,0.17,0.83,0.885135135,0.014749999999999963,0.20612499999999997,0.00024999999999995024
2,1,1,LogReg,9,W2,0.175,0.825,0.882352941,0.00962499999999995,0.20262499999999997,0.002874999999999961
2,1,1,SVC,9,X,0.17125,0.82125,0.881524441,0.01050000000000001,0.18837500000000001,0.00587500000000003
2,1,1,SVC,9,W1,0.17,0.82375,0.883181442,0.010999999999999987,0.190875,0.006874999999999987
2,1,1,SVC,9,W2,0.1775,0.81875,0.878863826,0.006999999999999984,0.190125,0.0016249999999999765
2,1,1,RF-C,9,X,0.1675,0.8325,0.885077187,0.010750000000000015,0.21962500000000004,0.004500000000000015
2,1,1,RF-C,9,W1,0.16125,0.83875,0.888697153,0.014000000000000002,0.228625,0.006499999999999983
2,1,1,RF-C,9,W2,0.18,0.82,0.878378378,0.002874999999999972,0.20274999999999993,0.00012499999999995292
2,1,1,XGBoost-C,9,X,0.17125,0.79,0.855421687,0.00800000000000004,0.17725000000000005,-0.018624999999999958
2,1,1,XGBoost-C,9,W1,0.16875,0.8025,0.864493997,0.011874999999999991,0.192,-0.0008750000000000147
2,1,1,XGBoost-C,9,W2,0.1825,0.79375,0.858611825,0.0019999999999999684,0.18787499999999993,0.002874999999999983
2,1,1,MLP-C,9,X,0.16875,0.83125,0.884516681,0.011375000000000034,0.21112500000000006,0.0013750000000000372
2,1,1,MLP-C,9,W1,0.165,0.835,0.887945671,0.014249999999999962,0.21587499999999996,0.003874999999999962
2,1,1,MLP-C,9,W2,0.17,0.83,0.883561644,0.0068749999999999645,0.21937499999999996,0.005999999999999972
2,1,1,LogReg,10,X,0.195,0.805,0.868020305,0.022875000000000055,0.1685000000000001,0.0010000000000000453
2,1,1,LogReg,10,W1,0.19375,0.80625,0.869638352,0.01887500000000003,0.17450000000000004,0.004750000000000021
2,1,1,LogReg,10,W2,0.205,0.795,0.863787375,0.0010000000000000453,0.16287500000000005,0.0007500000000000284
2,1,1,SVC,10,X,0.1975,0.79375,0.863748968,0.007374999999999954,0.14949999999999997,-0.0020000000000000573
2,1,1,SVC,10,W1,0.1975,0.7925,0.863486842,0.006125000000000003,0.14537499999999998,-0.0016250000000000097
2,1,1,SVC,10,W2,0.21,0.78875,0.861133936,-0.002250000000000041,0.14662499999999995,-0.001875000000000049
2,1,1,RF-C,10,X,0.18625,0.81375,0.873835732,0.025124999999999974,0.18462499999999998,0.013624999999999965
2,1,1,RF-C,10,W1,0.1925,0.8075,0.870805369,0.017874999999999995,0.17287499999999997,0.01037499999999999
2,1,1,RF-C,10,W2,0.20875,0.79125,0.858594412,-0.0002499999999999947,0.168875,0.0005000000000000227
2,1,1,XGBoost-C,10,X,0.18,0.79,0.856899489,0.025875000000000037,0.16912500000000003,0.005625000000000035
2,1,1,XGBoost-C,10,W1,0.185,0.78125,0.849007765,0.02174999999999998,0.16462500000000002,0.006125000000000003
2,1,1,XGBoost-C,10,W2,0.20375,0.78125,0.852071006,0.001375000000000004,0.166125,0.01825000000000001
2,1,1,MLP-C,10,X,0.19375,0.80625,0.8676345,0.02262500000000005,0.179875,-0.0010000000000000009
2,1,1,MLP-C,10,W1,0.19375,0.80625,0.869638352,0.019500000000000017,0.17487500000000006,0.005250000000000021
2,1,1,MLP-C,10,W2,0.20375,0.79625,0.864279767,0.0011250000000000205,0.16262500000000002,0.00375000000000002
2,1,2,LogReg,1,X,0.16875,0.83125,0.894283477,0.05137500000000004,0.13700000000000007,0.0010000000000000453
2,1,2,LogReg,1,W1,0.1725,0.8275,0.892355694,0.04075000000000003,0.13537500000000002,0.0013750000000000262
2,1,2,LogReg,1,W2,0.19,0.81,0.885022693,0.006500000000000039,0.10275000000000004,0.0031250000000000557
2,1,2,SVC,1,X,0.16125,0.83625,0.898841699,0.05350000000000005,0.132125,0.006250000000000045
2,1,2,SVC,1,W1,0.17375,0.82,0.889908257,0.03374999999999996,0.11399999999999996,0.0038749999999999505
2,1,2,SVC,1,W2,0.19375,0.80625,0.881588999,0.007625000000000026,0.10587500000000002,0.0018749999999999934
2,1,2,RF-C,1,X,0.16375,0.83625,0.89693155,0.054000000000000034,0.14875000000000005,0.0006250000000000422
2,1,2,RF-C,1,W1,0.175,0.825,0.890282132,0.043374999999999976,0.14074999999999993,-0.004125000000000045
2,1,2,RF-C,1,W2,0.19875,0.80125,0.874506709,0.016375000000000018,0.13050000000000006,0.0006250000000000089
2,1,2,XGBoost-C,1,X,0.1575,0.8175,0.885400314,0.05475000000000001,0.13424999999999998,0.00025000000000001686
2,1,2,XGBoost-C,1,W1,0.16875,0.8075,0.8796875,0.04662499999999999,0.12775,-0.0026249999999999997
2,1,2,XGBoost-C,1,W2,0.19,0.78875,0.867658575,0.015624999999999944,0.11362499999999995,-0.0023750000000000494
2,1,2,MLP-C,1,X,0.1625,0.8375,0.897476341,0.056250000000000036,0.14600000000000002,0.005000000000000016
2,1,2,MLP-C,1,W1,0.165,0.835,0.896875,0.042124999999999954,0.14724999999999996,0.0066249999999999695
2,1,2,MLP-C,1,W2,0.19125,0.80875,0.880562061,0.01699999999999998,0.12925,0.006749999999999978
2,1,2,LogReg,2,X,0.1375,0.8625,0.913657771,0.05075000000000004,0.17437500000000006,-0.0006249999999999645
2,1,2,LogReg,2,W1,0.1425,0.8575,0.909379968,0.03862500000000004,0.18200000000000002,0.0007500000000000506
2,1,2,LogReg,2,W2,0.16125,0.83875,0.898023715,0.018499999999999982,0.168375,0.0011249999999999871
2,1,2,SVC,2,X,0.1475,0.8425,0.900473934,0.06337500000000003,0.14975000000000002,-0.00187499999999996
2,1,2,SVC,2,W1,0.1475,0.85,0.90625,0.04024999999999997,0.15949999999999998,0.0013749999999999817
2,1,2,SVC,2,W2,0.1575,0.82625,0.892664093,0.01387500000000006,0.1305,-0.001124999999999965
2,1,2,RF-C,2,X,0.15125,0.84875,0.903122498,0.05825000000000001,0.17,0.00012500000000000843
2,1,2,RF-C,2,W1,0.15375,0.84625,0.901835595,0.041374999999999953,0.17399999999999993,-0.001625000000000043
2,1,2,RF-C,2,W2,0.16875,0.83125,0.893449092,0.018000000000000026,0.15725000000000006,-0.00024999999999995024
2,1,2,XGBoost-C,2,X,0.14875,0.82375,0.886198547,0.04049999999999998,0.15387499999999996,-0.0008750000000000257
2,1,2,XGBoost-C,2,W1,0.15,0.81125,0.878127522,0.025500000000000023,0.14925000000000002,-0.00712499999999997
2,1,2,XGBoost-C,2,W2,0.16375,0.8075,0.875806452,0.015249999999999996,0.151125,0.011875000000000002
2,1,2,MLP-C,2,X,0.13875,0.86125,0.911128903,0.05587499999999994,0.18699999999999997,0.001124999999999965
2,1,2,MLP-C,2,W1,0.14375,0.85625,0.909520063,0.04774999999999997,0.17037499999999994,0.0037499999999999643
2,1,2,MLP-C,2,W2,0.16,0.84,0.898412698,0.019374999999999965,0.17537499999999998,0.0036249999999999672
2,1,2,LogReg,3,X,0.14875,0.85125,0.909090909,0.03837499999999995,0.13337499999999994,0.00012499999999998623
2,1,2,LogReg,3,W1,0.155,0.845,0.904907975,0.029874999999999964,0.14037499999999997,0.0026249999999999442
2,1,2,LogReg,3,W2,0.16375,0.83625,0.898841699,0.015000000000000069,0.13312500000000005,0.0
2,1,2,SVC,3,X,0.1475,0.85,0.908396947,0.04087499999999998,0.12849999999999998,-0.00037500000000003644
2,1,2,SVC,3,W1,0.155,0.84125,0.903568717,0.02675000000000005,0.12425000000000004,-0.00024999999999996135
2,1,2,SVC,3,W2,0.16875,0.8275,0.895927602,0.010000000000000009,0.10962500000000001,0.005750000000000022
2,1,2,RF-C,3,X,0.14875,0.85125,0.907823393,0.04162499999999995,0.13674999999999993,0.003624999999999956
2,1,2,RF-C,3,W1,0.15875,0.84125,0.903127384,0.026375000000000048,0.13000000000000003,0.0003750000000000475
2,1,2,RF-C,3,W2,0.1625,0.8375,0.899224806,0.018874999999999996,0.1255,0.00537500000000003
2,1,2,XGBoost-C,3,X,0.14625,0.82375,0.888537549,0.048124999999999994,0.123875,-0.004750000000000021
2,1,2,XGBoost-C,3,W1,0.15625,0.815,0.884555382,0.03199999999999996,0.12174999999999994,0.002999999999999936
2,1,2,XGBoost-C,3,W2,0.16125,0.80375,0.875889328,0.008874999999999956,0.11512499999999996,-0.005500000000000038
2,1,2,MLP-C,3,X,0.14625,0.85375,0.910069178,0.044375,0.138625,0.0032500000000000085
2,1,2,MLP-C,3,W1,0.15375,0.84625,0.90487239,0.03662499999999993,0.14649999999999994,0.003749999999999942
2,1,2,MLP-C,3,W2,0.1625,0.8375,0.898753894,0.01937500000000002,0.13987500000000003,0.003000000000000014
2,1,2,LogReg,4,X,0.15,0.85,0.90521327,0.05674999999999997,0.160125,0.0004999999999999894
2,1,2,LogReg,4,W1,0.16,0.84,0.899843505,0.03462499999999996,0.15212499999999998,0.003249999999999964
2,1,2,LogReg,4,W2,0.18375,0.81625,0.886836028,0.007125000000000025,0.12525000000000003,0.0011250000000000537
2,1,2,SVC,4,X,0.15125,0.845,0.90266876,0.06124999999999997,0.14624999999999994,0.0012499999999999734
2,1,2,SVC,4,W1,0.16,0.8325,0.89628483,0.03512500000000002,0.1395,-0.004374999999999985
2,1,2,SVC,4,W2,0.18625,0.80875,0.881487219,0.007374999999999976,0.12224999999999997,-0.0022500000000000298
2,1,2,RF-C,4,X,0.15875,0.84125,0.901167315,0.04500000000000006,0.14437500000000006,-0.0008749999999999369
2,1,2,RF-C,4,W1,0.16375,0.83625,0.89837083,0.036750000000000047,0.14300000000000004,0.0011250000000000426
2,1,2,RF-C,4,W2,0.19125,0.80875,0.88,0.003999999999999971,0.13649999999999998,0.008499999999999962
2,1,2,XGBoost-C,4,X,0.16,0.81,0.8784,0.04487500000000004,0.13487500000000008,-0.0021249999999999546
2,1,2,XGBoost-C,4,W1,0.165,0.79125,0.866932271,0.023250000000000003,0.12200000000000003,-0.006749999999999978
2,1,2,XGBoost-C,4,W2,0.18875,0.77625,0.858721389,0.006499999999999983,0.11374999999999998,-0.006750000000000001
2,1,2,MLP-C,4,X,0.15125,0.84875,0.902811245,0.06949999999999999,0.17000000000000004,0.0052499999999999995
2,1,2,MLP-C,4,W1,0.16,0.84,0.899053628,0.04349999999999997,0.15374999999999997,0.00024999999999995024
2,1,2,MLP-C,4,W2,0.1875,0.8125,0.88299532,0.008500000000000008,0.13374999999999998,0.0028749999999999943
2,1,2,LogReg,5,X,0.14625,0.85375,0.908949416,0.05062500000000001,0.15675,0.00012499999999999735
2,1,2,LogReg,5,W1,0.15625,0.84375,0.90508732,0.02662500000000001,0.13699999999999996,0.000749999999999984
2,1,2,LogReg,5,W2,0.1675,0.8325,0.897239264,0.012750000000000029,0.13350000000000004,0.000374999999999992
2,1,2,SVC,5,X,0.14875,0.84625,0.904725019,0.051124999999999955,0.13837499999999994,0.002999999999999947
2,1,2,SVC,5,W1,0.16,0.8325,0.898638427,0.026750000000000006,0.11825000000000001,-0.0019999999999999797
2,1,2,SVC,5,W2,0.17,0.825,0.895209581,0.009874999999999957,0.10949999999999997,-0.003625000000000045
2,1,2,RF-C,5,X,0.13875,0.86125,0.912114014,0.06412499999999996,0.17075,0.004749999999999954
2,1,2,RF-C,5,W1,0.15125,0.84875,0.90641918,0.03650000000000001,0.15037499999999998,0.00724999999999999
2,1,2,RF-C,5,W2,0.17,0.83,0.896656535,0.015749999999999965,0.12724999999999992,-0.0011250000000000648
2,1,2,XGBoost-C,5,X,0.135,0.81375,0.880128721,0.04712499999999996,0.12974999999999995,-0.012375000000000047
2,1,2,XGBoost-C,5,W1,0.14875,0.80375,0.875495638,0.02887499999999994,0.12174999999999998,-0.013875000000000026
2,1,2,XGBoost-C,5,W2,0.165,0.79375,0.869771113,0.009999999999999953,0.11274999999999995,-0.009875000000000068
2,1,2,MLP-C,5,X,0.1375,0.8625,0.911717496,0.06875000000000003,0.18587500000000007,-0.0007499999999999507
2,1,2,MLP-C,5,W1,0.15625,0.84375,0.904067536,0.033250000000000016,0.14575000000000002,0.0012499999999999734
2,1,2,MLP-C,5,W2,0.1625,0.8375,0.900914634,0.02112500000000004,0.13037500000000002,0.0036250000000000115
2,1,2,LogReg,6,X,0.135,0.865,0.916018663,0.05850000000000001,0.157125,0.005499999999999994
2,1,2,LogReg,6,W1,0.145,0.855,0.911042945,0.03937499999999998,0.14462499999999995,0.0004999999999999782
2,1,2,LogReg,6,W2,0.16,0.84,0.902140673,0.016749999999999966,0.14275,0.003499999999999959
2,1,2,SVC,6,X,0.1375,0.8625,0.915902141,0.06125000000000007,0.13625000000000004,0.0036250000000000336
2,1,2,SVC,6,W1,0.1425,0.85125,0.91005291,0.04162499999999995,0.12737499999999993,0.0014999999999999569
2,1,2,SVC,6,W2,0.165,0.83,0.897435897,0.008249999999999957,0.12174999999999998,-0.0021250000000000656
2,1,2,RF-C,6,X,0.13875,0.86125,0.914942529,0.05924999999999998,0.14062499999999994,0.00337499999999995
2,1,2,RF-C,6,W1,0.1425,0.8575,0.912844037,0.043250000000000045,0.1405,0.005875000000000052
2,1,2,RF-C,6,W2,0.16,0.84,0.903759398,0.01849999999999997,0.12624999999999997,0.0044999999999999485
2,1,2,XGBoost-C,6,X,0.13625,0.83625,0.896442688,0.056000000000000036,0.14337500000000006,0.009375000000000055
2,1,2,XGBoost-C,6,W1,0.145,0.83375,0.896174863,0.041249999999999995,0.14450000000000002,0.00987499999999999
2,1,2,XGBoost-C,6,W2,0.1575,0.81,0.879746835,0.013125000000000043,0.12850000000000003,0.0071250000000000705
2,1,2,MLP-C,6,X,0.13625,0.86375,0.915830116,0.05762500000000002,0.15125000000000002,0.0058749999999999965
2,1,2,MLP-C,6,W1,0.14125,0.85875,0.913277053,0.04625000000000003,0.14487500000000003,0.006125000000000014
2,1,2,MLP-C,6,W2,0.16125,0.83875,0.901300689,0.017499999999999995,0.14199999999999996,0.0022499999999999855
2,1,2,LogReg,7,X,0.17,0.83,0.892575039,0.041624999999999954,0.14087499999999994,0.0027499999999999413
2,1,2,LogReg,7,W1,0.1875,0.8125,0.882075472,0.02037500000000002,0.12837499999999996,0.00187499999999996
2,1,2,LogReg,7,W2,0.185,0.815,0.882911392,0.017624999999999957,0.14124999999999993,0.0017499999999999627
2,1,2,SVC,7,X,0.17,0.82375,0.886564763,0.05599999999999998,0.136125,-0.003000000000000014
2,1,2,SVC,7,W1,0.18375,0.80625,0.877081681,0.029625000000000033,0.12125000000000004,-0.003624999999999978
2,1,2,SVC,7,W2,0.185,0.805,0.879256966,0.012250000000000039,0.11900000000000008,-0.004124999999999967
2,1,2,RF-C,7,X,0.1675,0.8325,0.893987342,0.044500000000000026,0.14600000000000005,0.0070000000000000175
2,1,2,RF-C,7,W1,0.18,0.82,0.886255924,0.031124999999999958,0.13712499999999994,0.008249999999999947
2,1,2,RF-C,7,W2,0.19125,0.80875,0.877893057,0.01712499999999998,0.14837499999999998,0.017874999999999974
2,1,2,XGBoost-C,7,X,0.15375,0.80625,0.872006606,0.05325000000000002,0.13312500000000002,-0.0004999999999999672
2,1,2,XGBoost-C,7,W1,0.18,0.80625,0.873469388,0.03537500000000001,0.13962500000000003,0.010875000000000024
2,1,2,XGBoost-C,7,W2,0.1825,0.78125,0.859437751,0.011749999999999993,0.1255,-0.005000000000000016
2,1,2,MLP-C,7,X,0.16875,0.83125,0.889795918,0.06087500000000003,0.15812500000000007,-0.00012499999999996403
2,1,2,MLP-C,7,W1,0.18125,0.81875,0.886452623,0.02799999999999998,0.13025000000000003,0.0
2,1,2,MLP-C,7,W2,0.1825,0.8175,0.883942766,0.020874999999999998,0.14750000000000002,0.0046250000000000015
2,1,2,LogReg,8,X,0.16,0.84,0.900621118,0.025249999999999974,0.14062499999999994,0.000749999999999984
2,1,2,LogReg,8,W1,0.16375,0.83625,0.897736144,0.022375000000000055,0.14475000000000005,0.0002500000000000391
2,1,2,LogReg,8,W2,0.17125,0.82875,0.892885066,0.0044999999999999814,0.14662499999999995,0.0016249999999999654
2,1,2,SVC,8,X,0.17,0.8275,0.890302067,0.041999999999999996,0.13637500000000005,-0.005999999999999994
2,1,2,SVC,8,W1,0.1675,0.83125,0.893617021,0.025375000000000047,0.13937500000000003,0.00037500000000003644
2,1,2,SVC,8,W2,0.1725,0.8275,0.89184953,0.0035000000000000252,0.146625,0.0005000000000000115
2,1,2,RF-C,8,X,0.16875,0.83125,0.890510949,0.03512500000000006,0.15700000000000003,0.0005000000000000449
2,1,2,RF-C,8,W1,0.1675,0.8325,0.892628205,0.024750000000000005,0.16050000000000003,0.004000000000000026
2,1,2,RF-C,8,W2,0.1725,0.8275,0.887987013,0.010000000000000009,0.1735,0.004875000000000018
2,1,2,XGBoost-C,8,X,0.16625,0.81375,0.878960195,0.031374999999999986,0.140625,0.004749999999999965
2,1,2,XGBoost-C,8,W1,0.17,0.8,0.871175523,0.016750000000000032,0.13125000000000006,-0.0012499999999999512
2,1,2,XGBoost-C,8,W2,0.1675,0.8075,0.876205788,0.005374999999999986,0.148625,0.005749999999999989
2,1,2,MLP-C,8,X,0.16625,0.83375,0.892828364,0.033875,0.15499999999999997,0.0013749999999999706
2,1,2,MLP-C,8,W1,0.17,0.83,0.894409938,0.02687499999999996,0.13024999999999995,-0.0016250000000000541
2,1,2,MLP-C,8,W2,0.17,0.83,0.892063492,0.0019999999999999575,0.16124999999999995,0.0012499999999999734
2,1,2,LogReg,9,X,0.16375,0.83625,0.898054475,0.03350000000000003,0.13725000000000004,0.004125000000000068
2,1,2,LogReg,9,W1,0.1775,0.8225,0.8890625,0.024375000000000015,0.142125,-0.0006249999999999867
2,1,2,LogReg,9,W2,0.1825,0.8175,0.886292835,0.011375000000000001,0.1355,0.0003750000000000031
2,1,2,SVC,9,X,0.1675,0.8275,0.892857143,0.040625,0.12212500000000004,-0.0026249999999999997
2,1,2,SVC,9,W1,0.1775,0.81875,0.888718342,0.020374999999999956,0.12087499999999998,0.001374999999999993
2,1,2,SVC,9,W2,0.1825,0.815,0.886153846,0.01112499999999994,0.12187499999999996,0.0029999999999999584
2,1,2,RF-C,9,X,0.17,0.83,0.895223421,0.03537499999999997,0.12337499999999994,0.0008749999999999481
2,1,2,RF-C,9,W1,0.18,0.82,0.888024883,0.01962499999999996,0.13937499999999992,-0.00062500000000002
2,1,2,RF-C,9,W2,0.185,0.815,0.884012539,0.011874999999999936,0.13662499999999994,0.002124999999999966
2,1,2,XGBoost-C,9,X,0.1725,0.815,0.881028939,0.03212499999999994,0.13574999999999995,0.0031249999999999447
2,1,2,XGBoost-C,9,W1,0.185,0.8,0.872408293,0.019125000000000048,0.13300000000000006,-0.004874999999999974
2,1,2,XGBoost-C,9,W2,0.185,0.78875,0.866191607,0.0017499999999999517,0.12237499999999994,-0.0006250000000000532
2,1,2,MLP-C,9,X,0.17,0.83,0.892234548,0.042124999999999954,0.14112499999999994,0.0031249999999999668
2,1,2,MLP-C,9,W1,0.17625,0.82375,0.88923802,0.025,0.145625,0.005499999999999994
2,1,2,MLP-C,9,W2,0.18125,0.81875,0.886807182,0.007249999999999956,0.14237499999999997,0.003624999999999978
2,1,2,LogReg,10,X,0.14625,0.85375,0.90632506,0.05262500000000001,0.170875,-0.0011249999999999871
2,1,2,LogReg,10,W1,0.14375,0.85625,0.909520063,0.04149999999999996,0.17549999999999993,0.006124999999999959
2,1,2,LogReg,10,W2,0.17125,0.82875,0.895339954,0.009875,0.1335,0.0021249999999999767
2,1,2,SVC,10,X,0.14875,0.85375,0.907801418,0.060875,0.15712500000000001,0.0017500000000000183
2,1,2,SVC,10,W1,0.15,0.84,0.900621118,0.03912499999999998,0.143125,-0.0035000000000000365
2,1,2,SVC,10,W2,0.16875,0.82875,0.894696387,0.007499999999999974,0.13749999999999998,0.003124999999999989
2,1,2,RF-C,10,X,0.14,0.86,0.911671924,0.05162499999999999,0.16587499999999994,0.009624999999999995
2,1,2,RF-C,10,W1,0.15,0.85,0.905063291,0.04112499999999998,0.16762499999999997,0.00824999999999998
2,1,2,RF-C,10,W2,0.17125,0.82875,0.893219018,0.003999999999999981,0.15299999999999997,0.0036249999999999893
2,1,2,XGBoost-C,10,X,0.13375,0.82625,0.887083672,0.04512500000000005,0.14962500000000006,-0.010999999999999965
2,1,2,XGBoost-C,10,W1,0.13875,0.83,0.890850722,0.031124999999999958,0.15162499999999995,0.00024999999999995024
2,1,2,XGBoost-C,10,W2,0.1675,0.8225,0.886942675,0.010250000000000004,0.14962500000000004,0.0061250000000000245
2,1,2,MLP-C,10,X,0.1375,0.8625,0.912559618,0.06062500000000004,0.17400000000000002,0.006500000000000039
2,1,2,MLP-C,10,W1,0.14375,0.85625,0.909377463,0.041624999999999954,0.17624999999999996,0.005624999999999969
2,1,2,MLP-C,10,W2,0.1725,0.8275,0.892018779,0.008250000000000013,0.151375,0.004125000000000012
