Num_units,Intercept,Influence_level,Model,Replication,Measurement,Loss,R2,Imp_F,Imp_Z1,Imp_Z2
0,0,0,MLR,1,X,0.005234244,0.994606977,1.0437912630389043,1.0673084063220248,-1.9591575654043235e-05
0,0,0,MLR,1,W1,0.168658209,0.826225594,0.6926986395150855,1.027584365966491,0.00015080877479908272
0,0,0,MLR,1,W2,0.419344549,0.567934756,0.19771637334778797,0.9810554480931362,-0.0004271596620287532
0,0,0,SVR,1,X,0.005217614,0.994624111,1.0459892636071229,1.0672603626141524,-1.725822946072597e-05
0,0,0,SVR,1,W1,0.167898173,0.827008685,0.714228465090449,1.0364713376042016,0.00022672829438064035
0,0,0,SVR,1,W2,0.417827826,0.569497488,0.2096044418368887,1.0044856955920323,-0.0001355088938917004
0,0,0,RF-R,1,X,0.010070388,0.98962413,1.0120934725312196,1.0108345789488293,0.0020652543298632976
0,0,0,RF-R,1,W1,0.190859064,0.803351282,0.6120501258165373,0.8720493744725362,0.003463223472313326
0,0,0,RF-R,1,W2,0.432692299,0.554182106,0.19558300549855195,0.8668758181420259,0.005090971513255249
0,0,0,XGBoost-R,1,X,0.007559659,0.991511926,1.0427231099153,1.0569487941923434,0.00027489128420172816
0,0,0,XGBoost-R,1,W1,0.176047559,0.732911968,0.6744652087587082,0.9712759001001647,-0.005494763281866144
0,0,0,XGBoost-R,1,W2,0.415731022,0.427340274,0.21486580559673904,0.9389273292926777,0.007809720233607287
0,0,0,MLP-R,1,X,0.005234775,0.994606429,1.0430545465224819,1.0678906362560787,-1.723396391061227e-05
0,0,0,MLP-R,1,W1,0.168157856,0.826741124,0.687049281911413,1.0056435795090188,0.000615598246320137
0,0,0,MLP-R,1,W2,0.418395369,0.568912729,0.19557538708815464,0.9786576403550061,-0.00040708734013197303
0,0,0,MLR,2,X,0.005216789,0.994888949,0.9809943200725932,0.9765967085112282,0.0
0,0,0,MLR,2,W1,0.221035729,0.783444384,0.5754340532583756,0.9372320865721301,0.0
0,0,0,MLR,2,W2,0.432025803,0.57673081,0.1496916308218005,0.9572889038830876,0.00015187437766432942
0,0,0,SVR,2,X,0.005407516,0.994702087,0.9787366986757278,0.9702188451171215,7.364120071449154e-05
0,0,0,SVR,2,W1,0.220272061,0.784192573,0.5389397007123004,0.9497231367584362,-2.9220953979613995e-05
0,0,0,SVR,2,W2,0.432561392,0.576206078,0.16484207152565658,0.9708493262863958,-4.535938673223549e-05
0,0,0,RF-R,2,X,0.016313129,0.984017518,0.9606199020396579,0.9243338796662088,-0.004415438427668961
0,0,0,RF-R,2,W1,0.236366494,0.768424354,0.5522368708275385,0.8420657666990492,0.0022024921256186382
0,0,0,RF-R,2,W2,0.468387201,0.541106412,0.1282632767281215,0.9030665046030304,-0.0036929247354463347
0,0,0,XGBoost-R,2,X,0.007223161,0.990945747,0.9763177317387125,0.9757260971584845,0.0006217041287078007
0,0,0,XGBoost-R,2,W1,0.219304085,0.719084557,0.5881023966660994,0.924994458199707,0.0007804518649204395
0,0,0,XGBoost-R,2,W2,0.436648089,0.415156609,0.12026831111727132,0.9615003065875737,-0.01767893728918335
0,0,0,MLP-R,2,X,0.005166598,0.994938122,0.979890203363707,0.9748788785315892,-1.0866964767519694e-05
0,0,0,MLP-R,2,W1,0.22033158,0.784134261,0.5756327470648055,0.9454728733840051,-4.602564433900946e-05
0,0,0,MLP-R,2,W2,0.43177826,0.576973337,0.15041087838108055,0.9578604772390851,0.00043667497683542723
0,0,0,MLR,3,X,0.005687904,0.994362376,0.9413302782979768,1.0359281937119325,-5.760992612180438e-06
0,0,0,MLR,3,W1,0.149358993,0.851961321,0.6330574323494453,1.0101057360177799,0.00029753840978704595
0,0,0,MLR,3,W2,0.405224689,0.598357445,0.15653759482508006,1.0434257915984804,0.00020651369033206635
0,0,0,SVR,3,X,0.005690083,0.994360216,0.9418032539301681,1.0358419444746492,-5.077871696934633e-06
0,0,0,SVR,3,W1,0.156776656,0.844609229,0.6390533421368377,0.9863716270178171,-0.006248569314357277
0,0,0,SVR,3,W2,0.403634735,0.599933344,0.17878023626546322,1.0374632487327609,6.370944388359723e-05
0,0,0,RF-R,3,X,0.010793291,0.98930212,0.9176216567732045,0.9901406945136447,0.00016686430970922484
0,0,0,RF-R,3,W1,0.16269926,0.83873898,0.5947923864106404,0.905638415497467,-0.0014978017792184662
0,0,0,RF-R,3,W2,0.428228504,0.575556981,0.14768220829407394,0.9572065602351753,-0.009811294741668563
0,0,0,XGBoost-R,3,X,0.006475784,0.992035902,0.9453834041230849,1.0459550127669095,8.118875364031553e-05
0,0,0,XGBoost-R,3,W1,0.153827226,0.815772719,0.6700966821719643,1.0228543525121618,0.02376709579373284
0,0,0,XGBoost-R,3,W2,0.422565522,0.413623357,0.15663073289717314,0.9874306230273648,-0.04632238487340577
0,0,0,MLP-R,3,X,0.00568301,0.994367227,0.9387527141489752,1.0395618442052583,9.505921325425604e-07
0,0,0,MLP-R,3,W1,0.148651934,0.85266213,0.6364263240446484,1.0001803875928947,0.0002920799236183269
0,0,0,MLP-R,3,W2,0.400471734,0.603068385,0.16399297615276762,1.0512478936048122,-0.0022570249612062997
0,0,0,MLR,4,X,0.005205884,0.994993061,0.9576782072622196,1.0925605153857585,4.1060040599338874e-06
0,0,0,MLR,4,W1,0.173991777,0.83265738,0.6370617614464351,1.0448666726884421,2.3785511133811444e-05
0,0,0,MLR,4,W2,0.408605006,0.60700998,0.14613214694998997,1.0859971392875827,0.001075809459923882
0,0,0,SVR,4,X,0.007280092,0.99299812,0.9539413585615263,1.0920411524486924,-0.0002122119733126482
0,0,0,SVR,4,W1,0.175238118,0.831458669,0.6783105675223557,1.0454059048125162,-3.788937212930721e-05
0,0,0,SVR,4,W2,0.409752391,0.605906442,0.1990028371776354,1.0980291079958893,0.0003989799489501067
0,0,0,RF-R,4,X,0.010785457,0.989626713,0.9344304033293058,1.0533819128533115,-0.00019204691394258955
0,0,0,RF-R,4,W1,0.187458447,0.819705344,0.6005220461948099,0.973699022624355,0.0066726447608053355
0,0,0,RF-R,4,W2,0.443401908,0.573542854,0.14724172351241854,1.0052858039035122,0.012732940305330565
0,0,0,XGBoost-R,4,X,0.006979235,0.991236535,0.9549267965975237,1.103871640749316,-0.0001931236900915456
0,0,0,XGBoost-R,4,W1,0.179532886,0.778350494,0.6348395242938268,1.0767098348424269,0.020173721229445763
0,0,0,XGBoost-R,4,W2,0.43015948,0.454732641,0.1309669233097724,1.096094830485115,0.0015068481272825784
0,0,0,MLP-R,4,X,0.005176909,0.995020929,0.9576979115497629,1.0928512714488419,6.699539286676437e-05
0,0,0,MLP-R,4,W1,0.173283171,0.833338907,0.6324860539899939,1.0394706459133047,-1.4756805417714958e-05
0,0,0,MLP-R,4,W2,0.40860409,0.607010861,0.1461465727169573,1.0859959542527835,0.00107478187491723
0,0,0,MLR,5,X,0.005409743,0.994946156,0.9053364626813293,1.0006946747850958,3.035606935986035e-06
0,0,0,MLR,5,W1,0.145601909,0.863977025,0.6391345864957001,1.029759625538345,0.0003047607605099367
0,0,0,MLR,5,W2,0.425786958,0.602224933,0.14675259797672835,1.0212964941227696,-0.0004737200277077247
0,0,0,SVR,5,X,0.00545959,0.994899589,0.9011358777443995,0.9945760441605763,2.0986699185820966e-06
0,0,0,SVR,5,W1,0.147677273,0.862038196,0.7217459618351668,1.0381353957885748,-2.325317140097205e-05
0,0,0,SVR,5,W2,0.424982298,0.602976657,0.13008283658318992,1.0178500181165169,-0.0001192010559300849
0,0,0,RF-R,5,X,0.010955733,0.989765029,0.8844819662698435,0.9569314210013682,0.0016593766987838543
0,0,0,RF-R,5,W1,0.168766013,0.842336852,0.6165888237806347,0.9801201446573536,0.004760480774843956
0,0,0,RF-R,5,W2,0.461031413,0.569299159,0.1379173888645183,0.9353670265688884,-0.0004541190638399417
0,0,0,XGBoost-R,5,X,0.007518987,0.992419958,0.9063960066594234,1.0025645953968285,0.0004322070236200459
0,0,0,XGBoost-R,5,W1,0.153499779,0.809469005,0.6596676124594038,1.0545470193264124,0.008316508274666656
0,0,0,XGBoost-R,5,W2,0.430843902,0.464532532,0.14199424999044002,0.9561491168868731,0.004438938692284611
0,0,0,MLP-R,5,X,0.005407001,0.994948718,0.9053407405429759,1.0006164144640421,2.9049570676065175e-06
0,0,0,MLP-R,5,W1,0.145481565,0.864089452,0.6399770305353345,1.0265881148004758,0.0004322733261748812
0,0,0,MLP-R,5,W2,0.423827006,0.604055944,0.1428803675537248,1.0006961325249106,0.0009238790239832096
0,0,0,MLR,6,X,0.00506623,0.994915054,1.034142649178478,0.9270637019187518,2.957110070855862e-06
0,0,0,MLR,6,W1,0.194778124,0.804502281,0.6438065756704805,0.9245612074133623,-9.211347590698526e-05
0,0,0,MLR,6,W2,0.43621403,0.562174407,0.1529554195824433,0.957791967793171,4.824684416093738e-07
0,0,0,SVR,6,X,0.005026242,0.994955189,1.0376404388711005,0.9270253606835868,1.4731838577652923e-05
0,0,0,SVR,6,W1,0.194244747,0.805037629,0.6657684682084059,0.9430309286433726,-4.5535668326501796e-05
0,0,0,SVR,6,W2,0.435508886,0.562882156,0.16635957872684384,0.946095406320541,6.461480785765472e-05
0,0,0,RF-R,6,X,0.010612601,0.989348192,1.00815234664914,0.8901120085983478,0.0015903137328337814
0,0,0,RF-R,6,W1,0.207850323,0.791381788,0.6196684802400566,0.8707516448164684,0.0005348512814013495
0,0,0,RF-R,6,W2,0.46351093,0.53477666,0.14347493030134023,0.8461595791674096,-0.0015549578979884183
0,0,0,XGBoost-R,6,X,0.006745053,0.99222667,1.0307788186886575,0.9143444890563037,0.00027302156053221616
0,0,0,XGBoost-R,6,W1,0.19836036,0.73796308,0.6531905521700128,0.9192683095812271,-0.00622963072188829
0,0,0,XGBoost-R,6,W2,0.454704523,0.405054516,0.12248409398799631,0.8890447798945859,0.0014275233397045284
0,0,0,MLP-R,6,X,0.005012239,0.994969244,1.0349678845329495,0.922051133960017,1.7698405303079312e-06
0,0,0,MLP-R,6,W1,0.194242243,0.805040143,0.642524870559356,0.9254745377289725,-0.0003058053292267271
0,0,0,MLP-R,6,W2,0.436213311,0.562175128,0.15293702128097109,0.9577826096855266,1.1130094239142352e-06
0,0,0,MLR,7,X,0.005247852,0.994658948,0.9880769050336495,1.0044743271095407,1.1898108253360906e-05
0,0,0,MLR,7,W1,0.190979649,0.805628651,0.6266852748347549,1.007152335123434,0.00016390516882334172
0,0,0,MLR,7,W2,0.409286747,0.583444532,0.17571294580495128,1.0252932843754967,0.0
0,0,0,SVR,7,X,0.005219642,0.99468766,0.9940926934935094,1.0036141059235246,6.322307929473858e-06
0,0,0,SVR,7,W1,0.190848948,0.805761673,0.6055939330006281,0.9906442227203325,0.00015414670631324067
0,0,0,SVR,7,W2,0.413800766,0.578850346,0.1424599998011344,0.9978923736053826,-0.00044097324209787516
0,0,0,RF-R,7,X,0.010402376,0.989412884,0.9619503408662317,0.965596407502294,0.0013888604090213307
0,0,0,RF-R,7,W1,0.205175537,0.791180652,0.5850321611509972,0.9382950648433598,0.0062109520933479765
0,0,0,RF-R,7,W2,0.434770436,0.557508266,0.1540367579170249,0.9050625006323832,-0.006324912325598164
0,0,0,XGBoost-R,7,X,0.007144049,0.991590195,0.9868596156799141,0.9981900840631676,0.0006728954902448403
0,0,0,XGBoost-R,7,W1,0.196947604,0.749324664,0.629122887161436,1.0033359130920814,0.02069318896680149
0,0,0,XGBoost-R,7,W2,0.413185321,0.450155245,0.16708760261163608,1.0183138547583048,-0.001394274438824683
0,0,0,MLP-R,7,X,0.005247084,0.99465973,0.9882617147949382,1.0044541528207365,1.1907167919233963e-05
0,0,0,MLP-R,7,W1,0.187800474,0.808864286,0.6273455827315584,1.0044647342975588,0.00041283158389918693
0,0,0,MLP-R,7,W2,0.409594913,0.583130892,0.17381188159978517,1.0246887711976835,-0.0004895436818341925
0,0,0,MLR,8,X,0.004438518,0.995519856,1.0163657051071486,0.954382199193694,0.0
0,0,0,MLR,8,W1,0.220217378,0.777717344,0.606574011773021,1.0074094089148717,0.0
0,0,0,MLR,8,W2,0.42450147,0.5715174,0.16465187901597383,0.9631489528559568,0.0
0,0,0,SVR,8,X,0.004447112,0.995511182,1.018675974977072,0.954063677968751,-7.830240543205136e-06
0,0,0,SVR,8,W1,0.219714215,0.778225225,0.5788752162384219,1.0089565387500394,-0.00017180432878382
0,0,0,SVR,8,W2,0.424106004,0.571916576,0.17594065634087266,0.9611650908169469,0.00027044606758733767
0,0,0,RF-R,8,X,0.008787338,0.991130251,1.007340028389227,0.9192082252275876,-0.0001561645475593787
0,0,0,RF-R,8,W1,0.237149662,0.760626262,0.5647119714014762,0.9389774082552942,0.004250923461211887
0,0,0,RF-R,8,W2,0.437361959,0.558536301,0.14642739503812746,0.9114114446696895,0.009864216878322096
0,0,0,XGBoost-R,8,X,0.005362422,0.992916949,1.016323002591038,0.9500349432305036,5.0293729503170234e-05
0,0,0,XGBoost-R,8,W1,0.228274274,0.734740529,0.5839166973425403,1.062315646826389,0.030123707214919537
0,0,0,XGBoost-R,8,W2,0.421651549,0.48331574,0.14008070331355593,1.0041865012363735,0.051633245519595285
0,0,0,MLP-R,8,X,0.004443864,0.99551446,1.0166942987355565,0.9557039171814976,-5.1505534704121555e-06
0,0,0,MLP-R,8,W1,0.220753958,0.777175731,0.6069529775460032,1.011663435595075,-0.00033393995277697375
0,0,0,MLP-R,8,W2,0.424668879,0.571348422,0.1651559780957756,0.9580222896550741,0.00029783292626167635
0,0,0,MLR,9,X,0.005019867,0.994905697,1.0425878395876875,0.9887813821121927,7.725759214605166e-06
0,0,0,MLR,9,W1,0.197827453,0.799239093,0.6718874673975115,1.0408730567194113,0.0
0,0,0,MLR,9,W2,0.396875098,0.5972399,0.22071318814527352,0.9711381522318936,0.0
0,0,0,SVR,9,X,0.007326671,0.992564687,1.0398380983534476,0.9858751151917394,0.0007550032304367238
0,0,0,SVR,9,W1,0.197025687,0.800052747,0.6395367543692785,1.0443459590374213,5.302011798943296e-05
0,0,0,SVR,9,W2,0.392386643,0.601794911,0.2771957291683374,0.9891338336801996,-0.0001638983544109407
0,0,0,RF-R,9,X,0.00974507,0.990110427,1.0162176730802213,0.9608308404139393,0.0006110508606404497
0,0,0,RF-R,9,W1,0.210778022,0.786096488,0.6444023225981959,0.9934686828797037,0.0020256516570599905
0,0,0,RF-R,9,W2,0.411222905,0.582679338,0.21715270166032868,0.9232019002484527,0.007456586298174106
0,0,0,XGBoost-R,9,X,0.006146436,0.992106294,1.0472741482762853,0.9936308244592068,0.0004067622372686985
0,0,0,XGBoost-R,9,W1,0.200790577,0.725841397,0.6578989136787975,1.01209740720916,-0.011122139101496297
0,0,0,XGBoost-R,9,W2,0.409905128,0.425073655,0.24980980098037614,0.9790399939982976,-0.009456623040600253
0,0,0,MLP-R,9,X,0.005009199,0.994916523,1.0407152320127644,0.9854052442630902,-1.0399381422288024e-05
0,0,0,MLP-R,9,W1,0.196742702,0.800339929,0.660025128559291,1.0419208654779648,-0.0001244682861121338
0,0,0,MLP-R,9,W2,0.391440458,0.602755127,0.2289606486144614,0.9776943376506143,0.0026530773598683168
0,0,0,MLR,10,X,0.004693964,0.995438095,0.9478690055192878,1.0010153954053005,-1.7594366103423908e-05
0,0,0,MLR,10,W1,0.175571699,0.829367799,0.579915653940046,1.0288144363691916,-0.0007687950108512864
0,0,0,MLR,10,W2,0.447661114,0.564933291,0.11909079840871399,0.9889125879276415,-0.0007461710016463674
0,0,0,SVR,10,X,0.004675477,0.995456062,0.9455033870256171,1.0019281720449302,-1.0167039272945821e-05
0,0,0,SVR,10,W1,0.174312199,0.830591864,0.5932720643815012,1.0177255653299124,-0.0001629307528198787
0,0,0,SVR,10,W2,0.447005942,0.56557003,0.12001142718246763,1.0047371784521215,-0.0003142122197791641
0,0,0,RF-R,10,X,0.009555658,0.990713179,0.9256413230347608,0.9653179910370163,-0.0001697128123364311
0,0,0,RF-R,10,W1,0.198331994,0.807247837,0.5363232367710442,0.9489663218282484,-0.0060151931238570655
0,0,0,RF-R,10,W2,0.473493289,0.539827873,0.10513496019870297,0.9209648982296841,0.008124980983971653
0,0,0,XGBoost-R,10,X,0.005678075,0.993523144,0.943351797759707,1.003257124215421,0.00037207505760542545
0,0,0,XGBoost-R,10,W1,0.183544186,0.749255507,0.5706259834820409,1.0095950068756536,-0.013562037150323836
0,0,0,XGBoost-R,10,W2,0.450834459,0.432696905,0.09901259310050617,0.9531644084630813,0.008733383089352486
0,0,0,MLP-R,10,X,0.004684516,0.995447277,0.9478730789081382,1.0009171768774023,-1.487441604639539e-05
0,0,0,MLP-R,10,W1,0.175456429,0.829479825,0.5792752573093009,1.0287922675093264,-0.0007027622521566968
0,0,0,MLP-R,10,W2,0.447648345,0.5649457,0.11907888470229222,0.9889744625762941,-0.0007398683388788796
0,0,1,MLR,1,X,0.002384804,0.997545515,0.1234928606782153,1.9790109083117258,4.897006302506668e-06
0,0,1,MLR,1,W1,0.023628025,0.975681592,0.08101166982875466,1.958985420826919,-1.6587607262552596e-05
0,0,1,MLR,1,W2,0.054948659,0.943445804,0.01998748847157674,1.9056324841844947,0.0
0,0,1,SVR,1,X,0.00278989,0.997128593,0.12914232557433256,1.9915517255266857,-2.1452866831328522e-05
0,0,1,SVR,1,W1,0.027899966,0.971284829,0.07551168474654604,1.9370421345776339,-0.0023010658115955153
0,0,1,SVR,1,W2,0.058821894,0.939459397,0.010547017225911115,1.8979343403921713,-0.0018939764244590984
0,0,1,RF-R,1,X,0.010831108,0.988852419,0.11718143380397147,1.8910231081047022,-0.0024650031604049995
0,0,1,RF-R,1,W1,0.037371016,0.961537046,0.07485511513103851,1.8627649803076654,-0.006311212043816894
0,0,1,RF-R,1,W2,0.06655695,0.931498333,0.022644255955091674,1.8083567581759812,-0.0029814229404142136
0,0,1,XGBoost-R,1,X,0.003051331,0.994984975,0.11979032671897143,1.9870562834007024,7.482921965559219e-05
0,0,1,XGBoost-R,1,W1,0.025163615,0.96680308,0.07871336938453063,1.9740991122519234,1.8624827302682333e-05
0,0,1,XGBoost-R,1,W2,0.056896739,0.925565323,0.018110263548807026,1.9207450066651532,3.080248859496093e-05
0,0,1,MLP-R,1,X,0.002379003,0.997551485,0.12363697660845444,1.9775158450391495,6.6401796941284456e-06
0,0,1,MLP-R,1,W1,0.023627211,0.975682429,0.08099627954112204,1.9589335321880796,-1.6515442930065127e-05
0,0,1,MLP-R,1,W2,0.054993371,0.943399785,0.020100459659756265,1.9015908275408013,-0.00015567092654860114
0,0,1,MLR,2,X,0.002347475,0.997812133,0.11158834663237682,1.8945297299671258,2.779222478554999e-06
0,0,1,MLR,2,W1,0.027417065,0.974447058,0.07044306406796609,1.9170653944096128,5.279161579565539e-05
0,0,1,MLR,2,W2,0.050373656,0.953051317,0.02355486093238095,1.8802090367789313,0.00016762741362794654
0,0,1,SVR,2,X,0.002339985,0.997819114,0.11187897963054368,1.894026933800977,2.41251097059525e-06
0,0,1,SVR,2,W1,0.027320175,0.974537361,0.06793827875473417,1.9204034734788427,6.437920283053344e-05
0,0,1,SVR,2,W2,0.05060295,0.952837613,0.02057877956985251,1.8811534164044403,0.00017899530482492487
0,0,1,RF-R,2,X,0.017615732,0.983581985,0.10477361084904953,1.7952237954083006,0.002894077208871082
0,0,1,RF-R,2,W1,0.045075202,0.957989521,0.06769921579076389,1.827510376207739,0.004632019443628776
0,0,1,RF-R,2,W2,0.072069507,0.932830596,0.018588205239870502,1.7882400065985486,0.004105383672928153
0,0,1,XGBoost-R,2,X,0.012362707,0.985857942,0.10842038803844967,1.8655437977858562,0.0021506856848643287
0,0,1,XGBoost-R,2,W1,0.038314281,0.956012259,0.06696320256120689,1.8952229173241772,0.002644473056235175
0,0,1,XGBoost-R,2,W2,0.063783821,0.929740537,0.020270860929954438,1.8674304358500966,0.002358889877063641
0,0,1,MLP-R,2,X,0.002342249,0.997817003,0.11190883944916026,1.8908809144204735,1.9339406082341527e-06
0,0,1,MLP-R,2,W1,0.027412793,0.97445104,0.07045093881527248,1.9172891038151292,5.648791812468135e-05
0,0,1,MLP-R,2,W2,0.05008978,0.953315891,0.023997384941470336,1.8808576122549536,0.0009460659657140158
0,0,1,MLR,3,X,0.002396664,0.997828571,0.10632675721947953,1.8541193045113626,-1.972170714292787e-06
0,0,1,MLR,3,W1,0.024180633,0.978091823,0.06492242348379498,1.8450933362866704,0.0
0,0,1,MLR,3,W2,0.052421716,0.952504792,0.017783217381280435,1.8700181503597562,0.0
0,0,1,SVR,3,X,0.002392705,0.997832157,0.10656908073213048,1.8541469034191427,-9.588221195899749e-08
0,0,1,SVR,3,W1,0.025476012,0.976918182,0.07869675520402362,1.8489360121992278,-1.3964831917245846e-05
0,0,1,SVR,3,W2,0.054205046,0.950889056,0.010492141436248992,1.8606380397976423,-1.1022506899893703e-05
0,0,1,RF-R,3,X,0.010976959,0.990054638,0.10640527542719232,1.7832222758929723,0.003108540531485615
0,0,1,RF-R,3,W1,0.034560838,0.968687133,0.06855811631674893,1.7731099962036847,0.006925842846547669
0,0,1,RF-R,3,W2,0.067354532,0.938975338,0.017000818968565666,1.7889086310379951,0.0044529513626269225
0,0,1,XGBoost-R,3,X,0.004481192,0.993488437,0.10430550625115362,1.8509229391364042,-0.00019397896672928016
0,0,1,XGBoost-R,3,W1,0.029224675,0.965662548,0.06744087095285904,1.8291738613706172,0.0011274550438855058
0,0,1,XGBoost-R,3,W2,0.057550107,0.934222321,0.01841018305585713,1.8820931321014212,0.0024654805398804268
0,0,1,MLP-R,3,X,0.002394687,0.997830361,0.10632995237482101,1.85386126557079,-9.643980749318714e-07
0,0,1,MLP-R,3,W1,0.024137982,0.978130466,0.0651231202089369,1.8416011053779475,0.000425398719961112
0,0,1,MLP-R,3,W2,0.052572494,0.952368183,0.01777798581869059,1.8694916083470396,-0.00013613898265535385
0,0,1,MLR,4,X,0.002501459,0.997551722,0.11476389123809796,1.9390486498977577,0.0
0,0,1,MLR,4,W1,0.024708375,0.975816924,0.07603692124743738,1.9228682168965285,0.0
0,0,1,MLR,4,W2,0.049689596,0.951366803,0.021522248188525793,1.9031240244128793,2.187198204500751e-05
0,0,1,SVR,4,X,0.002506125,0.997547156,0.11457885572572249,1.9383121129099325,-5.160846873941694e-06
0,0,1,SVR,4,W1,0.026583963,0.973981211,0.05630967845092113,1.911184246140947,-9.448015891271311e-05
0,0,1,SVR,4,W2,0.049429295,0.95162157,0.02386810428423213,1.8982191027189246,-1.1658121242263952e-06
0,0,1,RF-R,4,X,0.012648375,0.987620529,0.10664311945566207,1.835670833033627,0.000730105044886864
0,0,1,RF-R,4,W1,0.038658187,0.962163685,0.0691603136242962,1.8143526472135574,0.0014106120100355612
0,0,1,RF-R,4,W2,0.06340336,0.937944593,0.02299717470791358,1.8081459824598796,0.005955508979546986
0,0,1,XGBoost-R,4,X,0.005094318,0.994629664,0.11162290507847394,1.933855995859511,0.00027420208971046245
0,0,1,XGBoost-R,4,W1,0.028003357,0.966411713,0.07579729089821195,1.9084559625725972,0.00042108948389737446
0,0,1,XGBoost-R,4,W2,0.054096314,0.931947907,0.019839139649865212,1.8932619078094917,-0.002277062409282049
0,0,1,MLP-R,4,X,0.002507206,0.997546097,0.11490303800354729,1.9393454393541198,-4.420742636668251e-06
0,0,1,MLP-R,4,W1,0.024651862,0.975872236,0.07563281037174671,1.9214063364989644,-7.706324156548927e-05
0,0,1,MLP-R,4,W2,0.049432289,0.95161864,0.020145955519636362,1.8996634115587292,0.000455259975562039
0,0,1,MLR,5,X,0.002664912,0.997477611,0.11564541396389823,1.9083059859127278,-4.037054624561609e-06
0,0,1,MLR,5,W1,0.026423154,0.974989993,0.07277670142961223,1.8945623723172562,-1.4788990182712514e-05
0,0,1,MLR,5,W2,0.052326277,0.950472206,0.02061286966375305,1.8649941478498147,-1.4342904505382225e-05
0,0,1,SVR,5,X,0.002658676,0.997483514,0.11527928833987308,1.9086670468956233,2.7003355958399313e-06
0,0,1,SVR,5,W1,0.026786675,0.974645914,0.08001981242514987,1.9028404857175638,-4.0590550278607475e-06
0,0,1,SVR,5,W2,0.053101159,0.949738766,0.01705385869204633,1.8702644550955785,-2.686232335225025e-06
0,0,1,RF-R,5,X,0.010407586,0.990149026,0.10801832903588542,1.8200025702394143,0.0019011047079244392
0,0,1,RF-R,5,W1,0.036384676,0.965561228,0.06870252821380035,1.8082002488401308,0.001393628178227746
0,0,1,RF-R,5,W2,0.067123792,0.936466083,0.018024084460179602,1.7639872219948234,0.0006473491168662137
0,0,1,XGBoost-R,5,X,0.004428808,0.995739052,0.11431148504660449,1.9045238290049677,0.0003074213592185626
0,0,1,XGBoost-R,5,W1,0.030020785,0.963463012,0.06955966914644009,1.8748283166165198,-0.00031208412001166864
0,0,1,XGBoost-R,5,W2,0.056770099,0.930592245,0.01534475948610966,1.8538042186902506,-0.00018381544935898165
0,0,1,MLP-R,5,X,0.002654125,0.997487822,0.11566354873815662,1.9083041350011503,3.8735060824857115e-05
0,0,1,MLP-R,5,W1,0.026422085,0.974991005,0.07278678101104635,1.8944479976065125,-1.4477088580189257e-05
0,0,1,MLP-R,5,W2,0.052286264,0.950510079,0.020729638303704077,1.8662437985913953,-2.2569216109180613e-05
0,0,1,MLR,6,X,0.002689934,0.997324001,0.12023399072765514,1.9163270622236077,0.0
0,0,1,MLR,6,W1,0.024755177,0.975373059,0.0760912493651004,1.9124312804484465,3.4186232253230477e-05
0,0,1,MLR,6,W2,0.048667369,0.951584735,0.023832702018327247,1.9242998920485928,0.0
0,0,1,SVR,6,X,0.002698537,0.997315442,0.11996154289103936,1.914685111409586,-4.653734582904523e-06
0,0,1,SVR,6,W1,0.025690034,0.974443044,0.06426390140363424,1.9092034665753925,1.5967446983999877e-05
0,0,1,SVR,6,W2,0.052009632,0.948259786,0.030173874836759696,1.888930763338547,0.000855998614524367
0,0,1,RF-R,6,X,0.010044182,0.990007848,0.1146748861332831,1.8336211803015963,8.104536200100875e-05
0,0,1,RF-R,6,W1,0.03014815,0.970008021,0.07628229267110949,1.8325835794735,0.0021840787581123623
0,0,1,RF-R,6,W2,0.061436271,0.938881977,0.021292805426316962,1.8296394796052113,0.0008628376979763819
0,0,1,XGBoost-R,6,X,0.00460061,0.994441861,0.1165787227582757,1.9084259943915043,0.00026893594901793437
0,0,1,XGBoost-R,6,W1,0.024542691,0.969790687,0.07823752880922685,1.9016040300646118,0.003177883800218051
0,0,1,XGBoost-R,6,W2,0.049252737,0.931341152,0.019472029296804548,1.8866735397346985,0.0007167487061832345
0,0,1,MLP-R,6,X,0.002702646,0.997311354,0.12024202611528256,1.915634959326218,-5.73779166328503e-06
0,0,1,MLP-R,6,W1,0.024242247,0.975883331,0.07624721961755279,1.9090890740123634,5.369783990882837e-05
0,0,1,MLP-R,6,W2,0.048547711,0.951703773,0.023239958554674967,1.9268228967961822,9.728630742369404e-05
0,0,1,MLR,7,X,0.002306772,0.997909121,0.10156193105221459,1.9354620092426642,-6.144823599951721e-08
0,0,1,MLR,7,W1,0.023419933,0.978771964,0.06184257751621729,1.9215379656946439,6.6750249050007145e-06
0,0,1,MLR,7,W2,0.045979513,0.958323761,0.020354164502186557,1.9101733476120208,0.0
0,0,1,SVR,7,X,0.007193952,0.993479337,0.10097516192098455,1.9012782674195505,-0.0011616005764736536
0,0,1,SVR,7,W1,0.024912726,0.977418883,0.07538731788519079,1.929688754797804,1.2127334232392428e-06
0,0,1,SVR,7,W2,0.046504878,0.957847565,0.019273756974705448,1.9204313051419089,3.0095826730969223e-06
0,0,1,RF-R,7,X,0.017213728,0.984397324,0.09801863408853881,1.8156179137854522,-0.0014434660855424553
0,0,1,RF-R,7,W1,0.042629583,0.961360167,0.05911339273804247,1.7990584136261751,-0.003611400129190245
0,0,1,RF-R,7,W2,0.070373177,0.936213126,0.019121773580721545,1.7736582364458997,-0.0018131714311034552
0,0,1,XGBoost-R,7,X,0.005476679,0.994732549,0.10113025045050865,1.9099710020263103,0.0003347687473193361
0,0,1,XGBoost-R,7,W1,0.02767917,0.967721221,0.06168172428814946,1.896701065170832,-0.0006964757388423393
0,0,1,XGBoost-R,7,W2,0.053249525,0.933215117,0.018597425869455765,1.8698851449715606,-0.0038750065499047357
0,0,1,MLP-R,7,X,0.002306191,0.997909648,0.10164949748134518,1.9353217168685266,2.2339821774686187e-07
0,0,1,MLP-R,7,W1,0.023329396,0.978854028,0.06176173914260906,1.9160040910381881,1.3314404942466052e-05
0,0,1,MLP-R,7,W2,0.045839212,0.958450931,0.020191541202834052,1.9062037378016232,-2.15058736164897e-06
0,0,1,MLR,8,X,0.002386248,0.997236636,0.14573564372388098,1.982603064103062,0.0
0,0,1,MLR,8,W1,0.027522211,0.968128265,0.09009541502598892,1.9599026743912578,0.00010519488879761063
0,0,1,MLR,8,W2,0.054356516,0.937053151,0.024087134385932952,1.9512545727180228,7.191863695528155e-05
0,0,1,SVR,8,X,0.002392947,0.997228879,0.14614067371484113,1.9842851285165626,-4.343260559225292e-06
0,0,1,SVR,8,W1,0.027740468,0.967875516,0.09096520139400757,1.9590543715448856,0.0004576003587971056
0,0,1,SVR,8,W2,0.054285899,0.937134928,0.027600855891245547,1.9645773906252135,3.688532688971291e-05
0,0,1,RF-R,8,X,0.004358744,0.994952414,0.14145731742170226,1.938312208242665,0.0005744820452431743
0,0,1,RF-R,8,W1,0.033829198,0.960824541,0.0862988316725256,1.9157252477954096,0.0008790554383504734
0,0,1,RF-R,8,W2,0.059788301,0.930762944,0.02202864236178833,1.8892654303482872,0.0010038625942612955
0,0,1,XGBoost-R,8,X,0.00319704,0.996300327,0.14482191623338916,1.9863569870857976,0.00048324165895573533
0,0,1,XGBoost-R,8,W1,0.02898553,0.957931938,0.0906649180373797,1.9675489243319624,0.002012665566716887
0,0,1,XGBoost-R,8,W2,0.055982573,0.922099242,0.024052257386015786,1.9696847007803122,0.004648872023287754
0,0,1,MLP-R,8,X,0.002392327,0.997229597,0.14581656697797377,1.9825452612091858,-3.5682275504544948e-06
0,0,1,MLP-R,8,W1,0.027498545,0.968155672,0.0901233277244124,1.962557043348821,0.00013742446113379492
0,0,1,MLP-R,8,W2,0.054091258,0.93736033,0.023759483980232234,1.9509783423251175,0.00022852945657879652
0,0,1,MLR,9,X,0.002295473,0.997594846,0.13039871210692988,1.8610662107695508,2.11795685033378e-06
0,0,1,MLR,9,W1,0.020848738,0.978155079,0.08641346629070826,1.8621876277487963,0.00012940724611592013
0,0,1,MLR,9,W2,0.053116418,0.944345603,0.01848265300410081,1.8914497453845187,6.698835943891313e-05
0,0,1,SVR,9,X,0.00229711,0.997593131,0.1298076945014114,1.8611342960585848,1.6871200175350154e-06
0,0,1,SVR,9,W1,0.021536297,0.977434668,0.10351662251728481,1.857728011660442,0.0001065673359230468
0,0,1,SVR,9,W2,0.053112334,0.944349883,0.019267105638320493,1.8887230841527007,6.105029737817347e-05
0,0,1,RF-R,9,X,0.007273454,0.99237901,0.1313906227799035,1.7946823475254057,-0.0004250707417988497
0,0,1,RF-R,9,W1,0.029807871,0.968767866,0.08875564998732162,1.7913582202905545,0.0012715437125080608
0,0,1,RF-R,9,W2,0.062077266,0.934956593,0.02131257482892428,1.8319173285260675,0.002048543627282773
0,0,1,XGBoost-R,9,X,0.00367713,0.992479886,0.1287853006902619,1.8721044194531415,-3.50748650251087e-05
0,0,1,XGBoost-R,9,W1,0.022650125,0.964400874,0.08497056920780398,1.8596592898663684,-0.0022398325872235005
0,0,1,XGBoost-R,9,W2,0.056292733,0.925951358,0.018212493788121877,1.886433085170016,0.0015283984624615333
0,0,1,MLP-R,9,X,0.002295243,0.997595087,0.13047898534752894,1.860819437146969,1.4149685057418537e-06
0,0,1,MLP-R,9,W1,0.020778661,0.978228505,0.08623666441011872,1.8574061537209534,0.00014872847908571353
0,0,1,MLP-R,9,W2,0.052041417,0.945471969,0.019752280530703638,1.88945045834806,0.0007460766958115705
0,0,1,MLR,10,X,0.002395329,0.997623192,0.11602255910847052,1.8954387318928199,0.0
0,0,1,MLR,10,W1,0.0216915,0.978476215,0.07329900075841088,1.9118618618162955,0.0
0,0,1,MLR,10,W2,0.052442797,0.947962682,0.018482478583376493,1.931779131563196,0.0
0,0,1,SVR,10,X,0.002399213,0.997619337,0.11605029557373955,1.8982407853738912,-7.11521340446275e-07
0,0,1,SVR,10,W1,0.022434847,0.977738616,0.08779524189931558,1.9098378007490684,-5.1028594677715586e-05
0,0,1,SVR,10,W2,0.052751851,0.947656018,0.01734656930121803,1.9309196750219861,-0.00023710605756530612
0,0,1,RF-R,10,X,0.011038314,0.989047032,0.11373223562370667,1.810232620472243,0.0001763922661577988
0,0,1,RF-R,10,W1,0.033516436,0.966742708,0.07009377993390199,1.8334180287492914,-0.00018303053282002767
0,0,1,RF-R,10,W2,0.06834471,0.93218372,0.018638074706982775,1.844891253117201,0.0002970989873316898
0,0,1,XGBoost-R,10,X,0.004597487,0.994953698,0.1148211515785352,1.8814583643117537,0.0008515993534046196
0,0,1,XGBoost-R,10,W1,0.02519009,0.966827308,0.07446934149127334,1.901089219143626,-0.002581218867869062
0,0,1,XGBoost-R,10,W2,0.059390366,0.926364869,0.01848596547293322,1.9189125699466945,4.0800623534831273e-05
0,0,1,MLP-R,10,X,0.00238887,0.9976296,0.11672145841225627,1.8932359469491704,-1.364678626880611e-07
0,0,1,MLP-R,10,W1,0.021830991,0.978337802,0.07316579127363894,1.9222692094303642,-5.975439780689928e-05
0,0,1,MLP-R,10,W2,0.052872868,0.947535936,0.018373516568875203,1.9316789916520254,-0.0002780353215324549
0,0,2,MLR,1,X,0.001951122,0.998063075,0.3771800823900857,1.6206761656790138,0.0
0,0,2,MLR,1,W1,0.074548797,0.925993665,0.2482340745866602,1.6302182158362986,7.579229955103627e-05
0,0,2,MLR,1,W2,0.167814064,0.833407051,0.06169443606502284,1.6777565671510009,0.0
0,0,2,SVR,1,X,0.002348967,0.997668125,0.3781049456786246,1.6183109346996907,0.00016544033241979727
0,0,2,SVR,1,W1,0.074751915,0.925792025,0.2555338804639581,1.6167670055109675,-1.9098404807549317e-05
0,0,2,SVR,1,W2,0.167036602,0.834178856,0.052853645268150305,1.6596604581817853,-3.8893601194356364e-05
0,0,2,RF-R,1,X,0.007074193,0.992977283,0.3742717128245814,1.5635847771229239,0.00019416247872253712
0,0,2,RF-R,1,W1,0.084626056,0.915989734,0.24376644364940722,1.5845828603114742,-0.0010529380521006938
0,0,2,RF-R,1,W2,0.190118503,0.811264913,0.05377943550113022,1.565069450769909,-0.0046928154855654155
0,0,2,XGBoost-R,1,X,0.003171174,0.996575442,0.37998112817362684,1.6165605470216065,-0.00013392916629336726
0,0,2,XGBoost-R,1,W1,0.077256197,0.901859764,0.2532307079691631,1.6414641458160104,-0.0025440713582074227
0,0,2,XGBoost-R,1,W2,0.178726856,0.774773404,0.053012710844437115,1.6680415970003266,-0.0007706068440262003
0,0,2,MLP-R,1,X,0.00194762,0.998066552,0.3771333182507738,1.6207265421393142,1.4726498213546435e-06
0,0,2,MLP-R,1,W1,0.073700303,0.926835984,0.24889937490855277,1.6361665046351963,0.0007762809852479569
0,0,2,MLP-R,1,W2,0.167820929,0.833400237,0.061616379434006906,1.6777486836901943,-1.5141380711558571e-05
0,0,2,MLR,2,X,0.002129047,0.997802242,0.41326357303724404,1.5692699914914308,-9.750479097214715e-06
0,0,2,MLR,2,W1,0.09358062,0.903399262,0.23615365929849447,1.5695533885660429,0.00011968216806016452
0,0,2,MLR,2,W2,0.166887011,0.827727061,0.06796496837381295,1.6417416813736438,5.381392346055502e-05
0,0,2,SVR,2,X,0.002127,0.997804355,0.4133313310096053,1.57052617794551,-3.7489185868766483e-06
0,0,2,SVR,2,W1,0.095822696,0.901084828,0.2018214864966577,1.5751715551657952,0.0012122612818352585
0,0,2,SVR,2,W2,0.166462424,0.828165351,0.05974862331273865,1.6150538133105488,-0.0001036710417265052
0,0,2,RF-R,2,X,0.005389609,0.994436453,0.40827972060475776,1.5318310066481469,0.000263400338260944
0,0,2,RF-R,2,W1,0.105033225,0.891577048,0.23122445289387575,1.5181923530992165,-0.0003018755619641156
0,0,2,RF-R,2,W2,0.180473706,0.813701884,0.07685886194102974,1.5930203030145407,0.0054408162441508924
0,0,2,XGBoost-R,2,X,0.003187842,0.996640836,0.4128212538608792,1.5752077218277778,-0.0002140774087274533
0,0,2,XGBoost-R,2,W1,0.094615032,0.876254728,0.23409170126433185,1.5714797958451574,0.0030066243944158245
0,0,2,XGBoost-R,2,W2,0.173247738,0.772020206,0.06723872283154902,1.679004465051208,-0.00424758476012822
0,0,2,MLP-R,2,X,0.00212778,0.99780355,0.41316054330273183,1.5691251593761752,-9.650944157568731e-06
0,0,2,MLP-R,2,W1,0.093493675,0.903489013,0.23576656709524313,1.5667208053431139,0.00011315931690434323
0,0,2,MLP-R,2,W2,0.166405398,0.828224218,0.06810290296963076,1.620438209955589,0.0005072075535749399
0,0,2,MLR,3,X,0.001951599,0.998115107,0.37269102106723073,1.7707952568691276,4.66938345369261e-06
0,0,2,MLR,3,W1,0.066777618,0.935504844,0.24342330310486057,1.789350614692142,2.953925311973693e-05
0,0,2,MLR,3,W2,0.156700074,0.848655943,0.05989445005272176,1.7181592059999111,0.0
0,0,2,SVR,3,X,0.001945459,0.998121037,0.372064450798416,1.7714006698354723,3.7998361961721904e-06
0,0,2,SVR,3,W1,0.07034075,0.9320635,0.22057940633903,1.76429933379979,0.0014340511317951776
0,0,2,SVR,3,W2,0.157788335,0.847604878,0.07998289582331994,1.732530401297769,-5.46678353066099e-06
0,0,2,RF-R,3,X,0.00904317,0.991265926,0.36039404042573503,1.6896707748571536,0.0008423485729762037
0,0,2,RF-R,3,W1,0.080914098,0.92185155,0.23128653471040045,1.6849950904505597,-0.0016016962680612257
0,0,2,RF-R,3,W2,0.174408022,0.831553253,0.05579632500992811,1.583954920428811,0.004193774410122886
0,0,2,XGBoost-R,3,X,0.003672754,0.995454535,0.3720752284817654,1.7627876778954896,-0.0003649785144151374
0,0,2,XGBoost-R,3,W1,0.069120002,0.911276351,0.24581237202607706,1.7738792991502617,-0.0032461871426777366
0,0,2,XGBoost-R,3,W2,0.165633651,0.798576228,0.058406235821970964,1.7004943123676086,0.001916029538111419
0,0,2,MLP-R,3,X,0.001951473,0.998115229,0.37267379610172413,1.7708016373263529,4.6911658275305966e-06
0,0,2,MLP-R,3,W1,0.066720628,0.935559886,0.24299933678100044,1.7855763085189278,2.4611207342040142e-05
0,0,2,MLP-R,3,W2,0.156333795,0.849009702,0.06059608812474698,1.703737811456725,2.185168283308503e-06
0,0,2,MLR,4,X,0.001916429,0.998145844,0.36823828157110494,1.6100571345076689,0.0
0,0,2,MLR,4,W1,0.070125916,0.932152779,0.2305462439283374,1.645101642712174,5.671026216547137e-06
0,0,2,MLR,4,W2,0.158320174,0.846824334,0.06092856015555813,1.651866023926112,0.00031469232529891534
0,0,2,SVR,4,X,0.001925114,0.998137441,0.3676602448511011,1.6099569145298314,-2.1009650507330947e-06
0,0,2,SVR,4,W1,0.070714134,0.931583674,0.22044543338821362,1.6358028451807598,-2.6175348787349507e-07
0,0,2,SVR,4,W2,0.158520418,0.846630597,0.06000078396582444,1.6281617143759664,0.00024164492097621392
0,0,2,RF-R,4,X,0.012210921,0.988185864,0.36150771409218574,1.5245228506869166,0.00039690045968376886
0,0,2,RF-R,4,W1,0.090840028,0.912111757,0.2202411262122303,1.5413397736183216,0.002341961807415449
0,0,2,RF-R,4,W2,0.186867641,0.819204498,0.060315240581169584,1.5040031735989494,0.0009214891451583606
0,0,2,XGBoost-R,4,X,0.005031146,0.996136953,0.3695906488960238,1.593471232687572,0.0004902276952461815
0,0,2,XGBoost-R,4,W1,0.077725411,0.892693652,0.2262288340572288,1.6119719493418523,-0.0026488338311395744
0,0,2,XGBoost-R,4,W2,0.175480099,0.777173974,0.05188684029319098,1.618922965778626,-0.009905438518407094
0,0,2,MLP-R,4,X,0.001916993,0.998145299,0.36816528257786263,1.6110120781174608,-1.134176393469133e-06
0,0,2,MLP-R,4,W1,0.070123993,0.932154639,0.23056644513912544,1.6452512111003865,5.748096069313479e-06
0,0,2,MLP-R,4,W2,0.158200312,0.846940301,0.0608875403094926,1.650064269600097,0.00041443377481577005
0,0,2,MLR,5,X,0.002140123,0.998038035,0.379312725242594,1.5836044832677953,0.0
0,0,2,MLR,5,W1,0.078404827,0.928122091,0.23929296698926028,1.587487905426579,0.000256938152681796
0,0,2,MLR,5,W2,0.188937965,0.826790435,0.04712677015403771,1.5589455036975584,-0.0002947149499570867
0,0,2,SVR,5,X,0.005963741,0.994532719,0.33888464084406206,1.5258423975843989,-3.5777240617729246e-05
0,0,2,SVR,5,W1,0.08032644,0.926360445,0.21354291694051689,1.5947379466726874,4.361922056910217e-05
0,0,2,SVR,5,W2,0.188072765,0.827583611,0.04178036364816963,1.575447604412115,-9.528413482323694e-05
0,0,2,RF-R,5,X,0.01839913,0.983132531,0.37639033078132095,1.5015036710651746,-0.003159280320997082
0,0,2,RF-R,5,W1,0.111936421,0.89738188,0.22500166685949985,1.4692571919020248,-0.004677083647442881
0,0,2,RF-R,5,W2,0.218712355,0.799494655,0.05256403341527703,1.4688305350242445,0.0021205376004302945
0,0,2,XGBoost-R,5,X,0.005160837,0.991661015,0.38204385306079847,1.578858914105732,-0.002191693356445379
0,0,2,XGBoost-R,5,W1,0.089709087,0.877510426,0.23206760007016572,1.5516749332931368,-0.011296710732091864
0,0,2,XGBoost-R,5,W2,0.199807388,0.751148728,0.038618471127323736,1.5366669962395372,-0.0018735774410621464
0,0,2,MLP-R,5,X,0.002146321,0.998032353,0.379367491744969,1.5839134018745298,-2.295807060337385e-06
0,0,2,MLP-R,5,W1,0.078401615,0.928125035,0.2393046221018981,1.587601634742254,0.0002603233768733837
0,0,2,MLP-R,5,W2,0.188481101,0.827209268,0.0472422955480199,1.5444553609568086,-0.00017681325550421566
0,0,2,MLR,6,X,0.002064075,0.99802843,0.35902190560408875,1.5984150783215711,-2.0790094577893824e-06
0,0,2,MLR,6,W1,0.087422973,0.916495037,0.21987537767910195,1.61702152575713,0.0
0,0,2,MLR,6,W2,0.158231923,0.848859511,0.06864537145551032,1.6361431007731941,0.0
0,0,2,SVR,6,X,0.004114826,0.996069587,0.353785143391224,1.5663891018182192,0.0010832637219615915
0,0,2,SVR,6,W1,0.087474022,0.916446276,0.22329251796949406,1.6180361863745876,0.00014498372939624192
0,0,2,SVR,6,W2,0.158041582,0.849041322,0.0731325061755394,1.6392654072836348,-8.315115172830012e-06
0,0,2,RF-R,6,X,0.00882311,0.991572313,0.34975455524799814,1.5281238658201728,0.0002510665271524437
0,0,2,RF-R,6,W1,0.096205304,0.908106301,0.22336202560806742,1.5572702030779486,0.011437488834842769
0,0,2,RF-R,6,W2,0.178978131,0.82904308,0.06422810685817547,1.5663992700686165,0.004176027827335116
0,0,2,XGBoost-R,6,X,0.003501798,0.995310714,0.3550281444427078,1.6009831401870003,0.0009775502922310998
0,0,2,XGBoost-R,6,W1,0.090553664,0.892720115,0.22045657726180706,1.6420072693218284,0.0061120440529031424
0,0,2,XGBoost-R,6,W2,0.164965072,0.812628416,0.06638297656293846,1.6450010897728753,0.009003065362074325
0,0,2,MLP-R,6,X,0.002055335,0.998036778,0.35841073190739925,1.5946847681902871,1.5194487862224549e-05
0,0,2,MLP-R,6,W1,0.086814416,0.91707632,0.22058800751158264,1.6163628240887171,0.0006027037716499039
0,0,2,MLP-R,6,W2,0.1577987,0.849273318,0.06818346323867905,1.6313665700491438,9.987755159494017e-05
0,0,2,MLR,7,X,0.001936261,0.998164001,0.36959509198985135,1.52760716507665,0.0
0,0,2,MLR,7,W1,0.06391235,0.939397132,0.235855182604237,1.5198785696041106,0.0
0,0,2,MLR,7,W2,0.16251761,0.845897808,0.05446285748523459,1.553801918427925,0.0
0,0,2,SVR,7,X,0.001933822,0.998166314,0.3696641254898839,1.5291458314574369,-1.8535719098267122e-06
0,0,2,SVR,7,W1,0.068776337,0.93478501,0.25830746922297,1.4887089887852007,0.0025476989371769456
0,0,2,SVR,7,W2,0.161529704,0.846834558,0.06508590755012192,1.55590271900549,-0.0003104880987547909
0,0,2,RF-R,7,X,0.015630437,0.985178932,0.3637355348045716,1.4379979967400311,-0.0028400914453053593
0,0,2,RF-R,7,W1,0.085487336,0.918939333,0.23302771215083387,1.4263855383102708,0.00038314186786803095
0,0,2,RF-R,7,W2,0.201008764,0.809399786,0.054270735615150875,1.4383905267420132,-0.008603152527113878
0,0,2,XGBoost-R,7,X,0.004273725,0.994861005,0.3649158397458781,1.5312007070117866,0.0006472418461879071
0,0,2,XGBoost-R,7,W1,0.070481837,0.91124908,0.24048080331099256,1.512545931045187,0.0014111102563889478
0,0,2,XGBoost-R,7,W2,0.176306986,0.780931724,0.053309403743363515,1.5409998543942112,-0.0027265299995890557
0,0,2,MLP-R,7,X,0.001937555,0.998162775,0.3697874771076571,1.5282711930158401,-4.2045156611769665e-06
0,0,2,MLP-R,7,W1,0.063643946,0.939651638,0.23775741543931167,1.5235260097523973,0.00014439569889117542
0,0,2,MLP-R,7,W2,0.163496468,0.844969637,0.05476690516581867,1.553389985114169,-0.0009114986143459846
0,0,2,MLR,8,X,0.001854686,0.998210271,0.38479539456345,1.5426153960995808,-4.662067669314318e-06
0,0,2,MLR,8,W1,0.066241698,0.936078317,0.25219969797856895,1.5186912899673177,0.0002706634440510447
0,0,2,MLR,8,W2,0.157049343,0.84845107,0.07385858780185182,1.5685914704105355,1.1471423863818054e-06
0,0,2,SVR,8,X,0.001849818,0.998214969,0.38442536404006616,1.541547503188101,-1.8089397690101982e-06
0,0,2,SVR,8,W1,0.066750122,0.9355877,0.2679621538234675,1.5242437046302895,0.00010368301671630498
0,0,2,SVR,8,W2,0.156592892,0.848891535,0.08922141380709345,1.5682782894375635,3.4493619706643663e-06
0,0,2,RF-R,8,X,0.00752795,0.992735705,0.37343351993193924,1.4861575858146319,0.0002971568490810372
0,0,2,RF-R,8,W1,0.079132432,0.923639061,0.23898998501612687,1.444026233836495,0.001079382024561093
0,0,2,RF-R,8,W2,0.182161086,0.824218828,0.06388417185234233,1.4838593444748276,0.002294468498735336
0,0,2,XGBoost-R,8,X,0.00382064,0.995469295,0.38433805449398506,1.5427351361261745,-8.385589927186742e-05
0,0,2,XGBoost-R,8,W1,0.072166712,0.901201745,0.24939045099430293,1.5132165189234437,-0.00380155334865353
0,0,2,XGBoost-R,8,W2,0.16678061,0.792563728,0.06603161944512179,1.5987036632783607,0.013648908456200648
0,0,2,MLP-R,8,X,0.001803517,0.998259648,0.384634837937309,1.5422011596437657,3.693010670858809e-05
0,0,2,MLP-R,8,W1,0.066225702,0.936093752,0.25062077951078376,1.5177121756373515,0.0003025338110883236
0,0,2,MLP-R,8,W2,0.156887998,0.848606765,0.07269284255578963,1.5630586447539137,3.6033408994196046e-05
0,0,2,MLR,9,X,0.002057263,0.997988014,0.40369917683446477,1.4579859497281957,0.0
0,0,2,MLR,9,W1,0.049965335,0.951134316,0.28070240040224037,1.4694901747301958,-0.00011544464833770362
0,0,2,MLR,9,W2,0.187344253,0.816778875,0.053178693112496477,1.5084681757200082,-0.0007614620143536644
0,0,2,SVR,9,X,0.002055644,0.997989597,0.40388860138304744,1.458163073289089,1.21371261718739e-07
0,0,2,SVR,9,W1,0.049208322,0.951874669,0.2872762871586125,1.4719595076737528,-3.804799239967016e-05
0,0,2,SVR,9,W2,0.186391125,0.817711026,0.03884350918706073,1.515254350691237,-0.00016593425369539893
0,0,2,RF-R,9,X,0.011685174,0.988571997,0.3896775415086152,1.3887255364857416,-5.9747984183911027e-05
0,0,2,RF-R,9,W1,0.075628964,0.9260355,0.2655100746622375,1.370264576147699,-0.0010664239782480433
0,0,2,RF-R,9,W2,0.216349835,0.788411656,0.05066845921336778,1.420984400033928,-8.551190419403554e-05
0,0,2,XGBoost-R,9,X,0.003271164,0.996872851,0.4038199876609269,1.45184426096128,0.0002847875103875852
0,0,2,XGBoost-R,9,W1,0.053885798,0.920053652,0.277107718502114,1.4111711554189197,-0.0025526858196871062
0,0,2,XGBoost-R,9,W2,0.198397753,0.755290022,0.05059427489662997,1.4707269104612455,-0.0031945209061607248
0,0,2,MLP-R,9,X,0.002056251,0.997989003,0.40380172825542127,1.4581384746861368,1.3926808961617354e-07
0,0,2,MLP-R,9,W1,0.049599992,0.95149162,0.28325091578837275,1.4628223187809613,0.0007023927165785149
0,0,2,MLP-R,9,W2,0.187341219,0.816781841,0.05318545679608232,1.5084749616535664,-0.0007590294238129958
0,0,2,MLR,10,X,0.002167025,0.997833311,0.41606855729493697,1.6508103734128796,0.0
0,0,2,MLR,10,W1,0.071248424,0.928762643,0.2788460022843431,1.6489920966059082,0.0
0,0,2,MLR,10,W2,0.185619737,0.814409095,0.06707665376668137,1.6069356171938836,0.00022761975039211623
0,0,2,SVR,10,X,0.002453125,0.997547256,0.4143671724927859,1.6416787386542449,0.0009246582263787051
0,0,2,SVR,10,W1,0.071165416,0.928845638,0.2783019159925468,1.6540058745902677,3.304820483196469e-05
0,0,2,SVR,10,W2,0.185050587,0.814978157,0.05863503253448817,1.6230792121657072,3.217910153416881e-05
0,0,2,RF-R,10,X,0.006095909,0.993905038,0.4031932393049721,1.5925469338010259,0.0013699905009195712
0,0,2,RF-R,10,W1,0.079291847,0.920720469,0.2652171066920995,1.608763799524512,0.004972905275521
0,0,2,RF-R,10,W2,0.196752486,0.803278075,0.06741769472124938,1.5012759409634515,0.004340255878960486
0,0,2,XGBoost-R,10,X,0.003115768,0.996407095,0.4152943814019108,1.6486189117626089,-7.642585171705463e-05
0,0,2,XGBoost-R,10,W1,0.072766103,0.906477074,0.275715666407044,1.6757020268019922,0.007253612137045962
0,0,2,XGBoost-R,10,W2,0.186510471,0.760690724,0.06735114829928548,1.6228728925555145,-0.0026612744262239584
0,0,2,MLP-R,10,X,0.002170992,0.997829345,0.41609246632016605,1.6505102077687546,-5.500493327159628e-06
0,0,2,MLP-R,10,W1,0.071256386,0.928754682,0.2785239467632545,1.6540854316802478,0.0001481188391194488
0,0,2,MLP-R,10,W2,0.185619084,0.814409747,0.06707380029285255,1.6069170215114803,0.0002279780790782282
0,1,0,MLR,1,X,0.00452308,0.995526623,1.0035969021841944,1.000167768850879,1.2074564512687402e-07
0,1,0,MLR,1,W1,0.227421823,0.77507722,0.6332612234706825,1.0064279609736968,0.0
0,1,0,MLR,1,W2,0.406627386,0.597840873,0.1782084409298746,1.0107497259519682,-0.00013218671694343876
0,1,0,SVR,1,X,0.005968714,0.994096874,1.0030129387729196,1.0038931321661624,-0.0002405774032160246
0,1,0,SVR,1,W1,0.225250487,0.777224696,0.6074818954455987,0.9993218489157926,-0.0003163260482927921
0,1,0,SVR,1,W2,0.40385913,0.600578709,0.1814044773566575,1.0019001243974544,-5.291175693282746e-05
0,1,0,RF-R,1,X,0.009035569,0.991063719,0.982083679818302,0.9691331292279101,2.235023662692237e-05
0,1,0,RF-R,1,W1,0.24446507,0.758221255,0.5940077055358992,0.9018838244582768,-0.0036913206611873584
0,1,0,RF-R,1,W2,0.423316986,0.581334668,0.1736601563643298,0.9324246564935488,0.0028305046244311294
0,1,0,XGBoost-R,1,X,0.005470309,0.993238659,1.002979206772693,1.0015330528722324,-0.0002718052292838946
0,1,0,XGBoost-R,1,W1,0.232547035,0.697641491,0.6128564528232495,1.0516154238765396,0.003956360068091369
0,1,0,XGBoost-R,1,W2,0.413806624,0.460500178,0.19766903154899182,1.0486183935987685,-0.0028628838480337484
0,1,0,MLP-R,1,X,0.004495458,0.99555394,1.0036519759228806,0.9998417398302768,4.458431803352481e-05
0,1,0,MLP-R,1,W1,0.22726818,0.775229176,0.6318438950482645,1.0016450243520796,-0.00016762811236915588
0,1,0,MLP-R,1,W2,0.406157173,0.598305919,0.17765701294531092,1.0118449591730747,-0.00015867392668393875
0,1,0,MLR,2,X,0.005294289,0.994907963,0.973615617890918,0.9995336716539642,0.0
0,1,0,MLR,2,W1,0.166575157,0.839788338,0.6434176985767293,0.9720627182777191,0.0
0,1,0,MLR,2,W2,0.423988825,0.592208371,0.15723571545781825,0.9718570234491984,0.0
0,1,0,SVR,2,X,0.006033793,0.994196709,0.9727134116197073,1.0008666832404038,0.0004786046185706105
0,1,0,SVR,2,W1,0.171943876,0.834624713,0.6616960582474977,0.9628845140782973,-0.0011973911275201977
0,1,0,SVR,2,W2,0.422342311,0.593791985,0.17917519128648124,0.968956956780899,-0.0009131689955246714
0,1,0,RF-R,2,X,0.011806709,0.98864433,0.9520623147320212,0.9671006899884071,-0.0017016198776241165
0,1,0,RF-R,2,W1,0.19231511,0.815031701,0.6056508192799749,0.9442380721616053,-0.003002255051036351
0,1,0,RF-R,2,W2,0.45923953,0.558304311,0.1353530784228302,0.8653502290352553,-0.009337989413345672
0,1,0,XGBoost-R,2,X,0.00633421,0.992742966,0.9727278051806614,1.0053920108165062,-0.00015025349560977564
0,1,0,XGBoost-R,2,W1,0.177919874,0.769479254,0.6279284196272388,0.9747800317588574,-0.0005950905692926889
0,1,0,XGBoost-R,2,W2,0.436279424,0.423363826,0.14093418630957194,0.9928462590696888,-0.034399579501264224
0,1,0,MLP-R,2,X,0.005261727,0.994939281,0.9688312170652665,0.9956590228985511,4.8154389704013756e-05
0,1,0,MLP-R,2,W1,0.166321869,0.840031949,0.6408081811480666,0.9614756106113334,1.6757334050310212e-05
0,1,0,MLP-R,2,W2,0.423443416,0.592732944,0.15978682489008095,0.9889111582948914,-0.0007949359733189331
0,1,0,MLR,3,X,0.004901766,0.995408932,0.9312143127015858,1.050595752397447,5.1577642264266645e-06
0,1,0,MLR,3,W1,0.2034349,0.809459813,0.5720514187718374,1.0038934357251408,0.0
0,1,0,MLR,3,W2,0.419046123,0.607515097,0.1562214947567769,1.046904152500096,0.0016396944810455837
0,1,0,SVR,3,X,0.004855017,0.995452718,0.9161908960045071,1.0570419457360782,9.537267110353298e-05
0,1,0,SVR,3,W1,0.203493679,0.809404759,0.5449277783744149,1.0186387660174392,-0.00011386739352838848
0,1,0,SVR,3,W2,0.420909757,0.605769589,0.16845459166782367,1.0753095903022927,0.00039009667027214425
0,1,0,RF-R,3,X,0.010896437,0.989794233,0.9102852499786295,1.0062052587527248,5.636793401472273e-05
0,1,0,RF-R,3,W1,0.221215638,0.792806106,0.5467595408092213,0.9445986658571741,0.007739580513365529
0,1,0,RF-R,3,W2,0.456543893,0.572394121,0.14564910614736898,0.9605386298074354,-0.003992326165858195
0,1,0,XGBoost-R,3,X,0.00661135,0.992521595,0.930381043234893,1.0447794668686907,-0.00023035636903917522
0,1,0,XGBoost-R,3,W1,0.210781053,0.736588337,0.5869490549064595,0.9834652466587321,0.017101316136331292
0,1,0,XGBoost-R,3,W2,0.450068102,0.430949086,0.1390794921113852,0.981045253606202,-0.017552673549193664
0,1,0,MLP-R,3,X,0.00483137,0.995474866,0.9262227305172168,1.0537589814254298,5.882458690702475e-05
0,1,0,MLP-R,3,W1,0.203705643,0.80920623,0.5592690274916283,1.005684270949607,-0.0003513373949260767
0,1,0,MLP-R,3,W2,0.418107211,0.608394496,0.1522053495076007,1.0907513968683675,0.0020256730495865293
0,1,0,MLR,4,X,0.0050019,0.995056948,0.9932009889120434,1.0154621769103382,0.0
0,1,0,MLR,4,W1,0.14877713,0.852973245,0.7005410191668096,1.0442640741798113,-0.00019111746610012137
0,1,0,MLR,4,W2,0.403589611,0.601158653,0.1872359896173701,0.9965992217154721,0.0007337667388672808
0,1,0,SVR,4,X,0.005890258,0.994179041,0.9925171213716446,1.0136711316433682,0.0009720587994973661
0,1,0,SVR,4,W1,0.148465603,0.853281107,0.7026814571520105,1.031893558083659,-5.317953468033654e-05
0,1,0,SVR,4,W2,0.403896082,0.600855789,0.19714440624152293,1.0006692527227659,0.0002959282660673357
0,1,0,RF-R,4,X,0.009162356,0.99094544,0.9706684305303359,0.9775734138044951,0.001144568094223941
0,1,0,RF-R,4,W1,0.161064912,0.840830029,0.6750216319783133,0.9760491971616467,0.006477327693241641
0,1,0,RF-R,4,W2,0.421393189,0.583564536,0.17446674782461644,0.918748979351599,0.009506683933023596
0,1,0,XGBoost-R,4,X,0.006340107,0.992658084,0.9908527382593771,1.0212629204059755,-0.0006469346717720259
0,1,0,XGBoost-R,4,W1,0.152117466,0.796174276,0.7020681877303293,1.046456653230623,0.0027432465735670376
0,1,0,XGBoost-R,4,W2,0.408174469,0.459323837,0.17482789641424964,1.0081412038174875,-0.01091329566743383
0,1,0,MLP-R,4,X,0.005003848,0.995055023,0.9932619217115558,1.015642257063953,-4.901304728588407e-06
0,1,0,MLP-R,4,W1,0.14559445,0.85611848,0.696860852173341,1.0467129522292857,0.0007206788709149148
0,1,0,MLP-R,4,W2,0.403076725,0.601665505,0.18765443570477855,0.990780260283557,0.0007834651671508209
0,1,0,MLR,5,X,0.004893329,0.995380151,0.926516151581057,0.9283156251545573,9.34947083238713e-06
0,1,0,MLR,5,W1,0.180724337,0.829376025,0.5680549260272343,0.9535451064294737,5.0005122844221096e-05
0,1,0,MLR,5,W2,0.432061125,0.592086003,0.1312941602235029,0.9637036650227204,3.981007588785834e-05
0,1,0,SVR,5,X,0.004864744,0.995407138,0.9225205495765462,0.9253181441545806,3.837756861035935e-05
0,1,0,SVR,5,W1,0.17988587,0.830167632,0.5883630590112358,0.9576821117500968,7.621027102310274e-05
0,1,0,SVR,5,W2,0.430967617,0.593118397,0.12316609401370959,0.9732664955860683,0.00016560374359699814
0,1,0,RF-R,5,X,0.009471183,0.991058145,0.9041797353220449,0.8966020149374871,-0.0002317053171563721
0,1,0,RF-R,5,W1,0.206890301,0.80467243,0.5378618174694163,0.8975323908239673,0.0033207200713724406
0,1,0,RF-R,5,W2,0.464824943,0.561153297,0.12330503034243293,0.8707422741418236,0.002152575881873886
0,1,0,XGBoost-R,5,X,0.005642059,0.993999744,0.9218662098069398,0.9287823224854541,0.0005029248202662485
0,1,0,XGBoost-R,5,W1,0.187757977,0.740991915,0.5528580393559069,0.9220510389575857,-0.00671418365881783
0,1,0,XGBoost-R,5,W2,0.442957391,0.477227197,0.12946500623165572,0.9515761517402106,0.010153805248548897
0,1,0,MLP-R,5,X,0.004891403,0.995381969,0.9264465433223907,0.9282422693442804,1.0505148776518425e-05
0,1,0,MLP-R,5,W1,0.180465016,0.829620853,0.5681746855934142,0.9549505624404997,0.00017471537266623428
0,1,0,MLP-R,5,W2,0.432060547,0.592086549,0.13130266659528605,0.9637057645252177,4.077876465891084e-05
0,1,0,MLR,6,X,0.005293254,0.994474977,1.0039246151740955,0.9397089267449676,1.8892444537610408e-05
0,1,0,MLR,6,W1,0.190402134,0.801260973,0.6263029664137949,0.9616656122491897,0.0
0,1,0,MLR,6,W2,0.432855279,0.548191845,0.17369927617913125,0.9722214420157596,0.0
0,1,0,SVR,6,X,0.005293476,0.994474746,1.001771381797756,0.939338421398265,1.2536910097216136e-05
0,1,0,SVR,6,W1,0.190139204,0.801535416,0.6246998699423123,0.9243300592866355,0.0031299137608396753
0,1,0,SVR,6,W2,0.427918076,0.553345227,0.14861662272909962,0.9364352362528615,0.005471549480344495
0,1,0,RF-R,6,X,0.00923349,0.990362215,0.9714744732418801,0.8974304373457758,0.0011153262933990215
0,1,0,RF-R,6,W1,0.198229914,0.793090448,0.625279653002389,0.9073045191129259,0.021883026284039285
0,1,0,RF-R,6,W2,0.432478179,0.548585456,0.16596420356323233,0.9027859850815313,0.009223338083820897
0,1,0,XGBoost-R,6,X,0.006461686,0.992097151,1.0055674601543534,0.9330379462199009,0.0009820076752198648
0,1,0,XGBoost-R,6,W1,0.198566826,0.71787566,0.6361468760797939,0.9446854832413291,7.945005780305437e-05
0,1,0,XGBoost-R,6,W2,0.435234442,0.396272052,0.2002315277847054,0.9256083742516068,0.014016045561515755
0,1,0,MLP-R,6,X,0.005273259,0.994495848,1.0034632940275414,0.9383737165426027,5.2834279424163186e-05
0,1,0,MLP-R,6,W1,0.189463079,0.802241145,0.6245325385677727,0.9538700896049758,0.012992998846475002
0,1,0,MLP-R,6,W2,0.421510194,0.560033683,0.18226665471626688,0.9682564387482634,0.0009374738104552027
0,1,0,MLR,7,X,0.004340634,0.99562158,1.0373926730835428,0.9986178444080205,0.0
0,1,0,MLR,7,W1,0.274434467,0.723176563,0.581584065915745,0.9419789052030504,-0.0025583051638856545
0,1,0,MLR,7,W2,0.429704775,0.566554616,0.19236895718659056,0.9481271704451494,0.0014082502550646248
0,1,0,SVR,7,X,0.004334929,0.995627336,1.0383964560994148,0.9979449133131139,4.830206339700993e-06
0,1,0,SVR,7,W1,0.270201487,0.727446391,0.49076839703641806,0.9451228645868138,-0.001031267683655368
0,1,0,SVR,7,W2,0.429883601,0.566374233,0.17026783208770416,0.9536895920453299,0.0008318831005104665
0,1,0,RF-R,7,X,0.007761216,0.992171222,1.0234724314178127,0.9714404309643958,0.0006306713151718046
0,1,0,RF-R,7,W1,0.287777699,0.709717177,0.5336844983749796,0.8508009253038302,-0.002180504838105113
0,1,0,RF-R,7,W2,0.451699821,0.544368102,0.18856931342394195,0.8869966762444534,0.006891814483226266
0,1,0,XGBoost-R,7,X,0.005105805,0.994047245,1.0340976642639883,0.999406082744844,0.00040998713925194386
0,1,0,XGBoost-R,7,W1,0.28014977,0.636483514,0.5768355003432675,0.8932512795577423,-0.004505870678055124
0,1,0,XGBoost-R,7,W2,0.439003209,0.432358446,0.21086078380778028,0.9341044005618956,-0.002237273303948495
0,1,0,MLP-R,7,X,0.00434335,0.995618841,1.0372637121692425,0.9994368661927183,5.496184784503644e-06
0,1,0,MLP-R,7,W1,0.269178674,0.728478108,0.5690160099777045,0.9036340134768217,-0.0005385865862035267
0,1,0,MLP-R,7,W2,0.429698566,0.566560879,0.19234312968493156,0.9481088492116754,0.0014090372701803689
0,1,0,MLR,8,X,0.004267578,0.995765047,0.9769829546328218,0.9042621094036051,-1.1112524969103533e-07
0,1,0,MLR,8,W1,0.201591463,0.799949704,0.5918281710444686,0.9151530257986649,0.0002911266191537587
0,1,0,MLR,8,W2,0.427736889,0.57553316,0.17285603378910008,0.9031948875679312,-0.0005197622956971016
0,1,0,SVR,8,X,0.004262733,0.995769856,0.9825447083892573,0.8997553356060377,1.2775885126936614e-06
0,1,0,SVR,8,W1,0.20168486,0.799857021,0.58246770106876,0.9177451540650015,7.419732589253325e-06
0,1,0,SVR,8,W2,0.430069367,0.573218515,0.15325284155192484,0.882488055807175,-0.0024995000546500614
0,1,0,RF-R,8,X,0.006006368,0.99403955,0.9655632496815748,0.8821590083046559,0.0004076526874362774
0,1,0,RF-R,8,W1,0.211653676,0.789964417,0.5630563141608013,0.8323878863919034,0.00012833969337565642
0,1,0,RF-R,8,W2,0.451886669,0.551568006,0.15510196635896606,0.8241526498180228,-0.006894564229889988
0,1,0,XGBoost-R,8,X,0.005077948,0.993852696,0.9800915874328776,0.9078215582940017,0.00032602607551498466
0,1,0,XGBoost-R,8,W1,0.206220543,0.733924615,0.6123286351273209,0.9030090561671755,-0.005591320253313348
0,1,0,XGBoost-R,8,W2,0.441650567,0.408170325,0.13939456875501893,0.8537526844817684,-0.03690453631390578
0,1,0,MLP-R,8,X,0.00426754,0.995765085,0.9769891967878918,0.9042573835040093,-1.1080396510321222e-07
0,1,0,MLP-R,8,W1,0.201582859,0.799958243,0.5927633946250136,0.9174999054800775,0.00030648835515795225
0,1,0,MLP-R,8,W2,0.426343886,0.576915514,0.17340406499674174,0.9088516183562619,0.002022598815455923
0,1,0,MLR,9,X,0.005431559,0.994266659,1.0472925955317571,0.9613931214432971,1.153021236874885e-05
0,1,0,MLR,9,W1,0.209403168,0.778962248,0.643687719768425,0.9539243447441871,0.0
0,1,0,MLR,9,W2,0.395067642,0.582982129,0.19296415441343642,0.9630801843887096,0.0
0,1,0,SVR,9,X,0.005429421,0.994268916,1.0477864487102844,0.9625511063220593,1.472078582572811e-05
0,1,0,SVR,9,W1,0.209461947,0.778900204,0.5866274923338727,0.9574932941460794,-0.00029451293182582996
0,1,0,SVR,9,W2,0.391926578,0.586297713,0.23849767760385512,0.9438076024054911,0.003841987794973567
0,1,0,RF-R,9,X,0.008955448,0.990546981,1.022252424840829,0.9190779140359334,0.0007251919292580622
0,1,0,RF-R,9,W1,0.220567739,0.767177366,0.6073103999992672,0.8786827301405082,-0.0018264665861809858
0,1,0,RF-R,9,W2,0.416421684,0.560441642,0.1805933102784901,0.8941477940231003,-0.0035297179397913215
0,1,0,XGBoost-R,9,X,0.005801719,0.992414543,1.0479014361489205,0.9615376121800404,-0.00015697982387390396
0,1,0,XGBoost-R,9,W1,0.216106812,0.696180788,0.6290762966473362,0.9429679294277274,-0.019730343618700175
0,1,0,XGBoost-R,9,W2,0.398460949,0.40523137,0.18082102806602637,0.9522190464452128,-0.018647708573394862
0,1,0,MLP-R,9,X,0.005406183,0.994293446,1.0422312382965047,0.9628664979812184,1.7234519010922433e-05
0,1,0,MLP-R,9,W1,0.210472476,0.777833529,0.6451288935949144,0.955155567574856,-0.000831785598870416
0,1,0,MLP-R,9,W2,0.39408065,0.584023959,0.1964360632977472,0.9727572931629819,0.0015580291836435277
0,1,0,MLR,10,X,0.004984376,0.99523115,0.9121547060349169,0.9247802553429352,1.2231393478057129e-06
0,1,0,MLR,10,W1,0.165253762,0.841891849,0.5912180214026711,0.93781335710588,0.0
0,1,0,MLR,10,W2,0.413489474,0.604389906,0.13843120341923512,0.9738427192116909,-0.00015239562732070056
0,1,0,SVR,10,X,0.004969986,0.995244918,0.9101437645035579,0.9245351821317669,2.501170938715713e-05
0,1,0,SVR,10,W1,0.167736212,0.83951674,0.5621269106510948,0.9450236787184906,-0.0003257588885716478
0,1,0,SVR,10,W2,0.414199638,0.603710451,0.13606200630596582,0.971202663505317,-5.0561531270121306e-05
0,1,0,RF-R,10,X,0.011203904,0.989280556,0.8826768209922313,0.8844874123882634,8.716432773409055e-05
0,1,0,RF-R,10,W1,0.19003259,0.818184464,0.5556407795558853,0.8792667195369874,-0.0024242423456202534
0,1,0,RF-R,10,W2,0.434713648,0.584083471,0.12376837138990597,0.9086600353081451,0.006133967722589584
0,1,0,XGBoost-R,10,X,0.006728374,0.992654852,0.9100221497390335,0.9347329557724858,0.001297333307619264
0,1,0,XGBoost-R,10,W1,0.16735842,0.774963429,0.595396977854449,0.9497632181550392,-0.0009632402934963036
0,1,0,XGBoost-R,10,W2,0.42444603,0.484711646,0.12570566399365443,1.0221650902468853,0.029287958641936097
0,1,0,MLP-R,10,X,0.004971763,0.995243218,0.9118607587508079,0.9252042604869665,1.8893406195941154e-05
0,1,0,MLP-R,10,W1,0.16465241,0.842467198,0.5952181732207598,0.9404791912500645,0.0004254271770915641
0,1,0,MLP-R,10,W2,0.407411247,0.61020531,0.1361275115313625,0.9786825800176903,0.010655763073354464
0,1,1,MLR,1,X,0.002634457,0.997379336,0.11936499034176395,1.9800271849279227,-3.8025437790856207e-06
0,1,1,MLR,1,W1,0.025254543,0.974877674,0.07294027030553707,1.952445488570002,-6.544723782475615e-07
0,1,1,MLR,1,W2,0.048350032,0.951903099,0.020273532840532894,1.9785796985554378,0.0
0,1,1,SVR,1,X,0.003103,0.996913245,0.11969472984224509,1.9731174249821446,0.0004028749948573829
0,1,1,SVR,1,W1,0.026213341,0.973923895,0.05945818605824234,1.9555411741992106,3.221006067755106e-07
0,1,1,SVR,1,W2,0.047532335,0.952716514,0.025924978767421714,1.9848711309324887,1.9166761863409486e-05
0,1,1,RF-R,1,X,0.009025718,0.991021535,0.11574056340886925,1.9015474545068187,0.0006973040600262825
0,1,1,RF-R,1,W1,0.036987511,0.963206132,0.06936070054083852,1.8724779740150381,0.0009735579707776498
0,1,1,RF-R,1,W2,0.060331448,0.93998441,0.021764190097849946,1.8643943719615106,0.0015826285318192746
0,1,1,XGBoost-R,1,X,0.003803514,0.99571247,0.11854179309367932,1.9754729756845488,0.000616605021660066
0,1,1,XGBoost-R,1,W1,0.027373512,0.964067894,0.07264076995851558,1.9632851646401126,1.121702679780512e-05
0,1,1,XGBoost-R,1,W2,0.05091569,0.929701715,0.017794897690692778,1.964418227808287,-0.004239276347510301
0,1,1,MLP-R,1,X,0.002634238,0.997379553,0.11935915046449233,1.9800234725403414,-3.768448482954767e-06
0,1,1,MLP-R,1,W1,0.025252167,0.974880038,0.07296671294056378,1.9523836915372492,-6.456329829318541e-07
0,1,1,MLP-R,1,W2,0.048001745,0.952249563,0.020492448448914402,1.9773162981743777,0.000710142602131436
0,1,1,MLR,2,X,0.002524418,0.997614225,0.1157954233375987,1.8608593174318664,1.9771980096505716e-07
0,1,1,MLR,2,W1,0.029812553,0.971824766,0.06619299346645996,1.8579387961077234,-1.967377436973283e-06
0,1,1,MLR,2,W2,0.048625434,0.954045097,0.027004858384071396,1.8612729396116134,8.44805768664192e-05
0,1,1,SVR,2,X,0.024313545,0.977021767,0.05138366902317543,1.7842826835897359,-2.279733954410057e-05
0,1,1,SVR,2,W1,0.02958876,0.972036269,0.0636321830645417,1.8648795859840235,-1.8911268412025174e-06
0,1,1,SVR,2,W2,0.048586199,0.954082178,0.030707783981726133,1.85641205130602,7.972972687828595e-05
0,1,1,RF-R,2,X,0.013589762,0.987156594,0.10926552034707009,1.764366648176781,-0.00028021583805455387
0,1,1,RF-R,2,W1,0.043079095,0.959286829,0.06031398427986741,1.764249623151499,5.457602664861172e-05
0,1,1,RF-R,2,W2,0.061195902,0.942165006,0.024792462219640387,1.7633063361304557,0.001790490284936197
0,1,1,XGBoost-R,2,X,0.005677617,0.994190356,0.11370121686252319,1.861058502211953,0.00046135077962242697
0,1,1,XGBoost-R,2,W1,0.034785894,0.961118881,0.06185671529679809,1.8513185794254021,0.0032141883773460834
0,1,1,XGBoost-R,2,W2,0.050637633,0.938074467,0.02682293452871227,1.85565546796545,0.001756814997052858
0,1,1,MLP-R,2,X,0.002521726,0.997616768,0.11577240066655495,1.8614245733021264,2.4017316685553956e-06
0,1,1,MLP-R,2,W1,0.02977795,0.971857469,0.06620218553104855,1.858848932456184,-1.5689190629886162e-06
0,1,1,MLP-R,2,W2,0.048375553,0.954281255,0.026990890028227365,1.8590111780160328,9.473645921574958e-05
0,1,1,MLR,3,X,0.002285423,0.997518662,0.13056090508557433,1.8564122535986136,2.7116810484062447e-06
0,1,1,MLR,3,W1,0.023291411,0.974711953,0.08289892858628362,1.8687261516126839,0.0
0,1,1,MLR,3,W2,0.049513919,0.946241545,0.02657762167728166,1.847166538063481,1.296093683825772e-05
0,1,1,SVR,3,X,0.002425723,0.997366334,0.13081797761349945,1.8516677234471821,0.0005859479039363791
0,1,1,SVR,3,W1,0.023482225,0.974504782,0.09349399622828745,1.8609272851742282,-8.980761431365281e-06
0,1,1,SVR,3,W2,0.050808412,0.944836082,0.019575677104049016,1.8404082115456348,0.0012464478711503469
0,1,1,RF-R,3,X,0.005442827,0.994090592,0.126847637512931,1.8081257021313,0.00026999878824019997
0,1,1,RF-R,3,W1,0.02842493,0.969138368,0.07897804951071508,1.830414325827661,0.0002660939426960884
0,1,1,RF-R,3,W2,0.057148371,0.937952636,0.025812301055437248,1.7843248695295741,0.00046079108231192876
0,1,1,XGBoost-R,3,X,0.00312592,0.995738129,0.12953056988251174,1.851416516776553,-0.00011825410334906917
0,1,1,XGBoost-R,3,W1,0.025996099,0.962493463,0.0852043540388013,1.8766130635879776,0.0015445167488391976
0,1,1,XGBoost-R,3,W2,0.054069274,0.923670507,0.02897034736523756,1.8500260643892166,-0.00036040160232877485
0,1,1,MLP-R,3,X,0.002276047,0.997528841,0.13052619137066812,1.859252226987912,-2.8998079117825705e-06
0,1,1,MLP-R,3,W1,0.023262265,0.974743598,0.08364178022759808,1.8679857823843669,-6.426615444121709e-06
0,1,1,MLP-R,3,W2,0.048600609,0.947233147,0.02917211449522149,1.8445316738828677,0.0022515060153331266
0,1,1,MLR,4,X,0.002476296,0.998018547,0.09876654397842184,1.8594112662807714,-5.377714701881864e-07
0,1,1,MLR,4,W1,0.031111067,0.975105914,0.05733813179125713,1.8348111089283876,7.593753890168253e-05
0,1,1,MLR,4,W2,0.058007084,0.953584577,0.013787151536749198,1.8446864529053175,0.0
0,1,1,SVR,4,X,0.002496959,0.998002013,0.09886705286531947,1.856568360383036,-8.015205038702788e-06
0,1,1,SVR,4,W1,0.032584588,0.97392685,0.044470490582273925,1.8419318894633698,6.027403979713686e-05
0,1,1,SVR,4,W2,0.058165575,0.953457758,0.01110860577442806,1.8431172577743928,2.9281400810154956e-06
0,1,1,RF-R,4,X,0.008830729,0.992933932,0.09625884733140494,1.786326106734456,0.0009332703561965916
0,1,1,RF-R,4,W1,0.038396811,0.969276094,0.05541683659931226,1.7624139071266476,0.0019808687960434002
0,1,1,RF-R,4,W2,0.070029844,0.943964348,0.012525851611190852,1.7563547009217124,0.001398331953788301
0,1,1,XGBoost-R,4,X,0.003805257,0.99622352,0.09746142540675277,1.8552278591602487,-0.00010492035160732937
0,1,1,XGBoost-R,4,W1,0.032150816,0.965809434,0.05473714863327933,1.8334905612517012,-0.0014597668253208962
0,1,1,XGBoost-R,4,W2,0.062043825,0.936834184,0.013233365033850187,1.8327403302713883,0.0007414178449170583
0,1,1,MLP-R,4,X,0.002465569,0.99802713,0.09952283095039054,1.8591854936741374,-4.306778783047527e-07
0,1,1,MLP-R,4,W1,0.030925189,0.975254648,0.05731405765991184,1.8368380077183808,0.0003404772311139115
0,1,1,MLP-R,4,W2,0.057858948,0.953703111,0.015725809407558865,1.8160543511250826,-2.2244408948690618e-05
0,1,1,MLR,5,X,0.002516635,0.99766675,0.11065301426445287,1.915208337928206,0.0
0,1,1,MLR,5,W1,0.025599146,0.976266238,0.0702888425655463,1.9103019631899631,4.412708037175861e-05
0,1,1,MLR,5,W2,0.054936519,0.94906665,0.01500770208982547,1.9121601756659927,-1.8194601099763564e-05
0,1,1,SVR,5,X,0.009069658,0.991591239,0.10821693014330513,1.8991355694895709,-0.004561973975484701
0,1,1,SVR,5,W1,0.030251197,0.971953177,0.04509900195281642,1.9114458302072872,2.493294694444481e-05
0,1,1,SVR,5,W2,0.055060124,0.948952052,0.012358977599974563,1.909457306508915,-6.419221032138988e-06
0,1,1,RF-R,5,X,0.010672829,0.99010489,0.11123822209952647,1.8491719575273824,-0.0027292303362019044
0,1,1,RF-R,5,W1,0.036412125,0.96624119,0.07076044980732753,1.8497266279028406,-0.0020059678829509433
0,1,1,RF-R,5,W2,0.070147038,0.934964507,0.013739609036873279,1.8349185143797122,-0.0027198116480204315
0,1,1,XGBoost-R,5,X,0.005009061,0.99391355,0.1077335126052971,1.9284645266361138,0.001049369296442404
0,1,1,XGBoost-R,5,W1,0.027998099,0.967156946,0.06574775467377686,1.9260839943494257,0.0008130139020746773
0,1,1,XGBoost-R,5,W2,0.056154681,0.935587844,0.014773637259328154,1.9302363731211685,0.004896445025687157
0,1,1,MLP-R,5,X,0.002498342,0.997683709,0.11094182868648854,1.916183677330625,-5.50723186254487e-07
0,1,1,MLP-R,5,W1,0.025598872,0.976266492,0.07029845709971907,1.9103315433645716,4.4074833574181406e-05
0,1,1,MLP-R,5,W2,0.054935797,0.949067319,0.014997925943342871,1.9120098906772474,-1.8020715272581978e-05
0,1,1,MLR,6,X,0.002596077,0.997389328,0.11084429103749933,1.9718523332476376,-1.1977922044437151e-06
0,1,1,MLR,6,W1,0.017530613,0.982370829,0.07391329521012517,1.9544209631810385,-2.2841098951675853e-05
0,1,1,MLR,6,W2,0.049526056,0.950195507,0.02096762972912216,1.9367186351091994,6.1207250046879654e-06
0,1,1,SVR,6,X,0.002598317,0.997387075,0.1105394849450291,1.970262858128558,-1.9592846928429e-06
0,1,1,SVR,6,W1,0.017406335,0.982495806,0.08752336175049333,1.9589652361507082,-2.5071846557367383e-05
0,1,1,SVR,6,W2,0.048950173,0.950774628,0.01876433453920111,1.9266560682086702,1.7297812072269992e-06
0,1,1,RF-R,6,X,0.009787217,0.990157759,0.10596321278538426,1.876098426172628,0.001495633285095188
0,1,1,RF-R,6,W1,0.025779978,0.974075086,0.07257284578612441,1.8702348864903915,0.002301664450001506
0,1,1,RF-R,6,W2,0.060547544,0.939112056,0.023934338932310995,1.8328572759743214,5.2947904075950625e-05
0,1,1,XGBoost-R,6,X,0.004472673,0.995660466,0.11102961262956242,1.9542217138094284,0.00043882194103861405
0,1,1,XGBoost-R,6,W1,0.020339187,0.973370457,0.07481708564750804,1.9418047934734424,0.0009440860158875797
0,1,1,XGBoost-R,6,W2,0.05212089,0.927243196,0.021123598132473765,1.91303783240838,-0.0064968350309094645
0,1,1,MLP-R,6,X,0.002595589,0.997389818,0.11085991333491692,1.9717497057411137,-1.2184998266717707e-06
0,1,1,MLP-R,6,W1,0.017520716,0.982380782,0.07393266730014265,1.9541032234370117,-2.201419216183442e-05
0,1,1,MLP-R,6,W2,0.049116415,0.950607451,0.022452799720196447,1.9269751479551398,0.0011035659092200833
0,1,1,MLR,7,X,0.002316297,0.997466376,0.12875498503157695,1.883467328527019,2.6861203678896216e-06
0,1,1,MLR,7,W1,0.026094137,0.971457581,0.07909778315836909,1.8908390493824498,-8.937508857012055e-05
0,1,1,MLR,7,W2,0.050248783,0.945036627,0.02190355558525551,1.8740013423083994,0.0
0,1,1,SVR,7,X,0.002312311,0.997470736,0.1283090675930713,1.8807619448632167,4.830220051643686e-06
0,1,1,SVR,7,W1,0.02602712,0.971530887,0.07966990610884674,1.8893404312528048,-4.52391406700392e-05
0,1,1,SVR,7,W2,0.050525645,0.944733788,0.019873611359149456,1.8737120458377334,-1.255534475971265e-05
0,1,1,RF-R,7,X,0.009608115,0.989490404,0.12454126616913659,1.8098047031674624,-0.0025561310958714723
0,1,1,RF-R,7,W1,0.037261079,0.959242902,0.07617037084739349,1.8174854516072656,-0.0031165898146880756
0,1,1,RF-R,7,W2,0.064622711,0.929314066,0.019708108985020557,1.7929144606281817,-0.0025828036849396053
0,1,1,XGBoost-R,7,X,0.003477562,0.994663179,0.12674505981071893,1.881744955821531,-0.000999995388665853
0,1,1,XGBoost-R,7,W1,0.027836666,0.961791889,0.08064212305370205,1.889589866321926,0.000838407624852433
0,1,1,XGBoost-R,7,W2,0.052207346,0.928392849,0.020319107161738605,1.8823876538033808,-0.0004852084992801542
0,1,1,MLP-R,7,X,0.002315516,0.997467231,0.12876710386631313,1.8833407133438904,3.41268986716603e-06
0,1,1,MLP-R,7,W1,0.025797744,0.971781784,0.07951341087421403,1.8903122834585446,1.7668829896799743e-05
0,1,1,MLP-R,7,W2,0.050221081,0.945066929,0.021928795379719934,1.8762094365599549,4.096124909759302e-05
0,1,1,MLR,8,X,0.002123145,0.997979095,0.10459759919309067,1.812033243263031,1.156194864776472e-05
0,1,1,MLR,8,W1,0.022987735,0.978119234,0.06451758626374678,1.8429553176737135,0.0
0,1,1,MLR,8,W2,0.043571154,0.958527005,0.020802180421349303,1.8466328178016855,0.0
0,1,1,SVR,8,X,0.00212309,0.997979147,0.10471489790690114,1.8135587609495338,1.3225257446358719e-05
0,1,1,SVR,8,W1,0.023039766,0.978069709,0.06362507802136648,1.83984315628283,-5.108417754547956e-05
0,1,1,SVR,8,W2,0.043678466,0.95842486,0.021510657782595553,1.8357692209453078,-3.4634148989631796e-06
0,1,1,RF-R,8,X,0.007278423,0.993072068,0.10203833022826354,1.747228736800595,0.00035351591243883986
0,1,1,RF-R,8,W1,0.03091495,0.970573752,0.06258036285196057,1.7774857026146875,0.00010846908309288805
0,1,1,RF-R,8,W2,0.050431088,0.951997409,0.024300281207543926,1.7813563640295969,0.0008620347110486981
0,1,1,XGBoost-R,8,X,0.004211525,0.996219244,0.10259018738472958,1.8123429754389875,0.0026533521152855124
0,1,1,XGBoost-R,8,W1,0.025637052,0.971412525,0.06323248629715328,1.8430582415446644,0.003080825817037736
0,1,1,XGBoost-R,8,W2,0.047816606,0.944455249,0.02232523468951584,1.84429714415875,0.0029035998150181096
0,1,1,MLP-R,8,X,0.002119598,0.99798247,0.1042588994544817,1.8150999029265056,4.473073477906375e-06
0,1,1,MLP-R,8,W1,0.023004319,0.978103449,0.06432720181531569,1.8411513284099132,-1.320606237992239e-05
0,1,1,MLP-R,8,W2,0.043650161,0.958451803,0.022867707042222983,1.83954203851345,-7.594197791804813e-06
0,1,1,MLR,9,X,0.002456222,0.997633793,0.11799409616656678,1.7360371491115054,0.0
0,1,1,MLR,9,W1,0.023333908,0.977521226,0.07743509369504183,1.7511250359459125,3.9335400602302785e-07
0,1,1,MLR,9,W2,0.055870854,0.946176685,0.015927960629270876,1.7876967924808274,1.4282954458988417e-05
0,1,1,SVR,9,X,0.002640575,0.997456196,0.11776111732557451,1.7323600485267971,7.161681450255087e-05
0,1,1,SVR,9,W1,0.024865506,0.976045757,0.08796418645455836,1.7404080300741565,-3.0078664673260925e-05
0,1,1,SVR,9,W2,0.056070115,0.945984725,0.016140087874639508,1.7836213464120523,8.32345741603735e-06
0,1,1,RF-R,9,X,0.008622164,0.991693818,0.1150872821020565,1.6792346901267419,-0.0002834966364609226
0,1,1,RF-R,9,W1,0.034555813,0.966710578,0.07494642529947682,1.6905787871316253,-0.0020634419518206102
0,1,1,RF-R,9,W2,0.073865176,0.928841812,0.013610365873660856,1.7305281866683047,-0.0027116256680741356
0,1,1,XGBoost-R,9,X,0.004475817,0.994838436,0.11724810753814233,1.7545543942788615,-0.00048191229737944987
0,1,1,XGBoost-R,9,W1,0.027147387,0.96706917,0.07862952979922434,1.7533060766439479,0.0006658780237763784
0,1,1,XGBoost-R,9,W2,0.061425297,0.925145905,0.01340752099274255,1.7847691536338608,-0.0012977599181206111
0,1,1,MLP-R,9,X,0.002450935,0.997638886,0.11783261335307334,1.7373145043652307,-1.9022846716731934e-07
0,1,1,MLP-R,9,W1,0.023332834,0.977522261,0.07741021955247766,1.7511843797278785,4.0356509158900875e-07
0,1,1,MLP-R,9,W2,0.055652572,0.946386966,0.015716385929311027,1.7929566890404378,-1.9023226027692352e-05
0,1,1,MLR,10,X,0.002229888,0.997895784,0.11198839739146105,1.9213477398989007,4.965890882302481e-06
0,1,1,MLR,10,W1,0.026170962,0.975303975,0.06937345853620311,1.9276040839294701,3.1170815443681834e-06
0,1,1,MLR,10,W2,0.054224605,0.948831374,0.015276932680400234,1.9192641291491526,4.462627713108791e-06
0,1,1,SVR,10,X,0.002239845,0.997886388,0.11033332486271988,1.9195924483397877,2.9350471661748756e-05
0,1,1,SVR,10,W1,0.027778064,0.973787446,0.05215021429818818,1.9269722839341903,2.0437089675584552e-06
0,1,1,SVR,10,W2,0.059518414,0.943835912,0.0013799963350821342,1.9137106766468093,-2.772891597390137e-05
0,1,1,RF-R,10,X,0.00775843,0.992678818,0.10825192977737252,1.8516955490522828,-0.0001271514903661508
0,1,1,RF-R,10,W1,0.035166384,0.966815516,0.06492864447720006,1.8478020363106,0.0006150357667623729
0,1,1,RF-R,10,W2,0.065318531,0.938362677,0.01539412002061824,1.8353962478593548,0.0008116342716149472
0,1,1,XGBoost-R,10,X,0.004529633,0.996080154,0.11255922242626029,1.919139219466881,0.00028234645777466263
0,1,1,XGBoost-R,10,W1,0.029416747,0.96590037,0.07177784507110488,1.9314474699770259,0.001281940378918356
0,1,1,XGBoost-R,10,W2,0.058053766,0.929285104,0.014467107936529233,1.937479727406441,-0.0001106924136193177
0,1,1,MLP-R,10,X,0.002229182,0.99789645,0.11199949693761346,1.9213131579284632,5.1113830624616165e-06
0,1,1,MLP-R,10,W1,0.026103434,0.975367698,0.06766622711217475,1.9270768447972848,1.4687394559231847e-06
0,1,1,MLP-R,10,W2,0.054137665,0.948913414,0.01504352785734917,1.9186746883515204,-5.787050926964188e-06
0,1,2,MLR,1,X,0.00213351,0.997796286,0.4376234473783057,1.6757444603076863,0.0
0,1,2,MLR,1,W1,0.071493835,0.926153642,0.29738092750333617,1.6456363966756513,-7.586031582129671e-07
0,1,2,MLR,1,W2,0.177442749,0.81671845,0.06571189300631756,1.6261510530039291,1.9354041753694152e-05
0,1,2,SVR,1,X,0.002139557,0.99779004,0.4375850232010171,1.6760166886650403,-4.692034190934003e-06
0,1,2,SVR,1,W1,0.071674959,0.925966557,0.2838547346292307,1.6476204368052652,-6.722746949905378e-07
0,1,2,SVR,1,W2,0.185155559,0.808751848,0.07525450196197142,1.618861301301105,-0.0013944750478276813
0,1,2,RF-R,1,X,0.009836659,0.989839664,0.42632971316466184,1.6082808399305972,-0.0013716731965231598
0,1,2,RF-R,1,W1,0.085780239,0.911397139,0.27960965322157394,1.5456939863499675,-0.002904237726298331
0,1,2,RF-R,1,W2,0.191524277,0.802173565,0.06364338519421131,1.5302129475707436,-0.0005524902485869676
0,1,2,XGBoost-R,1,X,0.003700376,0.996113026,0.4361064477806232,1.6696381682953891,0.00027174773784397475
0,1,2,XGBoost-R,1,W1,0.072824292,0.907877882,0.28435644139524807,1.663027351664251,0.00487034502733078
0,1,2,XGBoost-R,1,W2,0.179373479,0.764687432,0.0676877102616436,1.648420150760795,0.004326697694065906
0,1,2,MLP-R,1,X,0.002141507,0.997788026,0.43757525957383897,1.6757968177792932,-5.208611872564717e-06
0,1,2,MLP-R,1,W1,0.071491634,0.926155915,0.29734122799969753,1.6457255272413405,-7.153713928120808e-07
0,1,2,MLP-R,1,W2,0.17701473,0.817160553,0.06528865286635643,1.621444932051336,7.925890997273477e-06
0,1,2,MLR,2,X,0.001864621,0.998093814,0.39949658643243885,1.6898061939960987,0.0
0,1,2,MLR,2,W1,0.069975861,0.928464277,0.25738388643501475,1.6666735907995576,-3.895043562388567e-05
0,1,2,MLR,2,W2,0.162006994,0.834381637,0.0615656707698759,1.7225500273775154,0.0004178152219944109
0,1,2,SVR,2,X,0.001860725,0.998097796,0.3996523257669505,1.690217516880266,2.2074444221420465e-07
0,1,2,SVR,2,W1,0.070148593,0.928287694,0.2508029167483824,1.6633193974993261,9.17367937132152e-06
0,1,2,SVR,2,W2,0.161862818,0.834529027,0.06050754119491888,1.6940144048476804,0.00027358876888882165
0,1,2,RF-R,2,X,0.007414504,0.992420216,0.3966634595993251,1.625669988110555,0.0006036786519512671
0,1,2,RF-R,2,W1,0.080672825,0.917528861,0.2541894848459422,1.5819153005567954,-0.0008273125451654483
0,1,2,RF-R,2,W2,0.178320944,0.817704026,0.06161554941857724,1.6280961095593234,-0.000763419707460411
0,1,2,XGBoost-R,2,X,0.003691762,0.995343593,0.40197463464750893,1.6866295000284537,-0.0004849630329087362
0,1,2,XGBoost-R,2,W1,0.073329382,0.887632708,0.26095418584256047,1.6492856294592726,-0.009376565892653033
0,1,2,XGBoost-R,2,W2,0.169973195,0.756764523,0.055619743680448294,1.7070670908990802,-0.02369800926290535
0,1,2,MLP-R,2,X,0.001862028,0.998096465,0.3994958670529664,1.6902506475875292,-2.035240217024281e-07
0,1,2,MLP-R,2,W1,0.069928256,0.928512943,0.2581074191807188,1.6685647108172525,-2.5553686062940173e-05
0,1,2,MLP-R,2,W2,0.161990641,0.834398355,0.06162620909451969,1.7224971605470671,0.0004241276308884712
0,1,2,MLR,3,X,0.002137199,0.997944582,0.38935504532397436,1.6220869516941367,0.0
0,1,2,MLR,3,W1,0.075671202,0.927224411,0.23642773850606608,1.6128014556944947,-0.00025467468430572237
0,1,2,MLR,3,W2,0.18023316,0.826663593,0.0513635481248471,1.5905520431614772,-0.0004824318233799918
0,1,2,SVR,3,X,0.002126911,0.997954477,0.38913854261662706,1.6198765693917276,9.45356484938209e-07
0,1,2,SVR,3,W1,0.080341504,0.922732822,0.26107041493547,1.5969989605355484,-0.00019694421563135612
0,1,2,SVR,3,W2,0.179308673,0.827552704,0.04596887435824407,1.6075199950646062,3.867564913955235e-05
0,1,2,RF-R,3,X,0.010281514,0.990111915,0.37839141987398206,1.5478543285928557,-0.0003562130727873147
0,1,2,RF-R,3,W1,0.092126872,0.91139843,0.21937123395683028,1.5107123930439472,-0.0004853542380887643
0,1,2,RF-R,3,W2,0.198556842,0.80904108,0.055552849697526406,1.51947015862273,0.008865112606504933
0,1,2,XGBoost-R,3,X,0.003798317,0.994836494,0.39040240954735217,1.6311480891631909,0.0007283924353690852
0,1,2,XGBoost-R,3,W1,0.077245707,0.901648422,0.23725552145905518,1.6190398050832229,0.0037339564304278315
0,1,2,XGBoost-R,3,W2,0.185211808,0.793936848,0.05701321716430802,1.6196510620073064,0.025294578106772502
0,1,2,MLP-R,3,X,0.002136524,0.997945231,0.388400413637861,1.6210121460320708,2.462699694949499e-07
0,1,2,MLP-R,3,W1,0.075668624,0.927226891,0.23639709407570306,1.6127436739142005,-0.00025369498708230907
0,1,2,MLP-R,3,W2,0.179875725,0.827007351,0.05135784172787834,1.5859928548305855,-0.00028711996312072994
0,1,2,MLR,4,X,0.001692864,0.998248278,0.3812426366820836,1.5931107693689261,-8.298763404135378e-07
0,1,2,MLR,4,W1,0.082434377,0.914699518,0.22638727201688846,1.5723956273049786,-0.00038585738183302134
0,1,2,MLR,4,W2,0.152047662,0.842665895,0.06665736301355167,1.6046126397784577,-3.672991727735608e-05
0,1,2,SVR,4,X,0.001689668,0.998251585,0.3815159523738809,1.5928164657488035,-4.87173145824471e-07
0,1,2,SVR,4,W1,0.08136285,0.9158083,0.2212237047913148,1.5726013005100257,0.0017871128683612624
0,1,2,SVR,4,W2,0.152016861,0.842697768,0.06871465516731551,1.6102274350955916,-1.793455348566564e-05
0,1,2,RF-R,4,X,0.007994278,0.991727775,0.3718406928622175,1.5411358502743115,0.00028359744898619476
0,1,2,RF-R,4,W1,0.093430377,0.903321205,0.21968277549873316,1.5100070190912174,0.004015792714985833
0,1,2,RF-R,4,W2,0.164870978,0.829396735,0.06576167937336311,1.5406495451888307,0.009877418556654683
0,1,2,XGBoost-R,4,X,0.002968527,0.99448538,0.3803995936062693,1.5960579485282373,-0.0005033192635021
0,1,2,XGBoost-R,4,W1,0.085636363,0.888464001,0.22587978720017238,1.5705768965716846,0.0054529245145968465
0,1,2,XGBoost-R,4,W2,0.159968742,0.805228025,0.07269459516798589,1.6375087836805151,0.02152803849617916
0,1,2,MLP-R,4,X,0.001689164,0.998252106,0.38119393583800076,1.592545185080677,-9.054030562838378e-07
0,1,2,MLP-R,4,W1,0.080638269,0.916558073,0.22234487386986848,1.5700862090572616,0.001793992079101059
0,1,2,MLP-R,4,W2,0.151788508,0.84293406,0.06818162560466143,1.6086118276659391,0.00010508242582087934
0,1,2,MLR,5,X,0.001976484,0.997982284,0.42610141683537145,1.6670332858232133,6.812796322896997e-06
0,1,2,MLR,5,W1,0.087071568,0.911112,0.25570504467572636,1.6477816675194394,0.00024176892827653117
0,1,2,MLR,5,W2,0.182501421,0.813691351,0.05920105443067236,1.6439447483880874,0.0
0,1,2,SVR,5,X,0.001975216,0.997983579,0.42636219555816346,1.6677760560092492,9.393160623583085e-06
0,1,2,SVR,5,W1,0.086898046,0.911289142,0.256931098852637,1.6394492712674897,0.0001642519006367582
0,1,2,SVR,5,W2,0.182795995,0.813390631,0.05328805431951307,1.6459306359984567,-9.279846957399585e-05
0,1,2,RF-R,5,X,0.006395562,0.993471018,0.41229009688706864,1.609411959400808,0.0017165989641949042
0,1,2,RF-R,5,W1,0.102914762,0.894938296,0.23955449161219264,1.5709699383075049,0.0017110631114091168
0,1,2,RF-R,5,W2,0.206751676,0.788935202,0.04687206033873449,1.4978691709393241,0.00011220777343199373
0,1,2,XGBoost-R,5,X,0.002954937,0.996852509,0.42298180575670374,1.6678022212757937,0.0002514974225268474
0,1,2,XGBoost-R,5,W1,0.092170065,0.86310488,0.2344578767766922,1.6186804528111,-0.009355097416840407
0,1,2,XGBoost-R,5,W2,0.187902877,0.738657889,0.05706188480532448,1.6131691964378274,-0.014108655756544275
0,1,2,MLP-R,5,X,0.001976275,0.997982498,0.4260567813683901,1.6669751036032203,7.155226637212131e-06
0,1,2,MLP-R,5,W1,0.086852843,0.911335288,0.24998364049306296,1.6332677303037006,0.0007015583961230476
0,1,2,MLP-R,5,W2,0.182321053,0.813875481,0.059511702482583306,1.6473545193041808,6.141711731226796e-05
0,1,2,MLR,6,X,0.002189521,0.997811619,0.39456229251785097,1.584536005749917,7.299287119844067e-07
0,1,2,MLR,6,W1,0.085463293,0.914581209,0.23914866564850862,1.5841073091276798,-4.555918837272355e-05
0,1,2,MLR,6,W2,0.172917903,0.827172139,0.06584455847513969,1.601104718497733,-5.073835555734485e-05
0,1,2,SVR,6,X,0.002185853,0.997815285,0.3937827530575693,1.5844805468079373,5.247769159832938e-06
0,1,2,SVR,6,W1,0.084942092,0.915102139,0.22443761408581892,1.5944677711772521,-1.630796447069649e-05
0,1,2,SVR,6,W2,0.173583867,0.826506522,0.06601672677876985,1.6152747641287086,-9.914013438627744e-06
0,1,2,RF-R,6,X,0.006917805,0.993085797,0.38294570471916817,1.5286941112982495,-0.00024319158047001466
0,1,2,RF-R,6,W1,0.094991663,0.905057801,0.2314112427987161,1.5215905239235057,0.0026276229139189367
0,1,2,RF-R,6,W2,0.191226596,0.80887298,0.060010573994219094,1.4716421899879812,0.0013741760061709019
0,1,2,XGBoost-R,6,X,0.00307719,0.996219142,0.39295070921506314,1.5925149352851693,0.0001490694163837958
0,1,2,XGBoost-R,6,W1,0.088852532,0.890486717,0.24740027901316522,1.5807856503614912,0.006538364444935496
0,1,2,XGBoost-R,6,W2,0.180760062,0.77050796,0.052140859388817185,1.5868809098186794,0.005462451480292429
0,1,2,MLP-R,6,X,0.002189324,0.997811816,0.39451845647513867,1.584518789174557,7.549847104826313e-07
0,1,2,MLP-R,6,W1,0.085339643,0.914704795,0.2399198643804889,1.5847902334415611,-6.344964696036737e-06
0,1,2,MLP-R,6,W2,0.1709832,0.829105835,0.06768804939232136,1.6020084343714935,0.0015077448440640184
0,1,2,MLR,7,X,0.001832679,0.998331997,0.3371724198356228,1.5979546427774174,1.1595943268938314e-06
0,1,2,MLR,7,W1,0.045490927,0.958596681,0.23921379346286487,1.594510516102895,0.0
0,1,2,MLR,7,W2,0.169201869,0.846001839,0.043519542430351624,1.5671643518168688,0.0
0,1,2,SVR,7,X,0.001808372,0.99835412,0.3324667251492509,1.6026628286075042,9.470665244826205e-06
0,1,2,SVR,7,W1,0.046044857,0.958092524,0.26843559902851793,1.6023962723884917,0.000292670382162552
0,1,2,SVR,7,W2,0.174173076,0.841477322,0.023406409438715147,1.5877841734783336,-0.00013480675038864964
0,1,2,RF-R,7,X,0.005792168,0.994728289,0.33269895082020523,1.540896506518478,0.0009647865171232284
0,1,2,RF-R,7,W1,0.055180708,0.949777578,0.23077006430084598,1.5296439669428297,0.0016257317974286978
0,1,2,RF-R,7,W2,0.187174846,0.829643832,0.041119980348782205,1.4849190937149923,-0.00045584548884295415
0,1,2,XGBoost-R,7,X,0.004019274,0.989725864,0.32999610612427266,1.5987269547126917,-0.005886873570435236
0,1,2,XGBoost-R,7,W1,0.048657558,0.929828772,0.2360980176939865,1.612404954496153,-0.006266532992112028
0,1,2,XGBoost-R,7,W2,0.171524929,0.794715232,0.032470290222858446,1.5874011856801924,-0.0007460367289534697
0,1,2,MLP-R,7,X,0.001826089,0.998337995,0.33667759782407136,1.5976205235383172,2.014781248238506e-06
0,1,2,MLP-R,7,W1,0.045915022,0.958210692,0.23890263054925348,1.5950133898933792,-0.00020349102946922714
0,1,2,MLP-R,7,W2,0.169129918,0.846067325,0.04370088113115739,1.5815054592294113,0.00022554168536945696
0,1,2,MLR,8,X,0.001879693,0.99839948,0.32384240086949617,1.527864735661902,1.077040266361795e-06
0,1,2,MLR,8,W1,0.076087233,0.935213283,0.20535961925101504,1.4949493759882961,0.0
0,1,2,MLR,8,W2,0.173050991,0.852650635,0.04236859570015959,1.5871083142876385,8.59590525753684e-05
0,1,2,SVR,8,X,0.001880308,0.998398956,0.3238631063754859,1.5268863893056863,4.426086328002121e-07
0,1,2,SVR,8,W1,0.080529747,0.931430574,0.15835844121790812,1.533631678877772,2.3273822707059467e-06
0,1,2,SVR,8,W2,0.171213033,0.854215618,0.03405897323127248,1.6080192269481448,-6.061080600749946e-06
0,1,2,RF-R,8,X,0.010606452,0.990968824,0.31987961465618453,1.4515618986119248,0.0007752666077788795
0,1,2,RF-R,8,W1,0.092400492,0.921322878,0.20172886325199343,1.4082907393831476,0.0023543262136911935
0,1,2,RF-R,8,W2,0.203761036,0.826501661,0.040438610901622526,1.46668308033736,-0.0036532723507724406
0,1,2,XGBoost-R,8,X,0.003824668,0.996008757,0.3232821886640168,1.517782907312132,-8.956272711926338e-05
0,1,2,XGBoost-R,8,W1,0.080325562,0.915208718,0.21193649656520774,1.469795200135326,0.0016591892151385013
0,1,2,XGBoost-R,8,W2,0.185308243,0.797059326,0.04915279609616864,1.5644949075716155,-0.007571110722326624
0,1,2,MLP-R,8,X,0.001872438,0.998405657,0.32443461681285596,1.5269245814021244,1.5703767391239686e-06
0,1,2,MLP-R,8,W1,0.076182375,0.935132272,0.20488886526352798,1.495025462474938,-4.3213074329073733e-05
0,1,2,MLP-R,8,W2,0.172487631,0.853130324,0.040502017639145516,1.5892594573671344,0.00015584387948391898
0,1,2,MLR,9,X,0.002078229,0.997816015,0.41577937955132355,1.5350454332344512,0.0
0,1,2,MLR,9,W1,0.073504083,0.922755466,0.26688005187898567,1.5258753493166086,-8.808988713515653e-05
0,1,2,MLR,9,W2,0.157234902,0.834763782,0.08368237680549495,1.5914669406762854,-0.00011654390529317605
0,1,2,SVR,9,X,0.002200807,0.997687199,0.41527355975154656,1.5344658953603378,2.0605848850796528e-05
0,1,2,SVR,9,W1,0.074141415,0.922085702,0.24635476240777318,1.5267666035585297,-3.022454626849802e-05
0,1,2,SVR,9,W2,0.156610023,0.83542046,0.08315730907379301,1.5620183268637935,-1.006801780261135e-05
0,1,2,RF-R,9,X,0.00545231,0.994270235,0.41187693208567405,1.5078734710172776,-0.0003349425286485963
0,1,2,RF-R,9,W1,0.085624681,0.91001808,0.2568378706497853,1.466605859738873,-0.00048728095963118667
0,1,2,RF-R,9,W2,0.16935161,0.822030483,0.08463791224955601,1.5538287622104794,0.003851921170407746
0,1,2,XGBoost-R,9,X,0.00316408,0.996438922,0.41506173247616285,1.538466258921213,0.00019658899118919494
0,1,2,XGBoost-R,9,W1,0.076993438,0.891036627,0.26530331606408486,1.5450713698460725,-0.0038103490180416144
0,1,2,XGBoost-R,9,W2,0.166757272,0.792114932,0.08765995397010048,1.6248218928175475,0.00912717206784982
0,1,2,MLP-R,9,X,0.002079141,0.997815056,0.4157734579624571,1.5351584688291762,-1.2035892282602489e-06
0,1,2,MLP-R,9,W1,0.073422974,0.922840703,0.26673202728741946,1.524640986957444,-6.36397239580977e-05
0,1,2,MLP-R,9,W2,0.156822774,0.835196883,0.082923139478319,1.5805227060178655,-7.628306125898599e-05
0,1,2,MLR,10,X,0.002008297,0.998161161,0.36535592419293716,1.5554100504672619,0.0
0,1,2,MLR,10,W1,0.079776735,0.926954736,0.2309414611130503,1.5607868295016234,6.26421072827954e-06
0,1,2,MLR,10,W2,0.168190299,0.846001409,0.06686356937344026,1.5417567876226552,-6.144826143479331e-05
0,1,2,SVR,10,X,0.00391733,0.99641321,0.3679163795269539,1.5355668751140137,0.0008726710168190599
0,1,2,SVR,10,W1,0.079895898,0.926845628,0.23529851548154862,1.5650755617263818,1.0701389423450892e-05
0,1,2,SVR,10,W2,0.168001721,0.846174076,0.06657665856090647,1.5496966194269584,0.00015349149770367277
0,1,2,RF-R,10,X,0.011650893,0.989332196,0.36444705934522414,1.4649505995349716,0.003851883264656597
0,1,2,RF-R,10,W1,0.10126718,0.907277631,0.22329173659246834,1.4631699056057648,0.0019140374223499013
0,1,2,RF-R,10,W2,0.196566766,0.820019316,0.06334476259917883,1.4019511386415269,0.0014824929273964172
0,1,2,XGBoost-R,10,X,0.005294821,0.994477637,0.3670808735034462,1.5315236941553836,0.0002445455047958123
0,1,2,XGBoost-R,10,W1,0.090296174,0.899528946,0.23017233715136554,1.538193325669301,-0.0005487804823890774
0,1,2,XGBoost-R,10,W2,0.178892433,0.786673318,0.07021280522172053,1.514223497461265,-0.007881789050726862
0,1,2,MLP-R,10,X,0.002007457,0.99816193,0.3653554824206997,1.5557156164703891,5.197796653511056e-06
0,1,2,MLP-R,10,W1,0.079726136,0.927001066,0.23049304931537548,1.564245948917401,4.29640707423018e-05
0,1,2,MLP-R,10,W2,0.168188134,0.846003391,0.06686931621645961,1.541753888281551,-5.89627503938428e-05
1,0,0,MLR,1,X,0.005507945,0.994227888,1.0876590640041905,0.9761826226804029,0.0
1,0,0,MLR,1,W1,0.192015311,0.798775446,0.6979173230065265,0.9506600684736416,3.541796797308372e-05
1,0,0,MLR,1,W2,0.426366009,0.553185059,0.18721583719690746,0.9270496767555055,-2.835538101346735e-05
1,0,0,SVR,1,X,0.010413089,0.989087489,1.0783407931759101,0.9551000514105285,-0.0012038712674689034
1,0,0,SVR,1,W1,0.191116422,0.799717447,0.6952700464170524,0.9567228531592731,1.7965910329775792e-05
1,0,0,SVR,1,W2,0.426759228,0.55277298,0.18328843383564747,0.9358449183172027,4.290110804272551e-07
1,0,0,RF-R,1,X,0.010969965,0.988503904,1.0742407249437957,0.9352988639195126,-0.0002587191687324353
1,0,0,RF-R,1,W1,0.210690423,0.779204658,0.6606662836790389,0.87189547554934,0.0031367009865234997
1,0,0,RF-R,1,W2,0.448307024,0.530191731,0.17374926389693543,0.847392071346956,-0.002195642933508923
1,0,0,XGBoost-R,1,X,0.006775705,0.991918712,1.0862716965108752,0.9588930793118216,-1.6828076697039672e-05
1,0,0,XGBoost-R,1,W1,0.200451868,0.733282336,0.7005723822002501,0.9412914439008564,0.004113658337939285
1,0,0,XGBoost-R,1,W2,0.438533589,0.432508158,0.198518614629916,0.8935000065965923,-0.012022591626079803
1,0,0,MLP-R,1,X,0.005497217,0.994239131,1.0881269423737563,0.9746309297499268,4.917113924207683e-06
1,0,0,MLP-R,1,W1,0.192010304,0.798780693,0.697990582003223,0.9506958477272189,3.568226210227676e-05
1,0,0,MLP-R,1,W2,0.42636481,0.553186315,0.18718725505604553,0.9270370208499129,-2.788171648759885e-05
1,0,0,MLR,2,X,0.005245995,0.99465765,0.9878883513592207,0.9984700796642508,1.1654756596490846e-05
1,0,0,MLR,2,W1,0.183159386,0.813476453,0.6203003259945075,1.043173750767224,0.0
1,0,0,MLR,2,W2,0.426135721,0.566037275,0.15292865673973471,1.0045980874394895,0.0
1,0,0,SVR,2,X,0.009520863,0.990304264,0.9890177399882727,0.9862577705296338,-0.001196462467435855
1,0,0,SVR,2,W1,0.183343413,0.813289046,0.6405947961356929,1.0348761389338432,0.00013062479224765778
1,0,0,SVR,2,W2,0.424875255,0.567320893,0.1521717477936395,0.9793798478744561,-0.00015996916574436692
1,0,0,RF-R,2,X,0.010046472,0.989769001,0.9691552238666526,0.9676418787125064,0.0005014839823352935
1,0,0,RF-R,2,W1,0.205232569,0.790997843,0.584707479389558,0.9770892513031812,-0.0018206284888563906
1,0,0,RF-R,2,W2,0.442992747,0.54887063,0.1353008023234874,0.9007365350362708,0.005107308701923929
1,0,0,XGBoost-R,2,X,0.007053011,0.991191364,0.9906665594875573,0.9939255390784021,0.0002583929877391644
1,0,0,XGBoost-R,2,W1,0.191592399,0.750831111,0.6341769833559481,1.0515592760159174,0.0039812518572175494
1,0,0,XGBoost-R,2,W2,0.43576372,0.438454347,0.150323284283361,0.989425235471213,-0.014944238427647394
1,0,0,MLP-R,2,X,0.005245765,0.994657884,0.9878409196779954,0.9985878961651471,1.1396840856803259e-05
1,0,0,MLP-R,2,W1,0.183359468,0.813272696,0.6205799657124665,1.045975959013331,0.00029138856225118247
1,0,0,MLP-R,2,W2,0.425965249,0.566210879,0.14961056602179312,1.0037594339105893,-0.00018176378042514819
1,0,0,MLR,3,X,0.005085106,0.994639595,1.0678242530220907,1.0179289479242786,0.0
1,0,0,MLR,3,W1,0.186050797,0.803876753,0.6862361966163476,1.0204113802315227,-3.523056119774104e-05
1,0,0,MLR,3,W2,0.432860792,0.543704917,0.16147595237700046,1.0026554023266723,-2.1358179580865943e-05
1,0,0,SVR,3,X,0.005073278,0.994652064,1.0681431531316057,1.019469098119275,-4.971809377152247e-06
1,0,0,SVR,3,W1,0.187204595,0.802660491,0.632345752843527,1.021293485167081,-2.8813768095936607e-07
1,0,0,SVR,3,W2,0.431635932,0.544996088,0.14784094868573758,0.9867312424216456,-1.1294018188556798e-06
1,0,0,RF-R,3,X,0.008234871,0.991319309,1.0519511562090815,0.9827891343400872,0.0008209415915153562
1,0,0,RF-R,3,W1,0.199728882,0.789458162,0.6645217602339677,0.9552316948905117,0.00671159873260716
1,0,0,RF-R,3,W2,0.454271503,0.521135069,0.15153178421878427,0.9034445042666592,0.002689256914082172
1,0,0,XGBoost-R,3,X,0.006530335,0.991753519,1.0761901494285044,1.0117169306205727,0.0001171891949349746
1,0,0,XGBoost-R,3,W1,0.190856119,0.741107345,0.6889342839472308,1.004696433886328,0.001804187352926423
1,0,0,XGBoost-R,3,W2,0.439702401,0.407495439,0.16527371616430858,0.9691921736693544,-0.003975725103254724
1,0,0,MLP-R,3,X,0.00506868,0.994656911,1.0684030041496633,1.0198678736487075,-3.920152935510401e-06
1,0,0,MLP-R,3,W1,0.185988951,0.803941947,0.6861037296905914,1.0165409596980322,-0.00027768158459117175
1,0,0,MLP-R,3,W2,0.429736115,0.546998758,0.16153284048754565,0.9228510773805217,0.0019794841012482967
1,0,0,MLR,4,X,0.004629092,0.995236584,1.0359622297924418,0.9870729357606182,3.668239600063128e-06
1,0,0,MLR,4,W1,0.187080821,0.80749058,0.6626424798227213,1.0084198774046036,0.0
1,0,0,MLR,4,W2,0.418677984,0.569173068,0.17995298772751162,0.9756114155515029,0.0
1,0,0,SVR,4,X,0.004620445,0.995245481,1.036643188269999,0.9855435121142817,7.39835476439854e-06
1,0,0,SVR,4,W1,0.188987235,0.805528846,0.6294586296301384,1.0059638333595244,-6.854593593158542e-05
1,0,0,SVR,4,W2,0.420063391,0.56774746,0.19393492531217152,0.9624765327626017,0.0017733751041319802
1,0,0,RF-R,4,X,0.006783299,0.993019867,1.0192416442459389,0.9643833440368047,-5.048855823882592e-05
1,0,0,RF-R,4,W1,0.200206471,0.793984057,0.6113150009747105,0.9264341298525276,0.00011576951053686724
1,0,0,RF-R,4,W2,0.431593368,0.555882912,0.1678188240332811,0.8532096743788875,0.002371596035986456
1,0,0,XGBoost-R,4,X,0.005684928,0.992923176,1.0345897633604586,0.9879371935745388,-0.00013013455499784056
1,0,0,XGBoost-R,4,W1,0.193591558,0.731591422,0.67005232431514,0.9763737472950632,-0.0061993739361372755
1,0,0,XGBoost-R,4,W2,0.425995427,0.433347852,0.1655649663198878,0.9323041807417848,-0.008706122460625899
1,0,0,MLP-R,4,X,0.004623321,0.995242522,1.0360578923615478,0.9873631430764871,2.5969407530435086e-05
1,0,0,MLP-R,4,W1,0.187085317,0.807485953,0.6625734415305435,1.0082753478778272,3.108074442081943e-06
1,0,0,MLP-R,4,W2,0.416138708,0.571786027,0.18571475289592493,0.9760121222989261,0.006267883041862354
1,0,0,MLR,5,X,0.004948098,0.994923217,1.0592762313777069,1.045305629036461,0.0
1,0,0,MLR,5,W1,0.185808083,0.809359603,0.685242231931378,1.0242633248110709,0.0002498533793364288
1,0,0,MLR,5,W2,0.456155117,0.531981648,0.14593072580757305,0.9851630248961118,-5.3274856107032865e-05
1,0,0,SVR,5,X,0.006311184,0.993524681,1.056423611530516,1.0347544522833705,3.215779971800225e-05
1,0,0,SVR,5,W1,0.187654943,0.807464711,0.7080032195907869,1.0270805165547865,0.0012854007409661915
1,0,0,SVR,5,W2,0.463512968,0.524432442,0.15046920148234738,0.9945666394007263,-0.0034561913250175545
1,0,0,RF-R,5,X,0.007409279,0.992398027,1.0334950585942877,1.0173364877939728,0.0004217668726588686
1,0,0,RF-R,5,W1,0.192384646,0.802612003,0.6493137757114769,0.9691079065104351,0.0025049882830697535
1,0,0,RF-R,5,W2,0.476088605,0.511529749,0.1298138173286714,0.903568027769988,0.0011749620737157795
1,0,0,XGBoost-R,5,X,0.005469485,0.993002283,1.0600485678386966,1.0493329240277445,-2.92408892026641e-05
1,0,0,XGBoost-R,5,W1,0.1845528,0.746857442,0.6940873908004628,1.0224221968014622,-0.0054556481602890065
1,0,0,XGBoost-R,5,W2,0.464232325,0.405773904,0.13224180624190032,0.9882449934676861,0.0017345208114443733
1,0,0,MLP-R,5,X,0.004947825,0.994923497,1.0593171649015107,1.0453547296121322,-1.8744758123467876e-08
1,0,0,MLP-R,5,W1,0.180383466,0.814925298,0.6906910994133996,1.0299575816091768,0.0032496748599537438
1,0,0,MLP-R,5,W2,0.455604805,0.532546272,0.1298927923661311,0.9927096996789719,-0.0005084715458814948
1,0,0,MLR,6,X,0.00532889,0.994568109,1.022062509055066,0.9914422187562669,1.22085365676039e-05
1,0,0,MLR,6,W1,0.183242429,0.813215697,0.6669550005694338,0.9754113636510177,0.00031435172236848885
1,0,0,MLR,6,W2,0.445704367,0.545680659,0.1415565999635548,0.9377834557608844,1.7101689662935014e-05
1,0,0,SVR,6,X,0.005934902,0.993950383,1.0141907625551532,0.9847735550560708,0.001269049427333946
1,0,0,SVR,6,W1,0.183227629,0.813230783,0.6808530664909906,0.9843043125891698,0.00014338449921776907
1,0,0,SVR,6,W2,0.451623885,0.539646723,0.09008273706573695,0.9421875399077398,5.902841223126565e-06
1,0,0,RF-R,6,X,0.008890614,0.99093754,1.0119341895540297,0.953275677646779,0.0008448421918985649
1,0,0,RF-R,6,W1,0.198362199,0.797803678,0.6333989983818706,0.9054861688187514,-0.0005430171310072174
1,0,0,RF-R,6,W2,0.474888436,0.515932493,0.1311137887527908,0.8590907720026966,-0.0002470561538238214
1,0,0,XGBoost-R,6,X,0.006610516,0.992612566,1.023623922286462,0.9863688029894279,0.000411577924817752
1,0,0,XGBoost-R,6,W1,0.189327647,0.757372691,0.6786647241314727,0.9871726072863323,-0.0037070974425001068
1,0,0,XGBoost-R,6,W2,0.452493767,0.433451329,0.1563610031085195,0.924105698995303,0.018622095173186314
1,0,0,MLP-R,6,X,0.005308895,0.994588489,1.0232347403297801,0.9899242848335126,5.749745538531359e-05
1,0,0,MLP-R,6,W1,0.182591808,0.813878893,0.6688215044046795,0.9722388521332921,-4.408163210678495e-07
1,0,0,MLP-R,6,W2,0.445697003,0.545688165,0.14149384462928216,0.9377054578108656,1.728988124017894e-05
1,0,0,MLR,7,X,0.004686395,0.995456736,0.9647532883493197,1.008668006603536,1.239966551076499e-05
1,0,0,MLR,7,W1,0.193905187,0.812017031,0.629143184273947,0.9868995810804592,0.000604747956110907
1,0,0,MLR,7,W2,0.436971408,0.576374497,0.14217688277271884,1.0203539431127908,-0.00015440345964088387
1,0,0,SVR,7,X,0.004681699,0.995461289,0.9637484121999785,1.0064553902587074,1.2869667288550879e-05
1,0,0,SVR,7,W1,0.194559872,0.811382342,0.6111418988825795,0.9844953050423365,0.001254869438353623
1,0,0,SVR,7,W2,0.43641145,0.576917353,0.14298867666718068,1.0290678298122626,-6.078072238303589e-05
1,0,0,RF-R,7,X,0.008462317,0.991796137,0.9431689684780766,0.9756634165329331,0.0007838198944874697
1,0,0,RF-R,7,W1,0.2075798,0.798760067,0.5844145639238285,0.8973848870955395,0.001657889628963738
1,0,0,RF-R,7,W2,0.453809861,0.560050321,0.1380893613245582,0.9173701244225965,0.0038392001020916776
1,0,0,XGBoost-R,7,X,0.005421915,0.994101084,0.9620478252247903,1.0046807187315614,0.0002021810446057426
1,0,0,XGBoost-R,7,W1,0.198886223,0.752173383,0.6511795270130231,0.9713914035703148,-0.003830557456182293
1,0,0,XGBoost-R,7,W2,0.441768632,0.446073442,0.1538499788022205,0.9729950627118076,-0.014685498404365293
1,0,0,MLP-R,7,X,0.004685793,0.995457319,0.9647523280202842,1.0088641187400431,1.1390622427964736e-05
1,0,0,MLP-R,7,W1,0.193481818,0.81242747,0.6313847892341906,0.985293706311503,0.0006134327475009526
1,0,0,MLP-R,7,W2,0.435712609,0.57759485,0.13686267667255908,1.0190986643114766,-0.00010238544583437425
1,0,0,MLR,8,X,0.005200629,0.99439267,1.041057699717741,1.0774578959305987,-2.6842122722414706e-06
1,0,0,MLR,8,W1,0.144148689,0.844578548,0.709966733108286,1.0490327681640506,3.7490960220720734e-05
1,0,0,MLR,8,W2,0.382131401,0.587985033,0.20821697104714748,1.1446924901860935,-0.000819444615682996
1,0,0,SVR,8,X,0.005363175,0.994217412,1.0396563762331925,1.0735200046831885,0.00041593939922923706
1,0,0,SVR,8,W1,0.14367833,0.84508569,0.7341800378493017,1.0540565563950182,4.265316920178952e-05
1,0,0,SVR,8,W2,0.378623276,0.591767502,0.223646570638271,1.1060283375511033,-0.0003315192196447492
1,0,0,RF-R,8,X,0.007364252,0.992059846,1.0159642587674749,1.0471252162500584,0.0006400834987471349
1,0,0,RF-R,8,W1,0.158741459,0.828844589,0.655175245999722,0.9693825981971195,7.026853466406413e-05
1,0,0,RF-R,8,W2,0.396537182,0.572452686,0.18954919931573108,1.0457686764689578,0.0016194879752252534
1,0,0,XGBoost-R,8,X,0.005757031,0.992937375,1.0422352380659092,1.0750320354505394,-7.638716241569199e-05
1,0,0,XGBoost-R,8,W1,0.14837165,0.772323532,0.722499703542996,1.0308960409031918,-0.0014045580841944628
1,0,0,XGBoost-R,8,W2,0.388974203,0.472805852,0.19777229088309725,1.1703771194865538,0.013505723875793952
1,0,0,MLP-R,8,X,0.005198833,0.994394606,1.0408540297703237,1.0773957005704227,-2.5512437045627225e-06
1,0,0,MLP-R,8,W1,0.143850183,0.844900398,0.7075689456325761,1.0456873211875077,-4.371483014463662e-05
1,0,0,MLP-R,8,W2,0.381071335,0.589127999,0.20458166041892425,1.1392539017273955,-0.0009080651363067016
1,0,0,MLR,9,X,0.004632323,0.995374916,0.980445432916067,0.9796019188974061,8.683280667465265e-06
1,0,0,MLR,9,W1,0.177902863,0.822375128,0.6132338336108182,0.9944278542190425,-6.759077996366658e-05
1,0,0,MLR,9,W2,0.410409293,0.590232013,0.17184453661477164,0.9858611564321004,0.0
1,0,0,SVR,9,X,0.005943271,0.994066016,0.9793364494030697,0.9758030916654867,-0.0006673459202325871
1,0,0,SVR,9,W1,0.177385846,0.822891337,0.6281936139270142,0.9934140213151753,-2.662009186373826e-05
1,0,0,SVR,9,W2,0.410345175,0.59029603,0.15492171070104385,0.9904993951505044,0.004640028513632377
1,0,0,RF-R,9,X,0.009222094,0.990792316,0.9644334052012903,0.9521772360192324,-0.0009403673245608091
1,0,0,RF-R,9,W1,0.188884398,0.811410753,0.6008103415032449,0.9830479154044008,0.008015255052965875
1,0,0,RF-R,9,W2,0.423910692,0.576751712,0.1608817262516385,0.9139249578855821,0.0064714650523730825
1,0,0,XGBoost-R,9,X,0.005944666,0.99284942,0.9845416001819902,0.9804964607668026,-0.00031647760883223296
1,0,0,XGBoost-R,9,W1,0.182138422,0.783439057,0.610438359082379,1.0118633844581226,0.012381256495925896
1,0,0,XGBoost-R,9,W2,0.416515679,0.444535421,0.17131640736900172,0.9537348317731652,-0.024744970952120037
1,0,0,MLP-R,9,X,0.004620289,0.995386931,0.9809174828184913,0.9803321002015885,8.917177662870478e-06
1,0,0,MLP-R,9,W1,0.176716524,0.823559614,0.6186486015977095,1.007031073183731,-3.4856992080523065e-05
1,0,0,MLP-R,9,W2,0.409921671,0.590718873,0.17284008694406158,0.9868448337365571,0.00037237563481922197
1,0,0,MLR,10,X,0.005250057,0.994995519,0.9280115799425561,0.9609341083709249,2.5304458911690196e-06
1,0,0,MLR,10,W1,0.202905738,0.806585334,0.570342043771773,0.9573260957221758,-8.136811018839562e-05
1,0,0,MLR,10,W2,0.427114088,0.592864502,0.15124820675789702,1.0016881999975031,0.003463074026814339
1,0,0,SVR,10,X,0.005780682,0.994489714,0.9240855637067446,0.9580729252639515,0.0002534267430014059
1,0,0,SVR,10,W1,0.202790838,0.80669486,0.5252662620860982,0.958557036458673,0.0006075848135593919
1,0,0,SVR,10,W2,0.428266648,0.591765855,0.15008332781891834,0.9959001674251379,0.0008093476087238871
1,0,0,RF-R,10,X,0.007845604,0.992521381,0.9163159232098821,0.9363344683594201,-0.0002101143671143224
1,0,0,RF-R,10,W1,0.220143154,0.790154212,0.549049540323883,0.8952848904069961,-0.0019695294919458983
1,0,0,RF-R,10,W2,0.436613162,0.583809755,0.1485723260126397,0.9494370303402017,0.013307849984390375
1,0,0,XGBoost-R,10,X,0.006444277,0.992703217,0.9308678873795321,0.9564628479072097,-0.00033013239882465626
1,0,0,XGBoost-R,10,W1,0.206682248,0.760603519,0.5851138160155611,0.9499054238679555,0.00788463433806943
1,0,0,XGBoost-R,10,W2,0.431141976,0.497155555,0.17170574312861667,0.9891448746898368,0.018651620347211507
1,0,0,MLP-R,10,X,0.005249496,0.994996053,0.9280891502331613,0.960775735851508,2.4014649954384738e-06
1,0,0,MLP-R,10,W1,0.202615438,0.806862055,0.5712802419491433,0.9588640196046481,-9.248580338783174e-05
1,0,0,MLP-R,10,W2,0.422809214,0.596968013,0.14488553041461935,0.990950452330398,0.011761055790431529
1,0,1,MLR,1,X,0.002217426,0.997720403,0.11879643597723502,1.8733942961844363,0.0
1,0,1,MLR,1,W1,0.025584117,0.973698568,0.07380233029766005,1.8692238075217005,0.0
1,0,1,MLR,1,W2,0.05105706,0.947511427,0.019718391641811894,1.862424094372681,-7.668372893315789e-05
1,0,1,SVR,1,X,0.002217355,0.997720476,0.11888516551902928,1.8746644591520105,-2.5488761780323444e-06
1,0,1,SVR,1,W1,0.029216453,0.96996439,0.08584124501407964,1.8455648252072148,4.742992632711385e-05
1,0,1,SVR,1,W2,0.051020232,0.947549288,0.015032377424065057,1.8583548678332786,-2.671134029883504e-05
1,0,1,RF-R,1,X,0.010047371,0.989670926,0.11444045617391721,1.7854477144145011,0.0016227561664361567
1,0,1,RF-R,1,W1,0.03572192,0.963276526,0.0738384735940564,1.7800577254477266,0.0007334780969652788
1,0,1,RF-R,1,W2,0.064673908,0.933512797,0.016809856068694073,1.7633046760603157,-0.0006210684322261017
1,0,1,XGBoost-R,1,X,0.004545133,0.995043153,0.11872940296093268,1.8569423057534178,0.00034612550563488663
1,0,1,XGBoost-R,1,W1,0.02797473,0.966673376,0.07541583365672486,1.847451251326317,0.000685308209899016
1,0,1,XGBoost-R,1,W2,0.055090324,0.931015046,0.019170703355538922,1.8414263699050917,0.0001120537280196121
1,0,1,MLP-R,1,X,0.002218126,0.997719684,0.11874546813295798,1.8735952531898146,-1.243981488607826e-06
1,0,1,MLP-R,1,W1,0.025585842,0.973696795,0.07379812646893213,1.8692499191043719,2.8978185470540653e-06
1,0,1,MLP-R,1,W2,0.051055875,0.947512646,0.019716071149499893,1.8622693551254321,-7.725994495707544e-05
1,0,1,MLR,2,X,0.002353398,0.997582997,0.12016472778307001,1.8514074799878795,-5.86139299318944e-07
1,0,1,MLR,2,W1,0.021329686,0.978093843,0.07701615143456968,1.8615666245792497,-2.0823939944891733e-05
1,0,1,MLR,2,W2,0.051566705,0.947039615,0.019904586838043793,1.8586181544188445,0.0
1,0,1,SVR,2,X,0.002350152,0.997586331,0.12044388249173257,1.8502284603497259,-1.0481948111595862e-06
1,0,1,SVR,2,W1,0.021143682,0.978284873,0.07884687287529789,1.8572022419067593,1.8410513330735512e-05
1,0,1,SVR,2,W2,0.051619049,0.946985857,0.02005098269357889,1.8620539447439657,-5.314191851667483e-05
1,0,1,RF-R,2,X,0.005373453,0.99448132,0.118292581195178,1.8096256799705028,0.00042298587211090364
1,0,1,RF-R,2,W1,0.027263659,0.971999494,0.07423354885520318,1.8216898917986373,-0.00023618774290882217
1,0,1,RF-R,2,W2,0.059193246,0.939206953,0.018817833956203345,1.821094558913278,0.001292219439005504
1,0,1,XGBoost-R,2,X,0.003026766,0.995367933,0.11858691607660495,1.8526225601230872,-0.0009549482883280946
1,0,1,XGBoost-R,2,W1,0.022523156,0.968731283,0.07594703680413804,1.869843536950046,-0.0014327486808269007
1,0,1,XGBoost-R,2,W2,0.054284761,0.933221189,0.01732296645596022,1.8705342997305472,0.0023785048889716
1,0,1,MLP-R,2,X,0.002352174,0.997584254,0.12016241243136801,1.8513248442907972,-5.365929468093001e-07
1,0,1,MLP-R,2,W1,0.021269188,0.978155975,0.07708767859078466,1.8629988040037848,-2.486335479264801e-05
1,0,1,MLP-R,2,W2,0.051424637,0.947185523,0.01945774831044219,1.8654487558319606,0.0009063460707573912
1,0,1,MLR,3,X,0.002473726,0.997484536,0.11922253518838075,1.9147061845518016,0.0
1,0,1,MLR,3,W1,0.021748683,0.97788436,0.07656220092873652,1.903671532807571,5.411164585966688e-07
1,0,1,MLR,3,W2,0.054939052,0.944133982,0.01542645624749922,1.9102925252288407,-6.396330673341665e-07
1,0,1,SVR,3,X,0.00248076,0.997477383,0.11882393871839433,1.914595402211993,7.098349881107246e-07
1,0,1,SVR,3,W1,0.021720585,0.977912932,0.077498909056026,1.908542781294409,-7.360827527946867e-07
1,0,1,SVR,3,W2,0.05455995,0.944519481,0.012128979413026797,1.9066344494041054,1.0082414440115706e-06
1,0,1,RF-R,3,X,0.009876263,0.989957098,0.11652343053183749,1.8519745696965366,0.0006256950393995874
1,0,1,RF-R,3,W1,0.031276608,0.968195673,0.07269812985258617,1.8317199242198634,0.00043902081584404893
1,0,1,RF-R,3,W2,0.071203141,0.927595475,0.012757578664373803,1.8186722734886267,-0.0030612876900371843
1,0,1,XGBoost-R,3,X,0.005404826,0.993715,0.11833780795849376,1.8971163349411229,-0.00026213716556429124
1,0,1,XGBoost-R,3,W1,0.024971794,0.967795208,0.07757299272907368,1.8947577841706926,-0.00014385426215819398
1,0,1,XGBoost-R,3,W2,0.059845454,0.921840184,0.012342103320307463,1.8863283179226649,-0.003966378495706158
1,0,1,MLP-R,3,X,0.002473969,0.997484289,0.11923383156758698,1.9147314340397656,4.6765792204306323e-07
1,0,1,MLP-R,3,W1,0.021745594,0.977887501,0.07663143074691046,1.903441267826948,4.4276380951613347e-07
1,0,1,MLP-R,3,W2,0.054938647,0.944134394,0.01542524343803663,1.9102808315294737,-6.423852573211875e-07
1,0,1,MLR,4,X,0.002102173,0.997814305,0.11983613944341118,1.862596792203273,1.572327311905042e-07
1,0,1,MLR,4,W1,0.026343084,0.972610266,0.0726018382830588,1.8726265318228772,2.0776443881165286e-05
1,0,1,MLR,4,W2,0.050424811,0.947571736,0.01650647278645707,1.8726534423005894,4.701979707905091e-05
1,0,1,SVR,4,X,0.002372728,0.997533,0.11935036556954848,1.8590939940684976,8.739407200030192e-05
1,0,1,SVR,4,W1,0.028586542,0.970277672,0.08681777581880541,1.8655777933351587,2.752078606671482e-07
1,0,1,SVR,4,W2,0.050698558,0.947287113,0.018413745461149045,1.8576360849701488,0.0009230285568262997
1,0,1,RF-R,4,X,0.005665987,0.994108895,0.11854686296188359,1.814113309900923,0.0005279169672091743
1,0,1,RF-R,4,W1,0.034399725,0.964233522,0.07041009600199824,1.8109033062009119,-0.0001709438583909595
1,0,1,RF-R,4,W2,0.057748826,0.939956727,0.017445318405987686,1.8048707033331812,0.00257728120552031
1,0,1,XGBoost-R,4,X,0.002949945,0.996705526,0.11911465346302548,1.8608109241329465,0.00011772665788158942
1,0,1,XGBoost-R,4,W1,0.02920978,0.964273483,0.07470793766332476,1.8560458269214934,0.00022101670438781084
1,0,1,XGBoost-R,4,W2,0.054231433,0.934530076,0.016865707901515002,1.83985836292787,0.0038242749667875
1,0,1,MLP-R,4,X,0.002101369,0.99781514,0.11947407316308119,1.8626244546353632,-3.075992727197274e-09
1,0,1,MLP-R,4,W1,0.026318564,0.97263576,0.07144939778721103,1.8693081627869947,9.499951653235695e-06
1,0,1,MLP-R,4,W2,0.049696795,0.948328677,0.017256079489262145,1.871395682545635,0.0011643696463815244
1,0,1,MLR,5,X,0.002326781,0.997849024,0.10660231670935186,1.8166190151265813,5.103324654642805e-07
1,0,1,MLR,5,W1,0.024815032,0.977059922,0.06680494169181343,1.840300906940048,0.0
1,0,1,MLR,5,W2,0.0520341,0.951897451,0.015586648533337077,1.832202707156854,0.0
1,0,1,SVR,5,X,0.002319348,0.997855895,0.10699505258137036,1.815749727466948,-1.1601138846240034e-07
1,0,1,SVR,5,W1,0.026237658,0.975744786,0.05335674594586085,1.8433596826740086,-1.0867512098211573e-05
1,0,1,SVR,5,W2,0.052378069,0.951579471,0.020181972149034732,1.823424336888356,-2.2104222147656394e-05
1,0,1,RF-R,5,X,0.007661805,0.9929171,0.10722453954554123,1.7636193062964545,-0.0011799234432189553
1,0,1,RF-R,5,W1,0.033602248,0.968936644,0.06615650400973684,1.7940831639515327,-0.0007189327314926719
1,0,1,RF-R,5,W2,0.065573734,0.939380834,0.01617044962613571,1.7543764177100947,-0.0014744323731207376
1,0,1,XGBoost-R,5,X,0.003513611,0.996543329,0.10623546979256275,1.8191478986240726,-4.301756426339232e-06
1,0,1,XGBoost-R,5,W1,0.027319013,0.967799654,0.06806543821484612,1.848061151944862,-0.0015649284632407335
1,0,1,XGBoost-R,5,W2,0.055578947,0.936382854,0.015621868375456094,1.840826045690313,-0.0010523703865027545
1,0,1,MLP-R,5,X,0.002323344,0.997852202,0.10658585389045125,1.8168681520927765,2.9447819573036328e-06
1,0,1,MLP-R,5,W1,0.024826166,0.97704963,0.06683624181108092,1.8405256868103215,-6.886730182276146e-06
1,0,1,MLP-R,5,W2,0.052093069,0.951842937,0.0156068330318322,1.8329778335815117,-3.721382712043031e-05
1,0,1,MLR,6,X,0.002363371,0.997627037,0.1183711128705427,1.9130653565120164,5.188227312102888e-07
1,0,1,MLR,6,W1,0.022251693,0.977657999,0.07729994077233948,1.90437089954395,9.37487134181625e-06
1,0,1,MLR,6,W2,0.055892005,0.943881159,0.015491325672410527,1.876919331634515,6.201714628273347e-06
1,0,1,SVR,6,X,0.002359449,0.997630975,0.1181474745442572,1.9145194169915105,6.869339428172694e-07
1,0,1,SVR,6,W1,0.022206096,0.977703781,0.07824958115658456,1.9076335267177082,3.507618635645304e-05
1,0,1,SVR,6,W2,0.058625179,0.941136893,0.009618074777187912,1.8647540671831415,0.0022537854914294274
1,0,1,RF-R,6,X,0.010753005,0.989203354,0.1189405774217293,1.8411695621521562,0.0006998934591505246
1,0,1,RF-R,6,W1,0.032920072,0.966946323,0.07439503049832544,1.8404831328535631,0.000944222502454084
1,0,1,RF-R,6,W2,0.069907595,0.929808687,0.017046849995504643,1.8005131955817724,0.00043433644147431447
1,0,1,XGBoost-R,6,X,0.005102781,0.994449927,0.1188698102857653,1.905551581907197,0.0014887807043476808
1,0,1,XGBoost-R,6,W1,0.026811307,0.962772467,0.07485569775060406,1.8952260971170296,-0.002907074845050717
1,0,1,XGBoost-R,6,W2,0.060858544,0.921227118,0.01360230624063522,1.8764967568611552,6.959283498608748e-05
1,0,1,MLP-R,6,X,0.002363136,0.997627273,0.11837578573317302,1.913035322948879,7.719783100879063e-07
1,0,1,MLP-R,6,W1,0.022186107,0.977723851,0.07708557808871473,1.9069658542676045,0.00014250570631525462
1,0,1,MLP-R,6,W2,0.055584393,0.944190019,0.015748844098879854,1.8801745320980867,0.00018626792833444927
1,0,1,MLR,7,X,0.002548243,0.997474964,0.11067052900913872,1.8848447853331183,7.366559884391943e-06
1,0,1,MLR,7,W1,0.019882999,0.980298079,0.07550524050036644,1.881690747632603,1.3426591325360615e-05
1,0,1,MLR,7,W2,0.048001753,0.952435407,0.021460182255979177,1.8818437209755838,1.1247169608430418e-06
1,0,1,SVR,7,X,0.002536375,0.997486724,0.11040317177145713,1.8852057937821587,6.486676987667028e-05
1,0,1,SVR,7,W1,0.024617247,0.975606946,0.061958072887314974,1.8643969133692875,0.00019637729395762804
1,0,1,SVR,7,W2,0.04788304,0.95255304,0.027788465130134665,1.8854788843204475,-2.173447330233724e-06
1,0,1,RF-R,7,X,0.011989188,0.988119999,0.10724688233985905,1.7961498740937316,0.00393893780214617
1,0,1,RF-R,7,W1,0.030902719,0.969378717,0.07303328471917567,1.7938315818521755,0.002902128319114128
1,0,1,RF-R,7,W2,0.060758857,0.939794485,0.022235317788068885,1.7894524363198012,0.003271362774448017
1,0,1,XGBoost-R,7,X,0.006988625,0.991080741,0.10768419528831301,1.8689931857835247,-0.0024299258875859486
1,0,1,XGBoost-R,7,W1,0.025804101,0.966643969,0.07522882261529251,1.859100861036037,-0.002468716875519794
1,0,1,XGBoost-R,7,W2,0.053847851,0.930621068,0.018868187685348304,1.8540540319010907,-0.003054079185201286
1,0,1,MLP-R,7,X,0.002548089,0.997475117,0.11065942103615836,1.8848933132469579,6.91402475062608e-06
1,0,1,MLP-R,7,W1,0.019840113,0.980340574,0.0754308768865862,1.886503794500316,3.0528551680220065e-05
1,0,1,MLP-R,7,W2,0.047917292,0.9525191,0.0211936082868574,1.887271713473022,2.4646882653522884e-05
1,0,1,MLR,8,X,0.00224895,0.997779989,0.11509884740827003,1.8650982253408295,1.0973872441533139e-05
1,0,1,MLR,8,W1,0.020494257,0.979769461,0.07499547114336151,1.8718802288790237,2.13941186597566e-06
1,0,1,MLR,8,W2,0.05050258,0.950147281,0.017673243080529467,1.859389590729571,3.621883465267928e-05
1,0,1,SVR,8,X,0.002247365,0.997781554,0.1149563519370909,1.864881242633129,1.1639505831306796e-05
1,0,1,SVR,8,W1,0.022187185,0.978098317,0.0877418450127117,1.8654512157110184,-0.00016771828948355382
1,0,1,SVR,8,W2,0.050350437,0.950297466,0.02025102410304669,1.853807506797543,0.0013026983632307809
1,0,1,RF-R,8,X,0.006488507,0.993594987,0.1129078763172235,1.81713131339566,-0.0010032977226762884
1,0,1,RF-R,8,W1,0.024880411,0.975439747,0.07308864366396174,1.8238908290046425,0.0013695669158147572
1,0,1,RF-R,8,W2,0.056453621,0.944272817,0.01738407221516016,1.8115726826762433,0.0015860759006233738
1,0,1,XGBoost-R,8,X,0.003341045,0.996564147,0.11560717850255249,1.8857740605442381,0.0003812857102359457
1,0,1,XGBoost-R,8,W1,0.023107985,0.970518533,0.07470842109636107,1.895088039379398,0.00040231469084595073
1,0,1,XGBoost-R,8,W2,0.053217579,0.936844869,0.02001023073896342,1.8862738367726866,0.0025594458821638576
1,0,1,MLP-R,8,X,0.002244331,0.997784549,0.11515183246566556,1.8662395107924676,1.2500337088372503e-05
1,0,1,MLP-R,8,W1,0.020494159,0.979769557,0.07499732328680407,1.8718792613269524,2.155535987824475e-06
1,0,1,MLP-R,8,W2,0.050269373,0.950377487,0.018484726158433728,1.858261154606539,0.00017107269216599664
1,0,1,MLR,9,X,0.002377634,0.997750696,0.1181299678878192,1.8047436361449285,2.232618987019208e-07
1,0,1,MLR,9,W1,0.028338302,0.973191227,0.07223630432049227,1.8003717471478506,-3.310585922035036e-05
1,0,1,MLR,9,W2,0.054742248,0.948212405,0.018818664058918598,1.8080808470014325,-0.00012027246723218532
1,0,1,SVR,9,X,0.002384301,0.997744389,0.11770285600165498,1.806080675159246,3.182336315465939e-07
1,0,1,SVR,9,W1,0.031117858,0.970561694,0.0861670524394399,1.793930102854556,0.0008796400041343411
1,0,1,SVR,9,W2,0.054613205,0.948334483,0.017202083819087298,1.8187056829703518,-6.857051250857005e-05
1,0,1,RF-R,9,X,0.007238356,0.993152327,0.11558567839438467,1.739144176870763,0.002287627335049314
1,0,1,RF-R,9,W1,0.040097677,0.962066551,0.06927861535026614,1.7416503876451046,0.003117540722838741
1,0,1,RF-R,9,W2,0.069607193,0.934149779,0.018099981055793957,1.7331925242383002,0.001002649890367391
1,0,1,XGBoost-R,9,X,0.003494441,0.996457389,0.11652299869111045,1.7953042817254896,0.0004628098296261318
1,0,1,XGBoost-R,9,W1,0.030657768,0.966077083,0.06933921675963794,1.7766199457002962,0.002988674339177766
1,0,1,XGBoost-R,9,W2,0.057028844,0.936518066,0.018567073005403313,1.7917149147803832,0.003884445029256467
1,0,1,MLP-R,9,X,0.002377177,0.997751128,0.11813651747830219,1.804652392540148,2.726147976694904e-07
1,0,1,MLP-R,9,W1,0.028337475,0.973192009,0.07223731744609894,1.8003937370048544,-3.2999200150130024e-05
1,0,1,MLP-R,9,W2,0.054738389,0.948216056,0.018831917484764316,1.8080668651832004,-0.00011693982791233237
1,0,1,MLR,10,X,0.002316618,0.997808975,0.11000743152393881,1.8419433640434573,0.0
1,0,1,MLR,10,W1,0.023154662,0.978100642,0.07115813201954908,1.8505668395621988,-4.871027177166809e-08
1,0,1,MLR,10,W2,0.051068951,0.951699694,0.018893633933861974,1.8556525408197335,5.762723661506541e-06
1,0,1,SVR,10,X,0.002650982,0.997492738,0.10925501065353535,1.831128503302833,0.001062816761081098
1,0,1,SVR,10,W1,0.023234554,0.978025081,0.07303923384019823,1.847984406655705,1.509646198727399e-06
1,0,1,SVR,10,W2,0.051148489,0.951624469,0.014297501869808615,1.8495606250932113,6.003565189305338e-06
1,0,1,RF-R,10,X,0.006689754,0.993672923,0.10692120165403218,1.7852326705187977,0.00045209434024447994
1,0,1,RF-R,10,W1,0.027973721,0.973542842,0.06965873180107289,1.7874278379215678,0.00267491276440327
1,0,1,RF-R,10,W2,0.057913597,0.945226123,0.016513075676765132,1.7906803704743601,0.0021346463679979945
1,0,1,XGBoost-R,10,X,0.003349494,0.995128834,0.10852919353319343,1.8482957297535996,-0.0006528120683183425
1,0,1,XGBoost-R,10,W1,0.024276765,0.970806247,0.06975950242488094,1.8573855630437717,0.0008228991465764057
1,0,1,XGBoost-R,10,W2,0.052640094,0.942031519,0.01905908802234485,1.8576440415873456,0.005248888078886927
1,0,1,MLP-R,10,X,0.002316582,0.997809009,0.11000727431591147,1.8419832691231792,-7.235657489834679e-08
1,0,1,MLP-R,10,W1,0.023154404,0.978100885,0.07118543628417691,1.8504125877698239,7.146565616178435e-07
1,0,1,MLP-R,10,W2,0.05096476,0.951798236,0.01766505490268231,1.8568006592619404,1.497444445209828e-05
1,0,2,MLR,1,X,0.002113001,0.998008378,0.36751165925105256,1.627828294971205,0.0
1,0,2,MLR,1,W1,0.07724032,0.927196665,0.22720668046733206,1.618132729939673,0.0
1,0,2,MLR,1,W2,0.15774957,0.851312181,0.06707678455005336,1.6469699517202105,0.0
1,0,2,SVR,1,X,0.002120505,0.998001305,0.36756507283215806,1.6277416174451684,-4.628158134201143e-06
1,0,2,SVR,1,W1,0.077257172,0.927180782,0.2304262998044006,1.6108564273974046,-0.00011436662103114781
1,0,2,SVR,1,W2,0.156876572,0.85213503,0.08678034402773956,1.6328430379902403,-0.00016072771174182598
1,0,2,RF-R,1,X,0.011202632,0.98944089,0.3581369919356414,1.558555913606161,-0.0003165941728272226
1,0,2,RF-R,1,W1,0.090176382,0.915003701,0.2179576449844693,1.545336755368935,0.0024371505020848727
1,0,2,RF-R,1,W2,0.179329177,0.830972191,0.06185405569669038,1.5384554569409388,0.002519456836503742
1,0,2,XGBoost-R,1,X,0.006186173,0.993200034,0.36539339076880795,1.6112405355571293,0.0005218101060967317
1,0,2,XGBoost-R,1,W1,0.087059039,0.899224947,0.22569077522668346,1.612156465214571,0.00435968743473768
1,0,2,XGBoost-R,1,W2,0.170957356,0.785970942,0.05898509165189515,1.6157519387126722,-0.007978649440531527
1,0,2,MLP-R,1,X,0.002116355,0.998005217,0.3674786044941233,1.6280884221051388,-2.556872741721339e-06
1,0,2,MLP-R,1,W1,0.077308959,0.927131969,0.22673319876092882,1.612882123114567,-0.0001517265228898057
1,0,2,MLP-R,1,W2,0.158221981,0.850866907,0.06711271096925195,1.6475802910637607,-0.00040837848581196654
1,0,2,MLR,2,X,0.002136203,0.997973112,0.37943627535597607,1.5039251956065083,1.8560218007723784e-06
1,0,2,MLR,2,W1,0.069685052,0.933880902,0.25573837824431844,1.5327062753172946,0.0
1,0,2,MLR,2,W2,0.181532188,0.827757258,0.05207295376088792,1.5363113928327095,0.0
1,0,2,SVR,2,X,0.002133704,0.997975483,0.37976275987206254,1.5042267009043027,1.995933574872044e-06
1,0,2,SVR,2,W1,0.073293322,0.930457276,0.25954334957531944,1.5331253416461859,-0.0009045851130161098
1,0,2,SVR,2,W2,0.179376022,0.829803087,0.03985352649089759,1.5424465727707084,-0.00029718513138882185
1,0,2,RF-R,2,X,0.007097403,0.993265789,0.3737704373133551,1.4541202819668824,-0.0004716845356038113
1,0,2,RF-R,2,W1,0.081344889,0.922817728,0.2514975052296617,1.4786992793905338,0.0003884123121126959
1,0,2,RF-R,2,W2,0.194439047,0.815510874,0.05292939663038402,1.464147081423687,0.0020755775047906376
1,0,2,XGBoost-R,2,X,0.003221933,0.996802738,0.3804075733197063,1.5018993439658046,0.00017551106269536598
1,0,2,XGBoost-R,2,W1,0.072787495,0.912599748,0.2549372574847692,1.5291399730397806,-0.00010784136977078917
1,0,2,XGBoost-R,2,W2,0.185347386,0.795328573,0.05076779206522447,1.5479107284717462,0.010028985547966685
1,0,2,MLP-R,2,X,0.002135928,0.997973373,0.37945160063813005,1.503845484755735,1.961163547092859e-06
1,0,2,MLP-R,2,W1,0.069763644,0.933806332,0.25581533940710155,1.532856912641609,-5.8517686811598854e-05
1,0,2,MLP-R,2,W2,0.180914236,0.828343587,0.03751549821828785,1.5394931341320572,-0.0005091696453211281
1,0,2,MLR,3,X,0.002063845,0.997942161,0.401716755394743,1.6454362329452323,1.7079433250688504e-06
1,0,2,MLR,3,W1,0.068913145,0.931287405,0.2688381854445204,1.6496794000114074,4.42166590690074e-05
1,0,2,MLR,3,W2,0.169344996,0.831147832,0.06850956427956036,1.6538811155147957,0.0
1,0,2,SVR,3,X,0.002418339,0.997588699,0.40177764792744985,1.6409187889553962,4.290482033436627e-05
1,0,2,SVR,3,W1,0.069165887,0.9310354,0.2512713432963973,1.6453026985752994,2.5714879785765366e-05
1,0,2,SVR,3,W2,0.174058048,0.826448495,0.04068443155518421,1.6384101143575431,-0.0004483385605973611
1,0,2,RF-R,3,X,0.006504364,0.993514565,0.3983319238608042,1.5916977142654487,0.00022271985582762445
1,0,2,RF-R,3,W1,0.080127392,0.920105794,0.2614849133172871,1.583451991932447,0.0016766524248855498
1,0,2,RF-R,3,W2,0.194474317,0.806091641,0.06149913887505569,1.5574073324290816,-0.001191904935937449
1,0,2,XGBoost-R,3,X,0.002963641,0.996410102,0.40338499188820265,1.6469802571962764,-0.00029789837527112174
1,0,2,XGBoost-R,3,W1,0.071173772,0.902455656,0.27041820729761384,1.6481548667131214,-0.0024934959529504643
1,0,2,XGBoost-R,3,W2,0.179221207,0.776450293,0.06951736536841427,1.6476363865911612,0.0007581154510690302
1,0,2,MLP-R,3,X,0.002062946,0.997943057,0.40173173020756475,1.6453844825530992,3.5074273388224774e-06
1,0,2,MLP-R,3,W1,0.068207595,0.931990903,0.2645394463764716,1.6220338267869079,0.0007404934919318484
1,0,2,MLP-R,3,W2,0.170596518,0.829899952,0.06918619996923243,1.6553765526969368,-0.0009240353594417549
1,0,2,MLR,4,X,0.002040966,0.99809685,0.36923756496255367,1.5890132280414022,3.6974667395606174e-07
1,0,2,MLR,4,W1,0.082265264,0.923289685,0.22200237649776092,1.5718030329311092,0.0
1,0,2,MLR,4,W2,0.154246896,0.8561686,0.06670030066267299,1.6057646129585268,7.51068724873516e-06
1,0,2,SVR,4,X,0.002047301,0.998090942,0.37011116902866176,1.5891998101434759,2.484642454003705e-07
1,0,2,SVR,4,W1,0.082550356,0.923023843,0.19505831893258535,1.5889325971879131,1.6136948346456848e-05
1,0,2,SVR,4,W2,0.153887567,0.856503666,0.07945740090078782,1.6077034467219158,8.58532586972549e-06
1,0,2,RF-R,4,X,0.005779415,0.99461084,0.36567669952281506,1.5538683154348487,-0.0005876010494414885
1,0,2,RF-R,4,W1,0.096963017,0.909584395,0.20908748575755212,1.4989953682408825,-0.0027125997083289
1,0,2,RF-R,4,W2,0.170128517,0.841359383,0.06240118781065116,1.5513050919985434,0.0014808122345854823
1,0,2,XGBoost-R,4,X,0.002793355,0.997262629,0.36912182796942483,1.585111236936272,0.0001818975879349649
1,0,2,XGBoost-R,4,W1,0.085488365,0.897567174,0.2130248572485927,1.5646867859716092,-0.003296915772153186
1,0,2,XGBoost-R,4,W2,0.160636841,0.820994708,0.06505797983250199,1.589651321587855,0.010378057434054367
1,0,2,MLP-R,4,X,0.002039019,0.998098665,0.3680507933480193,1.5894921187036677,4.4872927527084274e-07
1,0,2,MLP-R,4,W1,0.082104387,0.923439698,0.21988073132102706,1.5924328996311077,-1.8031180946753712e-05
1,0,2,MLP-R,4,W2,0.15424352,0.856171749,0.06672614488933375,1.6057780553141896,7.35862613367999e-06
1,0,2,MLR,5,X,0.001977989,0.998130503,0.37040580347359486,1.6521498559745253,4.982702826117347e-07
1,0,2,MLR,5,W1,0.062166275,0.941243499,0.2458945506387371,1.6403542287031097,0.0
1,0,2,MLR,5,W2,0.178056105,0.831710141,0.04947354499177642,1.6500810920959208,0.0
1,0,2,SVR,5,X,0.002703878,0.997444428,0.36842015683397455,1.6454758369884281,-0.0003775334005396092
1,0,2,SVR,5,W1,0.062019693,0.941382041,0.25196744349657707,1.645035954319436,-2.8606871771863496e-05
1,0,2,SVR,5,W2,0.195457869,0.815262851,0.0035262401478599937,1.6349818213619352,5.622902888199333e-05
1,0,2,RF-R,5,X,0.006848429,0.993527202,0.3584853713469413,1.5978449359744284,7.631573871211828e-05
1,0,2,RF-R,5,W1,0.073112182,0.930897967,0.24051009104018842,1.567957511219311,0.0016384286691945693
1,0,2,RF-R,5,W2,0.198925125,0.811985771,0.04328952043122327,1.5415149105423631,-0.0047560367473602596
1,0,2,XGBoost-R,5,X,0.003043471,0.996431091,0.3679834205665927,1.6388610478256163,-0.00030315682392714207
1,0,2,XGBoost-R,5,W1,0.064746914,0.917229736,0.24808546793556321,1.6257903944454632,-0.0031922466793302016
1,0,2,XGBoost-R,5,W2,0.184080425,0.768652376,0.04196843507091162,1.6321506940621326,-0.01039237137296627
1,0,2,MLP-R,5,X,0.001967868,0.998140068,0.37037134683553374,1.649450602694283,2.498872847078726e-06
1,0,2,MLP-R,5,W1,0.062299444,0.941117635,0.2458643109419288,1.6401978695939303,-0.00011141444051482319
1,0,2,MLP-R,5,W2,0.17801074,0.831753017,0.049238013554689965,1.6476492068113113,-0.0003641525692265835
1,0,2,MLR,6,X,0.002275154,0.997795426,0.40472512117064613,1.5982663155528258,-7.160557716878735e-07
1,0,2,MLR,6,W1,0.089495483,0.913280833,0.24417037526216162,1.5845001749056,0.0008199661526333779
1,0,2,MLR,6,W2,0.181235872,0.824386399,0.05658855236549641,1.5590376653806417,0.00011344452602620735
1,0,2,SVR,6,X,0.00227738,0.997793268,0.40286362404670034,1.6011210761926293,-5.83973689201045e-06
1,0,2,SVR,6,W1,0.091060672,0.911764198,0.20884927691956462,1.5813959720432587,0.0002021164672381337
1,0,2,SVR,6,W2,0.181317682,0.824307127,0.05135206467787647,1.5581096961425687,3.2353679837093806e-05
1,0,2,RF-R,6,X,0.007423364,0.992806922,0.3926723895678406,1.5557700635493654,-0.0011753096514395046
1,0,2,RF-R,6,W1,0.095753641,0.907216814,0.2340111528633096,1.5415691267791147,0.004902698930543225
1,0,2,RF-R,6,W2,0.192343418,0.81362343,0.055762880562763975,1.4858462409188355,0.0022694491497902702
1,0,2,XGBoost-R,6,X,0.003446184,0.994007403,0.4066246358572072,1.5976327272767108,-0.001961066094722341
1,0,2,XGBoost-R,6,W1,0.091799823,0.896067234,0.25173175412193016,1.6091842660200324,0.009362641889053235
1,0,2,XGBoost-R,6,W2,0.187325041,0.761378487,0.05463392263093594,1.5348662984895516,-0.009726281331013331
1,0,2,MLP-R,6,X,0.002275191,0.99779539,0.404726002717533,1.5982518706686377,-7.111039555862675e-07
1,0,2,MLP-R,6,W1,0.089345868,0.913425806,0.24296781883219998,1.5872578914863489,0.001275713837084358
1,0,2,MLP-R,6,W2,0.180749925,0.824857272,0.05745755534547413,1.5577462067997665,0.00018927606062393298
1,0,2,MLR,7,X,0.0020296,0.997896541,0.4056636126271683,1.5594387889139758,-5.552908229367048e-06
1,0,2,MLR,7,W1,0.060229974,0.937578216,0.26727450020409843,1.5906823598291382,0.0002843493729830948
1,0,2,MLR,7,W2,0.162022232,0.832081669,0.07423616742720791,1.6235259853995658,0.0008550375701020907
1,0,2,SVR,7,X,0.002026178,0.997900088,0.4056072935371898,1.5590723569810643,-4.93208098514275e-06
1,0,2,SVR,7,W1,0.059934445,0.9378845,0.2855202095457524,1.5861780920334467,-2.119486771771095e-05
1,0,2,SVR,7,W2,0.162676514,0.831403577,0.08083695242728316,1.6052750977787755,3.3468444368056625e-05
1,0,2,RF-R,7,X,0.006174891,0.993600401,0.40319118516483227,1.5038332195576434,0.001603705769465591
1,0,2,RF-R,7,W1,0.07062588,0.926803997,0.2666933196201722,1.5165942239853285,0.003867318163632594
1,0,2,RF-R,7,W2,0.178686383,0.814811098,0.07599977328449511,1.5462707214044493,0.0023118722767457188
1,0,2,XGBoost-R,7,X,0.003692783,0.995492452,0.40753438993278135,1.5506728565497891,-0.00046284967138839896
1,0,2,XGBoost-R,7,W1,0.065556031,0.909766127,0.273354997198861,1.573915286132695,0.00254068131750379
1,0,2,XGBoost-R,7,W2,0.169685286,0.778598454,0.07701551117495915,1.6115038399805042,-0.0005430725684499649
1,0,2,MLP-R,7,X,0.002027985,0.997898215,0.4055120558553587,1.5591153805946487,-5.610582638693185e-06
1,0,2,MLP-R,7,W1,0.060251599,0.937555805,0.2662442496146483,1.5915640840260046,0.00033860510973672265
1,0,2,MLP-R,7,W2,0.161303458,0.8328266,0.07544838321548782,1.6299413517736323,0.002860016718832026
1,0,2,MLR,8,X,0.001978851,0.997967971,0.4326779598830762,1.5899959553032623,3.590471352454827e-07
1,0,2,MLR,8,W1,0.076776092,0.921160688,0.2742336371455579,1.5847192028250159,0.00026509850964063776
1,0,2,MLR,8,W2,0.171375599,0.824018989,0.07934078387623492,1.5913662537377493,-2.555659433013391e-05
1,0,2,SVR,8,X,0.008277939,0.991499606,0.4119905942794744,1.5723122774034215,-0.0015572336557629018
1,0,2,SVR,8,W1,0.076650356,0.921289803,0.28563058292288407,1.5838198606467904,6.71498916013813e-05
1,0,2,SVR,8,W2,0.171115642,0.824285932,0.08471354066079204,1.5905511608943268,-5.337175660202753e-06
1,0,2,RF-R,8,X,0.00933477,0.990414374,0.4280535941460724,1.527761678401867,-0.00020928849527995785
1,0,2,RF-R,8,W1,0.092119572,0.90540488,0.27280147069066774,1.5162824005152014,0.003596629186769318
1,0,2,RF-R,8,W2,0.193408121,0.801394382,0.07523651198639482,1.4682270444749521,0.0014635736341593209
1,0,2,XGBoost-R,8,X,0.004507408,0.99462701,0.43090117748257234,1.5696739042368324,-0.00023223293301696257
1,0,2,XGBoost-R,8,W1,0.083978219,0.89072717,0.27482543251778835,1.5521613763713962,0.0052024458393140184
1,0,2,XGBoost-R,8,W2,0.17885933,0.766487368,0.07405562422906446,1.5668997011955998,-0.0031261717047016526
1,0,2,MLP-R,8,X,0.00197843,0.997968403,0.4327046875554751,1.5899433588711214,3.778947007870848e-07
1,0,2,MLP-R,8,W1,0.076717813,0.921220533,0.27617331885760893,1.5775645189833447,0.00014221388449259242
1,0,2,MLP-R,8,W2,0.171374592,0.824020022,0.07934903427187487,1.5912044316600649,-2.5555548160716147e-05
1,0,2,MLR,9,X,0.00208264,0.997954822,0.3844896009662974,1.6425221961045526,0.0
1,0,2,MLR,9,W1,0.06343222,0.937708789,0.2638799679967475,1.6240785714671584,0.0
1,0,2,MLR,9,W2,0.166364361,0.836628175,0.06237160504663518,1.6493111090651298,0.0
1,0,2,SVR,9,X,0.003105269,0.996950588,0.38185606788614,1.632983765928763,-0.0001878141011990353
1,0,2,SVR,9,W1,0.065831684,0.935352486,0.2806144569078082,1.6026992550729708,0.0003728330616586062
1,0,2,SVR,9,W2,0.165949991,0.837035092,0.06935500626791742,1.638201901917872,-4.392498915569698e-05
1,0,2,RF-R,9,X,0.007375355,0.992757311,0.37761494193644607,1.5939460816849063,0.001047665161437872
1,0,2,RF-R,9,W1,0.075875005,0.925489823,0.24662128776834885,1.5668968653963335,-0.0006533290565306383
1,0,2,RF-R,9,W2,0.17555228,0.827605527,0.062448210920453696,1.5493133390358338,-0.000794213720043746
1,0,2,XGBoost-R,9,X,0.003338151,0.996668102,0.3829141080340983,1.633372466607802,0.00020249683826070174
1,0,2,XGBoost-R,9,W1,0.067317312,0.912986671,0.25999406273096615,1.6123932255621862,-0.0019762542317668273
1,0,2,XGBoost-R,9,W2,0.172191385,0.79143466,0.06558155656364238,1.6358953378460979,-0.006692802990452995
1,0,2,MLP-R,9,X,0.002081916,0.997955533,0.3844857688812075,1.6427734475975622,-1.1733237825772846e-07
1,0,2,MLP-R,9,W1,0.063410096,0.937730515,0.2638151267535595,1.6211384850848176,-2.076234458362469e-05
1,0,2,MLP-R,9,W2,0.166210304,0.836779462,0.06467534924234425,1.6653816563737542,0.0012067295479685658
1,0,2,MLR,10,X,0.002045559,0.997752663,0.43145996697311606,1.5566762593562262,2.530046611359804e-06
1,0,2,MLR,10,W1,0.07513724,0.917451054,0.27237664307929504,1.5764632910690668,5.070150102715054e-05
1,0,2,MLR,10,W2,0.173293363,0.809612591,0.0643348209721668,1.5394852016216585,0.0
1,0,2,SVR,10,X,0.003694888,0.99594064,0.42969084681007885,1.5527784829131828,0.0003663748740812212
1,0,2,SVR,10,W1,0.075073045,0.917521581,0.2784101207787011,1.5709396760823828,3.0639209505434196e-05
1,0,2,SVR,10,W2,0.173337352,0.809564263,0.06604980107502469,1.5331230013016972,2.0596008181650304e-05
1,0,2,RF-R,10,X,0.006708697,0.992629542,0.42829703283524234,1.5193498486997652,-0.0008559092675902713
1,0,2,RF-R,10,W1,0.083864654,0.907862748,0.26732958219598785,1.532045719079159,-0.0010790389267134604
1,0,2,RF-R,10,W2,0.184710581,0.797069153,0.06409928676976548,1.495343374483581,-0.0034973899561978605
1,0,2,XGBoost-R,10,X,0.00342421,0.995948107,0.43153166382070546,1.5543151381219957,0.0006995684560736404
1,0,2,XGBoost-R,10,W1,0.077965787,0.891334721,0.2683163024476245,1.5708426214942772,-0.00336322923567185
1,0,2,XGBoost-R,10,W2,0.175610226,0.758801696,0.05407023429702821,1.5283109605350755,-0.01579961729645881
1,0,2,MLP-R,10,X,0.002034862,0.997764415,0.4313892007524377,1.5572829423332446,4.12756029553929e-05
1,0,2,MLP-R,10,W1,0.075135905,0.91745252,0.2723575227420773,1.5763605955591034,5.103298890711816e-05
1,0,2,MLP-R,10,W2,0.173069568,0.809858462,0.06650821136553473,1.5298320490137423,0.00012101174635523738
1,1,0,MLR,1,X,0.005233677,0.994887218,0.9646416459162485,1.0238583320396124,0.0
1,1,0,MLR,1,W1,0.202816483,0.801868457,0.5892507287281126,1.0209511936264517,0.00027183466100662025
1,1,0,MLR,1,W2,0.434126627,0.57590144,0.13904003855623323,1.0740357735174109,-1.3824477585511196e-05
1,1,0,SVR,1,X,0.005145883,0.994972984,0.9611742243426342,1.0151052443293538,-5.369471588911878e-07
1,1,0,SVR,1,W1,0.201248683,0.803400042,0.556367440160138,1.0169911491190453,0.0002063254787301183
1,1,0,SVR,1,W2,0.434507784,0.575529088,0.10891050930043567,1.0696719653678324,0.0016552810208155023
1,1,0,RF-R,1,X,0.008642965,0.991556682,0.9463504775532906,0.9856192420985075,4.80162667084838e-05
1,1,0,RF-R,1,W1,0.207785697,0.79701403,0.5665748598230151,0.9735702362509322,0.006436204776428212
1,1,0,RF-R,1,W2,0.445260801,0.565024459,0.12410183004076836,0.9877870723574409,0.00493265946399678
1,1,0,XGBoost-R,1,X,0.005894796,0.993302874,0.9627614325632567,1.0184460625304432,0.00015818908046765222
1,1,0,XGBoost-R,1,W1,0.205359632,0.764403095,0.5904465143828659,1.0273910957376973,0.011821245865685781
1,1,0,XGBoost-R,1,W2,0.441748496,0.484430405,0.1340318760615621,1.0731899669084655,0.009572616356680452
1,1,0,MLP-R,1,X,0.005201653,0.994918502,0.9632463043228681,1.020695517829682,-2.062965237703551e-06
1,1,0,MLP-R,1,W1,0.202464273,0.802212531,0.5869764346569925,1.0182185380875075,0.0002413019937525629
1,1,0,MLP-R,1,W2,0.43209171,0.577889352,0.13822559905377138,1.0703851143192833,-0.000217997864116104
1,1,0,MLR,2,X,0.004994368,0.99509909,0.9971729089084519,1.0109037592579546,6.9453575968325685e-06
1,1,0,MLR,2,W1,0.201813751,0.801962733,0.6369337845439587,0.9916339417732483,0.0
1,1,0,MLR,2,W2,0.425669169,0.582296259,0.17936892014602243,0.9508569845238665,0.0
1,1,0,SVR,2,X,0.004987395,0.995105933,0.9982842703469862,1.0135602268508983,1.0457941815356086e-05
1,1,0,SVR,2,W1,0.203394383,0.800411679,0.6495534438051948,0.9857144821720679,-0.0003752487293784856
1,1,0,SVR,2,W2,0.425363589,0.58259612,0.17203016334087118,0.9696448219057222,-6.377883757623382e-05
1,1,0,RF-R,2,X,0.00961661,0.990563343,0.9737219213949361,0.9661914124365605,0.0006657770119872341
1,1,0,RF-R,2,W1,0.221621545,0.782525597,0.6028195485561108,0.9070651146207721,-0.0018033561139582433
1,1,0,RF-R,2,W2,0.449176542,0.559228773,0.1705766722851212,0.8678782157653302,0.0021829657487215546
1,1,0,XGBoost-R,2,X,0.006613226,0.992604504,0.9962751498701179,1.0050718879977742,-0.00017331784274241536
1,1,0,XGBoost-R,2,W1,0.207893011,0.733726393,0.6446452668792432,0.9586683329924792,-0.010773872644045546
1,1,0,XGBoost-R,2,W2,0.428685783,0.471914165,0.16929549902466098,0.9647722132817785,0.006919027271221012
1,1,0,MLP-R,2,X,0.004993188,0.995100248,0.9969156790733734,1.0109251625528162,5.041298223673607e-06
1,1,0,MLP-R,2,W1,0.200663312,0.803091644,0.6170906995594496,0.9885123913169458,-0.00015625981817454226
1,1,0,MLP-R,2,W2,0.426028066,0.581944078,0.18031078201358752,0.9499890081092491,-9.7947312132185e-05
1,1,0,MLR,3,X,0.005023905,0.994988415,0.9566518703564943,1.041447908247985,-5.4674170744450915e-06
1,1,0,MLR,3,W1,0.165265285,0.835139978,0.6321535029276385,1.0365337311795086,0.0
1,1,0,MLR,3,W2,0.401141431,0.599842247,0.1727516875350068,1.0480103236549823,0.0
1,1,0,SVR,3,X,0.00566523,0.994348663,0.9552857954489744,1.0420828778407722,-0.00012634919420921874
1,1,0,SVR,3,W1,0.165379403,0.83502614,0.6167243422948089,1.0294007707670143,-5.966457554329452e-06
1,1,0,SVR,3,W2,0.401517271,0.599467328,0.17629749491048946,1.052135707715199,5.75722691683711e-05
1,1,0,RF-R,3,X,0.008108455,0.991911429,0.9404066355270156,1.0109631715608802,-0.0002673377587717685
1,1,0,RF-R,3,W1,0.175305753,0.825124131,0.5990989563974976,0.9684477551054712,-0.00012999603802146264
1,1,0,RF-R,3,W2,0.42462961,0.576411665,0.15855750773651014,0.9574868967646488,-0.00400528305068667
1,1,0,XGBoost-R,3,X,0.005743862,0.993199771,0.9544369375723335,1.0397751157903508,0.00030361743278198847
1,1,0,XGBoost-R,3,W1,0.169529992,0.791288564,0.6349692671693367,1.0139496470101708,0.005287562822132575
1,1,0,XGBoost-R,3,W2,0.409739371,0.472804415,0.15652742191660043,1.0150408752721773,-0.003198837574761482
1,1,0,MLP-R,3,X,0.00502301,0.994989307,0.9566636274377224,1.0414113461002696,-5.141902831262701e-06
1,1,0,MLP-R,3,W1,0.165356173,0.835049313,0.6319469113734101,1.0373647857567954,-3.199483335696307e-05
1,1,0,MLP-R,3,W2,0.400847977,0.600134981,0.17374976598096442,1.0488310362437259,0.00011177992398757608
1,1,0,MLR,4,X,0.004753728,0.995407337,0.9743919394492455,1.1231475089645997,0.0
1,1,0,MLR,4,W1,0.206612031,0.800388376,0.5789712511119848,1.104654389226245,0.0
1,1,0,MLR,4,W2,0.436645758,0.578148628,0.13974384654089694,1.0939861004997131,-7.779771784344192e-07
1,1,0,SVR,4,X,0.005508085,0.99467854,0.9679363742082836,1.1189098652905365,0.0003299549421834413
1,1,0,SVR,4,W1,0.227062817,0.780630502,0.7242401125663347,1.133456826853284,-2.8577173882637917e-05
1,1,0,SVR,4,W2,0.491177397,0.525464624,0.017725297495645952,1.0767198592535603,-4.5945514632994565e-06
1,1,0,RF-R,4,X,0.008169895,0.992106917,0.9497620691337275,1.0778463667087645,0.0014492087950331966
1,1,0,RF-R,4,W1,0.222853176,0.784697512,0.547525515040507,1.0652255898660168,0.0090875680367123
1,1,0,RF-R,4,W2,0.45514053,0.560280494,0.1268603664907296,0.9846633584625286,0.0006055455266017695
1,1,0,XGBoost-R,4,X,0.005478883,0.993405152,0.9694612390612839,1.1178733257563942,-0.00019299389334253013
1,1,0,XGBoost-R,4,W1,0.215246098,0.733824609,0.5613113463879313,1.1036041309219566,-0.005672313701809173
1,1,0,XGBoost-R,4,W2,0.451107021,0.456724256,0.1265682907925086,1.0890603708265514,0.0031854953643395746
1,1,0,MLP-R,4,X,0.004759387,0.99540187,0.9743701706863833,1.1231696809308631,-4.506326118691728e-06
1,1,0,MLP-R,4,W1,0.206598406,0.800401539,0.5754478160237693,1.1062101710707983,-4.121384250169724e-05
1,1,0,MLP-R,4,W2,0.436572949,0.57821897,0.13537024921857613,1.0932493077677505,1.8522724885228215e-06
1,1,0,MLR,5,X,0.005082718,0.995029883,0.9747300836405337,0.9955366782982086,1.301599760512584e-05
1,1,0,MLR,5,W1,0.187113029,0.817032205,0.6424637638313915,1.018872519655872,-9.706697018803112e-05
1,1,0,MLR,5,W2,0.429630984,0.579886905,0.15202293405745956,1.0064353593907702,-0.000862135313841883
1,1,0,SVR,5,X,0.005809149,0.994319544,0.9696819147173155,0.9870149383153229,0.0013607503963888768
1,1,0,SVR,5,W1,0.186701428,0.817434688,0.6225319480559051,1.0147572322974894,-2.008156077459855e-05
1,1,0,SVR,5,W2,0.429068508,0.58043692,0.11527136534270391,1.0019200599265605,-0.00017981587158992783
1,1,0,RF-R,5,X,0.008249792,0.991932971,0.97218255495529,0.9588095743572357,0.0011162174875548824
1,1,0,RF-R,5,W1,0.203071872,0.801426909,0.6113390842614447,0.9171258620310031,-0.0004371590929043934
1,1,0,RF-R,5,W2,0.450938776,0.559051159,0.14467231845708522,0.8770581019271834,-0.002275290938777985
1,1,0,XGBoost-R,5,X,0.006045762,0.992341382,0.9768584748653855,0.9927941279724319,-0.00027559066834021985
1,1,0,XGBoost-R,5,W1,0.191663265,0.757526559,0.6449198223886375,1.0129378999214362,-0.005207459900946443
1,1,0,XGBoost-R,5,W2,0.439292263,0.45378559,0.14346848182597347,0.987882959133098,-0.014854136121136485
1,1,0,MLP-R,5,X,0.005066162,0.995046072,0.9750077820476377,0.9937036101518556,1.6947362861985392e-05
1,1,0,MLP-R,5,W1,0.186823571,0.81731525,0.6431960999744197,1.0188477239996083,-4.770679764819486e-05
1,1,0,MLP-R,5,W2,0.427505917,0.581964894,0.15205753516901083,1.0080344010220466,-0.00024529865795082096
1,1,0,MLR,6,X,0.005273912,0.994226993,1.084486697929092,0.940698800337822,3.5453926804485112e-06
1,1,0,MLR,6,W1,0.173922386,0.809618508,0.7156692315786464,0.9170379090803757,5.78932216419803e-05
1,1,0,MLR,6,W2,0.450454523,0.506916814,0.1390598647494122,0.9327655612038264,0.0
1,1,0,SVR,6,X,0.005284293,0.99421563,1.084528767912294,0.940604880883144,2.6222519583840586e-06
1,1,0,SVR,6,W1,0.173911112,0.809630849,0.7155760937846346,0.9168412076176858,2.9032427628672418e-05
1,1,0,SVR,6,W2,0.451662909,0.505594073,0.1421171728419933,0.9302521107158983,-0.00020332930469634246
1,1,0,RF-R,6,X,0.008964049,0.990187641,1.0679136465092611,0.9135759942354094,-9.629203135286257e-06
1,1,0,RF-R,6,W1,0.18393252,0.798661067,0.6659296330156579,0.8422054105630485,0.0038417298388465303
1,1,0,RF-R,6,W2,0.463381155,0.492766873,0.12876149079673133,0.866253406379361,0.007149639294307864
1,1,0,XGBoost-R,6,X,0.006124935,0.991645745,1.0838246271191236,0.9333342275763847,-0.00022603151084845673
1,1,0,XGBoost-R,6,W1,0.17653731,0.750650586,0.7164857933918716,0.9126658135775241,0.0010898930281473484
1,1,0,XGBoost-R,6,W2,0.454703751,0.35835886,0.14257369789268654,0.9163233507463244,0.0027441116148835378
1,1,0,MLP-R,6,X,0.005273252,0.994227715,1.084443444275651,0.9406668794776227,3.064885959846997e-06
1,1,0,MLP-R,6,W1,0.172862401,0.810778805,0.7179978789217678,0.9040796260966169,2.9256163536739434e-05
1,1,0,MLP-R,6,W2,0.450111183,0.507292647,0.14020295057569362,0.9427351569208717,0.003174548831015722
1,1,0,MLR,7,X,0.005205612,0.994873367,0.9487384345719404,1.0674463992372456,0.0
1,1,0,MLR,7,W1,0.165537639,0.836973876,0.6305411999408697,1.0725293538460763,-4.512591327543447e-06
1,1,0,MLR,7,W2,0.41829064,0.588055609,0.15782753532068475,1.021539516366196,-0.00043191493481734564
1,1,0,SVR,7,X,0.005560702,0.994523665,0.9495674981809723,1.064798995883157,0.00029195911977121237
1,1,0,SVR,7,W1,0.167375995,0.835163411,0.6842255040520054,1.0734215961708602,-0.00013069802260607944
1,1,0,SVR,7,W2,0.420081138,0.586292276,0.17772651562150238,1.0209023492322322,-0.00021571596753270362
1,1,0,RF-R,7,X,0.009201678,0.990937928,0.9220979897142911,1.0291444692508713,0.00025285753671712153
1,1,0,RF-R,7,W1,0.17912272,0.823594906,0.6047309817726548,0.997480740155893,0.0007861343771336848
1,1,0,RF-R,7,W2,0.434052215,0.572533167,0.14561359569034985,0.9237720040252064,0.0013530933031235203
1,1,0,XGBoost-R,7,X,0.006726693,0.992199805,0.944796266714101,1.0667563578616375,0.00010666291530508909
1,1,0,XGBoost-R,7,W1,0.170034082,0.779398235,0.6343108211248805,1.0886862357234834,-0.005302551392083921
1,1,0,XGBoost-R,7,W2,0.421617141,0.479076298,0.1483173459986896,1.0095783136835021,-0.010555982818341414
1,1,0,MLP-R,7,X,0.005207584,0.994871425,0.9487206463663617,1.0674515258497896,-1.9332926954218623e-06
1,1,0,MLP-R,7,W1,0.165407304,0.837102234,0.6301488344058062,1.0721530595753108,-7.94558154800895e-05
1,1,0,MLP-R,7,W2,0.417159564,0.589169525,0.156631856174551,1.0149961626658741,7.489297100865544e-05
1,1,0,MLR,8,X,0.00484226,0.9954206,0.9420269615822155,1.0102389454368834,6.369887450130562e-06
1,1,0,MLR,8,W1,0.212913011,0.79864487,0.5630084143805085,1.0030200405075034,0.00025909893899708216
1,1,0,MLR,8,W2,0.42393271,0.599080275,0.14125569998880633,1.0523422639881166,-0.0011950861078689479
1,1,0,SVR,8,X,0.00483719,0.995425395,0.9415939976221546,1.011311320767759,6.5497651834500735e-06
1,1,0,SVR,8,W1,0.217481369,0.794324503,0.5253048566403539,0.9995181910722397,-0.0019351231484235898
1,1,0,SVR,8,W2,0.424063957,0.598956153,0.16249716583021256,1.0523228354891883,0.006680013090388959
1,1,0,RF-R,8,X,0.008464299,0.991995182,0.9284560395835149,0.9873267441848815,0.00010293519112034578
1,1,0,RF-R,8,W1,0.226485076,0.785809558,0.5541117538324472,0.9652519691563249,-0.0018152475440165628
1,1,0,RF-R,8,W2,0.446378473,0.577852969,0.13698638418247894,0.9843160469309392,0.006809274121418707
1,1,0,XGBoost-R,8,X,0.006207639,0.992685732,0.9418291046534714,1.0040728662179734,-2.3948609874013814e-05
1,1,0,XGBoost-R,8,W1,0.215320056,0.743198195,0.5704780657580033,0.9929552948846597,-0.010036318388448828
1,1,0,XGBoost-R,8,W2,0.435847533,0.503671759,0.1548889862325025,1.051574631948611,0.010388106021570198
1,1,0,MLP-R,8,X,0.004840495,0.995422269,0.9421717578251257,1.010524863164783,6.793222912837571e-06
1,1,0,MLP-R,8,W1,0.212908659,0.798648986,0.562975568365127,1.0029572126688717,0.0002598248321062591
1,1,0,MLP-R,8,W2,0.423925906,0.599086709,0.14130808820346386,1.0522826575988176,-0.0011924097159527914
1,1,0,MLR,9,X,0.004688575,0.995388917,0.9801033295255243,1.0297009851531094,-5.680642814698267e-07
1,1,0,MLR,9,W1,0.187082692,0.81600938,0.6304135998611724,1.0478596245727088,0.0
1,1,0,MLR,9,W2,0.414226956,0.592619319,0.157395436344005,1.0525914269459409,0.0
1,1,0,SVR,9,X,0.004654202,0.995422722,0.9792744299929618,1.0233512998314676,1.15126331016846e-05
1,1,0,SVR,9,W1,0.1864734,0.816608602,0.6125652851729093,1.0351756702275279,3.251191949477095e-05
1,1,0,SVR,9,W2,0.414418422,0.592431017,0.15522505589595276,1.05042409533436,1.630777048408083e-05
1,1,0,RF-R,9,X,0.007806624,0.992322403,0.9632954515367909,0.9955311760178513,0.0005867946372637211
1,1,0,RF-R,9,W1,0.195164609,0.80806104,0.6161403157134893,1.004409456451376,0.005342864773519795
1,1,0,RF-R,9,W2,0.434660664,0.572523336,0.15564753768149547,0.9984688610016782,0.0004930088874504302
1,1,0,XGBoost-R,9,X,0.005727248,0.993086813,0.9753242050737427,1.0276835867325045,-0.00014092384762323106
1,1,0,XGBoost-R,9,W1,0.18997731,0.774285688,0.6368254607814791,1.0659840437766943,0.0011195583884654914
1,1,0,XGBoost-R,9,W2,0.424485576,0.492279782,0.1604033015326209,1.095743551017922,0.012781829509749331
1,1,0,MLP-R,9,X,0.004688008,0.995389475,0.9800874158109641,1.0296113952030568,-4.7226433528280156e-07
1,1,0,MLP-R,9,W1,0.187119173,0.815973502,0.630302865890443,1.0477167513902537,-2.798004080176719e-05
1,1,0,MLP-R,9,W2,0.412201439,0.594611359,0.15945646388661663,1.051756530848156,0.003087645341197798
1,1,0,MLR,10,X,0.005083407,0.995098837,0.9701780224990184,0.9782851216501702,4.12475141456925e-06
1,1,0,MLR,10,W1,0.159572178,0.846148615,0.6430980172295371,1.0004061950664282,0.0003657220458792021
1,1,0,MLR,10,W2,0.413962217,0.600878668,0.1875886270494845,1.0308104760951444,0.0001772156800613156
1,1,0,SVR,10,X,0.005091016,0.995091501,0.969019734408222,0.9753783100135613,1.692714045142818e-05
1,1,0,SVR,10,W1,0.158395194,0.847283404,0.6733569479686597,0.9971189242656502,7.384465672314323e-05
1,1,0,SVR,10,W2,0.418771296,0.596241998,0.19180234183756079,1.0166284191920183,0.0011071035200305723
1,1,0,RF-R,10,X,0.008918235,0.991401491,0.9580847755510609,0.9448564080785238,0.00036896415417554397
1,1,0,RF-R,10,W1,0.17735712,0.829001278,0.6273188990148608,0.9552181099902383,0.0052886726774352575
1,1,0,RF-R,10,W2,0.444823197,0.571124079,0.1719542518505363,0.9451459624838223,-0.0006641198820108607
1,1,0,XGBoost-R,10,X,0.005646253,0.9934246,0.9678350965744533,0.9815414400521127,0.00034644830002141804
1,1,0,XGBoost-R,10,W1,0.168625178,0.784130669,0.6456005541492097,0.9801721140084542,0.0014041959063747945
1,1,0,XGBoost-R,10,W2,0.430322733,0.473159881,0.17162506733795696,1.0262512247634612,-0.017362483796389272
1,1,0,MLP-R,10,X,0.005076967,0.995105046,0.9705653722294395,0.9777461427128612,2.138215793046072e-05
1,1,0,MLP-R,10,W1,0.158736206,0.846954617,0.6468868639909047,1.0082208793366818,0.0004774534749699466
1,1,0,MLP-R,10,W2,0.413465311,0.601357759,0.18373802117837945,1.0281655451132228,0.0016329777525153299
1,1,1,MLR,1,X,0.002627125,0.99714681,0.12184276546423281,1.8521516214571263,0.0
1,1,1,MLR,1,W1,0.024438102,0.973458984,0.07459490043274922,1.849209979930388,0.0
1,1,1,MLR,1,W2,0.052511121,0.942970264,0.01571664635452208,1.8923706752777754,0.0
1,1,1,SVR,1,X,0.002617053,0.997157748,0.12181317530551668,1.8478980442166428,-1.6057474513941905e-06
1,1,1,SVR,1,W1,0.024479747,0.973413756,0.07615187720004114,1.8485030143939352,-1.241989326482562e-05
1,1,1,SVR,1,W2,0.053740253,0.941635366,0.006530104699615613,1.8833857321631342,-1.2792115983095709e-05
1,1,1,RF-R,1,X,0.00933217,0.989864791,0.11828083139309746,1.7985637157550411,-0.0007602577229582907
1,1,1,RF-R,1,W1,0.033165443,0.96398065,0.07316525159941425,1.8012899751400095,0.000654885700521235
1,1,1,RF-R,1,W2,0.061299418,0.93342573,0.017752999769567967,1.8305454286935468,0.0010342909943759748
1,1,1,XGBoost-R,1,X,0.004459239,0.994795049,0.12011360355932263,1.8396459366766826,-0.00011511312193834833
1,1,1,XGBoost-R,1,W1,0.026409073,0.962169805,0.07609263835553602,1.8399499286928531,-0.001873837400625733
1,1,1,XGBoost-R,1,W2,0.054593879,0.925245284,0.01677585418717329,1.88213810262346,-0.003750259552327295
1,1,1,MLP-R,1,X,0.002613782,0.9971613,0.12162364978625217,1.8508319495428154,1.2320202507853929e-06
1,1,1,MLP-R,1,W1,0.024442184,0.973454551,0.07440556764457754,1.84984977273708,-2.1027900539671852e-05
1,1,1,MLP-R,1,W2,0.052315377,0.943182852,0.015971830762249062,1.894130042937908,0.00047429448390244876
1,1,1,MLR,2,X,0.002363602,0.99773531,0.10816365176244176,1.9137965835833544,1.7593466747789499e-06
1,1,1,MLR,2,W1,0.023687583,0.977303693,0.06622254909046611,1.91860748304511,2.622768263627062e-05
1,1,1,MLR,2,W2,0.05153051,0.950625935,0.016551052182455374,1.9024283435567995,0.00022638958384932906
1,1,1,SVR,2,X,0.002362411,0.997736451,0.10827075430466152,1.9148561143198553,1.0035526265439465e-06
1,1,1,SVR,2,W1,0.024661216,0.976370805,0.07769330223188269,1.9250750029641086,1.4172987448801689e-05
1,1,1,SVR,2,W2,0.053872812,0.948381654,0.00637964402089024,1.8979959972292175,8.229544854769788e-05
1,1,1,RF-R,2,X,0.009739722,0.990667865,0.10654072428879462,1.8415618746168516,-0.0012078080906786637
1,1,1,RF-R,2,W1,0.032724526,0.968644927,0.0628640617680028,1.8507701776954129,-0.0005816508200123139
1,1,1,RF-R,2,W2,0.061260155,0.941303456,0.016587590844187695,1.8375376817513362,0.0009515655416920232
1,1,1,XGBoost-R,2,X,0.003904828,0.995632661,0.10619803664051145,1.9179817723031263,-0.0002582904103407446
1,1,1,XGBoost-R,2,W1,0.025587099,0.969332173,0.06597149998937878,1.9272775362352217,0.0007866083594103346
1,1,1,XGBoost-R,2,W2,0.054626079,0.933946469,0.014639509790182104,1.9057612881811021,-0.00042172336768702133
1,1,1,MLP-R,2,X,0.002361505,0.997737319,0.10779674438747185,1.9135524700091342,2.1671124498467976e-06
1,1,1,MLP-R,2,W1,0.023686574,0.97730466,0.06622754663945775,1.9186514284061829,2.5406146421114163e-05
1,1,1,MLP-R,2,W2,0.051400905,0.950750117,0.016293725367125846,1.8955362777674583,0.00015242456562598595
1,1,1,MLR,3,X,0.00251835,0.997538915,0.11838628189951887,1.7924774277245183,3.8378901034974433e-07
1,1,1,MLR,3,W1,0.025136694,0.975434897,0.07804343193693652,1.809062354552412,-3.372118355993159e-05
1,1,1,MLR,3,W2,0.053301723,0.947910322,0.017920337488631734,1.8122666082631091,4.996292844958727e-05
1,1,1,SVR,3,X,0.002520026,0.997537278,0.11838059908762935,1.7929505727182746,-9.579157177475039e-08
1,1,1,SVR,3,W1,0.025265173,0.97530934,0.07241106824947731,1.8110431378645042,-8.177363188730525e-05
1,1,1,SVR,3,W2,0.053343321,0.94786967,0.016449420613549415,1.8127379834218211,4.726652702067291e-05
1,1,1,RF-R,3,X,0.008607057,0.991588662,0.11722595080134854,1.737508111044357,-0.0011484871942798569
1,1,1,RF-R,3,W1,0.034646626,0.966141214,0.07674232631101711,1.7438394432419924,1.9003281625407098e-06
1,1,1,RF-R,3,W2,0.062415541,0.939003746,0.017222703169563813,1.7457271651609454,0.0003741608380399386
1,1,1,XGBoost-R,3,X,0.00369813,0.995241408,0.11600371014782654,1.7918871802258114,-0.0002780816940300301
1,1,1,XGBoost-R,3,W1,0.026782214,0.968717986,0.07845722064703527,1.8070441949343656,0.00067520655465797
1,1,1,XGBoost-R,3,W2,0.054578244,0.934636611,0.016410636885306494,1.8262111788885356,0.0002842872373092109
1,1,1,MLP-R,3,X,0.002518246,0.997539017,0.11845104156330795,1.7917525975309467,2.1398745806422425e-07
1,1,1,MLP-R,3,W1,0.025134415,0.975437125,0.07805402753793864,1.8090885018513507,-3.217843001865894e-05
1,1,1,MLP-R,3,W2,0.053196785,0.948012874,0.01758378271379831,1.8246329578979306,5.0399311891602405e-05
1,1,1,MLR,4,X,0.002287345,0.997606119,0.1228871432424389,1.880820111615958,-4.902105883664021e-06
1,1,1,MLR,4,W1,0.025766888,0.973032986,0.07769632832888636,1.8809646646909193,-1.8451899332283526e-05
1,1,1,MLR,4,W2,0.04901659,0.9487004,0.02164424147490516,1.8940471724879306,3.772342191875611e-05
1,1,1,SVR,4,X,0.002288833,0.997604562,0.12279606788348141,1.8812380770860908,-6.487534544974416e-06
1,1,1,SVR,4,W1,0.025663949,0.97314072,0.07421650338529018,1.8803819952499645,2.035859214604141e-05
1,1,1,SVR,4,W2,0.052566002,0.944985668,0.01087784430947838,1.8954838167143602,-4.2269626349478175e-05
1,1,1,RF-R,4,X,0.005413727,0.994334122,0.11895573942024518,1.8353832404209889,0.00048290378749114014
1,1,1,RF-R,4,W1,0.031060804,0.967492499,0.07638881872140729,1.844816597573931,-0.0006308216479484318
1,1,1,RF-R,4,W2,0.056463466,0.940906675,0.022917571367774826,1.8470079385842788,0.0008019343525945133
1,1,1,XGBoost-R,4,X,0.003412229,0.996396743,0.12181575149828565,1.8854095267953461,0.0007350939505673448
1,1,1,XGBoost-R,4,W1,0.027524453,0.964041024,0.0783048324057842,1.8783979033541467,-0.0008909352422774685
1,1,1,XGBoost-R,4,W2,0.052083221,0.933581861,0.021553812282501982,1.896558565279229,0.004885851114742057
1,1,1,MLP-R,4,X,0.002279139,0.997614707,0.12247095976893263,1.8797766236179494,3.0228762524342477e-06
1,1,1,MLP-R,4,W1,0.025728823,0.973072824,0.0784271907791381,1.863246876520051,0.00037000092398491445
1,1,1,MLP-R,4,W2,0.048976092,0.948742783,0.021821473657365476,1.8944340581345351,5.173729094146706e-05
1,1,1,MLR,5,X,0.002365417,0.997440234,0.1307465493853996,1.8908261329161131,8.180474680763439e-07
1,1,1,MLR,5,W1,0.027491267,0.970249978,0.08063476651319675,1.8779582268894095,1.7774420463279038e-05
1,1,1,MLR,5,W2,0.054089478,0.941466388,0.021316768907357998,1.8759947508117691,-9.867522695317099e-05
1,1,1,SVR,5,X,0.002368096,0.997437335,0.1305551150128,1.8892108499554037,-5.555899702525124e-07
1,1,1,SVR,5,W1,0.027480448,0.970261686,0.07602529902837071,1.8762860911025911,8.70710908668082e-06
1,1,1,SVR,5,W2,0.054071056,0.941486324,0.02338281787055163,1.8741861368522585,-1.2577440207006686e-05
1,1,1,RF-R,5,X,0.007257837,0.99214584,0.12646701873741611,1.84673410869107,-0.0010832866640097748
1,1,1,RF-R,5,W1,0.036616958,0.960374497,0.0760189158434619,1.8232568467130192,-0.0016817602003862287
1,1,1,RF-R,5,W2,0.063812486,0.930944512,0.021579328740035854,1.824230075747126,-0.0007300134437116523
1,1,1,XGBoost-R,5,X,0.003190057,0.996071108,0.12994295844777723,1.8935417513431905,-3.7243049457902355e-05
1,1,1,XGBoost-R,5,W1,0.028639025,0.961439462,0.07918063163697366,1.8740185524876787,0.0005214371228133618
1,1,1,XGBoost-R,5,W2,0.055766805,0.924503991,0.020891978676080614,1.8676400747562105,0.000291207702182128
1,1,1,MLP-R,5,X,0.002357558,0.997448739,0.13074328416090789,1.8898765591267341,1.2908903967989716e-06
1,1,1,MLP-R,5,W1,0.027439964,0.970305497,0.0806977825131043,1.8787182623365808,1.6682293408309957e-05
1,1,1,MLP-R,5,W2,0.053576807,0.942021181,0.020854289087515788,1.879335404506016,0.00012867225171664387
1,1,1,MLR,6,X,0.002755053,0.996898866,0.13054566851002575,1.9268637692118264,-1.598177037875903e-06
1,1,1,MLR,6,W1,0.020521646,0.976900485,0.09016449961363963,1.9077011346837263,-9.403075784009118e-07
1,1,1,MLR,6,W2,0.055055417,0.938028683,0.01817761324347191,1.8904488853797488,3.9656417164057876e-05
1,1,1,SVR,6,X,0.002767292,0.996885088,0.13002814108283078,1.9277300232327554,-2.8867156665390858e-06
1,1,1,SVR,6,W1,0.02083965,0.976542534,0.10230260530703839,1.905406392464497,-4.042599612785747e-06
1,1,1,SVR,6,W2,0.056027024,0.936935025,0.021690646795555414,1.8924688301763735,1.613084196440129e-05
1,1,1,RF-R,6,X,0.005502292,0.993806526,0.12647226273336204,1.8946696341360503,1.5472902922042398e-05
1,1,1,RF-R,6,W1,0.025182603,0.971654032,0.08783651532529642,1.8729452629888037,0.00015788889713260756
1,1,1,RF-R,6,W2,0.06337133,0.928668148,0.016524608053223033,1.8477441168118236,-0.001375461997529448
1,1,1,XGBoost-R,6,X,0.003936514,0.995301527,0.1300485769255729,1.9179759808639463,-0.00020335088486859166
1,1,1,XGBoost-R,6,W1,0.021716744,0.969425614,0.09061136628896668,1.9046327466503918,-0.0012599803564706247
1,1,1,XGBoost-R,6,W2,0.056627247,0.922994909,0.0175749178107501,1.894180771408621,0.0005144659609872982
1,1,1,MLP-R,6,X,0.002744676,0.996910546,0.13069558999107386,1.9268296351101757,1.8610513584838008e-05
1,1,1,MLP-R,6,W1,0.02051859,0.976903925,0.09019534245086847,1.9074724228112143,-1.0084922561826025e-06
1,1,1,MLP-R,6,W2,0.054989815,0.938102525,0.018125895140816493,1.892754848732055,-3.305449805688365e-05
1,1,1,MLR,7,X,0.002323453,0.997352006,0.13849874092798528,1.9088285085186136,8.098595309857792e-06
1,1,1,MLR,7,W1,0.021514332,0.975480533,0.09038109888723302,1.8887816130612678,0.0
1,1,1,MLR,7,W2,0.057428824,0.934549483,0.017585555181482547,1.90911161068857,0.0
1,1,1,SVR,7,X,0.002325079,0.997350152,0.13804338557718623,1.908567755236526,1.0806883584324467e-05
1,1,1,SVR,7,W1,0.021352911,0.975664501,0.09737863507272115,1.8849965880358794,-2.0433056834134877e-05
1,1,1,SVR,7,W2,0.057960835,0.933943161,0.011905577218619678,1.895306323015863,0.0004958969402482194
1,1,1,RF-R,7,X,0.005615177,0.993600492,0.13638816375522073,1.8649055833559962,-0.0002306446403771534
1,1,1,RF-R,7,W1,0.026620396,0.969661251,0.08999896771997758,1.8140000552728452,0.0003464159348010809
1,1,1,RF-R,7,W2,0.063141387,0.928038986,0.019837697150871636,1.8483804185482078,0.0021790638020388387
1,1,1,XGBoost-R,7,X,0.003480316,0.995435869,0.13803988915674043,1.9016760862412299,-1.9157720446183468e-05
1,1,1,XGBoost-R,7,W1,0.023618548,0.969431202,0.09067865827236105,1.8885226772342576,0.001248399242063103
1,1,1,XGBoost-R,7,W2,0.060904465,0.919353,0.018036317473976327,1.8991910439490423,0.004329966234236182
1,1,1,MLP-R,7,X,0.002300545,0.997378114,0.1387793269507193,1.9110829974865535,6.344485075004958e-06
1,1,1,MLP-R,7,W1,0.021527182,0.975465888,0.09020578750693287,1.8860854246834364,-2.6689737831686598e-05
1,1,1,MLP-R,7,W2,0.057476145,0.934495553,0.01759380053623675,1.9078748439867983,6.453126843442014e-06
1,1,1,MLR,8,X,0.002586123,0.997368513,0.1242188018197949,1.8622852248356498,-5.581056369130532e-06
1,1,1,MLR,8,W1,0.021880774,0.97773541,0.08355758906760137,1.8621941532289223,2.7991524020698487e-05
1,1,1,MLR,8,W2,0.055883542,0.943136191,0.01884140012788795,1.8573242244803865,0.0001880619113902138
1,1,1,SVR,8,X,0.00257378,0.997381073,0.12446781632515014,1.8632397340833058,3.566719699232834e-06
1,1,1,SVR,8,W1,0.021938812,0.977676354,0.09367616450216538,1.864117996784119,1.7715953593366864e-05
1,1,1,SVR,8,W2,0.056093984,0.942922058,0.015101511663539503,1.8600671484492117,0.00011311057158703841
1,1,1,RF-R,8,X,0.006072898,0.993820575,0.12441935444234944,1.819136132516896,0.0006447761515612993
1,1,1,RF-R,8,W1,0.029105866,0.970383581,0.08682867851055649,1.8183258967796658,0.0009338583853898852
1,1,1,RF-R,8,W2,0.069037337,0.929751663,0.01850038429829255,1.7944502496791377,-0.0013781378569813763
1,1,1,XGBoost-R,8,X,0.003653227,0.995868242,0.12369411946296745,1.8664175011406907,0.0005036722947707295
1,1,1,XGBoost-R,8,W1,0.025187605,0.967004613,0.08393947306584966,1.8677776837177866,-0.0008534791131637575
1,1,1,XGBoost-R,8,W2,0.059652331,0.926567909,0.0190128003001818,1.8638818637716525,0.0003412245361160693
1,1,1,MLP-R,8,X,0.002585904,0.997368736,0.12423298628312578,1.8622798606299107,-5.545310971444284e-06
1,1,1,MLP-R,8,W1,0.021879524,0.977736682,0.0835723530334867,1.8621970212277408,2.8125502218245834e-05
1,1,1,MLP-R,8,W2,0.055844832,0.94317558,0.017330761533802197,1.8575492248571837,0.00019198156688075008
1,1,1,MLR,9,X,0.002143667,0.997749731,0.127584213235798,1.875158570695099,5.817605245828083e-06
1,1,1,MLR,9,W1,0.025127816,0.973622607,0.08113490600514597,1.8720224980743123,1.9610683810133978e-05
1,1,1,MLR,9,W2,0.054465188,0.942826322,0.018703242132328178,1.8577554408483814,0.00012018665953300589
1,1,1,SVR,9,X,0.002145998,0.997747284,0.12751058888244476,1.8751196543489246,2.1526235537638883e-06
1,1,1,SVR,9,W1,0.025082025,0.973670675,0.08140748615255028,1.8725770491450333,6.021144764121189e-05
1,1,1,SVR,9,W2,0.054658779,0.942623104,0.014837082339847296,1.8611546567517223,7.519009961319823e-05
1,1,1,RF-R,9,X,0.009203661,0.990338652,0.12702969113146112,1.8088406216602926,0.0007800216156890416
1,1,1,RF-R,9,W1,0.034179056,0.96412126,0.08111057758207378,1.7979506365534277,0.0018789139191731862
1,1,1,RF-R,9,W2,0.067444768,0.929201283,0.02176954758478401,1.7585214050414097,0.0009585020705699887
1,1,1,XGBoost-R,9,X,0.00360194,0.996285044,0.12820782524137625,1.8561823321165751,0.0013485055323171902
1,1,1,XGBoost-R,9,W1,0.02800796,0.96630046,0.08277408623200636,1.8549515284433167,0.0038588571165159347
1,1,1,XGBoost-R,9,W2,0.059093397,0.924683275,0.018787897017032772,1.8295289771122714,0.00463271355278545
1,1,1,MLP-R,9,X,0.002138926,0.997754708,0.12759734907038836,1.8755903181061329,7.524589352936317e-06
1,1,1,MLP-R,9,W1,0.025126555,0.973623931,0.08112945140491278,1.8721465971861195,2.091033699841427e-05
1,1,1,MLP-R,9,W2,0.054464938,0.942826585,0.01869904600047284,1.8576180238730227,0.00012147978948187088
1,1,1,MLR,10,X,0.002103216,0.997747641,0.12231577595621616,1.8777674544688345,3.16138218048323e-07
1,1,1,MLR,10,W1,0.022686388,0.975704881,0.07754571626051118,1.8753203716730513,0.0
1,1,1,MLR,10,W2,0.052866443,0.943384705,0.015434540076405545,1.8716551207673546,1.6678676713766104e-05
1,1,1,SVR,10,X,0.002101107,0.9977499,0.12232992753721494,1.8790032861263182,5.664237829883234e-07
1,1,1,SVR,10,W1,0.023921433,0.974382257,0.06310139690092345,1.8647697034547108,-4.755823264589454e-05
1,1,1,SVR,10,W2,0.053181223,0.943047603,0.017317175552559107,1.8637888148465926,1.7765240895106783e-05
1,1,1,RF-R,10,X,0.004186084,0.995517073,0.12014121842685994,1.85051769943449,0.0006714204696718573
1,1,1,RF-R,10,W1,0.027270969,0.970795199,0.07552866508284718,1.8533546791784545,0.0013632411675300715
1,1,1,RF-R,10,W2,0.058956172,0.936863143,0.01650605341237348,1.8222371543687257,0.0009530849838122358
1,1,1,XGBoost-R,10,X,0.002588508,0.996622382,0.12286773597253738,1.8847595847485021,1.2572112886677366e-05
1,1,1,XGBoost-R,10,W1,0.025306288,0.967348877,0.07965914193337507,1.8839350737277467,-2.9706738378443288e-05
1,1,1,XGBoost-R,10,W2,0.054974101,0.92568486,0.017968146091960836,1.878757364542187,-0.0020380159644600936
1,1,1,MLP-R,10,X,0.002097073,0.99775422,0.12208290308875495,1.8778268918082521,3.040162812828484e-06
1,1,1,MLP-R,10,W1,0.022803792,0.975579152,0.0775144610354356,1.8749705469190072,-8.219552906635341e-05
1,1,1,MLP-R,10,W2,0.052866681,0.94338445,0.015436304583650796,1.871626261178132,1.7150685337485872e-05
1,1,2,MLR,1,X,0.002003246,0.998062647,0.3994935777812319,1.5823383667791113,5.193878349551984e-06
1,1,2,MLR,1,W1,0.065630719,0.936528089,0.26355640234283584,1.5573266185441692,3.5395517635095077e-06
1,1,2,MLR,1,W2,0.180880898,0.825068862,0.059437239659439464,1.586535183261227,-0.00010421447949173767
1,1,2,SVR,1,X,0.002021584,0.998044913,0.3979869849616459,1.5818689124377898,-1.2480052491325999e-06
1,1,2,SVR,1,W1,0.066226971,0.935951449,0.2985384854642773,1.5516272422885606,5.528361027185013e-07
1,1,2,SVR,1,W2,0.18333516,0.822695329,0.04710785981554764,1.5647395397271584,0.0027024774596517533
1,1,2,RF-R,1,X,0.008319136,0.991954508,0.3916228249888757,1.5232360112537215,0.0009876687777956362
1,1,2,RF-R,1,W1,0.08053198,0.922116979,0.25301381789257926,1.4612266416607274,-0.0004391398802444657
1,1,2,RF-R,1,W2,0.201645874,0.804986914,0.05111628774195078,1.4582809029155175,-4.590305031656472e-05
1,1,2,XGBoost-R,1,X,0.004269593,0.995300777,0.39806575765771995,1.562787691280405,0.00012975320938202195
1,1,2,XGBoost-R,1,W1,0.069471685,0.909010089,0.27350849673571953,1.547460351299592,-0.00036525010748327257
1,1,2,XGBoost-R,1,W2,0.189219871,0.766692581,0.049596920809284885,1.5547408783629844,-0.006677973097657441
1,1,2,MLP-R,1,X,0.002003105,0.998062784,0.3994578148802078,1.5824123772656922,5.249422389286273e-06
1,1,2,MLP-R,1,W1,0.06558657,0.936570786,0.26440626643690157,1.5569212553736256,1.2242435199794066e-05
1,1,2,MLP-R,1,W2,0.180638177,0.825303599,0.06272036419534546,1.6315225120218741,0.0002413160911226786
1,1,2,MLR,2,X,0.001664125,0.998374108,0.39242406803789687,1.5518790142613734,0.0
1,1,2,MLR,2,W1,0.076543939,0.925214643,0.24353203718561098,1.6053009714832427,0.0
1,1,2,MLR,2,W2,0.171069639,0.832860652,0.05736598555677943,1.6212408098031108,-7.748620524661298e-07
1,1,2,SVR,2,X,0.004525544,0.99557843,0.39241848735600016,1.5370022326935886,-0.0002629714267626482
1,1,2,SVR,2,W1,0.079868883,0.921966089,0.20544635287115304,1.6013900885795338,8.845786444333648e-06
1,1,2,SVR,2,W2,0.171459242,0.83248,0.05274621407505679,1.6063783858596046,6.167411843938098e-06
1,1,2,RF-R,2,X,0.007103413,0.993059786,0.3911267192209571,1.4953473542172049,0.0006006806253670782
1,1,2,RF-R,2,W1,0.091560117,0.910543459,0.24667574741840922,1.5469750223067114,0.001109724617743324
1,1,2,RF-R,2,W2,0.195352219,0.809135959,0.05137941517958548,1.5413809659112863,-0.0007233750028193487
1,1,2,XGBoost-R,2,X,0.002687671,0.996056554,0.39654332559345223,1.5365769656317723,-0.0004934853054756716
1,1,2,XGBoost-R,2,W1,0.081526425,0.903630318,0.2582427349997435,1.597196317843188,0.003943995040613091
1,1,2,XGBoost-R,2,W2,0.17756119,0.780675541,0.0536036634681404,1.594776194829565,-0.0051750819104764865
1,1,2,MLP-R,2,X,0.001644936,0.998392856,0.3920189769949876,1.561183565972327,-3.19234640644428e-07
1,1,2,MLP-R,2,W1,0.076417103,0.925338565,0.24308121756968162,1.613257509809466,-1.9501589302306498e-07
1,1,2,MLP-R,2,W2,0.17106869,0.832861579,0.05736831503307547,1.6212930817855713,-1.166186605816577e-06
1,1,2,MLR,3,X,0.002100666,0.997564782,0.4798950787405219,1.6674239122348813,-4.723883028368014e-06
1,1,2,MLR,3,W1,0.067946779,0.921232013,0.3147256554612788,1.664602870218547,-2.859749291701519e-05
1,1,2,MLR,3,W2,0.162019124,0.812177698,0.08522856012536215,1.5804879085213719,0.0
1,1,2,SVR,3,X,0.002081948,0.997586481,0.47766864143369825,1.6639045380758748,-3.9127017420481636e-06
1,1,2,SVR,3,W1,0.068047548,0.921115194,0.31125095257938373,1.6604955636033831,-1.840668487099739e-05
1,1,2,SVR,3,W2,0.160447056,0.814000134,0.10328662763898463,1.5754766973743373,-4.4058269070834656e-07
1,1,2,RF-R,3,X,0.004690725,0.99456223,0.47500506628140055,1.628710905297602,-0.00013099920739565452
1,1,2,RF-R,3,W1,0.082024895,0.904911814,0.3049449979862221,1.6109602427665783,0.0026135851126558697
1,1,2,RF-R,3,W2,0.172465674,0.80006743,0.0910414961134884,1.4658813192920437,-0.001800972661781719
1,1,2,XGBoost-R,3,X,0.002921593,0.994337786,0.4785108269708581,1.6595563706143186,-0.0016225300689152733
1,1,2,XGBoost-R,3,W1,0.07207434,0.894118867,0.3162796186639195,1.6667081950780247,0.0013060953221760486
1,1,2,XGBoost-R,3,W2,0.165281537,0.749474511,0.08579971053547172,1.5831518570183374,-0.007791300591959371
1,1,2,MLP-R,3,X,0.002069957,0.997600381,0.48011905826543744,1.6684309105712867,1.634870510799358e-05
1,1,2,MLP-R,3,W1,0.067726103,0.921487833,0.3149819267087019,1.6679573311244393,0.0002326258862394792
1,1,2,MLP-R,3,W2,0.161355724,0.812946752,0.08747126716490766,1.571665588990593,-2.698390196509415e-06
1,1,2,MLR,4,X,0.002207274,0.997966101,0.3659514249044363,1.616011384803544,0.0
1,1,2,MLR,4,W1,0.076688532,0.929335128,0.23484557396610822,1.6237882839510092,0.0
1,1,2,MLR,4,W2,0.17117937,0.842266268,0.05861722431746651,1.6477086323621566,2.6107802491492914e-05
1,1,2,SVR,4,X,0.003532726,0.996744759,0.35489869602319546,1.6106685512771357,0.0006938348891297408
1,1,2,SVR,4,W1,0.076416604,0.929585696,0.22920575762162548,1.6163402265682136,0.001407926466047127
1,1,2,SVR,4,W2,0.171902,0.841600399,0.06979964448908692,1.6546516621854301,8.484758076576781e-07
1,1,2,RF-R,4,X,0.006311174,0.994184551,0.35884850711033134,1.5584674362165991,0.0006989600216693814
1,1,2,RF-R,4,W1,0.090429922,0.916673083,0.22613723339615444,1.555689009942533,0.002811906728038083
1,1,2,RF-R,4,W2,0.191844027,0.82322476,0.0542526337088071,1.5687081819269924,-0.0016288683259876534
1,1,2,XGBoost-R,4,X,0.003311687,0.99639199,0.36636010066383634,1.6133736597081891,-0.00013506135801666375
1,1,2,XGBoost-R,4,W1,0.080063988,0.900026977,0.23644309723113882,1.6180015059032447,-0.0004018480125255297
1,1,2,XGBoost-R,4,W2,0.17784727,0.779815414,0.05247098677309374,1.6652648615799748,-0.018271963155747507
1,1,2,MLP-R,4,X,0.002219727,0.997954626,0.3658396257886527,1.6164238184775752,-1.0605966192189787e-05
1,1,2,MLP-R,4,W1,0.076755013,0.929273869,0.23478481256554812,1.6242213310582039,-6.414318051570778e-05
1,1,2,MLP-R,4,W2,0.170163712,0.84320215,0.059393931266199206,1.6702172411188847,1.6890914249945154e-06
1,1,2,MLR,5,X,0.002071861,0.997984163,0.4056870710190223,1.5768530380718857,-3.1665990082530016e-06
1,1,2,MLR,5,W1,0.078590596,0.923534539,0.261767218599023,1.5782237456899775,1.0078708228000721e-05
1,1,2,MLR,5,W2,0.181386118,0.823518667,0.05891614621145099,1.5986956217106105,-0.00016466036690567786
1,1,2,SVR,5,X,0.002068137,0.997987786,0.4060114854057388,1.5773296724939994,-2.1588510655812243e-06
1,1,2,SVR,5,W1,0.081021651,0.921169221,0.25255603898537843,1.5661312698590855,0.002023043032409455
1,1,2,SVR,5,W2,0.20349385,0.802008741,0.006599937187333815,1.5491149812849347,0.0003253058024177857
1,1,2,RF-R,5,X,0.006584785,0.993593272,0.39782468553017747,1.5223925129669655,0.0004998223282291936
1,1,2,RF-R,5,W1,0.086541225,0.9157989,0.26033546955836095,1.5226637264897878,0.006378644333932748
1,1,2,RF-R,5,W2,0.191598072,0.813582851,0.07017854344155375,1.5415457971620254,0.008794217553167671
1,1,2,XGBoost-R,5,X,0.003658431,0.995910694,0.4067856409632952,1.565276310253314,-5.527480549003538e-05
1,1,2,XGBoost-R,5,W1,0.080977492,0.905089201,0.263684653094085,1.5597013820803285,0.005102810088776677
1,1,2,XGBoost-R,5,W2,0.185290684,0.798290952,0.06912286884259884,1.6105898350387986,0.019059729912921607
1,1,2,MLP-R,5,X,0.00206615,0.99798972,0.40558639483161923,1.5768964367144724,-1.3760297715048608e-06
1,1,2,MLP-R,5,W1,0.078526362,0.923597036,0.26033383226046186,1.5796644864458473,8.75032323849334e-06
1,1,2,MLP-R,5,W2,0.181051159,0.823844569,0.059581818066468575,1.5979836926418263,0.00025127143798233666
1,1,2,MLR,6,X,0.001977095,0.997933296,0.4163819248512775,1.5375322582876858,0.0
1,1,2,MLR,6,W1,0.069016615,0.927855321,0.2738221720862483,1.5256655269165538,9.881021888946684e-06
1,1,2,MLR,6,W2,0.165174844,0.82733888,0.06708814004384457,1.5409912986225558,0.00020016800778218657
1,1,2,SVR,6,X,0.002307276,0.99758815,0.4173657731598201,1.5315868743218566,1.6910453002383363e-05
1,1,2,SVR,6,W1,0.070195312,0.926623202,0.2728719530167719,1.5213461218249116,0.0002917480576540843
1,1,2,SVR,6,W2,0.165489659,0.827009797,0.08515677450094251,1.5410948829202777,9.23736604264258e-05
1,1,2,RF-R,6,X,0.004307469,0.995497302,0.41170068780482294,1.510078254346634,0.00015087275110877706
1,1,2,RF-R,6,W1,0.076739191,0.919782732,0.2698066992563879,1.4652497099712432,0.002200865800847751
1,1,2,RF-R,6,W2,0.178100762,0.813827116,0.06359737318665913,1.4601621762179584,0.0015343678718063858
1,1,2,XGBoost-R,6,X,0.002793528,0.996408357,0.4183827854453936,1.5354007586902734,-0.0003713389115256427
1,1,2,XGBoost-R,6,W1,0.072289267,0.905514458,0.280016951275558,1.5109358372356003,0.00340312816122289
1,1,2,XGBoost-R,6,W2,0.169221787,0.77540221,0.06315807729648718,1.5218210536727326,-0.0021991881731520334
1,1,2,MLP-R,6,X,0.001979856,0.997930411,0.4164135963629526,1.5371306901913504,-3.526759029526261e-06
1,1,2,MLP-R,6,W1,0.068737398,0.928147194,0.2769778139478781,1.5309010689648404,0.0009707136731074928
1,1,2,MLP-R,6,W2,0.164754612,0.827778158,0.06728542967751297,1.5420465087865323,0.002231775761126231
1,1,2,MLR,7,X,0.002107334,0.998086235,0.36298374847987885,1.66085226076599,0.0
1,1,2,MLR,7,W1,0.074336715,0.932491479,0.22751229001016057,1.6948373260327085,-0.00010230583855085351
1,1,2,MLR,7,W2,0.173936333,0.842040579,0.051178100210515,1.6464305879506527,0.0003463173163482658
1,1,2,SVR,7,X,0.002103248,0.998089946,0.3621369608811008,1.6601807983741779,-7.638524986197659e-07
1,1,2,SVR,7,W1,0.077126003,0.929958401,0.2646942253154641,1.6991824642476416,-1.6902505502347509e-06
1,1,2,SVR,7,W2,0.173299265,0.842619129,0.047470793584277894,1.6590073855931,5.017552522665891e-05
1,1,2,RF-R,7,X,0.012521612,0.98862856,0.35370538049906775,1.5751455710879465,0.0008914057370456807
1,1,2,RF-R,7,W1,0.095988302,0.912828698,0.22517634108455184,1.5922581962553064,-0.00028333551936216006
1,1,2,RF-R,7,W2,0.19344827,0.824320909,0.05534575782181861,1.5479735458043808,-0.0005913424558438241
1,1,2,XGBoost-R,7,X,0.006142024,0.992791716,0.3624008550820526,1.6355987282745368,-0.00042376957406564664
1,1,2,XGBoost-R,7,W1,0.081107389,0.905137819,0.23747728810804083,1.687783441668919,-0.00519155748340312
1,1,2,XGBoost-R,7,W2,0.180265896,0.792837809,0.05538398811828073,1.6466627935589724,-0.008565233790325023
1,1,2,MLP-R,7,X,0.002091891,0.99810026,0.3603997348486502,1.6602418723921777,-1.3907450384098574e-06
1,1,2,MLP-R,7,W1,0.073879774,0.932906448,0.22352439949522065,1.7232715683812039,0.0006513835409218572
1,1,2,MLP-R,7,W2,0.17366007,0.842291465,0.05126610106174423,1.6490153120152524,0.00043492757457108677
1,1,2,MLR,8,X,0.001988019,0.998049746,0.3828979816420598,1.5853060412286215,-1.1673448301441347e-06
1,1,2,MLR,8,W1,0.069249592,0.932065905,0.24547958125901115,1.594257512190469,0.0
1,1,2,MLR,8,W2,0.16981607,0.833409832,0.05854221286473128,1.5934750032210558,0.0
1,1,2,SVR,8,X,0.002990169,0.997066634,0.38284653440462835,1.570622606256545,0.0010126470514127185
1,1,2,SVR,8,W1,0.069459452,0.931860031,0.24174747173995295,1.5859104980356804,1.0288421728688047e-05
1,1,2,SVR,8,W2,0.16979069,0.833434731,0.05483809934553535,1.5823914922026123,2.543386337494624e-06
1,1,2,RF-R,8,X,0.006613191,0.993512436,0.37661645309483466,1.528747398040902,0.0011746632697488212
1,1,2,RF-R,8,W1,0.084978858,0.916635438,0.23364369700983997,1.5157196393674686,-0.0018632971122717113
1,1,2,RF-R,8,W2,0.185513618,0.818010483,0.05404091229840249,1.4727052529847602,-0.0011152115520317695
1,1,2,XGBoost-R,8,X,0.003769469,0.995845401,0.3850899254386677,1.584168945094367,-0.00022899360893582354
1,1,2,XGBoost-R,8,W1,0.073389449,0.899102482,0.2417838046316509,1.575812797649164,-0.008863311815900322
1,1,2,XGBoost-R,8,W2,0.171579503,0.783751782,0.056593911367023006,1.580434844076659,-0.0038013126275645683
1,1,2,MLP-R,8,X,0.001979649,0.998057957,0.3831691616740046,1.586210161832635,2.1165014812973837e-07
1,1,2,MLP-R,8,W1,0.069349529,0.931967866,0.24513798451780225,1.5890049546209504,-2.803912148590104e-05
1,1,2,MLP-R,8,W2,0.169936307,0.83329188,0.058638066240247665,1.5916049699760677,7.265160045311081e-06
1,1,2,MLR,9,X,0.002056326,0.998040531,0.36752551604302097,1.6214127336536106,4.825110749839823e-08
1,1,2,MLR,9,W1,0.052432633,0.950037048,0.2528253171729026,1.6667363271405893,0.0
1,1,2,MLR,9,W2,0.161740173,0.84587811,0.057919082976309155,1.6251582916649565,0.0
1,1,2,SVR,9,X,0.002524969,0.997593962,0.3678145714661703,1.6190070817786828,-8.255652701389948e-05
1,1,2,SVR,9,W1,0.053656817,0.948870526,0.25362809293296273,1.645761477137522,0.0008643228020833061
1,1,2,SVR,9,W2,0.162104775,0.845530681,0.06018567533440794,1.60406794554125,-0.00010668989617879099
1,1,2,RF-R,9,X,0.005596782,0.994666837,0.35931795179317294,1.5814376677684632,0.0002174259487505048
1,1,2,RF-R,9,W1,0.064040381,0.938976047,0.24153277128689538,1.5861544562799488,-0.0006106705021145409
1,1,2,RF-R,9,W2,0.17416733,0.834036296,0.05751994665527267,1.5682644159502126,0.00021198069239409812
1,1,2,XGBoost-R,9,X,0.003083023,0.996723076,0.36704947353275436,1.6211025319264156,0.00039830002095387896
1,1,2,XGBoost-R,9,W1,0.057059162,0.928019007,0.25553417505238246,1.6726404199244516,-0.00018445113096428046
1,1,2,XGBoost-R,9,W2,0.165807379,0.808475552,0.061204751523145626,1.649195001099585,0.005715965166109038
1,1,2,MLP-R,9,X,0.002054362,0.998042402,0.3668224902819743,1.6221356817714507,1.38790381076781e-07
1,1,2,MLP-R,9,W1,0.052332897,0.950132086,0.2539341390478344,1.6673791472018997,-3.7598957972251325e-05
1,1,2,MLP-R,9,W2,0.161216693,0.846376933,0.0596323315784564,1.645174202068673,0.00025748044544470216
1,1,2,MLR,10,X,0.0019501,0.997879331,0.4341162869947396,1.521182255075222,-3.2543335972801122e-06
1,1,2,MLR,10,W1,0.074740321,0.918722384,0.28035035299821426,1.5578401566361326,-2.2925017405528436e-06
1,1,2,MLR,10,W2,0.174261234,0.810496698,0.07197396818999457,1.5639250378738079,0.0
1,1,2,SVR,10,X,0.001947349,0.997882323,0.43502062137664543,1.5206101765557576,-1.7441720612354495e-06
1,1,2,SVR,10,W1,0.075655505,0.917727151,0.2621401827914303,1.5491390024470697,0.0013119436944516783
1,1,2,SVR,10,W2,0.17437226,0.810375961,0.058480706312246625,1.5421602225978375,-0.0006286090811791989
1,1,2,RF-R,10,X,0.00542915,0.994095979,0.4260905294294616,1.4910368499729336,-5.0680372805789185e-05
1,1,2,RF-R,10,W1,0.087557608,0.90478401,0.27061444479883734,1.5157381701724366,-0.001474984326098483
1,1,2,RF-R,10,W2,0.189378277,0.794057415,0.06730525026011808,1.4961511026227312,-0.0038946480568919804
1,1,2,XGBoost-R,10,X,0.003207082,0.996646183,0.43245303584539024,1.5205992189891613,0.0006355372508021762
1,1,2,XGBoost-R,10,W1,0.077672322,0.896696731,0.279146308876986,1.5546900363949494,-6.405492718088989e-05
1,1,2,XGBoost-R,10,W2,0.176632889,0.759331975,0.07329615465045902,1.521802357337712,-0.0008200258825028173
1,1,2,MLP-R,10,X,0.001949475,0.99788001,0.4339659148087308,1.5213469314115002,-2.4530152188839695e-06
1,1,2,MLP-R,10,W1,0.074635521,0.918836351,0.28065263392224893,1.5596936700490815,-2.5991614629661262e-05
1,1,2,MLP-R,10,W2,0.173855108,0.810938346,0.07245704248000655,1.5663039766403195,0.0002135522660888345
2,0,0,MLR,1,X,0.004783536,0.9948628,1.0710527445764204,1.0235100886567996,-7.0048373531306215e-06
2,0,0,MLR,1,W1,0.177187635,0.809712258,0.6999276978935028,1.0355672467572425,-3.427786779536257e-05
2,0,0,MLR,1,W2,0.419569726,0.549410005,0.1714893234333418,1.0316107272555104,0.00019256472129286495
2,0,0,SVR,1,X,0.004798385,0.994846854,1.0695640029627782,1.0255840252131516,-2.960147559594173e-06
2,0,0,SVR,1,W1,0.17693007,0.809988867,0.6870872111715879,1.0267287180725742,6.491009525165792e-05
2,0,0,SVR,1,W2,0.42373182,0.544940192,0.1332675139957117,1.0015493831353428,0.00415542162828395
2,0,0,RF-R,1,X,0.006346957,0.99318379,1.0507157753461664,1.0050351512228557,0.0004435706628638014
2,0,0,RF-R,1,W1,0.192051777,0.793749158,0.6666310948412978,0.9650885912715237,-0.002991040413652046
2,0,0,RF-R,1,W2,0.421743065,0.547075983,0.16308781087956536,0.9653769334164485,0.005917027761110805
2,0,0,XGBoost-R,1,X,0.00550257,0.993243678,1.0702551489450416,1.026197331518906,0.00029779109721814743
2,0,0,XGBoost-R,1,W1,0.181667047,0.73996134,0.703015705113714,1.0214354521047837,-0.010063826644611307
2,0,0,XGBoost-R,1,W2,0.422856516,0.460090768,0.16821390518579332,1.0577175560379994,0.017292127064839635
2,0,0,MLP-R,1,X,0.004754651,0.994893821,1.0705573989743127,1.023461379676715,2.0606178640159013e-05
2,0,0,MLP-R,1,W1,0.177141163,0.809762166,0.6994657252375676,1.0341652132747354,4.696690688410499e-06
2,0,0,MLP-R,1,W2,0.418716503,0.550326309,0.16114532579054935,0.9852396117815092,0.00022041009641173836
2,0,0,MLR,2,X,0.005265436,0.995004196,0.9470615136070407,0.9302257761411685,-3.8348714341829294e-07
2,0,0,MLR,2,W1,0.196069221,0.813971052,0.5841427191898321,0.9438293906485008,0.00032230949810435616
2,0,0,MLR,2,W2,0.41113985,0.609913717,0.17049825576748256,0.9579765750238115,0.0002894920346408703
2,0,0,SVR,2,X,0.005546249,0.994737762,0.9464275284017971,0.9285012796115806,8.873914489309076e-05
2,0,0,SVR,2,W1,0.195663199,0.814356282,0.5800374936354794,0.9549784798257649,0.0001235981080201398
2,0,0,SVR,2,W2,0.411419051,0.609648813,0.19912366115634347,0.9611288994477263,-4.570799613645704e-06
2,0,0,RF-R,2,X,0.00782124,0.992579268,0.9353152593017589,0.9104230272697948,-2.9184432527451508e-05
2,0,0,RF-R,2,W1,0.214569405,0.796418222,0.547693961015406,0.8751249420509637,0.001653165942375212
2,0,0,RF-R,2,W2,0.423767088,0.597933092,0.17149802190053487,0.9043486966433487,0.0028835068758947258
2,0,0,XGBoost-R,2,X,0.005792526,0.993176728,0.9513630396661468,0.9304816533736266,-0.00034081414297130184
2,0,0,XGBoost-R,2,W1,0.202034297,0.755817623,0.5710229148935155,0.9234904576880026,0.00338009647698414
2,0,0,XGBoost-R,2,W2,0.422656889,0.529239567,0.17494336127515148,0.980779120060759,0.009996641202123235
2,0,0,MLP-R,2,X,0.005264135,0.99500543,0.9472824473641335,0.9302241849593587,-3.8073683884531916e-07
2,0,0,MLP-R,2,W1,0.195048407,0.814939592,0.6031518784282979,0.9912785939177479,0.0005556790862483285
2,0,0,MLP-R,2,W2,0.411096002,0.609955319,0.16954248738798192,0.9583593673629155,0.00043548759659669536
2,0,0,MLR,3,X,0.004987279,0.994982656,0.9949766038903529,1.00339894655245,8.478848021276076e-06
2,0,0,MLR,3,W1,0.16744513,0.831545444,0.6482877305882367,1.0152721429351976,0.0005298232359477462
2,0,0,MLR,3,W2,0.43458835,0.562791779,0.15278186875952007,0.9776448589209317,0.00025183476616497114
2,0,0,SVR,3,X,0.004987546,0.994982387,0.9989550364461197,1.0025901671592692,-1.0091455373784087e-06
2,0,0,SVR,3,W1,0.168586399,0.830397295,0.6297939158270959,1.0166135511908954,0.00018788551251143205
2,0,0,SVR,3,W2,0.435361313,0.562014156,0.16217329666449093,0.9870345401553176,0.0001968311612835838
2,0,0,RF-R,3,X,0.009596689,0.990345459,0.9860695167322463,0.982565780163327,-0.0016874779197794455
2,0,0,RF-R,3,W1,0.181510037,0.817395748,0.6169740953606196,0.9544607874323695,-0.00012557221886968505
2,0,0,RF-R,3,W2,0.450322375,0.546962902,0.142049889106327,0.9229720410974686,0.001066947264523177
2,0,0,XGBoost-R,3,X,0.006159719,0.9928644,0.9962627818227128,0.9949050034183848,0.0001609615051414215
2,0,0,XGBoost-R,3,W1,0.171173503,0.795278995,0.6409341849446054,1.0242094344726111,0.016263818336985047
2,0,0,XGBoost-R,3,W2,0.437450023,0.470586099,0.13106742372262536,1.0078267153403584,0.005425822063175356
2,0,0,MLP-R,3,X,0.004987181,0.994982755,0.9950092527260942,1.0034088641157743,8.33124070352964e-06
2,0,0,MLP-R,3,W1,0.167402878,0.831587951,0.6484165638375922,1.018166066531756,0.0005679017561780686
2,0,0,MLP-R,3,W2,0.434428099,0.562952995,0.1529967893983793,0.9697142887693178,0.0005367366650038008
2,0,0,MLR,4,X,0.00495446,0.994814909,0.988542656679973,1.000771120651477,-1.7507113890513625e-05
2,0,0,MLR,4,W1,0.189179721,0.802013933,0.6167105799300271,0.9916330944103458,0.00015897620792086896
2,0,0,MLR,4,W2,0.401986552,0.579300911,0.15169194533093455,1.0088419282941299,0.0009242637280507338
2,0,0,SVR,4,X,0.004936578,0.994833624,0.9872341884436029,1.0019717485413464,-7.786710659929419e-07
2,0,0,SVR,4,W1,0.190061328,0.801091287,0.588882023841925,0.9835755659858266,-0.00020773426194915513
2,0,0,SVR,4,W2,0.400327958,0.581036712,0.18107728463914072,1.005513234857797,0.0001666566666921332
2,0,0,RF-R,4,X,0.00730458,0.99235539,0.9824792765682672,0.9792438375033644,-8.450292478315858e-05
2,0,0,RF-R,4,W1,0.19891588,0.791824554,0.607694628986314,0.9564243772434249,0.001599313230917998
2,0,0,RF-R,4,W2,0.421839784,0.558523508,0.14414506164626012,0.9463132104749814,-0.0036562403675414524
2,0,0,XGBoost-R,4,X,0.005859865,0.992591169,0.9894168687423297,0.9985836464729887,-0.0003810682448865621
2,0,0,XGBoost-R,4,W1,0.190925971,0.757860367,0.6280855873061121,0.9879167760675248,0.0053597303995554626
2,0,0,XGBoost-R,4,W2,0.41026765,0.463588541,0.1404111758841869,0.9947232914305099,-0.012076483085313606
2,0,0,MLP-R,4,X,0.004948789,0.994820844,0.9884967964095657,1.004404804661775,-3.327776832096063e-07
2,0,0,MLP-R,4,W1,0.188867333,0.802340863,0.613429171290812,0.9913511369110573,0.0019039705198300116
2,0,0,MLP-R,4,W2,0.400786673,0.580556644,0.15762482726170055,1.036765893948188,0.0021759504009291053
2,0,0,MLR,5,X,0.004768789,0.995438417,0.9517215208258323,0.9773120965514849,9.125713769098099e-08
2,0,0,MLR,5,W1,0.162301529,0.844750569,0.6376447013523848,1.0133442964953647,-1.5111372456577676e-06
2,0,0,MLR,5,W2,0.440474082,0.578664777,0.1420033797411642,1.0362049086100398,-9.035435632120947e-06
2,0,0,SVR,5,X,0.004776736,0.995430816,0.9546876987285884,0.9760974642435615,-6.472978475891011e-07
2,0,0,SVR,5,W1,0.167793734,0.839497003,0.6938503658683189,0.9903849714338996,-0.0010645530633035083
2,0,0,SVR,5,W2,0.440393698,0.578741669,0.13472571393426902,1.0251028153218218,-6.712677110665144e-06
2,0,0,RF-R,5,X,0.008483022,0.991885571,0.9398973117769828,0.948302633389063,5.030836718022958e-06
2,0,0,RF-R,5,W1,0.18089066,0.826969146,0.6124540027400116,0.9599176599364474,8.374541452064178e-05
2,0,0,RF-R,5,W2,0.45772572,0.562162734,0.14213735974902253,0.9706452884682608,0.00902725293359885
2,0,0,XGBoost-R,5,X,0.006291008,0.992558371,0.9494043149852862,0.9779272469402436,-0.00016395708178387202
2,0,0,XGBoost-R,5,W1,0.170506614,0.792019609,0.6406783994485177,1.0029400119820422,-0.0002960779527156787
2,0,0,XGBoost-R,5,W2,0.45239923,0.478146933,0.14170387438862858,1.0136628287294163,0.007473206863808812
2,0,0,MLP-R,5,X,0.004750984,0.995455449,0.9524994463831262,0.9766820497610713,6.390857207883016e-08
2,0,0,MLP-R,5,W1,0.162087761,0.844955048,0.6371969200017742,1.0109048816689348,0.00023853927374628547
2,0,0,MLP-R,5,W2,0.440006423,0.579112117,0.1338482477097265,1.0333292131253515,0.00014730431135887568
2,0,0,MLR,6,X,0.004691203,0.995558879,0.9362906866301526,0.9865726358840489,0.0
2,0,0,MLR,6,W1,0.20695954,0.804073206,0.5677788460420651,1.0111212116479866,0.0
2,0,0,MLR,6,W2,0.420582565,0.601838149,0.14953101397152951,1.01711479350848,5.4427886602559374e-05
2,0,0,SVR,6,X,0.004695786,0.99555454,0.9340459728795659,0.9873408269307442,-5.936737757061828e-07
2,0,0,SVR,6,W1,0.206380291,0.804621576,0.5531495086947908,1.013814871082867,-0.0001119238855348259
2,0,0,SVR,6,W2,0.426371857,0.596357477,0.1461234352933451,0.9860710645822435,0.003955572349153424
2,0,0,RF-R,6,X,0.010107671,0.990431156,0.9237433251723628,0.9446688482613113,0.0003700191578153933
2,0,0,RF-R,6,W1,0.223399545,0.788509596,0.5374067466722098,0.9422896264754368,-0.000256256466512117
2,0,0,RF-R,6,W2,0.438949702,0.58445014,0.1426545999674938,0.9471726565571543,0.0037187496748250616
2,0,0,XGBoost-R,6,X,0.006666017,0.991740173,0.9385161282140195,0.9758825501743786,-0.0012921164158688492
2,0,0,XGBoost-R,6,W1,0.210295373,0.74841607,0.5721915134059153,1.0214951236034149,-0.0004550483414826445
2,0,0,XGBoost-R,6,W2,0.428811294,0.498459212,0.13968898202807467,1.0103878587765007,-0.0025990329742182185
2,0,0,MLP-R,6,X,0.004685783,0.99556401,0.9362652780689995,0.985681561394669,-1.6237263491647447e-06
2,0,0,MLP-R,6,W1,0.205164869,0.805772205,0.5632790273618639,1.0110714738959539,-6.703204915216032e-05
2,0,0,MLP-R,6,W2,0.419746405,0.602629734,0.1496972698939542,1.004615424001361,3.126343841746149e-05
2,0,0,MLR,7,X,0.005040334,0.995040486,1.0188096955649462,0.9939893288432561,-6.816429179434813e-07
2,0,0,MLR,7,W1,0.182194352,0.820727059,0.6485366857437054,0.9810624981554575,0.0
2,0,0,MLR,7,W2,0.450313986,0.55690661,0.15410103743732573,0.984540576226593,0.0004613457431321022
2,0,0,SVR,7,X,0.005037506,0.995043269,1.0200723313423468,0.9962225885927909,-5.382831217870531e-07
2,0,0,SVR,7,W1,0.184068361,0.818883099,0.6470013831830268,0.9857495441638052,4.404328405203106e-05
2,0,0,SVR,7,W2,0.449516525,0.557691284,0.13474724477233774,0.9954022592204819,1.038232887904389e-05
2,0,0,RF-R,7,X,0.007663947,0.992458941,1.0070374747803925,0.9703981251739492,2.2830674537677176e-05
2,0,0,RF-R,7,W1,0.19918737,0.804006516,0.6271435788654894,0.9363979081873379,0.0009466862549005417
2,0,0,RF-R,7,W2,0.470077672,0.537459827,0.14710679777607732,0.9349564078206345,0.004857301624086196
2,0,0,XGBoost-R,7,X,0.005682989,0.992517213,1.0180258044481092,0.998080831545338,-0.000516238436294969
2,0,0,XGBoost-R,7,W1,0.190859807,0.768232029,0.6463569683690323,0.9899560179511366,-0.0002877759061754137
2,0,0,XGBoost-R,7,W2,0.457896937,0.480018403,0.1645073757454388,1.0296112805010638,0.01860404766712581
2,0,0,MLP-R,7,X,0.005032366,0.995048326,1.0191409063500338,0.9935235831822625,-3.458695910008025e-07
2,0,0,MLP-R,7,W1,0.18237991,0.820544476,0.6474459560065444,0.9822052463242011,0.00013165029054044153
2,0,0,MLP-R,7,W2,0.450045633,0.55717066,0.1536400555522746,0.977838872580808,0.00035891599185381427
2,0,0,MLR,8,X,0.005105822,0.994304068,1.0893816491295532,1.0363697664673306,0.0
2,0,0,MLR,8,W1,0.154416251,0.827736957,0.7229577334900038,0.9949740915755134,0.0003151344564777725
2,0,0,MLR,8,W2,0.428469813,0.522009419,0.1797397144204661,0.9602403491122169,0.00113833840653369
2,0,0,SVR,8,X,0.005096109,0.994314904,1.0910591133239815,1.036642918677517,-4.465005764620056e-06
2,0,0,SVR,8,W1,0.153321908,0.82895778,0.7793765681560892,0.9953821979989399,6.69871161835256e-05
2,0,0,SVR,8,W2,0.428172251,0.522341371,0.14872609884302407,0.9565447211351893,0.00043722567050266117
2,0,0,RF-R,8,X,0.007233396,0.991930598,1.0797223741579285,1.0118948228716391,0.0005587891049965044
2,0,0,RF-R,8,W1,0.164323935,0.816684184,0.6913636139655643,0.9379463311289866,0.0018107870175787077
2,0,0,RF-R,8,W2,0.435107585,0.51460448,0.1786357521426653,0.8889175557627607,0.004553207523016767
2,0,0,XGBoost-R,8,X,0.005817841,0.992484158,1.0956348770734683,1.0348047574068353,0.00011547970062599777
2,0,0,XGBoost-R,8,W1,0.158236041,0.78046688,0.7175030053424556,1.01201072944653,0.014885810316926507
2,0,0,XGBoost-R,8,W2,0.427953786,0.433780282,0.1891008195719313,0.9769830108057018,0.02798237588611637
2,0,0,MLP-R,8,X,0.005081894,0.994330762,1.091306869170811,1.0356405052292261,-2.61933615692822e-06
2,0,0,MLP-R,8,W1,0.154323738,0.827840163,0.721464058031798,0.9905250058360682,0.0002959568169019322
2,0,0,MLP-R,8,W2,0.426012164,0.524751112,0.18242325147680566,0.9121741949807006,0.0008848934122440477
2,0,0,MLR,9,X,0.005240408,0.995057203,0.9477219727882428,1.0057944305234972,-1.3926425289190192e-06
2,0,0,MLR,9,W1,0.150079187,0.858444051,0.6414668029332355,0.9944847321947196,0.0
2,0,0,MLR,9,W2,0.407351422,0.61578272,0.1740841032630887,1.010947510985012,-3.8499933677482725e-05
2,0,0,SVR,9,X,0.007040468,0.993359372,0.9458888601411168,1.0012981129252756,-0.0009042680495590094
2,0,0,SVR,9,W1,0.149443057,0.859044054,0.6730897282557677,1.0003532148687686,-3.785008828977032e-05
2,0,0,SVR,9,W2,0.40387568,0.619061069,0.19355806944826429,1.0155115546039777,0.006089712983572226
2,0,0,RF-R,9,X,0.009379984,0.991152721,0.9382696055406707,0.9742056857983379,-0.0006861561259615345
2,0,0,RF-R,9,W1,0.166497047,0.842958588,0.6205170609944405,0.9301772200287344,-0.0010174431614101253
2,0,0,RF-R,9,W2,0.424067397,0.600016071,0.16556190772515833,0.9494146814097592,0.00874951754818295
2,0,0,XGBoost-R,9,X,0.006439283,0.992720008,0.9451639102895018,1.0042815590048917,9.735771731308462e-05
2,0,0,XGBoost-R,9,W1,0.156504319,0.815596097,0.6434287800571796,0.976330371881098,0.0024804394131809015
2,0,0,XGBoost-R,9,W2,0.414084201,0.527701125,0.14949728790449307,0.9952199856159147,-0.0031326645177129687
2,0,0,MLP-R,9,X,0.00523572,0.995061625,0.9468914204455114,1.0057418054011265,-8.949408001890369e-07
2,0,0,MLP-R,9,W1,0.149264539,0.859212434,0.6416527444259449,0.9923235568572037,5.373945344651076e-05
2,0,0,MLP-R,9,W2,0.406936346,0.616174222,0.17515281565908403,1.0267011714213772,-0.00012085961954222402
2,0,0,MLR,10,X,0.005046153,0.995271239,0.9387300055826943,0.9782189782402811,0.0
2,0,0,MLR,10,W1,0.198157873,0.814305853,0.5849078395930809,0.9745889635705179,1.4192037996152429e-05
2,0,0,MLR,10,W2,0.417320035,0.608928544,0.16512836256721744,1.0185259624158118,8.285031918567887e-05
2,0,0,SVR,10,X,0.005044776,0.99527253,0.9400429867122838,0.9790671082552473,1.5307018273791328e-06
2,0,0,SVR,10,W1,0.19786698,0.814578449,0.5763002475333278,0.9887272081547508,5.090707561727914e-06
2,0,0,SVR,10,W2,0.416630892,0.609574342,0.1741637243563547,1.0145560172170676,0.0036491569330363684
2,0,0,RF-R,10,X,0.007683401,0.992799869,0.9223891094502568,0.95857145178092,0.00021984266230167248
2,0,0,RF-R,10,W1,0.216991504,0.79665682,0.5645572215759201,0.9409406233805993,-2.930573303561168e-05
2,0,0,RF-R,10,W2,0.427364986,0.5995154,0.16843300485682694,0.96727579478584,0.008603126533582972
2,0,0,XGBoost-R,10,X,0.005758451,0.993626301,0.9358495068027182,0.9826522598776476,0.0003794210282377031
2,0,0,XGBoost-R,10,W1,0.200770912,0.768497614,0.5737829025204979,0.9788229373017462,0.0050182523863180895
2,0,0,XGBoost-R,10,W2,0.419952463,0.526158166,0.15484591236145465,1.0273180556318091,0.003231627952180416
2,0,0,MLP-R,10,X,0.005046728,0.995270701,0.9388137227396319,0.978166338210443,-6.248437995348688e-07
2,0,0,MLP-R,10,W1,0.19815711,0.814306568,0.5849344047762508,0.9746085135577239,1.4138692370924132e-05
2,0,0,MLP-R,10,W2,0.417313868,0.608934323,0.16512838815610764,1.0187238845034572,8.278156488341625e-05
2,0,1,MLR,1,X,0.002235808,0.997907124,0.11067012218481018,1.911951155968581,3.659863373917105e-06
2,0,1,MLR,1,W1,0.025831214,0.975820146,0.07001311873410773,1.9009310257347873,-1.307188025038153e-05
2,0,1,MLR,1,W2,0.051154333,0.952115905,0.01966693270635621,1.9170868297916013,-1.8756388131635492e-05
2,0,1,SVR,1,X,0.002230578,0.99791202,0.11093302036980379,1.9090068612003273,1.0316889580730404e-05
2,0,1,SVR,1,W1,0.026498908,0.975195137,0.05767081298587563,1.8990122502325864,7.416691609141157e-06
2,0,1,SVR,1,W2,0.053782921,0.949655359,0.02182239002180636,1.9122931879138925,-0.0010961137956158272
2,0,1,RF-R,1,X,0.006766057,0.993666489,0.10916431309669916,1.8578032452082538,0.0007261913777564688
2,0,1,RF-R,1,W1,0.033327749,0.968802856,0.06902056519054454,1.8436938112019081,0.001170655641740359
2,0,1,RF-R,1,W2,0.064790834,0.939351169,0.016008887321018073,1.8375475853202499,-0.0007664560647800522
2,0,1,XGBoost-R,1,X,0.003475593,0.995664253,0.11027470922238432,1.9159118066580056,-0.00030790972486478553
2,0,1,XGBoost-R,1,W1,0.027774748,0.968369234,0.06831499942288122,1.9094712057389684,0.0015488518566300958
2,0,1,XGBoost-R,1,W2,0.053377262,0.941178576,0.017243518455761542,1.9297916640267503,0.001358824879085807
2,0,1,MLP-R,1,X,0.00223054,0.997912056,0.11059147672565603,1.910110792831059,6.583949844783943e-05
2,0,1,MLP-R,1,W1,0.025783731,0.975864593,0.0698904946023683,1.897908125183361,3.252693187196787e-05
2,0,1,MLP-R,1,W2,0.051143669,0.952125886,0.018722004680362926,1.9130926610321972,0.00014441615958226127
2,0,1,MLR,2,X,0.00240294,0.997641247,0.11090198370375215,1.9059133320491406,8.400565118105163e-06
2,0,1,MLR,2,W1,0.021532695,0.978863269,0.07200681978287587,1.9015498826672181,3.508728170633635e-05
2,0,1,MLR,2,W2,0.048622258,0.952271854,0.018260645169847777,1.8974254756623854,0.00040835163564264534
2,0,1,SVR,2,X,0.002404942,0.997639283,0.11101432720046192,1.905991820730605,5.900861833341153e-06
2,0,1,SVR,2,W1,0.021721959,0.978677485,0.07791261018840773,1.9062139909174505,1.9296322128170563e-05
2,0,1,SVR,2,W2,0.052141358,0.948817467,0.0179852188036711,1.8803904148869648,-0.0009578053032493261
2,0,1,RF-R,2,X,0.009620971,0.990555948,0.1088293165425129,1.8497977599653734,-0.0011848835471246154
2,0,1,RF-R,2,W1,0.030806874,0.969759631,0.06968665992108206,1.8427860414957284,-0.00020995911576071613
2,0,1,RF-R,2,W2,0.059645537,0.941451282,0.01743794951249513,1.8284415453423204,-9.269343277088505e-05
2,0,1,XGBoost-R,2,X,0.004308097,0.995726709,0.10916264815775631,1.8961677554682423,0.0003186018486574738
2,0,1,XGBoost-R,2,W1,0.024306837,0.972135963,0.0705503019553132,1.8908074789774545,0.0013123465584197191
2,0,1,XGBoost-R,2,W2,0.051580495,0.939535814,0.016847915749522036,1.8845563889557937,0.0016290184803901431
2,0,1,MLP-R,2,X,0.002397994,0.997646103,0.1101041013610454,1.9058564934941458,1.0462364014340864e-05
2,0,1,MLP-R,2,W1,0.021509263,0.97888627,0.07189726360709828,1.9037883456448987,3.38512094930854e-05
2,0,1,MLP-R,2,W2,0.048484446,0.952407132,0.018291837038976678,1.896367754681254,0.00046824025523355405
2,0,1,MLR,3,X,0.00234346,0.997662177,0.11739240818026016,1.9059256196295287,-4.812351158567374e-07
2,0,1,MLR,3,W1,0.022885964,0.977169083,0.07597838099002732,1.8954763305076443,1.0487477455334293e-05
2,0,1,MLR,3,W2,0.053430062,0.946698452,0.015825337930971038,1.922487759816309,-1.199105428040248e-06
2,0,1,SVR,3,X,0.002341318,0.997664314,0.11749168953942732,1.9051394901815395,-8.598995501207796e-07
2,0,1,SVR,3,W1,0.02291458,0.977140536,0.07381603277767017,1.895129870531229,-5.8274053492457515e-06
2,0,1,SVR,3,W2,0.053783227,0.946346137,0.00982328389116367,1.9149039325386816,-6.62552710131159e-06
2,0,1,RF-R,3,X,0.007448543,0.992569373,0.11680559490114317,1.8568658715887387,0.0004361050594037574
2,0,1,RF-R,3,W1,0.03205067,0.968026421,0.07372807087795744,1.8322882300751253,-0.0010179215811725983
2,0,1,RF-R,3,W2,0.067403403,0.932758722,0.014539317253316397,1.8579390848394142,-0.0018488297674677967
2,0,1,XGBoost-R,3,X,0.003491564,0.996240482,0.11768911260715806,1.8977824419953992,8.741867677291016e-05
2,0,1,XGBoost-R,3,W1,0.024641958,0.968794792,0.0736605881882634,1.885375890692422,1.0676972062839685e-05
2,0,1,XGBoost-R,3,W2,0.057516165,0.932733961,0.015276219007578983,1.9164945430664229,0.00021443487744053912
2,0,1,MLP-R,3,X,0.002326343,0.997679253,0.11723317073948387,1.9021847881917495,-1.0933262474588367e-06
2,0,1,MLP-R,3,W1,0.022743525,0.97731118,0.07613587620284787,1.87928614559678,2.4638068998994456e-05
2,0,1,MLP-R,3,W2,0.05333957,0.946788727,0.01578981065736499,1.914110947453781,1.933271456855401e-06
2,0,1,MLR,4,X,0.002266785,0.997712595,0.11893915682676455,1.9557876319016239,0.0
2,0,1,MLR,4,W1,0.022680664,0.977113016,0.0747459753664191,1.93487725727129,0.0
2,0,1,MLR,4,W2,0.051775163,0.947753853,0.017986112808025655,1.914561238493836,0.0
2,0,1,SVR,4,X,0.002264204,0.997715199,0.11905939197720279,1.9562625661632183,2.7634668969267473e-06
2,0,1,SVR,4,W1,0.022808999,0.976983514,0.08000136229713503,1.9377883753455731,-7.067860131407811e-05
2,0,1,SVR,4,W2,0.052245537,0.947279199,0.014258903916875287,1.9144907836930585,-9.025596808132086e-06
2,0,1,RF-R,4,X,0.007039406,0.992896558,0.1154459248385065,1.9018037051677497,-3.0188330570768417e-05
2,0,1,RF-R,4,W1,0.029676981,0.970053056,0.07210985768162848,1.877871867187114,0.00047711198886952745
2,0,1,RF-R,4,W2,0.063268732,0.93615573,0.014623496677909608,1.850326584452695,-0.0002839358204222986
2,0,1,XGBoost-R,4,X,0.003871827,0.995742479,0.11941663030504793,1.9551217469343576,7.695063949597625e-07
2,0,1,XGBoost-R,4,W1,0.024765783,0.969859932,0.07499864162208561,1.9312372638929123,0.000402299308634213
2,0,1,XGBoost-R,4,W2,0.054479484,0.929926912,0.01629213317795004,1.9027474074408866,-0.0027298125893044146
2,0,1,MLP-R,4,X,0.002263583,0.997715826,0.11896649348358948,1.9558673509802103,4.042663445313899e-06
2,0,1,MLP-R,4,W1,0.022730161,0.977063069,0.07489954568836138,1.9327183454605792,-4.967255589178876e-05
2,0,1,MLP-R,4,W2,0.051718392,0.94781114,0.017988808956247195,1.9159503791102526,5.3724465183846436e-05
2,0,1,MLR,5,X,0.002298748,0.997757105,0.11249397497987737,1.874384753684965,-2.7814812968984803e-06
2,0,1,MLR,5,W1,0.020251681,0.980240376,0.07700971355969825,1.8826031550572178,4.479500713009399e-05
2,0,1,MLR,5,W2,0.050728881,0.950503685,0.01584600073936012,1.8764047706750184,1.902753160082371e-05
2,0,1,SVR,5,X,0.002295505,0.997760269,0.11241532817456364,1.8742340327650306,-1.7919523193077325e-06
2,0,1,SVR,5,W1,0.02447946,0.976115321,0.06704940021351055,1.8732969391231857,-0.002227247154632739
2,0,1,SVR,5,W2,0.050647054,0.950583524,0.01559171667085365,1.8723455712568549,1.7368227225467158e-05
2,0,1,RF-R,5,X,0.008121851,0.992075487,0.10992243990764602,1.8092167213381558,-0.001133055649273973
2,0,1,RF-R,5,W1,0.028383384,0.97230625,0.07313465319102078,1.816403947088223,-0.001440519959386266
2,0,1,RF-R,5,W2,0.060357719,0.9411088,0.016695727922895375,1.808469700858306,-0.002279718552722132
2,0,1,XGBoost-R,5,X,0.003991665,0.995222944,0.1119204635434183,1.8767895694337906,-0.000392592395995206
2,0,1,XGBoost-R,5,W1,0.022443835,0.972969999,0.07588043843906755,1.8834773042740358,0.0002665410390712775
2,0,1,XGBoost-R,5,W2,0.051339582,0.93830773,0.016665295928267286,1.8776476855801518,0.0003974786781972384
2,0,1,MLP-R,5,X,0.002292844,0.997762865,0.11236414572129463,1.8740284571653483,-4.736790496839838e-07
2,0,1,MLP-R,5,W1,0.020250361,0.980241665,0.07702266017064655,1.882605571216634,4.6100115593439296e-05
2,0,1,MLP-R,5,W2,0.050016415,0.951198839,0.01591917198317778,1.8585509727800804,0.0003864847821892003
2,0,1,MLR,6,X,0.002290583,0.997635897,0.11947329577575397,1.8226162899644631,0.0
2,0,1,MLR,6,W1,0.022051451,0.97724077,0.07840819614294245,1.8349733474606444,0.0
2,0,1,MLR,6,W2,0.051853027,0.946482661,0.018210860542241435,1.8311013970975356,-3.6927340569370413e-06
2,0,1,SVR,6,X,0.00234249,0.997582323,0.11894102290138728,1.8225618748582533,5.422051953032359e-05
2,0,1,SVR,6,W1,0.022075646,0.977215799,0.07764083566726601,1.8340822637167356,-3.5447438676672325e-06
2,0,1,SVR,6,W2,0.05246085,0.945855329,0.01268016614105808,1.836287843392406,-7.025048121767075e-06
2,0,1,RF-R,6,X,0.004816284,0.995029129,0.11894013125160616,1.7920065528661546,0.00010026237426118412
2,0,1,RF-R,6,W1,0.027914925,0.971189097,0.07630675872521547,1.7894569342258937,4.6577438797668067e-05
2,0,1,RF-R,6,W2,0.05904848,0.939056257,0.01894518729493847,1.7810404020952035,0.0008116682554219045
2,0,1,XGBoost-R,6,X,0.003166955,0.996827238,0.11858492317473919,1.8317761184029258,0.0006986747836718154
2,0,1,XGBoost-R,6,W1,0.024104198,0.971507709,0.07797370554848004,1.836146256013727,0.0014863650616971703
2,0,1,XGBoost-R,6,W2,0.053881435,0.93561448,0.017731532480435564,1.8301872183582464,0.0017975256636145742
2,0,1,MLP-R,6,X,0.002291326,0.99763513,0.11948568202416596,1.8225717665986678,-8.435841603371408e-07
2,0,1,MLP-R,6,W1,0.022031606,0.977261252,0.07845514307453158,1.8350347467347805,0.00022860654278866743
2,0,1,MLP-R,6,W2,0.051851701,0.94648403,0.01820281325431945,1.8311839965006034,-3.8252280899486735e-06
2,0,1,MLR,7,X,0.002301812,0.99757944,0.12052449720477496,1.8871448663941142,1.0963951442510834e-06
2,0,1,MLR,7,W1,0.019965033,0.979004989,0.08037648036880411,1.8877572309480322,6.797196465679889e-07
2,0,1,MLR,7,W2,0.049460651,0.947987718,0.02133789759220789,1.8905636377973818,9.145627348550178e-07
2,0,1,SVR,7,X,0.002296536,0.997584988,0.12069503176791177,1.8889399304489811,8.336979239631503e-07
2,0,1,SVR,7,W1,0.020810548,0.978115854,0.09541354501548732,1.8860123352094553,1.5351663953833139e-06
2,0,1,SVR,7,W2,0.050843238,0.946533804,0.022974610180977063,1.8860676038959276,-0.0004248305816390352
2,0,1,RF-R,7,X,0.00426107,0.995519105,0.11773675360607586,1.852064889364454,0.0005753188761020822
2,0,1,RF-R,7,W1,0.023171728,0.975632863,0.0779279361331149,1.8536730208369356,0.0012230136876774434
2,0,1,RF-R,7,W2,0.054754799,0.94242045,0.020725224528370213,1.8544126788971387,0.0010072090334104279
2,0,1,XGBoost-R,7,X,0.00316901,0.995168933,0.11957344520177984,1.8902735496114897,-0.0006889688116130666
2,0,1,XGBoost-R,7,W1,0.021464759,0.970620112,0.0795998076335308,1.901323341666141,-0.0009384629067869854
2,0,1,XGBoost-R,7,W2,0.05113446,0.933821103,0.019286039351615502,1.8869869542602284,-0.00047308525043302516
2,0,1,MLP-R,7,X,0.002301715,0.997579541,0.12055104800065139,1.8874113775783292,1.1532623409693521e-06
2,0,1,MLP-R,7,W1,0.019821797,0.979155614,0.08007260636901156,1.8896421737392597,9.35317268815794e-05
2,0,1,MLP-R,7,W2,0.04916029,0.948303575,0.02132622968433725,1.8944552982242562,8.995129159368176e-05
2,0,1,MLR,8,X,0.002121209,0.997963725,0.11045470911359132,1.9450485261455417,0.0
2,0,1,MLR,8,W1,0.023702686,0.977246383,0.07110061747731841,1.9326646474968325,0.0
2,0,1,MLR,8,W2,0.049852054,0.95214405,0.017457879257350074,1.9191308045787736,-1.3869205762984116e-05
2,0,1,SVR,8,X,0.002122537,0.997962451,0.11013904503427834,1.944334030969668,-1.7064680954193e-06
2,0,1,SVR,8,W1,0.023721897,0.977227941,0.0669977576377441,1.9267116718680597,-2.232404036095481e-06
2,0,1,SVR,8,W2,0.050009353,0.951993049,0.02094372151719818,1.920799316026716,-5.371698594491825e-07
2,0,1,RF-R,8,X,0.007232912,0.993056697,0.10810065717845622,1.8897801402996752,-0.00027490461700174773
2,0,1,RF-R,8,W1,0.02925494,0.971916444,0.06992558791212253,1.877467553772315,0.0014392825611117099
2,0,1,RF-R,8,W2,0.060013776,0.942389209,0.015314196523708568,1.858665543025495,2.3692752214932167e-05
2,0,1,XGBoost-R,8,X,0.003174041,0.996449292,0.11225412399700034,1.943111710081724,5.487595659577904e-05
2,0,1,XGBoost-R,8,W1,0.025291315,0.971719149,0.07346134363472491,1.9349875977144126,0.00019738541471659988
2,0,1,XGBoost-R,8,W2,0.052645166,0.935875123,0.014505186302976768,1.9150288556226425,-0.0020400867750248186
2,0,1,MLP-R,8,X,0.002122555,0.997962433,0.11044409572442357,1.9451206821202967,-1.497800986483e-06
2,0,1,MLP-R,8,W1,0.023703195,0.977245894,0.07110666872980455,1.932633096533215,-5.260989301980601e-07
2,0,1,MLP-R,8,W2,0.049849596,0.952146409,0.0174644486613596,1.9189764120592934,-1.4073011533954905e-05
2,0,1,MLR,9,X,0.002225223,0.997591346,0.12228494613186647,1.9289046143866486,0.0
2,0,1,MLR,9,W1,0.025872706,0.971994535,0.07419289472439566,1.932831218607781,0.0
2,0,1,MLR,9,W2,0.050017677,0.945859227,0.01946456445435617,1.907120187448422,0.0
2,0,1,SVR,9,X,0.002245798,0.997569075,0.12224337430599644,1.9293623025618953,-1.4172955140745458e-05
2,0,1,SVR,9,W1,0.026390571,0.971433981,0.08161057190900711,1.935009866240503,-3.0263223195059475e-05
2,0,1,SVR,9,W2,0.050217863,0.945642539,0.01781500304659527,1.8969592019675592,0.0011586002957948538
2,0,1,RF-R,9,X,0.004398419,0.995239007,0.12089721497337565,1.89609959870883,0.000795780758121567
2,0,1,RF-R,9,W1,0.030996835,0.966448011,0.07301606755359594,1.8987555357224308,0.0014880275079612536
2,0,1,RF-R,9,W2,0.056456745,0.93888937,0.01991874190150168,1.8583000454872358,0.0010031223086529705
2,0,1,XGBoost-R,9,X,0.003510985,0.994281343,0.12266422866652134,1.9354474938527038,-0.001382594127316772
2,0,1,XGBoost-R,9,W1,0.027592841,0.962356408,0.07455712404499601,1.9493442206539768,-0.001486009668434074
2,0,1,XGBoost-R,9,W2,0.051736125,0.929623651,0.017946936773727405,1.9102710359519026,-0.0013973284227135174
2,0,1,MLP-R,9,X,0.002226852,0.997589582,0.12245267186918511,1.926589542618825,-3.242443681528151e-06
2,0,1,MLP-R,9,W1,0.025908591,0.971955692,0.07418613822560884,1.932933713295517,-3.4977466247099184e-05
2,0,1,MLP-R,9,W2,0.049884556,0.946003322,0.019697859889160164,1.8987257235618433,-1.9607165077428768e-05
2,0,1,MLR,10,X,0.002273344,0.997717667,0.11703697616467172,1.867520659485928,6.329097051005484e-07
2,0,1,MLR,10,W1,0.023948483,0.975956818,0.07528445165812596,1.8704819050970518,-1.1224657796060632e-05
2,0,1,MLR,10,W2,0.052304377,0.947488797,0.016372175492627917,1.8731276100974252,-2.6747808797722426e-05
2,0,1,SVR,10,X,0.002271888,0.997719128,0.11713095076792271,1.8670011094123378,2.7678795619712203e-06
2,0,1,SVR,10,W1,0.025056637,0.974844282,0.07231503617205705,1.8700539433721015,-0.0003198435495959773
2,0,1,SVR,10,W2,0.052954313,0.946836291,0.02189758090924283,1.8742340238256872,-1.9548168588234827e-05
2,0,1,RF-R,10,X,0.005299901,0.994679141,0.11472018003129399,1.8267862110579827,0.0008069956822322477
2,0,1,RF-R,10,W1,0.030591114,0.96928792,0.07128613783349262,1.826259773637433,-0.0007251274640167615
2,0,1,RF-R,10,W2,0.059390378,0.940374775,0.017002717804629565,1.8380489657076857,0.0013165048482535746
2,0,1,XGBoost-R,10,X,0.003251968,0.995080319,0.1163109856698747,1.8671083014320964,-0.0009921878436777054
2,0,1,XGBoost-R,10,W1,0.02608915,0.967301643,0.0736444872692685,1.8613712556030477,-0.0023523163944176194
2,0,1,XGBoost-R,10,W2,0.054395155,0.935137354,0.017800590138777307,1.876035994968277,0.0018811506505379994
2,0,1,MLP-R,10,X,0.002266459,0.997724579,0.11716515152404856,1.8689811968154786,3.4664238385606615e-06
2,0,1,MLP-R,10,W1,0.023947762,0.975957541,0.0752974217282287,1.8706307983685426,-1.1174866545171636e-05
2,0,1,MLP-R,10,W2,0.052153951,0.947639818,0.016856153880304214,1.8709813661012735,1.1762878326293524e-05
2,0,2,MLR,1,X,0.002147536,0.997853322,0.4112293026345081,1.6110170689533572,1.130108984626066e-06
2,0,2,MLR,1,W1,0.078302689,0.921728593,0.25613593827220804,1.6414292060410216,0.0
2,0,2,MLR,1,W2,0.163282333,0.8367829,0.07760193569610421,1.5675174531312304,0.00034238883437417436
2,0,2,SVR,1,X,0.002143404,0.997857452,0.4116482543483751,1.6117511315156041,1.9635908241832923e-06
2,0,2,SVR,1,W1,0.078332917,0.921698377,0.26283946320786467,1.6300565504072644,2.339224220828662e-05
2,0,2,SVR,1,W2,0.16334649,0.836718769,0.09472619580991495,1.566142009304915,8.553923298910693e-05
2,0,2,RF-R,1,X,0.005865629,0.994136714,0.4071077946019542,1.5729602799983986,5.793542376332228e-05
2,0,2,RF-R,1,W1,0.089192426,0.910843207,0.25064037832615443,1.5827179480531621,-0.00011919381344305258
2,0,2,RF-R,1,W2,0.17760801,0.822462946,0.07901590857293107,1.4962273618960036,-0.0006874864612058995
2,0,2,XGBoost-R,1,X,0.003324457,0.995986546,0.41066553437713865,1.6074116374475296,0.00020639178129123749
2,0,2,XGBoost-R,1,W1,0.081797276,0.897715326,0.2578057316480753,1.6445596627639554,-0.000290991871126689
2,0,2,XGBoost-R,1,W2,0.168218382,0.792623363,0.07500219022485557,1.5638278881455627,-0.0028819079068442945
2,0,2,MLP-R,1,X,0.002140786,0.997860069,0.4121786042227134,1.611594159277486,1.056194783510822e-06
2,0,2,MLP-R,1,W1,0.07830005,0.921731231,0.2559311285806105,1.6389493235070112,4.229470685626069e-05
2,0,2,MLP-R,1,W2,0.16264482,0.837420158,0.07766767597610938,1.5681096747630592,0.0007099297583642805
2,0,2,MLR,2,X,0.002201616,0.997806035,0.38741590026111444,1.5655552101036674,3.3832736426542277e-06
2,0,2,MLR,2,W1,0.076403687,0.92386183,0.2378661729094887,1.5475560326704128,0.0
2,0,2,MLR,2,W2,0.169679157,0.830910509,0.0635112302317104,1.5752274006959044,0.0
2,0,2,SVR,2,X,0.002198359,0.997809281,0.3871687235833993,1.5645312260014685,3.1745580784670047e-06
2,0,2,SVR,2,W1,0.07691531,0.923351985,0.24912100084285926,1.5472375349229703,0.0006081606040792109
2,0,2,SVR,2,W2,0.171742032,0.828854803,0.06969481394436505,1.578336152005208,-0.00031073501400337157
2,0,2,RF-R,2,X,0.005097622,0.994920093,0.38237653831141855,1.534770449467404,-5.8934878913263765e-05
2,0,2,RF-R,2,W1,0.089518574,0.91079252,0.2308334756093049,1.4842418158603783,-0.0019623551963012355
2,0,2,RF-R,2,W2,0.186841429,0.813807879,0.06149224883685196,1.5095830914672244,0.0005403800324759733
2,0,2,XGBoost-R,2,X,0.003157411,0.996992653,0.38771607057204743,1.5635881880895806,0.0009601518831934608
2,0,2,XGBoost-R,2,W1,0.083489193,0.897704047,0.2441589662593501,1.5363752886683337,-0.002697744553933046
2,0,2,XGBoost-R,2,W2,0.178161863,0.781880748,0.06514422128707398,1.570921873032353,0.0007342216707719951
2,0,2,MLP-R,2,X,0.002201015,0.997806634,0.3874559044889659,1.565466628575447,3.3695539806699593e-06
2,0,2,MLP-R,2,W1,0.076301056,0.923964104,0.24229226554260058,1.540999967854591,2.2639646921185364e-05
2,0,2,MLP-R,2,W2,0.1690941,0.831493533,0.06696293284478078,1.584896364981729,0.00011804499237071387
2,0,2,MLR,3,X,0.001973301,0.998137365,0.38774059562901586,1.5823325558463246,1.3003304716985298e-06
2,0,2,MLR,3,W1,0.071201316,0.932791761,0.25127008712367344,1.5963921196312907,-1.9328857923173182e-05
2,0,2,MLR,3,W2,0.178878705,0.831153081,0.05478332358720447,1.5614289206182939,-2.465590440742238e-05
2,0,2,SVR,3,X,0.003420124,0.996771682,0.3873876678106383,1.5734568732935015,0.00014281293598414902
2,0,2,SVR,3,W1,0.071299732,0.932698864,0.26183909467778976,1.5956380396941696,-8.769507870354243e-06
2,0,2,SVR,3,W2,0.17875301,0.831271727,0.05794193408061673,1.5815412789943761,-9.65922977989031e-06
2,0,2,RF-R,3,X,0.007494424,0.992925875,0.38156246399117383,1.5342888032064772,0.0003755392075446062
2,0,2,RF-R,3,W1,0.083725658,0.920969802,0.24415449121573857,1.5394431810103115,0.003413461514573135
2,0,2,RF-R,3,W2,0.199381534,0.811800082,0.05269460404228042,1.4963746601537564,-0.000413590923932361
2,0,2,XGBoost-R,3,X,0.003986607,0.995822952,0.38669026189984296,1.5750202284993575,3.684207530271211e-05
2,0,2,XGBoost-R,3,W1,0.076693576,0.909814272,0.2507916939249834,1.577666593308769,0.0021814526737674034
2,0,2,XGBoost-R,3,W2,0.187368643,0.79093851,0.055428717689294395,1.5343626723528339,0.005768429510923323
2,0,2,MLP-R,3,X,0.001972644,0.998137985,0.3878365243012609,1.5821115545900937,1.5279592390782248e-06
2,0,2,MLP-R,3,W1,0.071200163,0.932792849,0.25128844987672727,1.5963776824623044,-1.9067315950793694e-05
2,0,2,MLP-R,3,W2,0.178642613,0.831375933,0.054801582845335116,1.567573811916917,1.257999391558462e-05
2,0,2,MLR,4,X,0.002145608,0.99789101,0.38255609486481673,1.6621613423640489,-1.900411189248441e-06
2,0,2,MLR,4,W1,0.084652137,0.916792578,0.23604268670679623,1.6898254872652714,5.579332866034736e-05
2,0,2,MLR,4,W2,0.169555465,0.833338251,0.059819172634437145,1.667431756619397,2.273479083068075e-05
2,0,2,SVR,4,X,0.002143311,0.997893268,0.3825587256925997,1.6624050921733318,-2.1748969292190168e-07
2,0,2,SVR,4,W1,0.084774247,0.916672551,0.20958256579490125,1.6829820248802005,8.21315319302851e-05
2,0,2,SVR,4,W2,0.169850698,0.833048057,0.07064976313989221,1.6461058230896088,7.82735937450152e-06
2,0,2,RF-R,4,X,0.011784186,0.988416929,0.37341646440452053,1.5938192236171258,0.00023411227677870848
2,0,2,RF-R,4,W1,0.099298736,0.902395945,0.22851025847173423,1.6114018690316878,0.0024189366097469357
2,0,2,RF-R,4,W2,0.181525228,0.82157277,0.05918672339104426,1.574909153801326,0.0038844155548433236
2,0,2,XGBoost-R,4,X,0.008717311,0.991856425,0.3805252424254336,1.6292347732501455,0.0006159816057066836
2,0,2,XGBoost-R,4,W1,0.091430648,0.899368924,0.23360643712634827,1.6499142050273405,0.008408912273706593
2,0,2,XGBoost-R,4,W2,0.17540063,0.797449065,0.06048157154019679,1.6038100347000424,0.008712464999534385
2,0,2,MLP-R,4,X,0.002144757,0.997891847,0.3826463470184143,1.6633816704242315,-1.6098243760698238e-06
2,0,2,MLP-R,4,W1,0.084650035,0.916794644,0.2360113049214571,1.6896940183106512,5.747642074644954e-05
2,0,2,MLP-R,4,W2,0.169042995,0.833841975,0.05963780850687833,1.6612169013951763,4.6360396094480284e-05
2,0,2,MLR,5,X,0.001897215,0.998161313,0.3889209861208982,1.5135992926500528,3.519582799460519e-06
2,0,2,MLR,5,W1,0.074229096,0.928060814,0.2497424670712313,1.5383322053043134,0.0
2,0,2,MLR,5,W2,0.175455395,0.829957266,0.05833817183462038,1.5259681348851426,5.892026426655983e-05
2,0,2,SVR,5,X,0.00189763,0.998160911,0.3887962465246998,1.5111226222729197,-1.290668002729145e-06
2,0,2,SVR,5,W1,0.075895913,0.926445417,0.2175507035661517,1.5453778923638413,-5.339957920380556e-06
2,0,2,SVR,5,W2,0.176276495,0.829161497,0.06586231173895994,1.5416632336385379,8.318531957467457e-05
2,0,2,RF-R,5,X,0.005421425,0.994745822,0.3854555527737608,1.4704779412727451,0.001019932897390652
2,0,2,RF-R,5,W1,0.087425089,0.915271907,0.24333502878064422,1.4869569354993304,-0.0005045857674980337
2,0,2,RF-R,5,W2,0.193232946,0.812728139,0.05832920978408203,1.4551870846432322,-0.001540181996820955
2,0,2,XGBoost-R,5,X,0.003031276,0.996755665,0.3875098308848753,1.5063629403357806,0.0006545387977472505
2,0,2,XGBoost-R,5,W1,0.080134632,0.908178947,0.2489549864106988,1.530226179597343,0.004954602374125305
2,0,2,XGBoost-R,5,W2,0.183258963,0.789871359,0.0533719777340846,1.5227035902043493,0.0004884484381031395
2,0,2,MLP-R,5,X,0.001895438,0.998163034,0.38884483709583045,1.5129122141516895,3.119898434034152e-06
2,0,2,MLP-R,5,W1,0.073671296,0.928601406,0.24684303360924087,1.5759764039554656,0.0001790807508678438
2,0,2,MLP-R,5,W2,0.17533797,0.830071069,0.05848196008503059,1.5357870420404638,0.0001004614538347326
2,0,2,MLR,6,X,0.002001909,0.997973836,0.4105013524292021,1.6554496512770782,3.3694504559811377e-07
2,0,2,MLR,6,W1,0.070692544,0.928450925,0.2651004721343756,1.655604886549888,9.460319545483431e-05
2,0,2,MLR,6,W2,0.180046343,0.817772163,0.06080657017866662,1.5886103627512773,0.0
2,0,2,SVR,6,X,0.001996349,0.997979463,0.4099129678138077,1.6562877096003419,2.231835044441688e-07
2,0,2,SVR,6,W1,0.076818923,0.922250317,0.3254422019442109,1.6544545901652525,-2.6889805923435707e-05
2,0,2,SVR,6,W2,0.183240668,0.814539134,0.05103760928688621,1.5825771033269966,-0.002741006124733425
2,0,2,RF-R,6,X,0.004606389,0.995337798,0.40472998127143145,1.622868983008874,0.00024115315852369924
2,0,2,RF-R,6,W1,0.078175541,0.920877262,0.25604427357976556,1.6012319697478101,6.668967272277504e-05
2,0,2,RF-R,6,W2,0.189561787,0.808141427,0.05567811018380907,1.4888043159510507,-0.0020743301322734943
2,0,2,XGBoost-R,6,X,0.002757161,0.996665125,0.41268003727751623,1.6545098228959425,-8.31373975413996e-05
2,0,2,XGBoost-R,6,W1,0.072012358,0.911872049,0.2629942143248824,1.6491046305624266,0.002398720303094748
2,0,2,XGBoost-R,6,W2,0.182964435,0.773847998,0.05702059108146912,1.575378402878915,-0.003808181261146104
2,0,2,MLP-R,6,X,0.002000065,0.997975702,0.4103362334885946,1.6549528121894532,2.471782397650557e-07
2,0,2,MLP-R,6,W1,0.070629623,0.928514608,0.26378313315281865,1.6455733178915193,0.00016976437221501994
2,0,2,MLP-R,6,W2,0.180172084,0.817644898,0.060662342160926676,1.588520314810546,-4.069525111523031e-05
2,0,2,MLR,7,X,0.001969981,0.998073673,0.39028001275776714,1.6685897929657354,-8.607459058840305e-07
2,0,2,MLR,7,W1,0.075041682,0.926621223,0.250712011973856,1.6484990637095163,7.017231460557661e-05
2,0,2,MLR,7,W2,0.163036512,0.840576337,0.07111588128398547,1.6600415002035784,-2.4384080407513498e-05
2,0,2,SVR,7,X,0.002012712,0.998031889,0.38628906167368654,1.6578949313078906,2.1003803887365e-06
2,0,2,SVR,7,W1,0.078786798,0.922959098,0.22487550167945097,1.636008476660003,0.0002102327494568068
2,0,2,SVR,7,W2,0.164830205,0.838822391,0.0855194440993925,1.6535873147981381,0.00021183831937954256
2,0,2,RF-R,7,X,0.005915686,0.994215405,0.385749611396608,1.6300751079380298,-0.0003624876507741237
2,0,2,RF-R,7,W1,0.08943352,0.912548305,0.24210502291644276,1.5837402038809736,-0.003257085070654686
2,0,2,RF-R,7,W2,0.18131221,0.822705623,0.06832005068375226,1.5971663779175598,-0.003794380740173786
2,0,2,XGBoost-R,7,X,0.003576895,0.995797211,0.3916620179207766,1.670557904567787,-5.821833638510743e-05
2,0,2,XGBoost-R,7,W1,0.080653618,0.902467432,0.25562268425955575,1.6391406721106876,0.0010626225298393187
2,0,2,XGBoost-R,7,W2,0.168379588,0.783734254,0.06741129690925134,1.6594518407255763,-0.013302344891796825
2,0,2,MLP-R,7,X,0.001968472,0.998075149,0.3901916474695488,1.6682435120672294,2.0098901070131349e-07
2,0,2,MLP-R,7,W1,0.075040054,0.926622815,0.250732345295764,1.6484461604812672,7.035208591449349e-05
2,0,2,MLP-R,7,W2,0.162446394,0.841153378,0.07103145642508177,1.6601104293638422,-1.5757325490750596e-05
2,0,2,MLR,8,X,0.001943648,0.998040193,0.38432724851579536,1.6523829063048634,3.366587755904149e-07
2,0,2,MLR,8,W1,0.062072368,0.937411557,0.25549026474068426,1.660559471423125,0.0
2,0,2,MLR,8,W2,0.159012608,0.839665349,0.06823899380856643,1.6596248290641895,0.0001216462628350401
2,0,2,SVR,8,X,0.001943187,0.998040657,0.38409942402822284,1.6506104201465341,4.434940350450667e-06
2,0,2,SVR,8,W1,0.063978707,0.935489369,0.22962703920626396,1.6580021394500382,-7.193314075926161e-06
2,0,2,SVR,8,W2,0.159182892,0.839493649,0.06616206619971796,1.6509558744765669,3.0275266125046053e-05
2,0,2,RF-R,8,X,0.005919051,0.994031738,0.3770588003610811,1.6156848644021022,0.0004214066668815963
2,0,2,RF-R,8,W1,0.074029776,0.925354735,0.2500309267672288,1.6048993213029639,0.0015127015550047585
2,0,2,RF-R,8,W2,0.177272428,0.821253715,0.06476910360851248,1.582496578380916,-0.0015179110266037577
2,0,2,XGBoost-R,8,X,0.00346044,0.995580711,0.38474529233326826,1.6447037405537563,-0.0003365576034138673
2,0,2,XGBoost-R,8,W1,0.066660159,0.913176394,0.25879508751053126,1.6530736811092068,0.0016959937334413144
2,0,2,XGBoost-R,8,W2,0.167467591,0.78418977,0.06240225536961537,1.6402948547185592,-0.006599658379356388
2,0,2,MLP-R,8,X,0.001943591,0.998040249,0.3843165590828249,1.6523579157241648,3.347510400542042e-07
2,0,2,MLP-R,8,W1,0.06212743,0.937356038,0.255404691281243,1.6605088671955244,-5.509782834031141e-05
2,0,2,MLP-R,8,W2,0.159012377,0.839665582,0.06823575841503006,1.6595868652563577,0.00012167075173151743
2,0,2,MLR,9,X,0.002031479,0.998064415,0.39591804311365797,1.6376345660885125,4.686716204282959e-06
2,0,2,MLR,9,W1,0.073145229,0.930307504,0.2604870531477813,1.6309332045389362,0.0001482216812138004
2,0,2,MLR,9,W2,0.168688748,0.839274003,0.07451357097922716,1.6075128266187875,-0.00021811499625421505
2,0,2,SVR,9,X,0.002569708,0.997551592,0.39528451496706885,1.6290134758039438,0.0004338474261429637
2,0,2,SVR,9,W1,0.074273678,0.929232322,0.2586538694861996,1.6136778896259192,0.001643855895786972
2,0,2,SVR,9,W2,0.169305754,0.838686122,0.093778003596122,1.5989816755738882,0.002424920556521348
2,0,2,RF-R,9,X,0.006402489,0.993899733,0.38757215772464504,1.5942710954565027,0.00034831317911365733
2,0,2,RF-R,9,W1,0.085131151,0.918887363,0.25256422338237094,1.5624444178134032,-0.00045453562553320336
2,0,2,RF-R,9,W2,0.185570512,0.823189122,0.07217257138750219,1.5104835758598498,-0.0009631765129119341
2,0,2,XGBoost-R,9,X,0.003130064,0.996845108,0.3948706007231016,1.6269310235468484,0.0002066158172778332
2,0,2,XGBoost-R,9,W1,0.076571561,0.912989646,0.262927272930001,1.6169054246431465,0.002483479697006308
2,0,2,XGBoost-R,9,W2,0.172679616,0.796374442,0.07480792463233274,1.5928015740452568,0.0007967283622331122
2,0,2,MLP-R,9,X,0.002031333,0.998064554,0.39592868176185003,1.6376221931520891,4.706252566144542e-06
2,0,2,MLP-R,9,W1,0.073049451,0.930398761,0.2625117736367503,1.6247772939648026,0.00022368817371675175
2,0,2,MLP-R,9,W2,0.167572854,0.840337222,0.07740672693556933,1.5942699821318869,0.00027776884680587034
2,0,2,MLR,10,X,0.001988259,0.997879449,0.4259667346142638,1.5429592057163828,-1.1257492527505519e-06
2,0,2,MLR,10,W1,0.075271005,0.919720705,0.2739669507909709,1.56366556495431,6.418245256789579e-05
2,0,2,MLR,10,W2,0.172422765,0.81610478,0.06811339974864597,1.5878461279785794,0.00011364084061342705
2,0,2,SVR,10,X,0.001986207,0.997881637,0.42675380929476264,1.5417468052875205,-1.2032480069090746e-06
2,0,2,SVR,10,W1,0.082283241,0.912241897,0.2647424908267028,1.5292181287489275,0.0008800408595908138
2,0,2,SVR,10,W2,0.17257527,0.815942127,0.0709083528053645,1.5690248859830838,1.86278781641791e-05
2,0,2,RF-R,10,X,0.008253769,0.991197052,0.41784007410347723,1.488618078807209,0.00010511107219127736
2,0,2,RF-R,10,W1,0.083876693,0.910542422,0.2697093754569545,1.4966884424990745,0.0015011502475100968
2,0,2,RF-R,10,W2,0.18940023,0.797997689,0.0626073180333458,1.5043470702725683,0.000848442021171325
2,0,2,XGBoost-R,10,X,0.004783782,0.994040065,0.421350579544162,1.5349081891924716,-0.00010524506892360952
2,0,2,XGBoost-R,10,W1,0.079627699,0.899950288,0.2712871047921817,1.5486256005026509,0.002717567282365685
2,0,2,XGBoost-R,10,W2,0.177463539,0.762810408,0.05895494021471598,1.582204848862981,-0.0037529312755239853
2,0,2,MLP-R,10,X,0.00198752,0.997880236,0.42617963188114877,1.5412064562153154,-7.362438365632329e-07
2,0,2,MLP-R,10,W1,0.075269707,0.919722089,0.2739660065994955,1.5636626208890723,6.549279987941859e-05
2,0,2,MLP-R,10,W2,0.172027446,0.816526403,0.0683437407924348,1.5851941870565915,0.0006497234017257325
2,1,0,MLR,1,X,0.004945321,0.995024179,1.010363123847677,0.9506068982349649,-9.995338463020254e-07
2,1,0,MLR,1,W1,0.185417943,0.813438483,0.6379198191435469,0.9688203401941313,6.59676564178091e-05
2,1,0,MLR,1,W2,0.418726788,0.578690695,0.19327383807645465,0.9437241669023612,-0.00022727033295301126
2,1,0,SVR,1,X,0.004942798,0.995026717,1.0110283597956489,0.9513593779000737,-8.234821357366862e-07
2,1,0,SVR,1,W1,0.187647307,0.811195369,0.7087604770566258,0.979980896488623,6.191365855865439e-05
2,1,0,SVR,1,W2,0.41813527,0.579285862,0.19117499732431537,0.9510182626253922,8.856960951342252e-06
2,1,0,RF-R,1,X,0.006843627,0.993114164,0.995421883093576,0.929984423929058,0.00039871566027602776
2,1,0,RF-R,1,W1,0.205320402,0.793413275,0.6052618933679823,0.910296543370737,-0.0019956549047177364
2,1,0,RF-R,1,W2,0.440949652,0.556330771,0.17574845849607357,0.8709095343551747,-0.0017449242217184358
2,1,0,XGBoost-R,1,X,0.005652127,0.993221248,1.0048343150361185,0.9528975988042777,0.0003673789394587512
2,1,0,XGBoost-R,1,W1,0.194921714,0.75271865,0.6265789552472237,0.9833279037541207,0.0022302304651850013
2,1,0,XGBoost-R,1,W2,0.428635682,0.462949774,0.18352281733272563,0.9170068945396401,-0.010098744458853037
2,1,0,MLP-R,1,X,0.004944133,0.995025374,1.009334549658084,0.9500871131702358,-9.577735441634872e-07
2,1,0,MLP-R,1,W1,0.185416851,0.813439582,0.6378974299683179,0.968873431173936,6.589767766611576e-05
2,1,0,MLP-R,1,W2,0.418723365,0.57869414,0.19324297791461037,0.9437137291956252,-0.00022662224060967517
2,1,0,MLR,2,X,0.005023112,0.994924915,0.9790870876161005,1.0563432380214073,0.0
2,1,0,MLR,2,W1,0.165444591,0.832843591,0.6225652711382171,1.0865779737032866,1.5912057101163946e-05
2,1,0,MLR,2,W2,0.42060009,0.575048056,0.14746625858439238,1.038356907415704,0.00039078265404985936
2,1,0,SVR,2,X,0.004995546,0.994952766,0.976821644616451,1.0570222601877737,-5.261925168253967e-07
2,1,0,SVR,2,W1,0.166590963,0.831685358,0.636251250918415,1.074908727165193,-4.3135437220531704e-05
2,1,0,SVR,2,W2,0.42009852,0.575554815,0.13745940357415995,1.0302303074021455,0.0023474496998873496
2,1,0,RF-R,2,X,0.008096857,0.991819366,0.9624187883333546,1.033925675080951,-0.0004655410338792798
2,1,0,RF-R,2,W1,0.178688241,0.819462912,0.6074156759394157,1.0513443030980556,0.0031318118370532223
2,1,0,RF-R,2,W2,0.436617832,0.558864582,0.13947703166403716,0.9783308224568816,0.003488639122029402
2,1,0,XGBoost-R,2,X,0.005488127,0.993477121,0.9773900590734617,1.051773251789441,-0.0001312361923623495
2,1,0,XGBoost-R,2,W1,0.17294738,0.784929926,0.6258502645096107,1.094831173599509,0.006167255197034915
2,1,0,XGBoost-R,2,W2,0.423277353,0.482382177,0.1339868422520575,1.035275424131258,0.013910841795344842
2,1,0,MLP-R,2,X,0.005015286,0.994932822,0.9785818030116682,1.0563741690459925,-1.9965136419441975e-06
2,1,0,MLP-R,2,W1,0.1653797,0.832909154,0.6235384596535732,1.0882238905444992,2.2067719965979115e-05
2,1,0,MLP-R,2,W2,0.419823365,0.575832818,0.13694982446535334,1.0438157551097507,0.0008031810738625023
2,1,0,MLR,3,X,0.004610049,0.995447085,0.9616013216957751,1.0550357157090153,0.0
2,1,0,MLR,3,W1,0.181516015,0.820733605,0.6277126791105743,1.025158118142252,0.0
2,1,0,MLR,3,W2,0.428007561,0.577296953,0.14807648202019474,1.0610915670875416,0.0
2,1,0,SVR,3,X,0.005244631,0.994820368,0.9563875775142986,1.0427206821003299,8.9098867595383e-05
2,1,0,SVR,3,W1,0.183657244,0.818618913,0.5622825110492988,1.0228270140875866,-1.554037529352126e-05
2,1,0,SVR,3,W2,0.427026054,0.578266296,0.13608901126925788,1.065057585494514,1.1351623676281176e-05
2,1,0,RF-R,3,X,0.008657596,0.991449702,0.9436227865893754,1.018457470483215,0.0007677761112173109
2,1,0,RF-R,3,W1,0.196193356,0.806238168,0.6084836069609724,0.95387454783248,-0.001103211497895773
2,1,0,RF-R,3,W2,0.445138583,0.560378245,0.13764127035474588,0.9904568020005187,-0.0025076091285319846
2,1,0,XGBoost-R,3,X,0.006458508,0.991443894,0.961864101289079,1.0509174043412322,-0.0016457146844032656
2,1,0,XGBoost-R,3,W1,0.187237346,0.764391913,0.6461710717151016,1.00541129963614,-0.011931222954942765
2,1,0,XGBoost-R,3,W2,0.429483463,0.455585849,0.13824538210319143,1.0387847115405981,-0.03960944725831154
2,1,0,MLP-R,3,X,0.004609708,0.995447423,0.9617038354562863,1.0548435109607937,8.859139263628357e-07
2,1,0,MLP-R,3,W1,0.181605964,0.820644771,0.6281645342039811,1.026168373995853,-6.764249413474533e-05
2,1,0,MLP-R,3,W2,0.427853403,0.5774492,0.14900203491891975,1.0631211878575493,-3.1440006029725964e-05
2,1,0,MLR,4,X,0.00479165,0.995430349,0.9326763956094088,0.9656808662908695,-3.921049824318068e-06
2,1,0,MLR,4,W1,0.201252341,0.808071759,0.5864901294163438,0.9685237307034953,0.00020988815814655394
2,1,0,MLR,4,W2,0.443113841,0.577415797,0.12653891149062377,1.0235513227266562,0.0004957019117336703
2,1,0,SVR,4,X,0.004797401,0.995424865,0.9338792877464861,0.9654882063143692,-6.257345821414351e-06
2,1,0,SVR,4,W1,0.201633452,0.807708305,0.5155684845093311,0.977447339877315,0.00013953928479657485
2,1,0,SVR,4,W2,0.442545096,0.577958192,0.08638023485188598,1.029433401541665,0.00011809019378025142
2,1,0,RF-R,4,X,0.008268774,0.992114321,0.925901112021404,0.9402389849422701,-0.0006192187175031117
2,1,0,RF-R,4,W1,0.210861287,0.798907999,0.5743809397303339,0.9146795386669222,-0.0004069603095200547
2,1,0,RF-R,4,W2,0.459057134,0.562211163,0.11371525259383417,0.9633307032893861,-0.0016284723223668808
2,1,0,XGBoost-R,4,X,0.005703268,0.993955423,0.9341965710316791,0.9639444889471459,0.00014369288216427024
2,1,0,XGBoost-R,4,W1,0.203360239,0.76177953,0.5916190327704536,0.9413214789688216,-0.0046695937368777755
2,1,0,XGBoost-R,4,W2,0.443980519,0.488623533,0.1285503301218735,1.030053715515453,-1.5114622618050966e-05
2,1,0,MLP-R,4,X,0.004791671,0.995430329,0.9326164701105742,0.9656601396582601,-4.154130328004602e-06
2,1,0,MLP-R,4,W1,0.198779872,0.810429677,0.588227077055362,1.0141859068696826,-2.043212869136113e-05
2,1,0,MLP-R,4,W2,0.441309169,0.579136858,0.1160784919485431,1.021133335073807,0.000214053476170184
2,1,0,MLR,5,X,0.004640716,0.995256443,0.9989267928449891,1.031530044184306,9.982765082483524e-06
2,1,0,MLR,5,W1,0.231434936,0.763436302,0.5813383070448854,1.0383144784095544,-0.0001095130129706079
2,1,0,MLR,5,W2,0.424203397,0.566395956,0.15859584838902213,1.0510032810617558,0.0
2,1,0,SVR,5,X,0.005738848,0.994133975,0.9969633192988336,1.025593739313124,1.9967379156682342e-05
2,1,0,SVR,5,W1,0.229955825,0.764948191,0.5352170031213614,1.02778511127404,0.00011334102936553237
2,1,0,SVR,5,W2,0.42365306,0.566958488,0.14999283230532484,1.0237541780627335,1.5940714693463144e-06
2,1,0,RF-R,5,X,0.00767657,0.992153311,0.9877464685133267,1.0117676524038155,2.2219450106386597e-06
2,1,0,RF-R,5,W1,0.243629942,0.750971046,0.5593436946572459,0.9757993536094547,-0.001322550022472635
2,1,0,RF-R,5,W2,0.437886099,0.552410035,0.1442235020072797,0.9791525656487801,-0.0013625118624799536
2,1,0,XGBoost-R,5,X,0.005316855,0.993607542,1.0010747352998801,1.0282353308848693,0.00031410308955084345
2,1,0,XGBoost-R,5,W1,0.234734737,0.709636731,0.6047117706005616,1.0450941790878352,0.0013774522898433062
2,1,0,XGBoost-R,5,W2,0.424511606,0.472924615,0.17205418996091182,1.0626263717768558,0.003863292203944169
2,1,0,MLP-R,5,X,0.004641126,0.995256024,0.9986437109362241,1.030672448669065,7.320714459135846e-06
2,1,0,MLP-R,5,W1,0.230834073,0.76405048,0.577664294462218,1.0299621922600148,0.00027233950178890965
2,1,0,MLP-R,5,W2,0.424132392,0.566468533,0.15781980065108975,1.0488784751590388,1.0903690283559087e-06
2,1,0,MLR,6,X,0.004872063,0.995417621,0.9609145235457384,1.0044628912778497,9.377223785356215e-07
2,1,0,MLR,6,W1,0.163113701,0.846584717,0.6334743288112891,0.9748503138838924,0.0
2,1,0,MLR,6,W2,0.404083826,0.619942199,0.17477930956780957,0.997324961327285,0.00018240886812893599
2,1,0,SVR,6,X,0.004876744,0.995413217,0.9609642945709013,1.0030181890693723,-1.4588851904862032e-06
2,1,0,SVR,6,W1,0.164688921,0.845103156,0.6439814578175069,0.9792782713067268,-0.0003899596505695491
2,1,0,SVR,6,W2,0.404665475,0.619395133,0.19186612944168402,1.0121100187338754,0.0030605943112840817
2,1,0,RF-R,6,X,0.007797099,0.992666501,0.9459190984257667,0.9846057571657149,0.0002578358340848519
2,1,0,RF-R,6,W1,0.179985779,0.830715819,0.6100786661164567,0.9123341412578512,0.0005468239132041641
2,1,0,RF-R,6,W2,0.427343098,0.598065877,0.1568695283681552,0.951264803258083,-0.0009805236126376737
2,1,0,XGBoost-R,6,X,0.005655661,0.993556908,0.9578756728028898,1.0052206662913705,-4.406905404455985e-05
2,1,0,XGBoost-R,6,W1,0.169173704,0.799687484,0.6403542445035336,0.9642992500796126,-0.0033234979916130004
2,1,0,XGBoost-R,6,W2,0.412032797,0.525945714,0.1832880107731671,0.9998079145902079,0.012199860309627886
2,1,0,MLP-R,6,X,0.004869667,0.995419874,0.9605176474741836,1.003495932076227,2.246951256967833e-06
2,1,0,MLP-R,6,W1,0.163180378,0.846522004,0.6324154863552927,0.9741321281414705,-0.00014367133687257506
2,1,0,MLP-R,6,W2,0.403752958,0.620253395,0.17504492116101655,0.9997239693419966,0.0001723629335100174
2,1,0,MLR,7,X,0.00480255,0.995294957,1.0028001969445177,0.9621803691992555,-4.420100464197496e-07
2,1,0,MLR,7,W1,0.18043854,0.823224933,0.6596823269579809,0.9444507050263018,0.0
2,1,0,MLR,7,W2,0.40952554,0.598789124,0.17835303363819804,0.9417480778709322,0.0005828765415199167
2,1,0,SVR,7,X,0.004977756,0.995123308,1.0004517986940775,0.9579720952139932,0.00044735349511300094
2,1,0,SVR,7,W1,0.182109745,0.821587659,0.6113940357697223,0.9519513887584419,-7.524601669284259e-06
2,1,0,SVR,7,W2,0.409703102,0.598615168,0.20467947621204238,0.9446201674521413,1.7568310556026477e-05
2,1,0,RF-R,7,X,0.006932322,0.993208426,0.983824906241282,0.9431066609681265,0.000350054346195372
2,1,0,RF-R,7,W1,0.198550679,0.805480528,0.6333939508800733,0.8705856371039433,-0.0029274859094674645
2,1,0,RF-R,7,W2,0.428285155,0.580410388,0.16511532484358754,0.8595630502559846,-0.0011495451398580436
2,1,0,XGBoost-R,7,X,0.005380266,0.994058684,0.9999408275225636,0.9605129063879012,0.00040371998042174615
2,1,0,XGBoost-R,7,W1,0.186313002,0.772018111,0.6695624251192563,0.9278295613843717,-0.006470260444356913
2,1,0,XGBoost-R,7,W2,0.414541221,0.4854323,0.1630804126741629,0.90581981515156,-0.013085237560934892
2,1,0,MLP-R,7,X,0.004743699,0.995352613,1.003359425453791,0.9608272756366292,8.997517387181464e-05
2,1,0,MLP-R,7,W1,0.18045583,0.823207994,0.6597939757555877,0.9444854967274736,6.25283765588458e-06
2,1,0,MLP-R,7,W2,0.409289176,0.599020689,0.17961785051063672,0.9387524611535488,0.0009234733696865782
2,1,0,MLR,8,X,0.004661628,0.995256669,0.9853946545452649,1.0110741258272564,0.0
2,1,0,MLR,8,W1,0.184798752,0.811962329,0.6191845565822098,1.010514923322153,0.0
2,1,0,MLR,8,W2,0.432399042,0.560022414,0.13920228937636867,1.0209175265521078,0.00047460549027558143
2,1,0,SVR,8,X,0.004663844,0.995254414,0.9846565620294573,1.0120949655530735,2.8842845622989443e-08
2,1,0,SVR,8,W1,0.192129914,0.804502675,0.6107891718760207,0.9841922173770408,-0.004715640833368939
2,1,0,SVR,8,W2,0.432411674,0.56000956,0.13304343662919854,1.0075314481241655,5.699033713965074e-05
2,1,0,RF-R,8,X,0.008886196,0.990958058,0.9767265460700335,0.9833327526658591,-0.0008673556842061725
2,1,0,RF-R,8,W1,0.194938944,0.801644412,0.5911344049575484,0.9445109686300237,-0.0004610559142869786
2,1,0,RF-R,8,W2,0.455854223,0.53615614,0.12680233929763368,0.9155069570118254,-0.005576222330714242
2,1,0,XGBoost-R,8,X,0.006033532,0.992908095,0.9832420433314313,1.0050123478900777,-9.303303553058751e-05
2,1,0,XGBoost-R,8,W1,0.189270152,0.773313229,0.6205734476576528,1.0084943519555556,0.01691492000545728
2,1,0,XGBoost-R,8,W2,0.438871919,0.451010435,0.13633470678738652,1.010071259139944,-0.006276181659281577
2,1,0,MLP-R,8,X,0.004661701,0.995256594,0.9853553925708882,1.0110880027038744,-6.093739887136351e-07
2,1,0,MLP-R,8,W1,0.184859091,0.811900932,0.614598500531468,1.0100205065851786,1.95708176632281e-05
2,1,0,MLP-R,8,W2,0.430684046,0.561767467,0.1397318190180044,1.0176563845824689,0.0020129253451343088
2,1,0,MLR,9,X,0.005300678,0.994445852,1.0545366968737497,0.9896845420311935,6.389721791566493e-07
2,1,0,MLR,9,W1,0.175082169,0.816545708,0.6811571981645749,0.9858509292353915,-6.373274433491005e-06
2,1,0,MLR,9,W2,0.429320036,0.55015063,0.1528063664570046,0.9866088473707014,-0.00019544176864613183
2,1,0,SVR,9,X,0.005285935,0.994461301,1.0538797613991195,0.9919199276438098,2.4190163332438176e-07
2,1,0,SVR,9,W1,0.174908673,0.8167275,0.6851768524472185,0.9842985128146235,-0.00010295511420480575
2,1,0,SVR,9,W2,0.428963056,0.550524681,0.14782980341559493,0.985190047407065,-0.00012169421589669493
2,1,0,RF-R,9,X,0.007318247,0.992331807,1.0416918389516976,0.9741033143161386,-8.404209541724716e-05
2,1,0,RF-R,9,W1,0.186164561,0.804933375,0.6470587400600342,0.9390664290680292,0.004027184218691948
2,1,0,RF-R,9,W2,0.432206107,0.547126552,0.15298711651116834,0.9499154908177069,0.007604572695487177
2,1,0,XGBoost-R,9,X,0.00588803,0.992050479,1.052405090207857,0.9970551258463797,-0.0005827671802070888
2,1,0,XGBoost-R,9,W1,0.178390156,0.766869272,0.6799308872132458,0.9917225202935394,0.004459554506031615
2,1,0,XGBoost-R,9,W2,0.425714301,0.483865946,0.1584095020350787,0.9858054011074412,0.02895581358486965
2,1,0,MLP-R,9,X,0.005271398,0.994476533,1.05494028410167,0.9904494900774949,4.390920064685222e-05
2,1,0,MLP-R,9,W1,0.172991032,0.818736839,0.6846558146103274,0.9886496085697832,0.00328181524003619
2,1,0,MLP-R,9,W2,0.427450988,0.552109053,0.1530964083230718,1.0162025040964573,0.00300156347831908
2,1,0,MLR,10,X,0.005387894,0.994774598,0.9881983035271873,0.9796719355326224,4.69763444075344e-06
2,1,0,MLR,10,W1,0.217951502,0.788621646,0.6028013326583472,0.9853562938466037,0.0
2,1,0,MLR,10,W2,0.447030759,0.566451135,0.15406994717370048,0.9873512678735908,0.0
2,1,0,SVR,10,X,0.005947585,0.994231787,0.9874838342604484,0.9781150525745375,5.0676947273431415e-05
2,1,0,SVR,10,W1,0.218994346,0.787610252,0.6358725520360038,1.0034996141851822,-7.989430189047076e-05
2,1,0,SVR,10,W2,0.450024156,0.563548015,0.15838456133651965,0.9927570819451761,-0.0017128051003027166
2,1,0,RF-R,10,X,0.007673929,0.992557508,0.9686089289392841,0.9552428600943113,0.00019335309002385114
2,1,0,RF-R,10,W1,0.231188063,0.775784283,0.5863797343650865,0.9378782122543987,0.0013541650245872173
2,1,0,RF-R,10,W2,0.464697589,0.549317114,0.1452998611237764,0.9161856649259207,-0.0008717760169883349
2,1,0,XGBoost-R,10,X,0.006292943,0.992219767,0.990603506534071,0.9798841144579928,-0.0005680253833582394
2,1,0,XGBoost-R,10,W1,0.224514303,0.738859317,0.6131322030011935,0.9919430212080254,0.0011274153509126528
2,1,0,XGBoost-R,10,W2,0.456841085,0.457014851,0.15774900959884472,1.0023171034043326,-0.000828055622695445
2,1,0,MLP-R,10,X,0.00538671,0.994775747,0.9883399084835641,0.9794687855308618,4.586286124941274e-06
2,1,0,MLP-R,10,W1,0.216244278,0.790277382,0.60622427974631,1.0176670344023477,0.0005079721158834927
2,1,0,MLP-R,10,W2,0.447320705,0.566169934,0.1560813411274431,0.935440604944761,0.002676688656920867
2,1,1,MLR,1,X,0.002427705,0.997593374,0.10922106335017653,1.8409059467215525,0.0
2,1,1,MLR,1,W1,0.021241945,0.978942495,0.07077234081359864,1.8359223375542442,5.964011580739115e-06
2,1,1,MLR,1,W2,0.046818679,0.953587839,0.019800461996714848,1.850362730314512,6.882219706529912e-05
2,1,1,SVR,1,X,0.002534012,0.99748799,0.10813865460209215,1.8401048991367328,-5.738706739855104e-06
2,1,1,SVR,1,W1,0.022362505,0.977831664,0.08440940613474344,1.8317315104178546,1.4216366638231114e-06
2,1,1,SVR,1,W2,0.046957633,0.953450091,0.0182377056275973,1.8542906133622505,4.90610362938404e-05
2,1,1,RF-R,1,X,0.005543691,0.994504444,0.10793454788694953,1.8027474251887667,0.0001330966906526898
2,1,1,RF-R,1,W1,0.027285349,0.972951564,0.0710588369067162,1.7864154028812642,0.00010554100538924249
2,1,1,RF-R,1,W2,0.056243817,0.944244537,0.01870415962058084,1.7819525232235602,0.0011209105388558349
2,1,1,XGBoost-R,1,X,0.003060753,0.996269135,0.10852589701177102,1.848759879096343,0.000132638477938829
2,1,1,XGBoost-R,1,W1,0.022721038,0.970478432,0.07074559230144402,1.8380487726879575,-0.0012483380586772452
2,1,1,XGBoost-R,1,W2,0.048099147,0.941449942,0.01932568283692885,1.845665081908559,0.0014765244798660593
2,1,1,MLP-R,1,X,0.002428048,0.997593035,0.10921799303460329,1.8409085397346936,-5.061466787914526e-07
2,1,1,MLP-R,1,W1,0.021036722,0.979145936,0.07093040297985644,1.8356209953619562,0.00018830590613484467
2,1,1,MLP-R,1,W2,0.046387561,0.954015213,0.02010006230721062,1.8679081438282172,0.0006668366053725228
2,1,1,MLR,2,X,0.002323945,0.997678485,0.11742002327975139,1.8563390644358058,0.0
2,1,1,MLR,2,W1,0.02272102,0.977302738,0.07610477179324317,1.8653688235928558,7.564087866840374e-07
2,1,1,MLR,2,W2,0.054570119,0.945486942,0.016564814335677913,1.848001293619393,0.0
2,1,1,SVR,2,X,0.002323321,0.997679109,0.11779179277791636,1.8563152225533734,-3.93661248487831e-08
2,1,1,SVR,2,W1,0.022759872,0.977263927,0.07534006093077111,1.860837519171995,0.0008726421086276859
2,1,1,SVR,2,W2,0.05455265,0.945504393,0.015339678506116717,1.8500734049568943,0.0012456957819149794
2,1,1,RF-R,2,X,0.006083507,0.993922854,0.11541009856851989,1.8108143772056782,0.0003221588984892443
2,1,1,RF-R,2,W1,0.028963468,0.971066818,0.07551036055979961,1.8092777424304365,0.0011390524957421212
2,1,1,RF-R,2,W2,0.061635161,0.938429287,0.01693253845039492,1.7956310049110655,0.0010922519191035817
2,1,1,XGBoost-R,2,X,0.003515249,0.996205158,0.11755741390439885,1.8559087464242474,0.0002171382979076153
2,1,1,XGBoost-R,2,W1,0.024304086,0.970075445,0.07632787640613156,1.858598722875545,-0.00012930145907230628
2,1,1,XGBoost-R,2,W2,0.056960166,0.930486279,0.01525462183837838,1.8563526400200865,-0.000295891558208361
2,1,1,MLP-R,2,X,0.002323494,0.997678935,0.11741185398998015,1.8567578004425667,1.1986992545232056e-07
2,1,1,MLP-R,2,W1,0.022705499,0.977318243,0.07605365658806126,1.8652626978400892,5.647369742933784e-06
2,1,1,MLP-R,2,W2,0.054516335,0.94554067,0.01673137098952545,1.8481044025881777,9.73255398539541e-05
2,1,1,MLR,3,X,0.002539463,0.997427724,0.11941355942609863,1.893724240452259,-1.9990655257262624e-06
2,1,1,MLR,3,W1,0.023473866,0.976222819,0.07800948663494983,1.891329176353651,-4.790563092305078e-05
2,1,1,MLR,3,W2,0.051931034,0.947397944,0.01874279291061578,1.87860232283773,4.492115266555574e-05
2,1,1,SVR,3,X,0.004270077,0.995674748,0.11845018854187066,1.886660920925958,-0.0008838322631416151
2,1,1,SVR,3,W1,0.02346724,0.97622953,0.07773503463542644,1.8856234037892459,-4.849481126942834e-05
2,1,1,SVR,3,W2,0.051983001,0.947345305,0.0212714626377954,1.8751413331498334,4.0766208567299955e-05
2,1,1,RF-R,3,X,0.00617924,0.993740916,0.11779772209273118,1.855887239979801,1.1769712880749238e-06
2,1,1,RF-R,3,W1,0.029246632,0.97037546,0.07499689924355071,1.854300954078348,0.0003036649346717879
2,1,1,RF-R,3,W2,0.056734745,0.942532162,0.020944400112791563,1.8413746218035965,0.0008714508743096428
2,1,1,XGBoost-R,3,X,0.003557991,0.994501097,0.11739300409875626,1.8854955593264737,-0.001044711951656474
2,1,1,XGBoost-R,3,W1,0.024944039,0.969193337,0.0768443903619866,1.8825447992729132,-0.0005050383001366842
2,1,1,XGBoost-R,3,W2,0.053335205,0.936985651,0.021362162587540322,1.8664316029333414,0.0008242362719981689
2,1,1,MLP-R,3,X,0.002539106,0.997428085,0.11938407729237058,1.8938872405661455,-2.021293857557005e-06
2,1,1,MLP-R,3,W1,0.023436478,0.976260689,0.07798807252520132,1.8914817188445945,-2.8214201641196814e-05
2,1,1,MLP-R,3,W2,0.051855809,0.94747414,0.01889988381482245,1.879615411586973,0.00011535937805102758
2,1,1,MLR,4,X,0.002257982,0.997859804,0.11273692655702013,1.848909600750345,0.0
2,1,1,MLR,4,W1,0.022045719,0.979104281,0.07181156820572789,1.8686013380416813,0.0
2,1,1,MLR,4,W2,0.052624979,0.950120167,0.017257067449856854,1.8716490238797463,0.0
2,1,1,SVR,4,X,0.002940963,0.99721245,0.11336891245903317,1.8479712864630549,0.0008324905207319321
2,1,1,SVR,4,W1,0.025039789,0.976266394,0.05675196581686397,1.8685711144470527,0.0014524776682982242
2,1,1,SVR,4,W2,0.052856326,0.949900888,0.016146475235406653,1.8710417882344383,-4.391576720998991e-05
2,1,1,RF-R,4,X,0.005545935,0.994743365,0.11167269989403224,1.800418830466127,0.0009619480658292767
2,1,1,RF-R,4,W1,0.029132963,0.972386738,0.06913755434589733,1.816619679976989,0.0008540139899419485
2,1,1,RF-R,4,W2,0.060070396,0.943063134,0.017206314230880714,1.8243724140612116,0.0017314181356881675
2,1,1,XGBoost-R,4,X,0.003402285,0.996412205,0.1125489411375697,1.856668313767599,0.001348758850432108
2,1,1,XGBoost-R,4,W1,0.023846847,0.972183889,0.07270013070727206,1.8732834731813934,0.0012966308203592903
2,1,1,XGBoost-R,4,W2,0.054575914,0.935024196,0.01653108937664899,1.8671512889779414,0.0019780430101438927
2,1,1,MLP-R,4,X,0.00226095,0.997856991,0.11274904429062671,1.8490152672130307,-2.448965760482036e-06
2,1,1,MLP-R,4,W1,0.022182411,0.978974719,0.07185576047476272,1.8683801018384227,-0.00012304942874320491
2,1,1,MLP-R,4,W2,0.052374316,0.950357754,0.017590614561832717,1.8800864597188316,0.00017433453080084593
2,1,1,MLR,5,X,0.00240414,0.997615213,0.12192446543717103,1.8989766599459792,-5.830086806390966e-06
2,1,1,MLR,5,W1,0.022959833,0.977224985,0.08220958050689192,1.8938339348628273,-7.285285182438983e-05
2,1,1,MLR,5,W2,0.052356404,0.948065046,0.022175389490078922,1.8903739334311935,-0.00010267821313172387
2,1,1,SVR,5,X,0.005150315,0.994891143,0.12051097485525768,1.891765868998494,-0.0019874586936399763
2,1,1,SVR,5,W1,0.02291727,0.977267205,0.08028444700276874,1.8946413883871318,-3.332192344750462e-05
2,1,1,SVR,5,W2,0.052322298,0.948098877,0.023886396772786922,1.8909699591989813,-6.522679589311408e-05
2,1,1,RF-R,5,X,0.00797846,0.992085764,0.117273084659455,1.8476649173903976,-0.00033749604168336055
2,1,1,RF-R,5,W1,0.032199914,0.968059283,0.07576041570539975,1.835084202099749,1.069517731965286e-05
2,1,1,RF-R,5,W2,0.063311764,0.937197872,0.019942760627730503,1.829568688615837,-0.0008329360988761358
2,1,1,XGBoost-R,5,X,0.003378043,0.995121514,0.12029742021673724,1.9021108147210235,-0.0005498153627548907
2,1,1,XGBoost-R,5,W1,0.024606023,0.968032316,0.08049212762321553,1.882311907550396,-0.00276431241913645
2,1,1,XGBoost-R,5,W2,0.053842614,0.934974589,0.022166063223050526,1.8831051729596109,-0.0005220039472842109
2,1,1,MLP-R,5,X,0.00240407,0.997615282,0.12192800018820052,1.8989904283523753,-5.791962276968654e-06
2,1,1,MLP-R,5,W1,0.022957446,0.977227353,0.08222220426181484,1.8940283155618942,-7.154536804382383e-05
2,1,1,MLP-R,5,W2,0.052353197,0.948068227,0.02216488062453542,1.8901758457386122,-0.00010193290044249181
2,1,1,MLR,6,X,0.00251006,0.997522408,0.11955662281441537,1.8336307124139182,-1.0305107056574059e-07
2,1,1,MLR,6,W1,0.023377041,0.976925344,0.07652020631193066,1.8258126927770015,0.0
2,1,1,MLR,6,W2,0.05409895,0.946600825,0.019429344254375112,1.8426741623193208,2.538782208086898e-05
2,1,1,SVR,6,X,0.002509266,0.997523191,0.12047046017754906,1.8338790025594114,6.828732759833755e-06
2,1,1,SVR,6,W1,0.023825853,0.976482337,0.08538075936342682,1.827012763161585,5.46666004452856e-06
2,1,1,SVR,6,W2,0.055971438,0.944752559,0.02024095532553728,1.8236901451594403,0.0012168966571825424
2,1,1,RF-R,6,X,0.00698609,0.993104276,0.118492022215466,1.7773138243160276,0.0006628323286897775
2,1,1,RF-R,6,W1,0.032435507,0.96798405,0.07556560724617237,1.760003392535312,-0.0005643614780865835
2,1,1,RF-R,6,W2,0.066311162,0.93454658,0.019544055798168224,1.7659214493999944,-0.00014667290359001716
2,1,1,XGBoost-R,6,X,0.004273311,0.995008751,0.12039754530980121,1.8300996225101809,-0.0004918275847943021
2,1,1,XGBoost-R,6,W1,0.026536643,0.965557037,0.07651857297025741,1.8148046360683066,-0.0023210025330733354
2,1,1,XGBoost-R,6,W2,0.058721884,0.925585551,0.018853467757741826,1.832109318652019,-0.004155307051218404
2,1,1,MLP-R,6,X,0.002502729,0.997529644,0.11982162350590611,1.835029661641272,4.714424788720972e-06
2,1,1,MLP-R,6,W1,0.023371575,0.976930739,0.07637435327501949,1.8257437897728646,2.9666557586072173e-06
2,1,1,MLP-R,6,W2,0.053959597,0.946738377,0.019080928408184705,1.8432636912377958,1.6383157488120136e-05
2,1,1,MLR,7,X,0.002271646,0.997766054,0.1144532255865216,1.9247141517292872,2.997786417346937e-06
2,1,1,MLR,7,W1,0.020539033,0.979801825,0.07469446312596567,1.9020871536324164,3.5459962262163194e-05
2,1,1,MLR,7,W2,0.049750819,0.951074827,0.019505278470195998,1.9275260134337047,2.112246462953049e-05
2,1,1,SVR,7,X,0.002294097,0.997743975,0.11421493980134634,1.9232940014643767,-1.5862206287098336e-05
2,1,1,SVR,7,W1,0.021018204,0.979330606,0.06927284529977716,1.9016890109462885,2.6500757262204468e-05
2,1,1,SVR,7,W2,0.050673596,0.950167364,0.029166613479789282,1.92890331948721,-4.1773710790504737e-07
2,1,1,RF-R,7,X,0.010143167,0.990025165,0.11205818145160715,1.8628335642357925,0.000440165187114272
2,1,1,RF-R,7,W1,0.030758276,0.969752177,0.07160400693411265,1.8489294282203574,0.000996111012142986
2,1,1,RF-R,7,W2,0.059125777,0.941855452,0.019154145818825595,1.8800186511986614,0.004473887686248923
2,1,1,XGBoost-R,7,X,0.006116789,0.992097974,0.114018717695859,1.903633902646677,-0.0012193230832236335
2,1,1,XGBoost-R,7,W1,0.025215392,0.968114263,0.07390988042300381,1.8741279368547061,-0.0006161024829089534
2,1,1,XGBoost-R,7,W2,0.052559484,0.936232967,0.019767119952781752,1.9082053793291607,0.0012519802520217448
2,1,1,MLP-R,7,X,0.00226989,0.99776778,0.11441919625242303,1.9240359436979202,4.661719937393283e-06
2,1,1,MLP-R,7,W1,0.020537714,0.979803122,0.07471530249530756,1.9020222572722705,3.521393288251629e-05
2,1,1,MLP-R,7,W2,0.04924862,0.951568691,0.019743257859161333,1.9224038401379722,0.0006808244376968698
2,1,1,MLR,8,X,0.002410784,0.997697367,0.11163684064015533,1.8800542787671077,4.696580198937372e-06
2,1,1,MLR,8,W1,0.023632718,0.977427473,0.07168427401538377,1.8875970559504267,3.795453181720809e-06
2,1,1,MLR,8,W2,0.051909788,0.950418945,0.016159336927428346,1.8671223557931949,0.0
2,1,1,SVR,8,X,0.002405399,0.99770251,0.11170333696493742,1.8788591952260014,6.043232112806773e-06
2,1,1,SVR,8,W1,0.024794166,0.976318129,0.059103767301930676,1.88877393973829,3.3954916366485398e-06
2,1,1,SVR,8,W2,0.054669023,0.947783493,0.018536941342871805,1.855436435504189,-0.0005719157267332298
2,1,1,RF-R,8,X,0.006077118,0.994195508,0.10754533633185939,1.8350088527184858,0.0007114803401322423
2,1,1,RF-R,8,W1,0.033047591,0.968434962,0.06774809924651401,1.8413279226358692,-0.00013901517551251352
2,1,1,RF-R,8,W2,0.062688804,0.940123488,0.014266299015663897,1.8064960860577635,0.0003485979888733781
2,1,1,XGBoost-R,8,X,0.003274371,0.996407808,0.11256466250714596,1.8711963862790764,0.0008655669136387933
2,1,1,XGBoost-R,8,W1,0.025907184,0.967891015,0.07270356902709893,1.889368921208933,-0.0011842911851168147
2,1,1,XGBoost-R,8,W2,0.055728435,0.933223801,0.014106435821457574,1.8818005707373289,-0.0014521099654332791
2,1,1,MLP-R,8,X,0.002403817,0.997704021,0.11132517075921955,1.8774964067284727,-2.939514406630206e-06
2,1,1,MLP-R,8,W1,0.023632929,0.977427271,0.07168635366924722,1.8875962043146288,3.7637428281334094e-06
2,1,1,MLP-R,8,W2,0.052023073,0.950310742,0.01610271865095786,1.8668305871282214,-3.483836229668524e-05
2,1,1,MLR,9,X,0.002157575,0.997922771,0.11466776635255531,1.8152935938379424,1.2792664919047958e-06
2,1,1,MLR,9,W1,0.021170388,0.979617975,0.07666016994894456,1.7977260300782834,0.0
2,1,1,MLR,9,W2,0.055527014,0.946540755,0.015729365661868368,1.8252218582731075,0.00020604166028621586
2,1,1,SVR,9,X,0.002156532,0.997923775,0.11443496837379938,1.8157071851794881,2.8044927205650437e-06
2,1,1,SVR,9,W1,0.022089059,0.978733515,0.09117830666657152,1.8052177980799275,1.0073025401946544e-05
2,1,1,SVR,9,W2,0.05590781,0.946174139,0.008589803203902712,1.8337101599934287,8.91651004951477e-05
2,1,1,RF-R,9,X,0.008680283,0.991642962,0.11416052058422521,1.7617268446213061,-0.0003470881135787085
2,1,1,RF-R,9,W1,0.031972179,0.969218432,0.0749954450248927,1.7344572091962598,-0.0011872846996131893
2,1,1,RF-R,9,W2,0.069001337,0.933568202,0.014306826793930782,1.7686084105829363,0.0006786961247387757
2,1,1,XGBoost-R,9,X,0.004123667,0.995656026,0.11468679515834301,1.8025562878816797,0.00032326368690156483
2,1,1,XGBoost-R,9,W1,0.023075182,0.974311779,0.07791065470247974,1.7870748163005714,0.002705005476398159
2,1,1,XGBoost-R,9,W2,0.059550958,0.934395513,0.014881482210370157,1.8274952392627708,0.005253005611229255
2,1,1,MLP-R,9,X,0.002156811,0.997923506,0.11472297361920503,1.8138298483635609,1.821612567343145e-06
2,1,1,MLP-R,9,W1,0.021050856,0.979733056,0.07665119382628514,1.8000159176694077,2.145916646458801e-05
2,1,1,MLP-R,9,W2,0.055526347,0.946541398,0.01573363838050419,1.8252590817333953,0.00020646671880564238
2,1,1,MLR,10,X,0.002777455,0.99715957,0.12081897346656387,1.8344893265680888,6.062234324644145e-07
2,1,1,MLR,10,W1,0.023005065,0.976473322,0.08072703293722562,1.8329978221506118,0.0
2,1,1,MLR,10,W2,0.054226737,0.944543736,0.02006287371400246,1.8296618693699334,-6.891744246586561e-05
2,1,1,SVR,10,X,0.002777711,0.997159307,0.12208677876309185,1.834398628841409,-8.823741150743025e-07
2,1,1,SVR,10,W1,0.02435761,0.97509011,0.09529995572444333,1.8362469428776205,-4.018971021535478e-07
2,1,1,SVR,10,W2,0.054223854,0.944546684,0.01995015406082624,1.8316625818272865,-4.4467335509090765e-05
2,1,1,RF-R,10,X,0.006655273,0.993193827,0.11781612431664605,1.7854402852698907,0.0006087001796642788
2,1,1,RF-R,10,W1,0.028314355,0.971043651,0.07828157055195432,1.7869027323301492,0.0016499782344262081
2,1,1,RF-R,10,W2,0.062570452,0.936010838,0.019839850527727586,1.763307247849553,0.002321628457739533
2,1,1,XGBoost-R,10,X,0.004052466,0.994572536,0.12128796609776246,1.83294200343095,-0.0003361539630036159
2,1,1,XGBoost-R,10,W1,0.024626097,0.971214874,0.0801691383759405,1.8404752714768748,0.001083797772879358
2,1,1,XGBoost-R,10,W2,0.056769669,0.93330369,0.02001218350874464,1.8373013529999298,0.0033442616536356164
2,1,1,MLP-R,10,X,0.00277736,0.997159666,0.12083237707366803,1.834428703941321,6.036163475831025e-07
2,1,1,MLP-R,10,W1,0.023000272,0.976478224,0.07994245732503218,1.8385837961119775,-1.4935646716951466e-06
2,1,1,MLP-R,10,W2,0.053927612,0.944849643,0.020347382363446253,1.8298827407556477,0.0006702319517161492
2,1,2,MLR,1,X,0.002205207,0.997605879,0.4498982428057495,1.650195558235204,0.0
2,1,2,MLR,1,W1,0.06707804,0.927175588,0.3025117598463411,1.6378822166984286,8.255937618765197e-05
2,1,2,MLR,1,W2,0.176791558,0.808063246,0.06976499319723631,1.6091421818506408,-6.584253038502963e-05
2,1,2,SVR,1,X,0.002212043,0.997598458,0.44812618552482475,1.6511930422502386,-1.0035564170840505e-05
2,1,2,SVR,1,W1,0.070160285,0.923829296,0.3146200384671589,1.6247671654094642,0.0001874021728517361
2,1,2,SVR,1,W2,0.179062708,0.805597532,0.06471079947233373,1.6189301676298566,0.0019134525766209443
2,1,2,RF-R,1,X,0.004735321,0.994859019,0.4427092283709264,1.6250308886240319,0.0004326896918898426
2,1,2,RF-R,1,W1,0.073146705,0.920587039,0.2932631136231328,1.6097723954602903,0.004774395902963679
2,1,2,RF-R,1,W2,0.185623227,0.798474994,0.06746585642284406,1.5747255398070101,0.002912571335705083
2,1,2,XGBoost-R,1,X,0.002871131,0.996548935,0.4496021520724291,1.6468535039441612,-4.452743764505884e-05
2,1,2,XGBoost-R,1,W1,0.070160393,0.907550398,0.30475726864845765,1.6533703353026492,0.004114173542429367
2,1,2,XGBoost-R,1,W2,0.180083388,0.759245937,0.0645277953457157,1.6431901392354404,-0.005288744657212763
2,1,2,MLP-R,1,X,0.002212445,0.997598021,0.4498338356905437,1.6501416462856533,-7.1257583550532464e-06
2,1,2,MLP-R,1,W1,0.066949174,0.927315494,0.30285255324860805,1.6337775608334095,0.00012391245276213158
2,1,2,MLP-R,1,W2,0.176787912,0.808067204,0.06976907077242517,1.6092055732130977,-6.467185321626934e-05
2,1,2,MLR,2,X,0.00188201,0.99816022,0.40009287714500685,1.6695434134081264,-5.340876080284218e-08
2,1,2,MLR,2,W1,0.068344607,0.933188982,0.2521073239849118,1.666575415784056,5.203978459727976e-05
2,1,2,MLR,2,W2,0.16537892,0.838332027,0.07740828538173831,1.6502732220278133,0.00021152889394381312
2,1,2,SVR,2,X,0.001880954,0.998161253,0.40024802627581063,1.6688658384803001,-2.4179373614430233e-08
2,1,2,SVR,2,W1,0.068523627,0.933013979,0.24830562999892103,1.6614599430846873,1.9601033956651026e-05
2,1,2,SVR,2,W2,0.165262017,0.838446306,0.07532275638928294,1.6518465788238985,6.764620093799856e-05
2,1,2,RF-R,2,X,0.007648025,0.99252359,0.39165589364833603,1.616173428242839,-1.675480613071434e-05
2,1,2,RF-R,2,W1,0.080945026,0.920871304,0.2435335846439372,1.6101432312295372,0.0006145954221840721
2,1,2,RF-R,2,W2,0.185278481,0.818878993,0.07309364664927569,1.558918634683564,-0.0021765506062019434
2,1,2,XGBoost-R,2,X,0.004896371,0.993653481,0.40113851144317936,1.656517109947255,-0.0010804187153103384
2,1,2,XGBoost-R,2,W1,0.074222594,0.903548215,0.2532692019870346,1.6563841793471696,-0.0026178039590678435
2,1,2,XGBoost-R,2,W2,0.17237047,0.780084852,0.07472974572900484,1.631831916859694,-0.011592895011558291
2,1,2,MLP-R,2,X,0.001875765,0.998166325,0.3988356178190463,1.6692404529792018,-5.418161722614556e-08
2,1,2,MLP-R,2,W1,0.068271411,0.933260535,0.2528872691937883,1.6671162824462005,5.0785199097846956e-05
2,1,2,MLP-R,2,W2,0.165377679,0.838333239,0.07739494730113614,1.650265423892133,0.00020978389420840405
2,1,2,MLR,3,X,0.001876387,0.998137589,0.39701840231316676,1.4910243715053464,0.0
2,1,2,MLR,3,W1,0.070808679,0.929718732,0.2573171479784918,1.5182517676226248,0.00010515187190738296
2,1,2,MLR,3,W2,0.167165334,0.834079778,0.07350657736280229,1.5317285546965107,1.0725125587163209e-05
2,1,2,SVR,3,X,0.002446849,0.997571376,0.39882182484243306,1.4868347852167096,-0.00014900230526259105
2,1,2,SVR,3,W1,0.070907771,0.929620377,0.26709760566863294,1.5110953367224658,3.6357277169896116e-05
2,1,2,SVR,3,W2,0.167746953,0.833502491,0.08431162762592631,1.5121660687173182,-2.3519897852319894e-06
2,1,2,RF-R,3,X,0.005788029,0.994255083,0.3950778217365489,1.4538879102259996,-0.0001379794476582652
2,1,2,RF-R,3,W1,0.082367627,0.918245879,0.2513744899449644,1.4694250197787038,9.801810635011732e-05
2,1,2,RF-R,3,W2,0.18464167,0.816733613,0.07259247804377096,1.4848751092412722,-0.002602402730870701
2,1,2,XGBoost-R,3,X,0.002899871,0.996663077,0.39620778154804276,1.4876521655133204,0.000110811644571307
2,1,2,XGBoost-R,3,W1,0.074861705,0.909897257,0.2553452727367313,1.5090159527289237,0.0023750199959522876
2,1,2,XGBoost-R,3,W2,0.16973381,0.790902252,0.0740396292635759,1.5239798535799598,-0.001958824305101281
2,1,2,MLP-R,3,X,0.001873463,0.998140491,0.39692626041789136,1.4909242627632207,4.2973923302103146e-07
2,1,2,MLP-R,3,W1,0.070751484,0.9297755,0.2579770586929047,1.518511765952696,-1.816507762499864e-05
2,1,2,MLP-R,3,W2,0.166133801,0.835103628,0.07745392126651676,1.5316759742465809,0.0012153822725049501
2,1,2,MLR,4,X,0.001767523,0.998100999,0.4330903554580792,1.6644232469971658,-6.5668319951028845e-06
2,1,2,MLR,4,W1,0.066219282,0.92885496,0.2838539952454826,1.657534799005625,5.762789140428826e-06
2,1,2,MLR,4,W2,0.171296441,0.815961577,0.06948081005712405,1.6187126201854856,-0.00011385395045750978
2,1,2,SVR,4,X,0.001777306,0.998090488,0.4330144571079315,1.6600391273211081,-8.498534656153911e-06
2,1,2,SVR,4,W1,0.066299946,0.928768296,0.2839360212490249,1.6627518432337791,-5.991706801378172e-07
2,1,2,SVR,4,W2,0.171345651,0.815908707,0.06713873984736791,1.6212620563067417,-4.204090611271693e-05
2,1,2,RF-R,4,X,0.004506818,0.99515794,0.42222353621373115,1.618182701772783,0.00030273734758834436
2,1,2,RF-R,4,W1,0.078002601,0.916195132,0.27328191851984357,1.5877796794369454,-0.0008632078028287471
2,1,2,RF-R,4,W2,0.181357553,0.805152064,0.07061984433686656,1.5244278894299381,0.002527860418283412
2,1,2,XGBoost-R,4,X,0.002227667,0.996748248,0.43217485091850083,1.6711721615773296,-9.743037375324892e-05
2,1,2,XGBoost-R,4,W1,0.070081483,0.90183923,0.28211572947749664,1.6520900036866126,-0.004566529241046435
2,1,2,XGBoost-R,4,W2,0.176130305,0.771949391,0.06945002763658153,1.607981845744685,-0.0032365267178972256
2,1,2,MLP-R,4,X,0.001766618,0.998101971,0.43257696841578736,1.6640910421489785,-6.165834751270527e-06
2,1,2,MLP-R,4,W1,0.06610224,0.928980708,0.2835653526320344,1.6595380356028866,1.539002468827766e-05
2,1,2,MLP-R,4,W2,0.170887395,0.81640105,0.0678717247630557,1.6036786276742199,-0.0004208895194705908
2,1,2,MLR,5,X,0.00209318,0.997706522,0.45258346352364437,1.6713638373127426,1.7141560059164008e-07
2,1,2,MLR,5,W1,0.078197596,0.914319605,0.28381608286676085,1.6524263019365624,3.901816382179124e-06
2,1,2,MLR,5,W2,0.175773216,0.807406885,0.07822587790991785,1.6739359000037495,0.00019799127810755658
2,1,2,SVR,5,X,0.002303352,0.997476238,0.45163113241127795,1.6689393125525456,-6.221532101304827e-05
2,1,2,SVR,5,W1,0.078969325,0.913474028,0.2784112482185249,1.6533549596477584,5.762300752280014e-05
2,1,2,SVR,5,W2,0.174850537,0.808417856,0.07611703913837164,1.6584050187699806,6.984583898910213e-05
2,1,2,RF-R,5,X,0.00517105,0.994334128,0.44973019092455624,1.6333151008696962,0.0002615593213064593
2,1,2,RF-R,5,W1,0.091963879,0.899236014,0.27318252385581954,1.6073893802708696,-0.0020616924520202363
2,1,2,RF-R,5,W2,0.188191946,0.793799795,0.07437240727520626,1.6114687109871473,0.0035177995716077493
2,1,2,XGBoost-R,5,X,0.002816513,0.996972596,0.4521650282833224,1.6635358386233812,0.0005274063086012859
2,1,2,XGBoost-R,5,W1,0.082532277,0.882203882,0.27704262593790163,1.643941093132191,-0.004864645868845385
2,1,2,XGBoost-R,5,W2,0.181388215,0.751961434,0.07713315501294973,1.6594603382305941,-0.007687862358738595
2,1,2,MLP-R,5,X,0.002092746,0.997706997,0.4526445923202764,1.6712656313974315,1.928196336820065e-07
2,1,2,MLP-R,5,W1,0.077981879,0.914555964,0.28287206857690456,1.6469381083821595,3.6500848671239263e-06
2,1,2,MLP-R,5,W2,0.175772373,0.807407809,0.078229759468222,1.673923800076461,0.0001981069080666531
2,1,2,MLR,6,X,0.00202697,0.998107925,0.38524070475055594,1.5832082065119664,-2.2453683425904814e-07
2,1,2,MLR,6,W1,0.070055196,0.934606982,0.24644147118170207,1.5830634559287804,1.4589695755073962e-06
2,1,2,MLR,6,W2,0.174670867,0.836953491,0.059105632231902315,1.6009284883028592,1.1332761797488988e-05
2,1,2,SVR,6,X,0.002040245,0.998095533,0.38472999128613555,1.5853643837929958,2.0546870552751172e-07
2,1,2,SVR,6,W1,0.070700161,0.934004939,0.23603658722584467,1.5909713759887034,2.851104242329594e-06
2,1,2,SVR,6,W2,0.175633613,0.836054816,0.05442767476416743,1.6106912630760863,0.0004725029912425405
2,1,2,RF-R,6,X,0.005107348,0.995232546,0.37596497754757974,1.5381154932863443,-8.584030653848717e-05
2,1,2,RF-R,6,W1,0.080272092,0.925070022,0.2383672139551683,1.5379073989668592,0.004623849311337647
2,1,2,RF-R,6,W2,0.190238037,0.822422318,0.057188523416406824,1.5319324509848042,0.0015674181589162561
2,1,2,XGBoost-R,6,X,0.002737258,0.997294542,0.3835286776401963,1.5816976850520104,0.0003055518135663848
2,1,2,XGBoost-R,6,W1,0.073473354,0.915825579,0.24744565085735135,1.5702399653723467,0.005559234858512163
2,1,2,XGBoost-R,6,W2,0.178733457,0.798806091,0.05845688554025217,1.585867334277614,0.008071288386331166
2,1,2,MLP-R,6,X,0.002025492,0.998109305,0.3854080906505291,1.5832468762441256,1.39423110878667e-07
2,1,2,MLP-R,6,W1,0.070007966,0.934651069,0.24620942869606957,1.5817135915043241,0.0001324174735899297
2,1,2,MLP-R,6,W2,0.174562782,0.837054383,0.058811792080227424,1.6043358851159581,1.4063300528444067e-05
2,1,2,MLR,7,X,0.001984394,0.998002926,0.39825289039826345,1.5007602891174898,0.0
2,1,2,MLR,7,W1,0.067548443,0.932019941,0.26265092568768184,1.5128447616133907,-3.880752429102907e-05
2,1,2,MLR,7,W2,0.16887997,0.830040931,0.0580897560720255,1.5285569756858266,-3.5027613790017396e-05
2,1,2,SVR,7,X,0.001989283,0.997998006,0.39905502394668985,1.5036697764810338,-5.189776877911889e-07
2,1,2,SVR,7,W1,0.069584053,0.929971323,0.23444015634552642,1.5110625180611934,-6.123313423479493e-05
2,1,2,SVR,7,W2,0.169018942,0.829901071,0.0610627642509798,1.523442462363964,3.521147928491342e-05
2,1,2,RF-R,7,X,0.004382758,0.995589238,0.39584614009951463,1.467753385841522,-5.591792114520988e-05
2,1,2,RF-R,7,W1,0.078901495,0.920594345,0.2590237920618194,1.4664675077183518,-0.0010743964916275716
2,1,2,RF-R,7,W2,0.179036069,0.819819938,0.06077848458725722,1.4825797583107048,0.0025355399421787108
2,1,2,XGBoost-R,7,X,0.00271867,0.996873466,0.4009150518152305,1.5017061592949181,0.00012276386468643708
2,1,2,XGBoost-R,7,W1,0.070892403,0.9104906,0.2673344561869472,1.5123535483555364,-0.0014422817418601852
2,1,2,XGBoost-R,7,W2,0.173545606,0.797550943,0.06352348177849364,1.5427628223653402,0.002961136810320253
2,1,2,MLP-R,7,X,0.00198525,0.998002065,0.39824741345719217,1.5007856882951738,-9.172035564719572e-07
2,1,2,MLP-R,7,W1,0.067447374,0.932121654,0.26268579249137863,1.5107728650428496,5.7312597136882634e-05
2,1,2,MLP-R,7,W2,0.168651532,0.830270828,0.05764710103469942,1.519055627666163,0.00044906775615597414
2,1,2,MLR,8,X,0.001906452,0.998087276,0.39085441449164915,1.5137518890338304,-2.9778427416138344e-07
2,1,2,MLR,8,W1,0.070928089,0.928838557,0.25659730911081885,1.5201118711722712,1.7489910520862572e-06
2,1,2,MLR,8,W2,0.16931975,0.830123187,0.06046755993583578,1.5678329615732145,-2.3977385146289885e-05
2,1,2,SVR,8,X,0.001906345,0.998087384,0.3907548604235977,1.5146057243696958,-5.511223182486091e-07
2,1,2,SVR,8,W1,0.070961921,0.928804614,0.2569581876448218,1.511322158497054,9.541558107950543e-07
2,1,2,SVR,8,W2,0.175825368,0.823596165,0.038644814821100534,1.547441460839744,-0.0017059574439294845
2,1,2,RF-R,8,X,0.006286512,0.993692805,0.38441326424605354,1.4775541824996958,-0.00015047070432707698
2,1,2,RF-R,8,W1,0.08027032,0.91946559,0.25119401138033715,1.4458491951180572,0.0005180750487857155
2,1,2,RF-R,8,W2,0.180900038,0.818504799,0.0597406960260221,1.5137548199547086,0.0013029422304773775
2,1,2,XGBoost-R,8,X,0.003283736,0.995693211,0.38847014421439463,1.507982498485386,-0.00046564902982539904
2,1,2,XGBoost-R,8,W1,0.074175475,0.900044938,0.25768535477907345,1.4936579463765576,-0.006917964571648805
2,1,2,XGBoost-R,8,W2,0.173218645,0.789279929,0.07116742336339624,1.5435779493016248,0.0004144299860417866
2,1,2,MLP-R,8,X,0.001902527,0.998091214,0.3911654906850257,1.5150032289111253,3.6559327210028415e-08
2,1,2,MLP-R,8,W1,0.070679606,0.929087858,0.2565744395195884,1.5199579743561629,6.763346922050717e-05
2,1,2,MLP-R,8,W2,0.168415627,0.831030284,0.0607350378691127,1.5673112197613832,3.4945236954297965e-05
2,1,2,MLR,9,X,0.002078701,0.997902261,0.4101618322031226,1.548561164852351,0.0
2,1,2,MLR,9,W1,0.072127051,0.927212364,0.2599854596911403,1.5814732524241557,-2.7435217433868786e-05
2,1,2,MLR,9,W2,0.172747816,0.825670052,0.0625345016536732,1.5481700075949199,0.0
2,1,2,SVR,9,X,0.00271599,0.997259136,0.40882204795240096,1.5432701289406263,0.0003569569551420071
2,1,2,SVR,9,W1,0.072157679,0.927181456,0.25734127621649006,1.577884010652052,2.8557950940366617e-06
2,1,2,SVR,9,W2,0.17299248,0.825423147,0.058487546494128496,1.551772071354737,6.695410436075022e-06
2,1,2,RF-R,9,X,0.004863664,0.995091791,0.4058679559336677,1.5153161608756105,0.0006426290638742894
2,1,2,RF-R,9,W1,0.079858189,0.91941042,0.2545001301025126,1.5257962134449599,0.002002925692476021
2,1,2,RF-R,9,W2,0.185804889,0.812493394,0.06051812617351787,1.4803364173623077,-0.000882199941380657
2,1,2,XGBoost-R,9,X,0.003293168,0.996281502,0.41074034667001313,1.544071602192953,0.00011419060176082185
2,1,2,XGBoost-R,9,W1,0.074144521,0.910137266,0.2637091001062458,1.5633105740913968,0.0015382709550378793
2,1,2,XGBoost-R,9,W2,0.177652357,0.785741649,0.05827877573979249,1.5414676955195923,-0.0021036094516383662
2,1,2,MLP-R,9,X,0.002079847,0.997901104,0.4100099497226724,1.548384502778686,-1.9699785311910744e-07
2,1,2,MLP-R,9,W1,0.071918725,0.927422598,0.2591770379042173,1.5809698406911927,0.00023128640395144728
2,1,2,MLP-R,9,W2,0.172753521,0.825664295,0.06253500873047256,1.5477237886620447,2.2442333617944678e-05
2,1,2,MLR,10,X,0.001951096,0.998159084,0.3786209193897811,1.583473396865522,-3.122678375877541e-08
2,1,2,MLR,10,W1,0.050657883,0.952202812,0.273476485887017,1.5877740015360495,9.718010785003672e-05
2,1,2,MLR,10,W2,0.177829301,0.832212874,0.051208844371601635,1.579583084962299,0.0005797430052739583
2,1,2,SVR,10,X,0.00195035,0.998159788,0.37887655286222177,1.5837952519685043,-6.828509495626633e-08
2,1,2,SVR,10,W1,0.0498813,0.95293554,0.2848383024955883,1.6002554027634168,2.5048806826510894e-05
2,1,2,SVR,10,W2,0.177370472,0.832645793,0.04128164932558055,1.5906849797738631,0.00012869397978962916
2,1,2,RF-R,10,X,0.004782407,0.99548766,0.37205829110960636,1.5458170659111041,0.0006374290841874242
2,1,2,RF-R,10,W1,0.060657466,0.942767914,0.26545580049494766,1.5392751450472284,0.0011665185584446847
2,1,2,RF-R,10,W2,0.196363214,0.814725588,0.04572953961762618,1.5114380089991388,-0.004033119337738622
2,1,2,XGBoost-R,10,X,0.002619279,0.997233741,0.3784556075058043,1.5813067716823501,8.085228687404467e-06
2,1,2,XGBoost-R,10,W1,0.05436482,0.933944716,0.2758212689531455,1.5789234064477369,0.0013024896921180918
2,1,2,XGBoost-R,10,W2,0.183152792,0.788550815,0.04892633408436997,1.5847895302384611,-0.0037795797073367776
2,1,2,MLP-R,10,X,0.001951098,0.998159083,0.37862729105299925,1.5834767609544336,-3.166160160716913e-08
2,1,2,MLP-R,10,W1,0.050340169,0.952502584,0.27394681686757255,1.5884775343492255,0.0002418770833319983
2,1,2,MLP-R,10,W2,0.177828362,0.83221376,0.05121040546217476,1.579569675012079,0.000579851793023256
